type,dataset_a,image_a,class_a,dataset_b,image_b,class_b,similarity_metric,is_cross_dataset
EXACT_SHA256,Primary,blast_2,Blast,Primary,Rice Tungro_5,Tungro,sha256_match,False
EXACT_SHA256,Primary,blast_50,Blast,Primary,blast_51,Blast,sha256_match,False
EXACT_SHA256,Primary,blast_55,Blast,Primary,blast_56,Blast,sha256_match,False
EXACT_SHA256,Primary,brown spot_68,Brown Spot,Primary,Healthy_48,Healthy,sha256_match,False
EXACT_SHA256,Primary,brown spot_9,Brown Spot,Primary,Leaf smut_16,Leaf Smut,sha256_match,False
EXACT_SHA256,Primary,Healthy_514,Healthy,Primary,Healthy_515,Healthy,sha256_match,False
EXACT_SHA256,Primary,Leaf smut_12,Leaf Smut,Primary,Leaf smut_13,Leaf Smut,sha256_match,False
EXACT_SHA256,Primary,Leaf smut_14,Leaf Smut,Primary,Leaf smut_15,Leaf Smut,sha256_match,False
EXACT_SHA256,Primary,Rice Tungro_1,Tungro,Primary,Sheath blight_3,Sheath Blight,sha256_match,False
EXACT_SHA256,Primary,Rice Tungro_2,Tungro,Primary,Sheath blight_10,Sheath Blight,sha256_match,False
EXACT_SHA256,Primary,Rice Tungro_3,Tungro,Primary,Sheath blight_25,Sheath Blight,sha256_match,False
EXACT_SHA256,Primary,Rice Tungro_4,Tungro,Primary,Sheath blight_29,Sheath Blight,sha256_match,False
EXACT_SHA256,Primary,Rice Tungro_6,Tungro,Primary,Sheath blight_35,Sheath Blight,sha256_match,False
EXACT_SHA256,Primary,Sheath blight_19,Sheath Blight,Primary,Sheath blight_20,Sheath Blight,sha256_match,False
EXACT_SHA256,Primary,Sheath blight_207,Sheath Blight,Primary,Sheath blight_208,Sheath Blight,sha256_match,False
EXACT_SHA256,Primary,Sheath blight_209,Sheath Blight,Primary,Sheath blight_210,Sheath Blight,sha256_match,False
EXACT_SHA256,Primary,Sheath blight_211,Sheath Blight,Primary,Sheath blight_212,Sheath Blight,sha256_match,False
EXACT_SHA256,Primary,Sheath blight_213,Sheath Blight,Primary,Sheath blight_214,Sheath Blight,sha256_match,False
EXACT_SHA256,Primary,Sheath blight_215,Sheath Blight,Primary,Sheath blight_216,Sheath Blight,sha256_match,False
EXACT_SHA256,Primary,Sheath blight_217,Sheath Blight,Primary,Sheath blight_218,Sheath Blight,sha256_match,False
EXACT_SHA256,Primary,Sheath blight_219,Sheath Blight,Primary,Sheath blight_220,Sheath Blight,sha256_match,False
EXACT_SHA256,Primary,Sheath blight_221,Sheath Blight,Primary,Sheath blight_222,Sheath Blight,sha256_match,False
EXACT_SHA256,Primary,Sheath blight_223,Sheath Blight,Primary,Sheath blight_224,Sheath Blight,sha256_match,False
EXACT_SHA256,Primary,Sheath blight_225,Sheath Blight,Primary,Sheath blight_226,Sheath Blight,sha256_match,False
EXACT_SHA256,Primary,Sheath blight_227,Sheath Blight,Primary,Sheath blight_228,Sheath Blight,sha256_match,False
EXACT_SHA256,Primary,Sheath blight_229,Sheath Blight,Primary,Sheath blight_230,Sheath Blight,sha256_match,False
EXACT_SHA256,Primary,Sheath blight_231,Sheath Blight,Primary,Sheath blight_232,Sheath Blight,sha256_match,False
EXACT_SHA256,Primary,Sheath blight_233,Sheath Blight,Primary,Sheath blight_234,Sheath Blight,sha256_match,False
EXACT_SHA256,Primary,Sheath blight_235,Sheath Blight,Primary,Sheath blight_236,Sheath Blight,sha256_match,False
EXACT_SHA256,Primary,Sheath blight_237,Sheath Blight,Primary,Sheath blight_238,Sheath Blight,sha256_match,False
EXACT_SHA256,Primary,Sheath blight_239,Sheath Blight,Primary,Sheath blight_240,Sheath Blight,sha256_match,False
EXACT_SHA256,Primary,Sheath blight_247,Sheath Blight,Primary,Sheath blight_248,Sheath Blight,sha256_match,False
EXACT_SHA256,Primary,Sheath blight_249,Sheath Blight,Primary,Sheath blight_250,Sheath Blight,sha256_match,False
EXACT_SHA256,Primary,Sheath blight_252,Sheath Blight,Primary,Sheath blight_253,Sheath Blight,sha256_match,False
EXACT_SHA256,Primary,Sheath blight_275,Sheath Blight,Primary,Sheath blight_276,Sheath Blight,sha256_match,False
EXACT_SHA256,Primary,Sheath blight_277,Sheath Blight,Primary,Sheath blight_278,Sheath Blight,sha256_match,False
EXACT_SHA256,Primary,Sheath blight_279,Sheath Blight,Primary,Sheath blight_280,Sheath Blight,sha256_match,False
EXACT_SHA256,Primary,Sheath blight_281,Sheath Blight,Primary,Sheath blight_282,Sheath Blight,sha256_match,False
EXACT_SHA256,Primary,Sheath blight_346,Sheath Blight,Primary,Sheath blight_347,Sheath Blight,sha256_match,False
EXACT_SHA256,Sethy,BACTERAILBLIGHT3_073,Bacterial Blight,Sethy,BACTERAILBLIGHT3_087,Bacterial Blight,sha256_match,False
EXACT_SHA256,Sethy,BACTERAILBLIGHT3_074,Bacterial Blight,Sethy,BACTERAILBLIGHT3_084,Bacterial Blight,sha256_match,False
EXACT_SHA256,Sethy,BACTERAILBLIGHT3_074,Bacterial Blight,Sethy,BACTERAILBLIGHT3_086,Bacterial Blight,sha256_match,False
EXACT_SHA256,Sethy,BACTERAILBLIGHT3_074,Bacterial Blight,Sethy,BACTERAILBLIGHT3_088,Bacterial Blight,sha256_match,False
EXACT_SHA256,Sethy,BACTERAILBLIGHT3_074,Bacterial Blight,Sethy,BACTERAILBLIGHT3_090,Bacterial Blight,sha256_match,False
EXACT_SHA256,Sethy,BACTERAILBLIGHT3_084,Bacterial Blight,Sethy,BACTERAILBLIGHT3_086,Bacterial Blight,sha256_match,False
EXACT_SHA256,Sethy,BACTERAILBLIGHT3_084,Bacterial Blight,Sethy,BACTERAILBLIGHT3_088,Bacterial Blight,sha256_match,False
EXACT_SHA256,Sethy,BACTERAILBLIGHT3_084,Bacterial Blight,Sethy,BACTERAILBLIGHT3_090,Bacterial Blight,sha256_match,False
EXACT_SHA256,Sethy,BACTERAILBLIGHT3_086,Bacterial Blight,Sethy,BACTERAILBLIGHT3_088,Bacterial Blight,sha256_match,False
EXACT_SHA256,Sethy,BACTERAILBLIGHT3_086,Bacterial Blight,Sethy,BACTERAILBLIGHT3_090,Bacterial Blight,sha256_match,False
EXACT_SHA256,Sethy,BACTERAILBLIGHT3_088,Bacterial Blight,Sethy,BACTERAILBLIGHT3_090,Bacterial Blight,sha256_match,False
EXACT_SHA256,Sethy,BACTERAILBLIGHT3_077,Bacterial Blight,Sethy,BACTERAILBLIGHT3_091,Bacterial Blight,sha256_match,False
EXACT_SHA256,Sethy,BACTERAILBLIGHT3_083,Bacterial Blight,Sethy,BACTERAILBLIGHT3_085,Bacterial Blight,sha256_match,False
EXACT_SHA256,Sethy,BACTERAILBLIGHT3_083,Bacterial Blight,Sethy,BACTERAILBLIGHT3_168,Bacterial Blight,sha256_match,False
EXACT_SHA256,Sethy,BACTERAILBLIGHT3_085,Bacterial Blight,Sethy,BACTERAILBLIGHT3_168,Bacterial Blight,sha256_match,False
EXACT_SHA256,Sethy,BACTERAILBLIGHT3_089,Bacterial Blight,Sethy,BACTERAILBLIGHT3_173,Bacterial Blight,sha256_match,False
EXACT_SHA256,Sethy,BACTERAILBLIGHT3_106,Bacterial Blight,Sethy,BACTERAILBLIGHT3_202,Bacterial Blight,sha256_match,False
EXACT_SHA256,Sethy,BACTERAILBLIGHT3_115,Bacterial Blight,Sethy,BACTERAILBLIGHT3_152,Bacterial Blight,sha256_match,False
EXACT_SHA256,Sethy,BACTERAILBLIGHT3_116,Bacterial Blight,Sethy,BACTERAILBLIGHT3_153,Bacterial Blight,sha256_match,False
EXACT_SHA256,Sethy,BACTERAILBLIGHT3_117,Bacterial Blight,Sethy,BACTERAILBLIGHT3_251,Bacterial Blight,sha256_match,False
EXACT_SHA256,Sethy,BACTERAILBLIGHT3_118,Bacterial Blight,Sethy,BACTERAILBLIGHT3_155,Bacterial Blight,sha256_match,False
EXACT_SHA256,Sethy,BACTERAILBLIGHT3_119,Bacterial Blight,Sethy,BACTERAILBLIGHT3_156,Bacterial Blight,sha256_match,False
EXACT_SHA256,Sethy,BACTERAILBLIGHT3_120,Bacterial Blight,Sethy,BACTERAILBLIGHT3_157,Bacterial Blight,sha256_match,False
EXACT_SHA256,Sethy,BACTERAILBLIGHT3_121,Bacterial Blight,Sethy,BACTERAILBLIGHT3_158,Bacterial Blight,sha256_match,False
EXACT_SHA256,Sethy,BACTERAILBLIGHT3_122,Bacterial Blight,Sethy,BACTERAILBLIGHT3_159,Bacterial Blight,sha256_match,False
EXACT_SHA256,Sethy,BACTERAILBLIGHT3_123,Bacterial Blight,Sethy,BACTERAILBLIGHT3_160,Bacterial Blight,sha256_match,False
EXACT_SHA256,Sethy,BACTERAILBLIGHT3_124,Bacterial Blight,Sethy,BACTERAILBLIGHT3_161,Bacterial Blight,sha256_match,False
EXACT_SHA256,Sethy,BACTERAILBLIGHT3_126,Bacterial Blight,Sethy,BACTERAILBLIGHT3_162,Bacterial Blight,sha256_match,False
EXACT_SHA256,Sethy,BACTERAILBLIGHT3_127,Bacterial Blight,Sethy,BACTERAILBLIGHT3_163,Bacterial Blight,sha256_match,False
EXACT_SHA256,Sethy,BACTERAILBLIGHT3_128,Bacterial Blight,Sethy,BACTERAILBLIGHT3_166,Bacterial Blight,sha256_match,False
EXACT_SHA256,Sethy,BACTERAILBLIGHT3_130,Bacterial Blight,Sethy,BACTERAILBLIGHT3_167,Bacterial Blight,sha256_match,False
EXACT_SHA256,Sethy,BACTERAILBLIGHT3_169,Bacterial Blight,Sethy,BACTERAILBLIGHT3_181,Bacterial Blight,sha256_match,False
EXACT_SHA256,Sethy,BACTERAILBLIGHT3_170,Bacterial Blight,Sethy,BACTERAILBLIGHT3_180,Bacterial Blight,sha256_match,False
EXACT_SHA256,Sethy,BACTERAILBLIGHT3_170,Bacterial Blight,Sethy,BACTERAILBLIGHT3_182,Bacterial Blight,sha256_match,False
EXACT_SHA256,Sethy,BACTERAILBLIGHT3_170,Bacterial Blight,Sethy,BACTERAILBLIGHT3_184,Bacterial Blight,sha256_match,False
EXACT_SHA256,Sethy,BACTERAILBLIGHT3_170,Bacterial Blight,Sethy,BACTERAILBLIGHT3_186,Bacterial Blight,sha256_match,False
EXACT_SHA256,Sethy,BACTERAILBLIGHT3_180,Bacterial Blight,Sethy,BACTERAILBLIGHT3_182,Bacterial Blight,sha256_match,False
EXACT_SHA256,Sethy,BACTERAILBLIGHT3_180,Bacterial Blight,Sethy,BACTERAILBLIGHT3_184,Bacterial Blight,sha256_match,False
EXACT_SHA256,Sethy,BACTERAILBLIGHT3_180,Bacterial Blight,Sethy,BACTERAILBLIGHT3_186,Bacterial Blight,sha256_match,False
EXACT_SHA256,Sethy,BACTERAILBLIGHT3_182,Bacterial Blight,Sethy,BACTERAILBLIGHT3_184,Bacterial Blight,sha256_match,False
EXACT_SHA256,Sethy,BACTERAILBLIGHT3_182,Bacterial Blight,Sethy,BACTERAILBLIGHT3_186,Bacterial Blight,sha256_match,False
EXACT_SHA256,Sethy,BACTERAILBLIGHT3_184,Bacterial Blight,Sethy,BACTERAILBLIGHT3_186,Bacterial Blight,sha256_match,False
EXACT_SHA256,Sethy,BACTERAILBLIGHT3_171,Bacterial Blight,Sethy,BACTERAILBLIGHT3_183,Bacterial Blight,sha256_match,False
EXACT_SHA256,Sethy,BACTERAILBLIGHT3_175,Bacterial Blight,Sethy,BACTERAILBLIGHT3_187,Bacterial Blight,sha256_match,False
EXACT_SHA256,Sethy,BACTERAILBLIGHT3_211,Bacterial Blight,Sethy,BACTERAILBLIGHT3_249,Bacterial Blight,sha256_match,False
EXACT_SHA256,Sethy,BACTERAILBLIGHT3_212,Bacterial Blight,Sethy,BACTERAILBLIGHT3_250,Bacterial Blight,sha256_match,False
EXACT_SHA256,Sethy,BACTERAILBLIGHT3_214,Bacterial Blight,Sethy,BACTERAILBLIGHT3_252,Bacterial Blight,sha256_match,False
EXACT_SHA256,Sethy,BACTERAILBLIGHT3_215,Bacterial Blight,Sethy,BACTERAILBLIGHT3_253,Bacterial Blight,sha256_match,False
EXACT_SHA256,Sethy,BACTERAILBLIGHT3_216,Bacterial Blight,Sethy,BACTERAILBLIGHT3_254,Bacterial Blight,sha256_match,False
EXACT_SHA256,Sethy,BACTERAILBLIGHT3_217,Bacterial Blight,Sethy,BACTERAILBLIGHT3_255,Bacterial Blight,sha256_match,False
EXACT_SHA256,Sethy,BACTERAILBLIGHT3_218,Bacterial Blight,Sethy,BACTERAILBLIGHT3_256,Bacterial Blight,sha256_match,False
EXACT_SHA256,Sethy,BACTERAILBLIGHT3_220,Bacterial Blight,Sethy,BACTERAILBLIGHT3_258,Bacterial Blight,sha256_match,False
EXACT_SHA256,Sethy,BACTERAILBLIGHT3_222,Bacterial Blight,Sethy,BACTERAILBLIGHT3_259,Bacterial Blight,sha256_match,False
EXACT_SHA256,Sethy,BACTERAILBLIGHT3_223,Bacterial Blight,Sethy,BACTERAILBLIGHT3_260,Bacterial Blight,sha256_match,False
EXACT_SHA256,Sethy,BACTERAILBLIGHT3_224,Bacterial Blight,Sethy,BACTERAILBLIGHT3_263,Bacterial Blight,sha256_match,False
EXACT_SHA256,Sethy,BACTERAILBLIGHT3_226,Bacterial Blight,Sethy,BACTERAILBLIGHT3_264,Bacterial Blight,sha256_match,False
EXACT_SHA256,Sethy,BACTERAILBLIGHT4_073,Bacterial Blight,Sethy,BACTERAILBLIGHT4_087,Bacterial Blight,sha256_match,False
EXACT_SHA256,Sethy,BACTERAILBLIGHT4_074,Bacterial Blight,Sethy,BACTERAILBLIGHT4_084,Bacterial Blight,sha256_match,False
EXACT_SHA256,Sethy,BACTERAILBLIGHT4_074,Bacterial Blight,Sethy,BACTERAILBLIGHT4_086,Bacterial Blight,sha256_match,False
EXACT_SHA256,Sethy,BACTERAILBLIGHT4_074,Bacterial Blight,Sethy,BACTERAILBLIGHT4_088,Bacterial Blight,sha256_match,False
EXACT_SHA256,Sethy,BACTERAILBLIGHT4_074,Bacterial Blight,Sethy,BACTERAILBLIGHT4_090,Bacterial Blight,sha256_match,False
EXACT_SHA256,Sethy,BACTERAILBLIGHT4_084,Bacterial Blight,Sethy,BACTERAILBLIGHT4_086,Bacterial Blight,sha256_match,False
EXACT_SHA256,Sethy,BACTERAILBLIGHT4_084,Bacterial Blight,Sethy,BACTERAILBLIGHT4_088,Bacterial Blight,sha256_match,False
EXACT_SHA256,Sethy,BACTERAILBLIGHT4_084,Bacterial Blight,Sethy,BACTERAILBLIGHT4_090,Bacterial Blight,sha256_match,False
EXACT_SHA256,Sethy,BACTERAILBLIGHT4_086,Bacterial Blight,Sethy,BACTERAILBLIGHT4_088,Bacterial Blight,sha256_match,False
EXACT_SHA256,Sethy,BACTERAILBLIGHT4_086,Bacterial Blight,Sethy,BACTERAILBLIGHT4_090,Bacterial Blight,sha256_match,False
EXACT_SHA256,Sethy,BACTERAILBLIGHT4_088,Bacterial Blight,Sethy,BACTERAILBLIGHT4_090,Bacterial Blight,sha256_match,False
EXACT_SHA256,Sethy,BACTERAILBLIGHT4_077,Bacterial Blight,Sethy,BACTERAILBLIGHT4_091,Bacterial Blight,sha256_match,False
EXACT_SHA256,Sethy,BACTERAILBLIGHT4_083,Bacterial Blight,Sethy,BACTERAILBLIGHT4_085,Bacterial Blight,sha256_match,False
EXACT_SHA256,Sethy,BACTERAILBLIGHT4_083,Bacterial Blight,Sethy,BACTERAILBLIGHT4_168,Bacterial Blight,sha256_match,False
EXACT_SHA256,Sethy,BACTERAILBLIGHT4_085,Bacterial Blight,Sethy,BACTERAILBLIGHT4_168,Bacterial Blight,sha256_match,False
EXACT_SHA256,Sethy,BACTERAILBLIGHT4_089,Bacterial Blight,Sethy,BACTERAILBLIGHT4_173,Bacterial Blight,sha256_match,False
EXACT_SHA256,Sethy,BACTERAILBLIGHT4_106,Bacterial Blight,Sethy,BACTERAILBLIGHT4_202,Bacterial Blight,sha256_match,False
EXACT_SHA256,Sethy,BACTERAILBLIGHT4_115,Bacterial Blight,Sethy,BACTERAILBLIGHT4_152,Bacterial Blight,sha256_match,False
EXACT_SHA256,Sethy,BACTERAILBLIGHT4_116,Bacterial Blight,Sethy,BACTERAILBLIGHT4_153,Bacterial Blight,sha256_match,False
EXACT_SHA256,Sethy,BACTERAILBLIGHT4_117,Bacterial Blight,Sethy,BACTERAILBLIGHT4_251,Bacterial Blight,sha256_match,False
EXACT_SHA256,Sethy,BACTERAILBLIGHT4_118,Bacterial Blight,Sethy,BACTERAILBLIGHT4_155,Bacterial Blight,sha256_match,False
EXACT_SHA256,Sethy,BACTERAILBLIGHT4_119,Bacterial Blight,Sethy,BACTERAILBLIGHT4_156,Bacterial Blight,sha256_match,False
EXACT_SHA256,Sethy,BACTERAILBLIGHT4_120,Bacterial Blight,Sethy,BACTERAILBLIGHT4_157,Bacterial Blight,sha256_match,False
EXACT_SHA256,Sethy,BACTERAILBLIGHT4_121,Bacterial Blight,Sethy,BACTERAILBLIGHT4_158,Bacterial Blight,sha256_match,False
EXACT_SHA256,Sethy,BACTERAILBLIGHT4_122,Bacterial Blight,Sethy,BACTERAILBLIGHT4_159,Bacterial Blight,sha256_match,False
EXACT_SHA256,Sethy,BACTERAILBLIGHT4_123,Bacterial Blight,Sethy,BACTERAILBLIGHT4_160,Bacterial Blight,sha256_match,False
EXACT_SHA256,Sethy,BACTERAILBLIGHT4_124,Bacterial Blight,Sethy,BACTERAILBLIGHT4_161,Bacterial Blight,sha256_match,False
EXACT_SHA256,Sethy,BACTERAILBLIGHT4_126,Bacterial Blight,Sethy,BACTERAILBLIGHT4_162,Bacterial Blight,sha256_match,False
EXACT_SHA256,Sethy,BACTERAILBLIGHT4_127,Bacterial Blight,Sethy,BACTERAILBLIGHT4_163,Bacterial Blight,sha256_match,False
EXACT_SHA256,Sethy,BACTERAILBLIGHT4_128,Bacterial Blight,Sethy,BACTERAILBLIGHT4_166,Bacterial Blight,sha256_match,False
EXACT_SHA256,Sethy,BACTERAILBLIGHT4_130,Bacterial Blight,Sethy,BACTERAILBLIGHT4_167,Bacterial Blight,sha256_match,False
EXACT_SHA256,Sethy,BACTERAILBLIGHT4_169,Bacterial Blight,Sethy,BACTERAILBLIGHT4_181,Bacterial Blight,sha256_match,False
EXACT_SHA256,Sethy,BACTERAILBLIGHT4_170,Bacterial Blight,Sethy,BACTERAILBLIGHT4_180,Bacterial Blight,sha256_match,False
EXACT_SHA256,Sethy,BACTERAILBLIGHT4_170,Bacterial Blight,Sethy,BACTERAILBLIGHT4_182,Bacterial Blight,sha256_match,False
EXACT_SHA256,Sethy,BACTERAILBLIGHT4_170,Bacterial Blight,Sethy,BACTERAILBLIGHT4_184,Bacterial Blight,sha256_match,False
EXACT_SHA256,Sethy,BACTERAILBLIGHT4_170,Bacterial Blight,Sethy,BACTERAILBLIGHT4_186,Bacterial Blight,sha256_match,False
EXACT_SHA256,Sethy,BACTERAILBLIGHT4_180,Bacterial Blight,Sethy,BACTERAILBLIGHT4_182,Bacterial Blight,sha256_match,False
EXACT_SHA256,Sethy,BACTERAILBLIGHT4_180,Bacterial Blight,Sethy,BACTERAILBLIGHT4_184,Bacterial Blight,sha256_match,False
EXACT_SHA256,Sethy,BACTERAILBLIGHT4_180,Bacterial Blight,Sethy,BACTERAILBLIGHT4_186,Bacterial Blight,sha256_match,False
EXACT_SHA256,Sethy,BACTERAILBLIGHT4_182,Bacterial Blight,Sethy,BACTERAILBLIGHT4_184,Bacterial Blight,sha256_match,False
EXACT_SHA256,Sethy,BACTERAILBLIGHT4_182,Bacterial Blight,Sethy,BACTERAILBLIGHT4_186,Bacterial Blight,sha256_match,False
EXACT_SHA256,Sethy,BACTERAILBLIGHT4_184,Bacterial Blight,Sethy,BACTERAILBLIGHT4_186,Bacterial Blight,sha256_match,False
EXACT_SHA256,Sethy,BACTERAILBLIGHT4_171,Bacterial Blight,Sethy,BACTERAILBLIGHT4_183,Bacterial Blight,sha256_match,False
EXACT_SHA256,Sethy,BACTERAILBLIGHT4_175,Bacterial Blight,Sethy,BACTERAILBLIGHT4_187,Bacterial Blight,sha256_match,False
EXACT_SHA256,Sethy,BACTERAILBLIGHT4_211,Bacterial Blight,Sethy,BACTERAILBLIGHT4_249,Bacterial Blight,sha256_match,False
EXACT_SHA256,Sethy,BACTERAILBLIGHT4_212,Bacterial Blight,Sethy,BACTERAILBLIGHT4_250,Bacterial Blight,sha256_match,False
EXACT_SHA256,Sethy,BACTERAILBLIGHT4_214,Bacterial Blight,Sethy,BACTERAILBLIGHT4_252,Bacterial Blight,sha256_match,False
EXACT_SHA256,Sethy,BACTERAILBLIGHT4_215,Bacterial Blight,Sethy,BACTERAILBLIGHT4_253,Bacterial Blight,sha256_match,False
EXACT_SHA256,Sethy,BACTERAILBLIGHT4_216,Bacterial Blight,Sethy,BACTERAILBLIGHT4_254,Bacterial Blight,sha256_match,False
EXACT_SHA256,Sethy,BACTERAILBLIGHT4_217,Bacterial Blight,Sethy,BACTERAILBLIGHT4_255,Bacterial Blight,sha256_match,False
EXACT_SHA256,Sethy,BACTERAILBLIGHT4_218,Bacterial Blight,Sethy,BACTERAILBLIGHT4_256,Bacterial Blight,sha256_match,False
EXACT_SHA256,Sethy,BACTERAILBLIGHT4_220,Bacterial Blight,Sethy,BACTERAILBLIGHT4_258,Bacterial Blight,sha256_match,False
EXACT_SHA256,Sethy,BACTERAILBLIGHT4_222,Bacterial Blight,Sethy,BACTERAILBLIGHT4_259,Bacterial Blight,sha256_match,False
EXACT_SHA256,Sethy,BACTERAILBLIGHT4_223,Bacterial Blight,Sethy,BACTERAILBLIGHT4_260,Bacterial Blight,sha256_match,False
EXACT_SHA256,Sethy,BACTERAILBLIGHT4_224,Bacterial Blight,Sethy,BACTERAILBLIGHT4_263,Bacterial Blight,sha256_match,False
EXACT_SHA256,Sethy,BACTERAILBLIGHT4_226,Bacterial Blight,Sethy,BACTERAILBLIGHT4_264,Bacterial Blight,sha256_match,False
EXACT_SHA256,Sethy,BACTERAILBLIGHT5_073,Bacterial Blight,Sethy,BACTERAILBLIGHT5_087,Bacterial Blight,sha256_match,False
EXACT_SHA256,Sethy,BACTERAILBLIGHT5_074,Bacterial Blight,Sethy,BACTERAILBLIGHT5_084,Bacterial Blight,sha256_match,False
EXACT_SHA256,Sethy,BACTERAILBLIGHT5_074,Bacterial Blight,Sethy,BACTERAILBLIGHT5_086,Bacterial Blight,sha256_match,False
EXACT_SHA256,Sethy,BACTERAILBLIGHT5_074,Bacterial Blight,Sethy,BACTERAILBLIGHT5_088,Bacterial Blight,sha256_match,False
EXACT_SHA256,Sethy,BACTERAILBLIGHT5_074,Bacterial Blight,Sethy,BACTERAILBLIGHT5_090,Bacterial Blight,sha256_match,False
EXACT_SHA256,Sethy,BACTERAILBLIGHT5_084,Bacterial Blight,Sethy,BACTERAILBLIGHT5_086,Bacterial Blight,sha256_match,False
EXACT_SHA256,Sethy,BACTERAILBLIGHT5_084,Bacterial Blight,Sethy,BACTERAILBLIGHT5_088,Bacterial Blight,sha256_match,False
EXACT_SHA256,Sethy,BACTERAILBLIGHT5_084,Bacterial Blight,Sethy,BACTERAILBLIGHT5_090,Bacterial Blight,sha256_match,False
EXACT_SHA256,Sethy,BACTERAILBLIGHT5_086,Bacterial Blight,Sethy,BACTERAILBLIGHT5_088,Bacterial Blight,sha256_match,False
EXACT_SHA256,Sethy,BACTERAILBLIGHT5_086,Bacterial Blight,Sethy,BACTERAILBLIGHT5_090,Bacterial Blight,sha256_match,False
EXACT_SHA256,Sethy,BACTERAILBLIGHT5_088,Bacterial Blight,Sethy,BACTERAILBLIGHT5_090,Bacterial Blight,sha256_match,False
EXACT_SHA256,Sethy,BACTERAILBLIGHT5_077,Bacterial Blight,Sethy,BACTERAILBLIGHT5_091,Bacterial Blight,sha256_match,False
EXACT_SHA256,Sethy,BACTERAILBLIGHT5_083,Bacterial Blight,Sethy,BACTERAILBLIGHT5_085,Bacterial Blight,sha256_match,False
EXACT_SHA256,Sethy,BACTERAILBLIGHT5_083,Bacterial Blight,Sethy,BACTERAILBLIGHT5_168,Bacterial Blight,sha256_match,False
EXACT_SHA256,Sethy,BACTERAILBLIGHT5_085,Bacterial Blight,Sethy,BACTERAILBLIGHT5_168,Bacterial Blight,sha256_match,False
EXACT_SHA256,Sethy,BACTERAILBLIGHT5_089,Bacterial Blight,Sethy,BACTERAILBLIGHT5_173,Bacterial Blight,sha256_match,False
EXACT_SHA256,Sethy,BACTERAILBLIGHT5_106,Bacterial Blight,Sethy,BACTERAILBLIGHT5_202,Bacterial Blight,sha256_match,False
EXACT_SHA256,Sethy,BACTERAILBLIGHT5_115,Bacterial Blight,Sethy,BACTERAILBLIGHT5_152,Bacterial Blight,sha256_match,False
EXACT_SHA256,Sethy,BACTERAILBLIGHT5_116,Bacterial Blight,Sethy,BACTERAILBLIGHT5_153,Bacterial Blight,sha256_match,False
EXACT_SHA256,Sethy,BACTERAILBLIGHT5_117,Bacterial Blight,Sethy,BACTERAILBLIGHT5_251,Bacterial Blight,sha256_match,False
EXACT_SHA256,Sethy,BACTERAILBLIGHT5_118,Bacterial Blight,Sethy,BACTERAILBLIGHT5_155,Bacterial Blight,sha256_match,False
EXACT_SHA256,Sethy,BACTERAILBLIGHT5_119,Bacterial Blight,Sethy,BACTERAILBLIGHT5_156,Bacterial Blight,sha256_match,False
EXACT_SHA256,Sethy,BACTERAILBLIGHT5_120,Bacterial Blight,Sethy,BACTERAILBLIGHT5_157,Bacterial Blight,sha256_match,False
EXACT_SHA256,Sethy,BACTERAILBLIGHT5_121,Bacterial Blight,Sethy,BACTERAILBLIGHT5_158,Bacterial Blight,sha256_match,False
EXACT_SHA256,Sethy,BACTERAILBLIGHT5_122,Bacterial Blight,Sethy,BACTERAILBLIGHT5_159,Bacterial Blight,sha256_match,False
EXACT_SHA256,Sethy,BACTERAILBLIGHT5_123,Bacterial Blight,Sethy,BACTERAILBLIGHT5_160,Bacterial Blight,sha256_match,False
EXACT_SHA256,Sethy,BACTERAILBLIGHT5_124,Bacterial Blight,Sethy,BACTERAILBLIGHT5_161,Bacterial Blight,sha256_match,False
EXACT_SHA256,Sethy,BACTERAILBLIGHT5_126,Bacterial Blight,Sethy,BACTERAILBLIGHT5_162,Bacterial Blight,sha256_match,False
EXACT_SHA256,Sethy,BACTERAILBLIGHT5_127,Bacterial Blight,Sethy,BACTERAILBLIGHT5_163,Bacterial Blight,sha256_match,False
EXACT_SHA256,Sethy,BACTERAILBLIGHT5_128,Bacterial Blight,Sethy,BACTERAILBLIGHT5_166,Bacterial Blight,sha256_match,False
EXACT_SHA256,Sethy,BACTERAILBLIGHT5_130,Bacterial Blight,Sethy,BACTERAILBLIGHT5_167,Bacterial Blight,sha256_match,False
EXACT_SHA256,Sethy,BACTERAILBLIGHT5_169,Bacterial Blight,Sethy,BACTERAILBLIGHT5_181,Bacterial Blight,sha256_match,False
EXACT_SHA256,Sethy,BACTERAILBLIGHT5_170,Bacterial Blight,Sethy,BACTERAILBLIGHT5_180,Bacterial Blight,sha256_match,False
EXACT_SHA256,Sethy,BACTERAILBLIGHT5_170,Bacterial Blight,Sethy,BACTERAILBLIGHT5_182,Bacterial Blight,sha256_match,False
EXACT_SHA256,Sethy,BACTERAILBLIGHT5_170,Bacterial Blight,Sethy,BACTERAILBLIGHT5_184,Bacterial Blight,sha256_match,False
EXACT_SHA256,Sethy,BACTERAILBLIGHT5_170,Bacterial Blight,Sethy,BACTERAILBLIGHT5_186,Bacterial Blight,sha256_match,False
EXACT_SHA256,Sethy,BACTERAILBLIGHT5_180,Bacterial Blight,Sethy,BACTERAILBLIGHT5_182,Bacterial Blight,sha256_match,False
EXACT_SHA256,Sethy,BACTERAILBLIGHT5_180,Bacterial Blight,Sethy,BACTERAILBLIGHT5_184,Bacterial Blight,sha256_match,False
EXACT_SHA256,Sethy,BACTERAILBLIGHT5_180,Bacterial Blight,Sethy,BACTERAILBLIGHT5_186,Bacterial Blight,sha256_match,False
EXACT_SHA256,Sethy,BACTERAILBLIGHT5_182,Bacterial Blight,Sethy,BACTERAILBLIGHT5_184,Bacterial Blight,sha256_match,False
EXACT_SHA256,Sethy,BACTERAILBLIGHT5_182,Bacterial Blight,Sethy,BACTERAILBLIGHT5_186,Bacterial Blight,sha256_match,False
EXACT_SHA256,Sethy,BACTERAILBLIGHT5_184,Bacterial Blight,Sethy,BACTERAILBLIGHT5_186,Bacterial Blight,sha256_match,False
EXACT_SHA256,Sethy,BACTERAILBLIGHT5_171,Bacterial Blight,Sethy,BACTERAILBLIGHT5_183,Bacterial Blight,sha256_match,False
EXACT_SHA256,Sethy,BACTERAILBLIGHT5_175,Bacterial Blight,Sethy,BACTERAILBLIGHT5_187,Bacterial Blight,sha256_match,False
EXACT_SHA256,Sethy,BACTERAILBLIGHT5_211,Bacterial Blight,Sethy,BACTERAILBLIGHT5_249,Bacterial Blight,sha256_match,False
EXACT_SHA256,Sethy,BACTERAILBLIGHT5_212,Bacterial Blight,Sethy,BACTERAILBLIGHT5_250,Bacterial Blight,sha256_match,False
EXACT_SHA256,Sethy,BACTERAILBLIGHT5_214,Bacterial Blight,Sethy,BACTERAILBLIGHT5_252,Bacterial Blight,sha256_match,False
EXACT_SHA256,Sethy,BACTERAILBLIGHT5_215,Bacterial Blight,Sethy,BACTERAILBLIGHT5_253,Bacterial Blight,sha256_match,False
EXACT_SHA256,Sethy,BACTERAILBLIGHT5_216,Bacterial Blight,Sethy,BACTERAILBLIGHT5_254,Bacterial Blight,sha256_match,False
EXACT_SHA256,Sethy,BACTERAILBLIGHT5_217,Bacterial Blight,Sethy,BACTERAILBLIGHT5_255,Bacterial Blight,sha256_match,False
EXACT_SHA256,Sethy,BACTERAILBLIGHT5_218,Bacterial Blight,Sethy,BACTERAILBLIGHT5_256,Bacterial Blight,sha256_match,False
EXACT_SHA256,Sethy,BACTERAILBLIGHT5_220,Bacterial Blight,Sethy,BACTERAILBLIGHT5_258,Bacterial Blight,sha256_match,False
EXACT_SHA256,Sethy,BACTERAILBLIGHT5_222,Bacterial Blight,Sethy,BACTERAILBLIGHT5_259,Bacterial Blight,sha256_match,False
EXACT_SHA256,Sethy,BACTERAILBLIGHT5_223,Bacterial Blight,Sethy,BACTERAILBLIGHT5_260,Bacterial Blight,sha256_match,False
EXACT_SHA256,Sethy,BACTERAILBLIGHT5_224,Bacterial Blight,Sethy,BACTERAILBLIGHT5_263,Bacterial Blight,sha256_match,False
EXACT_SHA256,Sethy,BACTERAILBLIGHT5_226,Bacterial Blight,Sethy,BACTERAILBLIGHT5_264,Bacterial Blight,sha256_match,False
EXACT_SHA256,Sethy,BACTERIALBLIGHT1_073,Bacterial Blight,Sethy,BACTERIALBLIGHT1_087,Bacterial Blight,sha256_match,False
EXACT_SHA256,Sethy,BACTERIALBLIGHT1_074,Bacterial Blight,Sethy,BACTERIALBLIGHT1_084,Bacterial Blight,sha256_match,False
EXACT_SHA256,Sethy,BACTERIALBLIGHT1_074,Bacterial Blight,Sethy,BACTERIALBLIGHT1_086,Bacterial Blight,sha256_match,False
EXACT_SHA256,Sethy,BACTERIALBLIGHT1_074,Bacterial Blight,Sethy,BACTERIALBLIGHT1_088,Bacterial Blight,sha256_match,False
EXACT_SHA256,Sethy,BACTERIALBLIGHT1_074,Bacterial Blight,Sethy,BACTERIALBLIGHT1_090,Bacterial Blight,sha256_match,False
EXACT_SHA256,Sethy,BACTERIALBLIGHT1_084,Bacterial Blight,Sethy,BACTERIALBLIGHT1_086,Bacterial Blight,sha256_match,False
EXACT_SHA256,Sethy,BACTERIALBLIGHT1_084,Bacterial Blight,Sethy,BACTERIALBLIGHT1_088,Bacterial Blight,sha256_match,False
EXACT_SHA256,Sethy,BACTERIALBLIGHT1_084,Bacterial Blight,Sethy,BACTERIALBLIGHT1_090,Bacterial Blight,sha256_match,False
EXACT_SHA256,Sethy,BACTERIALBLIGHT1_086,Bacterial Blight,Sethy,BACTERIALBLIGHT1_088,Bacterial Blight,sha256_match,False
EXACT_SHA256,Sethy,BACTERIALBLIGHT1_086,Bacterial Blight,Sethy,BACTERIALBLIGHT1_090,Bacterial Blight,sha256_match,False
EXACT_SHA256,Sethy,BACTERIALBLIGHT1_088,Bacterial Blight,Sethy,BACTERIALBLIGHT1_090,Bacterial Blight,sha256_match,False
EXACT_SHA256,Sethy,BACTERIALBLIGHT1_077,Bacterial Blight,Sethy,BACTERIALBLIGHT1_091,Bacterial Blight,sha256_match,False
EXACT_SHA256,Sethy,BACTERIALBLIGHT1_083,Bacterial Blight,Sethy,BACTERIALBLIGHT1_085,Bacterial Blight,sha256_match,False
EXACT_SHA256,Sethy,BACTERIALBLIGHT1_083,Bacterial Blight,Sethy,BACTERIALBLIGHT1_168,Bacterial Blight,sha256_match,False
EXACT_SHA256,Sethy,BACTERIALBLIGHT1_085,Bacterial Blight,Sethy,BACTERIALBLIGHT1_168,Bacterial Blight,sha256_match,False
EXACT_SHA256,Sethy,BACTERIALBLIGHT1_089,Bacterial Blight,Sethy,BACTERIALBLIGHT1_173,Bacterial Blight,sha256_match,False
EXACT_SHA256,Sethy,BACTERIALBLIGHT1_106,Bacterial Blight,Sethy,BACTERIALBLIGHT1_202,Bacterial Blight,sha256_match,False
EXACT_SHA256,Sethy,BACTERIALBLIGHT1_115,Bacterial Blight,Sethy,BACTERIALBLIGHT1_152,Bacterial Blight,sha256_match,False
EXACT_SHA256,Sethy,BACTERIALBLIGHT1_116,Bacterial Blight,Sethy,BACTERIALBLIGHT1_153,Bacterial Blight,sha256_match,False
EXACT_SHA256,Sethy,BACTERIALBLIGHT1_117,Bacterial Blight,Sethy,BACTERIALBLIGHT1_251,Bacterial Blight,sha256_match,False
EXACT_SHA256,Sethy,BACTERIALBLIGHT1_118,Bacterial Blight,Sethy,BACTERIALBLIGHT1_155,Bacterial Blight,sha256_match,False
EXACT_SHA256,Sethy,BACTERIALBLIGHT1_119,Bacterial Blight,Sethy,BACTERIALBLIGHT1_156,Bacterial Blight,sha256_match,False
EXACT_SHA256,Sethy,BACTERIALBLIGHT1_120,Bacterial Blight,Sethy,BACTERIALBLIGHT1_157,Bacterial Blight,sha256_match,False
EXACT_SHA256,Sethy,BACTERIALBLIGHT1_121,Bacterial Blight,Sethy,BACTERIALBLIGHT1_158,Bacterial Blight,sha256_match,False
EXACT_SHA256,Sethy,BACTERIALBLIGHT1_122,Bacterial Blight,Sethy,BACTERIALBLIGHT1_159,Bacterial Blight,sha256_match,False
EXACT_SHA256,Sethy,BACTERIALBLIGHT1_123,Bacterial Blight,Sethy,BACTERIALBLIGHT1_160,Bacterial Blight,sha256_match,False
EXACT_SHA256,Sethy,BACTERIALBLIGHT1_124,Bacterial Blight,Sethy,BACTERIALBLIGHT1_161,Bacterial Blight,sha256_match,False
EXACT_SHA256,Sethy,BACTERIALBLIGHT1_126,Bacterial Blight,Sethy,BACTERIALBLIGHT1_162,Bacterial Blight,sha256_match,False
EXACT_SHA256,Sethy,BACTERIALBLIGHT1_127,Bacterial Blight,Sethy,BACTERIALBLIGHT1_163,Bacterial Blight,sha256_match,False
EXACT_SHA256,Sethy,BACTERIALBLIGHT1_128,Bacterial Blight,Sethy,BACTERIALBLIGHT1_166,Bacterial Blight,sha256_match,False
EXACT_SHA256,Sethy,BACTERIALBLIGHT1_130,Bacterial Blight,Sethy,BACTERIALBLIGHT1_167,Bacterial Blight,sha256_match,False
EXACT_SHA256,Sethy,BACTERIALBLIGHT1_169,Bacterial Blight,Sethy,BACTERIALBLIGHT1_181,Bacterial Blight,sha256_match,False
EXACT_SHA256,Sethy,BACTERIALBLIGHT1_170,Bacterial Blight,Sethy,BACTERIALBLIGHT1_180,Bacterial Blight,sha256_match,False
EXACT_SHA256,Sethy,BACTERIALBLIGHT1_170,Bacterial Blight,Sethy,BACTERIALBLIGHT1_182,Bacterial Blight,sha256_match,False
EXACT_SHA256,Sethy,BACTERIALBLIGHT1_170,Bacterial Blight,Sethy,BACTERIALBLIGHT1_184,Bacterial Blight,sha256_match,False
EXACT_SHA256,Sethy,BACTERIALBLIGHT1_170,Bacterial Blight,Sethy,BACTERIALBLIGHT1_186,Bacterial Blight,sha256_match,False
EXACT_SHA256,Sethy,BACTERIALBLIGHT1_180,Bacterial Blight,Sethy,BACTERIALBLIGHT1_182,Bacterial Blight,sha256_match,False
EXACT_SHA256,Sethy,BACTERIALBLIGHT1_180,Bacterial Blight,Sethy,BACTERIALBLIGHT1_184,Bacterial Blight,sha256_match,False
EXACT_SHA256,Sethy,BACTERIALBLIGHT1_180,Bacterial Blight,Sethy,BACTERIALBLIGHT1_186,Bacterial Blight,sha256_match,False
EXACT_SHA256,Sethy,BACTERIALBLIGHT1_182,Bacterial Blight,Sethy,BACTERIALBLIGHT1_184,Bacterial Blight,sha256_match,False
EXACT_SHA256,Sethy,BACTERIALBLIGHT1_182,Bacterial Blight,Sethy,BACTERIALBLIGHT1_186,Bacterial Blight,sha256_match,False
EXACT_SHA256,Sethy,BACTERIALBLIGHT1_184,Bacterial Blight,Sethy,BACTERIALBLIGHT1_186,Bacterial Blight,sha256_match,False
EXACT_SHA256,Sethy,BACTERIALBLIGHT1_171,Bacterial Blight,Sethy,BACTERIALBLIGHT1_183,Bacterial Blight,sha256_match,False
EXACT_SHA256,Sethy,BACTERIALBLIGHT1_175,Bacterial Blight,Sethy,BACTERIALBLIGHT1_187,Bacterial Blight,sha256_match,False
EXACT_SHA256,Sethy,BACTERIALBLIGHT1_211,Bacterial Blight,Sethy,BACTERIALBLIGHT1_249,Bacterial Blight,sha256_match,False
EXACT_SHA256,Sethy,BACTERIALBLIGHT1_212,Bacterial Blight,Sethy,BACTERIALBLIGHT1_250,Bacterial Blight,sha256_match,False
EXACT_SHA256,Sethy,BACTERIALBLIGHT1_214,Bacterial Blight,Sethy,BACTERIALBLIGHT1_252,Bacterial Blight,sha256_match,False
EXACT_SHA256,Sethy,BACTERIALBLIGHT1_215,Bacterial Blight,Sethy,BACTERIALBLIGHT1_253,Bacterial Blight,sha256_match,False
EXACT_SHA256,Sethy,BACTERIALBLIGHT1_216,Bacterial Blight,Sethy,BACTERIALBLIGHT1_254,Bacterial Blight,sha256_match,False
EXACT_SHA256,Sethy,BACTERIALBLIGHT1_217,Bacterial Blight,Sethy,BACTERIALBLIGHT1_255,Bacterial Blight,sha256_match,False
EXACT_SHA256,Sethy,BACTERIALBLIGHT1_218,Bacterial Blight,Sethy,BACTERIALBLIGHT1_256,Bacterial Blight,sha256_match,False
EXACT_SHA256,Sethy,BACTERIALBLIGHT1_220,Bacterial Blight,Sethy,BACTERIALBLIGHT1_258,Bacterial Blight,sha256_match,False
EXACT_SHA256,Sethy,BACTERIALBLIGHT1_222,Bacterial Blight,Sethy,BACTERIALBLIGHT1_259,Bacterial Blight,sha256_match,False
EXACT_SHA256,Sethy,BACTERIALBLIGHT1_223,Bacterial Blight,Sethy,BACTERIALBLIGHT1_260,Bacterial Blight,sha256_match,False
EXACT_SHA256,Sethy,BACTERIALBLIGHT1_224,Bacterial Blight,Sethy,BACTERIALBLIGHT1_263,Bacterial Blight,sha256_match,False
EXACT_SHA256,Sethy,BACTERIALBLIGHT1_226,Bacterial Blight,Sethy,BACTERIALBLIGHT1_264,Bacterial Blight,sha256_match,False
EXACT_SHA256,Sethy,BACTERIALBLIGHT2_073,Bacterial Blight,Sethy,BACTERIALBLIGHT2_087,Bacterial Blight,sha256_match,False
EXACT_SHA256,Sethy,BACTERIALBLIGHT2_074,Bacterial Blight,Sethy,BACTERIALBLIGHT2_084,Bacterial Blight,sha256_match,False
EXACT_SHA256,Sethy,BACTERIALBLIGHT2_074,Bacterial Blight,Sethy,BACTERIALBLIGHT2_086,Bacterial Blight,sha256_match,False
EXACT_SHA256,Sethy,BACTERIALBLIGHT2_074,Bacterial Blight,Sethy,BACTERIALBLIGHT2_088,Bacterial Blight,sha256_match,False
EXACT_SHA256,Sethy,BACTERIALBLIGHT2_074,Bacterial Blight,Sethy,BACTERIALBLIGHT2_090,Bacterial Blight,sha256_match,False
EXACT_SHA256,Sethy,BACTERIALBLIGHT2_084,Bacterial Blight,Sethy,BACTERIALBLIGHT2_086,Bacterial Blight,sha256_match,False
EXACT_SHA256,Sethy,BACTERIALBLIGHT2_084,Bacterial Blight,Sethy,BACTERIALBLIGHT2_088,Bacterial Blight,sha256_match,False
EXACT_SHA256,Sethy,BACTERIALBLIGHT2_084,Bacterial Blight,Sethy,BACTERIALBLIGHT2_090,Bacterial Blight,sha256_match,False
EXACT_SHA256,Sethy,BACTERIALBLIGHT2_086,Bacterial Blight,Sethy,BACTERIALBLIGHT2_088,Bacterial Blight,sha256_match,False
EXACT_SHA256,Sethy,BACTERIALBLIGHT2_086,Bacterial Blight,Sethy,BACTERIALBLIGHT2_090,Bacterial Blight,sha256_match,False
EXACT_SHA256,Sethy,BACTERIALBLIGHT2_088,Bacterial Blight,Sethy,BACTERIALBLIGHT2_090,Bacterial Blight,sha256_match,False
EXACT_SHA256,Sethy,BACTERIALBLIGHT2_077,Bacterial Blight,Sethy,BACTERIALBLIGHT2_091,Bacterial Blight,sha256_match,False
EXACT_SHA256,Sethy,BACTERIALBLIGHT2_083,Bacterial Blight,Sethy,BACTERIALBLIGHT2_085,Bacterial Blight,sha256_match,False
EXACT_SHA256,Sethy,BACTERIALBLIGHT2_083,Bacterial Blight,Sethy,BACTERIALBLIGHT2_168,Bacterial Blight,sha256_match,False
EXACT_SHA256,Sethy,BACTERIALBLIGHT2_085,Bacterial Blight,Sethy,BACTERIALBLIGHT2_168,Bacterial Blight,sha256_match,False
EXACT_SHA256,Sethy,BACTERIALBLIGHT2_089,Bacterial Blight,Sethy,BACTERIALBLIGHT2_173,Bacterial Blight,sha256_match,False
EXACT_SHA256,Sethy,BACTERIALBLIGHT2_106,Bacterial Blight,Sethy,BACTERIALBLIGHT2_202,Bacterial Blight,sha256_match,False
EXACT_SHA256,Sethy,BACTERIALBLIGHT2_115,Bacterial Blight,Sethy,BACTERIALBLIGHT2_152,Bacterial Blight,sha256_match,False
EXACT_SHA256,Sethy,BACTERIALBLIGHT2_116,Bacterial Blight,Sethy,BACTERIALBLIGHT2_153,Bacterial Blight,sha256_match,False
EXACT_SHA256,Sethy,BACTERIALBLIGHT2_117,Bacterial Blight,Sethy,BACTERIALBLIGHT2_251,Bacterial Blight,sha256_match,False
EXACT_SHA256,Sethy,BACTERIALBLIGHT2_118,Bacterial Blight,Sethy,BACTERIALBLIGHT2_155,Bacterial Blight,sha256_match,False
EXACT_SHA256,Sethy,BACTERIALBLIGHT2_119,Bacterial Blight,Sethy,BACTERIALBLIGHT2_156,Bacterial Blight,sha256_match,False
EXACT_SHA256,Sethy,BACTERIALBLIGHT2_120,Bacterial Blight,Sethy,BACTERIALBLIGHT2_157,Bacterial Blight,sha256_match,False
EXACT_SHA256,Sethy,BACTERIALBLIGHT2_121,Bacterial Blight,Sethy,BACTERIALBLIGHT2_158,Bacterial Blight,sha256_match,False
EXACT_SHA256,Sethy,BACTERIALBLIGHT2_122,Bacterial Blight,Sethy,BACTERIALBLIGHT2_159,Bacterial Blight,sha256_match,False
EXACT_SHA256,Sethy,BACTERIALBLIGHT2_123,Bacterial Blight,Sethy,BACTERIALBLIGHT2_160,Bacterial Blight,sha256_match,False
EXACT_SHA256,Sethy,BACTERIALBLIGHT2_124,Bacterial Blight,Sethy,BACTERIALBLIGHT2_161,Bacterial Blight,sha256_match,False
EXACT_SHA256,Sethy,BACTERIALBLIGHT2_126,Bacterial Blight,Sethy,BACTERIALBLIGHT2_162,Bacterial Blight,sha256_match,False
EXACT_SHA256,Sethy,BACTERIALBLIGHT2_127,Bacterial Blight,Sethy,BACTERIALBLIGHT2_163,Bacterial Blight,sha256_match,False
EXACT_SHA256,Sethy,BACTERIALBLIGHT2_128,Bacterial Blight,Sethy,BACTERIALBLIGHT2_166,Bacterial Blight,sha256_match,False
EXACT_SHA256,Sethy,BACTERIALBLIGHT2_130,Bacterial Blight,Sethy,BACTERIALBLIGHT2_167,Bacterial Blight,sha256_match,False
EXACT_SHA256,Sethy,BACTERIALBLIGHT2_169,Bacterial Blight,Sethy,BACTERIALBLIGHT2_181,Bacterial Blight,sha256_match,False
EXACT_SHA256,Sethy,BACTERIALBLIGHT2_170,Bacterial Blight,Sethy,BACTERIALBLIGHT2_180,Bacterial Blight,sha256_match,False
EXACT_SHA256,Sethy,BACTERIALBLIGHT2_170,Bacterial Blight,Sethy,BACTERIALBLIGHT2_182,Bacterial Blight,sha256_match,False
EXACT_SHA256,Sethy,BACTERIALBLIGHT2_170,Bacterial Blight,Sethy,BACTERIALBLIGHT2_184,Bacterial Blight,sha256_match,False
EXACT_SHA256,Sethy,BACTERIALBLIGHT2_170,Bacterial Blight,Sethy,BACTERIALBLIGHT2_186,Bacterial Blight,sha256_match,False
EXACT_SHA256,Sethy,BACTERIALBLIGHT2_180,Bacterial Blight,Sethy,BACTERIALBLIGHT2_182,Bacterial Blight,sha256_match,False
EXACT_SHA256,Sethy,BACTERIALBLIGHT2_180,Bacterial Blight,Sethy,BACTERIALBLIGHT2_184,Bacterial Blight,sha256_match,False
EXACT_SHA256,Sethy,BACTERIALBLIGHT2_180,Bacterial Blight,Sethy,BACTERIALBLIGHT2_186,Bacterial Blight,sha256_match,False
EXACT_SHA256,Sethy,BACTERIALBLIGHT2_182,Bacterial Blight,Sethy,BACTERIALBLIGHT2_184,Bacterial Blight,sha256_match,False
EXACT_SHA256,Sethy,BACTERIALBLIGHT2_182,Bacterial Blight,Sethy,BACTERIALBLIGHT2_186,Bacterial Blight,sha256_match,False
EXACT_SHA256,Sethy,BACTERIALBLIGHT2_184,Bacterial Blight,Sethy,BACTERIALBLIGHT2_186,Bacterial Blight,sha256_match,False
EXACT_SHA256,Sethy,BACTERIALBLIGHT2_171,Bacterial Blight,Sethy,BACTERIALBLIGHT2_183,Bacterial Blight,sha256_match,False
EXACT_SHA256,Sethy,BACTERIALBLIGHT2_175,Bacterial Blight,Sethy,BACTERIALBLIGHT2_187,Bacterial Blight,sha256_match,False
EXACT_SHA256,Sethy,BACTERIALBLIGHT2_211,Bacterial Blight,Sethy,BACTERIALBLIGHT2_249,Bacterial Blight,sha256_match,False
EXACT_SHA256,Sethy,BACTERIALBLIGHT2_212,Bacterial Blight,Sethy,BACTERIALBLIGHT2_250,Bacterial Blight,sha256_match,False
EXACT_SHA256,Sethy,BACTERIALBLIGHT2_214,Bacterial Blight,Sethy,BACTERIALBLIGHT2_252,Bacterial Blight,sha256_match,False
EXACT_SHA256,Sethy,BACTERIALBLIGHT2_215,Bacterial Blight,Sethy,BACTERIALBLIGHT2_253,Bacterial Blight,sha256_match,False
EXACT_SHA256,Sethy,BACTERIALBLIGHT2_216,Bacterial Blight,Sethy,BACTERIALBLIGHT2_254,Bacterial Blight,sha256_match,False
EXACT_SHA256,Sethy,BACTERIALBLIGHT2_217,Bacterial Blight,Sethy,BACTERIALBLIGHT2_255,Bacterial Blight,sha256_match,False
EXACT_SHA256,Sethy,BACTERIALBLIGHT2_218,Bacterial Blight,Sethy,BACTERIALBLIGHT2_256,Bacterial Blight,sha256_match,False
EXACT_SHA256,Sethy,BACTERIALBLIGHT2_220,Bacterial Blight,Sethy,BACTERIALBLIGHT2_258,Bacterial Blight,sha256_match,False
EXACT_SHA256,Sethy,BACTERIALBLIGHT2_222,Bacterial Blight,Sethy,BACTERIALBLIGHT2_259,Bacterial Blight,sha256_match,False
EXACT_SHA256,Sethy,BACTERIALBLIGHT2_223,Bacterial Blight,Sethy,BACTERIALBLIGHT2_260,Bacterial Blight,sha256_match,False
EXACT_SHA256,Sethy,BACTERIALBLIGHT2_224,Bacterial Blight,Sethy,BACTERIALBLIGHT2_263,Bacterial Blight,sha256_match,False
EXACT_SHA256,Sethy,BACTERIALBLIGHT2_226,Bacterial Blight,Sethy,BACTERIALBLIGHT2_264,Bacterial Blight,sha256_match,False
EXACT_SHA256,Sethy,BACTERIALBLIGHT_073,Bacterial Blight,Sethy,BACTERIALBLIGHT_087,Bacterial Blight,sha256_match,False
EXACT_SHA256,Sethy,BACTERIALBLIGHT_074,Bacterial Blight,Sethy,BACTERIALBLIGHT_084,Bacterial Blight,sha256_match,False
EXACT_SHA256,Sethy,BACTERIALBLIGHT_074,Bacterial Blight,Sethy,BACTERIALBLIGHT_086,Bacterial Blight,sha256_match,False
EXACT_SHA256,Sethy,BACTERIALBLIGHT_074,Bacterial Blight,Sethy,BACTERIALBLIGHT_088,Bacterial Blight,sha256_match,False
EXACT_SHA256,Sethy,BACTERIALBLIGHT_074,Bacterial Blight,Sethy,BACTERIALBLIGHT_090,Bacterial Blight,sha256_match,False
EXACT_SHA256,Sethy,BACTERIALBLIGHT_084,Bacterial Blight,Sethy,BACTERIALBLIGHT_086,Bacterial Blight,sha256_match,False
EXACT_SHA256,Sethy,BACTERIALBLIGHT_084,Bacterial Blight,Sethy,BACTERIALBLIGHT_088,Bacterial Blight,sha256_match,False
EXACT_SHA256,Sethy,BACTERIALBLIGHT_084,Bacterial Blight,Sethy,BACTERIALBLIGHT_090,Bacterial Blight,sha256_match,False
EXACT_SHA256,Sethy,BACTERIALBLIGHT_086,Bacterial Blight,Sethy,BACTERIALBLIGHT_088,Bacterial Blight,sha256_match,False
EXACT_SHA256,Sethy,BACTERIALBLIGHT_086,Bacterial Blight,Sethy,BACTERIALBLIGHT_090,Bacterial Blight,sha256_match,False
EXACT_SHA256,Sethy,BACTERIALBLIGHT_088,Bacterial Blight,Sethy,BACTERIALBLIGHT_090,Bacterial Blight,sha256_match,False
EXACT_SHA256,Sethy,BACTERIALBLIGHT_077,Bacterial Blight,Sethy,BACTERIALBLIGHT_091,Bacterial Blight,sha256_match,False
EXACT_SHA256,Sethy,BACTERIALBLIGHT_083,Bacterial Blight,Sethy,BACTERIALBLIGHT_085,Bacterial Blight,sha256_match,False
EXACT_SHA256,Sethy,BACTERIALBLIGHT_083,Bacterial Blight,Sethy,BACTERIALBLIGHT_168,Bacterial Blight,sha256_match,False
EXACT_SHA256,Sethy,BACTERIALBLIGHT_085,Bacterial Blight,Sethy,BACTERIALBLIGHT_168,Bacterial Blight,sha256_match,False
EXACT_SHA256,Sethy,BACTERIALBLIGHT_089,Bacterial Blight,Sethy,BACTERIALBLIGHT_173,Bacterial Blight,sha256_match,False
EXACT_SHA256,Sethy,BACTERIALBLIGHT_106,Bacterial Blight,Sethy,BACTERIALBLIGHT_202,Bacterial Blight,sha256_match,False
EXACT_SHA256,Sethy,BACTERIALBLIGHT_115,Bacterial Blight,Sethy,BACTERIALBLIGHT_152,Bacterial Blight,sha256_match,False
EXACT_SHA256,Sethy,BACTERIALBLIGHT_116,Bacterial Blight,Sethy,BACTERIALBLIGHT_153,Bacterial Blight,sha256_match,False
EXACT_SHA256,Sethy,BACTERIALBLIGHT_117,Bacterial Blight,Sethy,BACTERIALBLIGHT_251,Bacterial Blight,sha256_match,False
EXACT_SHA256,Sethy,BACTERIALBLIGHT_118,Bacterial Blight,Sethy,BACTERIALBLIGHT_155,Bacterial Blight,sha256_match,False
EXACT_SHA256,Sethy,BACTERIALBLIGHT_119,Bacterial Blight,Sethy,BACTERIALBLIGHT_156,Bacterial Blight,sha256_match,False
EXACT_SHA256,Sethy,BACTERIALBLIGHT_120,Bacterial Blight,Sethy,BACTERIALBLIGHT_157,Bacterial Blight,sha256_match,False
EXACT_SHA256,Sethy,BACTERIALBLIGHT_121,Bacterial Blight,Sethy,BACTERIALBLIGHT_158,Bacterial Blight,sha256_match,False
EXACT_SHA256,Sethy,BACTERIALBLIGHT_122,Bacterial Blight,Sethy,BACTERIALBLIGHT_159,Bacterial Blight,sha256_match,False
EXACT_SHA256,Sethy,BACTERIALBLIGHT_123,Bacterial Blight,Sethy,BACTERIALBLIGHT_160,Bacterial Blight,sha256_match,False
EXACT_SHA256,Sethy,BACTERIALBLIGHT_124,Bacterial Blight,Sethy,BACTERIALBLIGHT_161,Bacterial Blight,sha256_match,False
EXACT_SHA256,Sethy,BACTERIALBLIGHT_126,Bacterial Blight,Sethy,BACTERIALBLIGHT_162,Bacterial Blight,sha256_match,False
EXACT_SHA256,Sethy,BACTERIALBLIGHT_127,Bacterial Blight,Sethy,BACTERIALBLIGHT_163,Bacterial Blight,sha256_match,False
EXACT_SHA256,Sethy,BACTERIALBLIGHT_128,Bacterial Blight,Sethy,BACTERIALBLIGHT_166,Bacterial Blight,sha256_match,False
EXACT_SHA256,Sethy,BACTERIALBLIGHT_130,Bacterial Blight,Sethy,BACTERIALBLIGHT_167,Bacterial Blight,sha256_match,False
EXACT_SHA256,Sethy,BACTERIALBLIGHT_169,Bacterial Blight,Sethy,BACTERIALBLIGHT_181,Bacterial Blight,sha256_match,False
EXACT_SHA256,Sethy,BACTERIALBLIGHT_170,Bacterial Blight,Sethy,BACTERIALBLIGHT_180,Bacterial Blight,sha256_match,False
EXACT_SHA256,Sethy,BACTERIALBLIGHT_170,Bacterial Blight,Sethy,BACTERIALBLIGHT_182,Bacterial Blight,sha256_match,False
EXACT_SHA256,Sethy,BACTERIALBLIGHT_170,Bacterial Blight,Sethy,BACTERIALBLIGHT_184,Bacterial Blight,sha256_match,False
EXACT_SHA256,Sethy,BACTERIALBLIGHT_170,Bacterial Blight,Sethy,BACTERIALBLIGHT_186,Bacterial Blight,sha256_match,False
EXACT_SHA256,Sethy,BACTERIALBLIGHT_180,Bacterial Blight,Sethy,BACTERIALBLIGHT_182,Bacterial Blight,sha256_match,False
EXACT_SHA256,Sethy,BACTERIALBLIGHT_180,Bacterial Blight,Sethy,BACTERIALBLIGHT_184,Bacterial Blight,sha256_match,False
EXACT_SHA256,Sethy,BACTERIALBLIGHT_180,Bacterial Blight,Sethy,BACTERIALBLIGHT_186,Bacterial Blight,sha256_match,False
EXACT_SHA256,Sethy,BACTERIALBLIGHT_182,Bacterial Blight,Sethy,BACTERIALBLIGHT_184,Bacterial Blight,sha256_match,False
EXACT_SHA256,Sethy,BACTERIALBLIGHT_182,Bacterial Blight,Sethy,BACTERIALBLIGHT_186,Bacterial Blight,sha256_match,False
EXACT_SHA256,Sethy,BACTERIALBLIGHT_184,Bacterial Blight,Sethy,BACTERIALBLIGHT_186,Bacterial Blight,sha256_match,False
EXACT_SHA256,Sethy,BACTERIALBLIGHT_171,Bacterial Blight,Sethy,BACTERIALBLIGHT_183,Bacterial Blight,sha256_match,False
EXACT_SHA256,Sethy,BACTERIALBLIGHT_175,Bacterial Blight,Sethy,BACTERIALBLIGHT_187,Bacterial Blight,sha256_match,False
EXACT_SHA256,Sethy,BACTERIALBLIGHT_211,Bacterial Blight,Sethy,BACTERIALBLIGHT_249,Bacterial Blight,sha256_match,False
EXACT_SHA256,Sethy,BACTERIALBLIGHT_212,Bacterial Blight,Sethy,BACTERIALBLIGHT_250,Bacterial Blight,sha256_match,False
EXACT_SHA256,Sethy,BACTERIALBLIGHT_214,Bacterial Blight,Sethy,BACTERIALBLIGHT_252,Bacterial Blight,sha256_match,False
EXACT_SHA256,Sethy,BACTERIALBLIGHT_215,Bacterial Blight,Sethy,BACTERIALBLIGHT_253,Bacterial Blight,sha256_match,False
EXACT_SHA256,Sethy,BACTERIALBLIGHT_216,Bacterial Blight,Sethy,BACTERIALBLIGHT_254,Bacterial Blight,sha256_match,False
EXACT_SHA256,Sethy,BACTERIALBLIGHT_217,Bacterial Blight,Sethy,BACTERIALBLIGHT_255,Bacterial Blight,sha256_match,False
EXACT_SHA256,Sethy,BACTERIALBLIGHT_218,Bacterial Blight,Sethy,BACTERIALBLIGHT_256,Bacterial Blight,sha256_match,False
EXACT_SHA256,Sethy,BACTERIALBLIGHT_220,Bacterial Blight,Sethy,BACTERIALBLIGHT_258,Bacterial Blight,sha256_match,False
EXACT_SHA256,Sethy,BACTERIALBLIGHT_222,Bacterial Blight,Sethy,BACTERIALBLIGHT_259,Bacterial Blight,sha256_match,False
EXACT_SHA256,Sethy,BACTERIALBLIGHT_223,Bacterial Blight,Sethy,BACTERIALBLIGHT_260,Bacterial Blight,sha256_match,False
EXACT_SHA256,Sethy,BACTERIALBLIGHT_224,Bacterial Blight,Sethy,BACTERIALBLIGHT_263,Bacterial Blight,sha256_match,False
EXACT_SHA256,Sethy,BACTERIALBLIGHT_226,Bacterial Blight,Sethy,BACTERIALBLIGHT_264,Bacterial Blight,sha256_match,False
EXACT_SHA256,Sethy,BLAST1_001,Blast,Sethy,BLAST5_001,Blast,sha256_match,False
EXACT_SHA256,Sethy,BLAST1_002,Blast,Sethy,BLAST5_002,Blast,sha256_match,False
EXACT_SHA256,Sethy,BLAST1_003,Blast,Sethy,BLAST5_003,Blast,sha256_match,False
EXACT_SHA256,Sethy,BLAST1_004,Blast,Sethy,BLAST5_004,Blast,sha256_match,False
EXACT_SHA256,Sethy,BLAST1_005,Blast,Sethy,BLAST5_005,Blast,sha256_match,False
EXACT_SHA256,Sethy,BLAST1_006,Blast,Sethy,BLAST5_006,Blast,sha256_match,False
EXACT_SHA256,Sethy,BLAST1_007,Blast,Sethy,BLAST5_007,Blast,sha256_match,False
EXACT_SHA256,Sethy,BLAST1_008,Blast,Sethy,BLAST5_008,Blast,sha256_match,False
EXACT_SHA256,Sethy,BLAST1_009,Blast,Sethy,BLAST5_009,Blast,sha256_match,False
EXACT_SHA256,Sethy,BLAST1_010,Blast,Sethy,BLAST5_010,Blast,sha256_match,False
EXACT_SHA256,Sethy,BLAST1_011,Blast,Sethy,BLAST5_011,Blast,sha256_match,False
EXACT_SHA256,Sethy,BLAST1_012,Blast,Sethy,BLAST5_012,Blast,sha256_match,False
EXACT_SHA256,Sethy,BLAST1_013,Blast,Sethy,BLAST5_013,Blast,sha256_match,False
EXACT_SHA256,Sethy,BLAST1_014,Blast,Sethy,BLAST5_014,Blast,sha256_match,False
EXACT_SHA256,Sethy,BLAST1_015,Blast,Sethy,BLAST5_015,Blast,sha256_match,False
EXACT_SHA256,Sethy,BLAST1_016,Blast,Sethy,BLAST5_016,Blast,sha256_match,False
EXACT_SHA256,Sethy,BLAST1_017,Blast,Sethy,BLAST5_017,Blast,sha256_match,False
EXACT_SHA256,Sethy,BLAST1_018,Blast,Sethy,BLAST5_018,Blast,sha256_match,False
EXACT_SHA256,Sethy,BLAST1_019,Blast,Sethy,BLAST5_019,Blast,sha256_match,False
EXACT_SHA256,Sethy,BLAST1_020,Blast,Sethy,BLAST5_020,Blast,sha256_match,False
EXACT_SHA256,Sethy,BLAST1_021,Blast,Sethy,BLAST5_021,Blast,sha256_match,False
EXACT_SHA256,Sethy,BLAST1_022,Blast,Sethy,BLAST5_022,Blast,sha256_match,False
EXACT_SHA256,Sethy,BLAST1_023,Blast,Sethy,BLAST5_023,Blast,sha256_match,False
EXACT_SHA256,Sethy,BLAST1_024,Blast,Sethy,BLAST5_024,Blast,sha256_match,False
EXACT_SHA256,Sethy,BLAST1_025,Blast,Sethy,BLAST5_025,Blast,sha256_match,False
EXACT_SHA256,Sethy,BLAST1_026,Blast,Sethy,BLAST5_026,Blast,sha256_match,False
EXACT_SHA256,Sethy,BLAST1_027,Blast,Sethy,BLAST5_027,Blast,sha256_match,False
EXACT_SHA256,Sethy,BLAST1_028,Blast,Sethy,BLAST5_028,Blast,sha256_match,False
EXACT_SHA256,Sethy,BLAST1_029,Blast,Sethy,BLAST5_029,Blast,sha256_match,False
EXACT_SHA256,Sethy,BLAST1_030,Blast,Sethy,BLAST5_030,Blast,sha256_match,False
EXACT_SHA256,Sethy,BLAST1_031,Blast,Sethy,BLAST5_031,Blast,sha256_match,False
EXACT_SHA256,Sethy,BLAST1_032,Blast,Sethy,BLAST5_032,Blast,sha256_match,False
EXACT_SHA256,Sethy,BLAST1_033,Blast,Sethy,BLAST5_033,Blast,sha256_match,False
EXACT_SHA256,Sethy,BLAST1_034,Blast,Sethy,BLAST5_034,Blast,sha256_match,False
EXACT_SHA256,Sethy,BLAST1_035,Blast,Sethy,BLAST5_035,Blast,sha256_match,False
EXACT_SHA256,Sethy,BLAST1_036,Blast,Sethy,BLAST5_036,Blast,sha256_match,False
EXACT_SHA256,Sethy,BLAST1_037,Blast,Sethy,BLAST5_037,Blast,sha256_match,False
EXACT_SHA256,Sethy,BLAST1_038,Blast,Sethy,BLAST5_038,Blast,sha256_match,False
EXACT_SHA256,Sethy,BLAST1_039,Blast,Sethy,BLAST5_039,Blast,sha256_match,False
EXACT_SHA256,Sethy,BLAST1_040,Blast,Sethy,BLAST5_040,Blast,sha256_match,False
EXACT_SHA256,Sethy,BLAST1_041,Blast,Sethy,BLAST5_041,Blast,sha256_match,False
EXACT_SHA256,Sethy,BLAST1_042,Blast,Sethy,BLAST5_042,Blast,sha256_match,False
EXACT_SHA256,Sethy,BLAST1_043,Blast,Sethy,BLAST5_043,Blast,sha256_match,False
EXACT_SHA256,Sethy,BLAST1_044,Blast,Sethy,BLAST5_044,Blast,sha256_match,False
EXACT_SHA256,Sethy,BLAST1_045,Blast,Sethy,BLAST5_045,Blast,sha256_match,False
EXACT_SHA256,Sethy,BLAST1_046,Blast,Sethy,BLAST5_046,Blast,sha256_match,False
EXACT_SHA256,Sethy,BLAST1_047,Blast,Sethy,BLAST5_047,Blast,sha256_match,False
EXACT_SHA256,Sethy,BLAST1_048,Blast,Sethy,BLAST5_048,Blast,sha256_match,False
EXACT_SHA256,Sethy,BLAST1_049,Blast,Sethy,BLAST5_049,Blast,sha256_match,False
EXACT_SHA256,Sethy,BLAST1_050,Blast,Sethy,BLAST5_050,Blast,sha256_match,False
EXACT_SHA256,Sethy,BLAST1_051,Blast,Sethy,BLAST5_051,Blast,sha256_match,False
EXACT_SHA256,Sethy,BLAST1_052,Blast,Sethy,BLAST5_052,Blast,sha256_match,False
EXACT_SHA256,Sethy,BLAST1_053,Blast,Sethy,BLAST5_053,Blast,sha256_match,False
EXACT_SHA256,Sethy,BLAST1_054,Blast,Sethy,BLAST5_054,Blast,sha256_match,False
EXACT_SHA256,Sethy,BLAST1_055,Blast,Sethy,BLAST5_055,Blast,sha256_match,False
EXACT_SHA256,Sethy,BLAST1_056,Blast,Sethy,BLAST5_056,Blast,sha256_match,False
EXACT_SHA256,Sethy,BLAST1_057,Blast,Sethy,BLAST5_057,Blast,sha256_match,False
EXACT_SHA256,Sethy,BLAST1_058,Blast,Sethy,BLAST5_058,Blast,sha256_match,False
EXACT_SHA256,Sethy,BLAST1_059,Blast,Sethy,BLAST5_059,Blast,sha256_match,False
EXACT_SHA256,Sethy,BLAST1_060,Blast,Sethy,BLAST5_060,Blast,sha256_match,False
EXACT_SHA256,Sethy,BLAST1_061,Blast,Sethy,BLAST5_061,Blast,sha256_match,False
EXACT_SHA256,Sethy,BLAST1_062,Blast,Sethy,BLAST5_062,Blast,sha256_match,False
EXACT_SHA256,Sethy,BLAST1_063,Blast,Sethy,BLAST5_063,Blast,sha256_match,False
EXACT_SHA256,Sethy,BLAST1_064,Blast,Sethy,BLAST5_064,Blast,sha256_match,False
EXACT_SHA256,Sethy,BLAST1_065,Blast,Sethy,BLAST5_065,Blast,sha256_match,False
EXACT_SHA256,Sethy,BLAST1_066,Blast,Sethy,BLAST5_066,Blast,sha256_match,False
EXACT_SHA256,Sethy,BLAST1_067,Blast,Sethy,BLAST5_067,Blast,sha256_match,False
EXACT_SHA256,Sethy,BLAST1_068,Blast,Sethy,BLAST5_068,Blast,sha256_match,False
EXACT_SHA256,Sethy,BLAST1_069,Blast,Sethy,BLAST5_069,Blast,sha256_match,False
EXACT_SHA256,Sethy,BLAST1_070,Blast,Sethy,BLAST5_070,Blast,sha256_match,False
EXACT_SHA256,Sethy,BLAST1_071,Blast,Sethy,BLAST5_071,Blast,sha256_match,False
EXACT_SHA256,Sethy,BLAST1_072,Blast,Sethy,BLAST5_072,Blast,sha256_match,False
EXACT_SHA256,Sethy,BLAST1_073,Blast,Sethy,BLAST5_073,Blast,sha256_match,False
EXACT_SHA256,Sethy,BLAST1_074,Blast,Sethy,BLAST5_074,Blast,sha256_match,False
EXACT_SHA256,Sethy,BLAST1_075,Blast,Sethy,BLAST5_075,Blast,sha256_match,False
EXACT_SHA256,Sethy,BLAST1_076,Blast,Sethy,BLAST5_076,Blast,sha256_match,False
EXACT_SHA256,Sethy,BLAST1_077,Blast,Sethy,BLAST5_077,Blast,sha256_match,False
EXACT_SHA256,Sethy,BLAST1_078,Blast,Sethy,BLAST5_078,Blast,sha256_match,False
EXACT_SHA256,Sethy,BLAST1_079,Blast,Sethy,BLAST5_079,Blast,sha256_match,False
EXACT_SHA256,Sethy,BLAST1_080,Blast,Sethy,BLAST5_080,Blast,sha256_match,False
EXACT_SHA256,Sethy,BLAST1_081,Blast,Sethy,BLAST5_081,Blast,sha256_match,False
EXACT_SHA256,Sethy,BLAST1_082,Blast,Sethy,BLAST5_082,Blast,sha256_match,False
EXACT_SHA256,Sethy,BLAST1_083,Blast,Sethy,BLAST5_083,Blast,sha256_match,False
EXACT_SHA256,Sethy,BLAST1_084,Blast,Sethy,BLAST5_084,Blast,sha256_match,False
EXACT_SHA256,Sethy,BLAST1_085,Blast,Sethy,BLAST5_085,Blast,sha256_match,False
EXACT_SHA256,Sethy,BLAST1_086,Blast,Sethy,BLAST5_086,Blast,sha256_match,False
EXACT_SHA256,Sethy,BLAST1_087,Blast,Sethy,BLAST5_087,Blast,sha256_match,False
EXACT_SHA256,Sethy,BLAST1_088,Blast,Sethy,BLAST5_088,Blast,sha256_match,False
EXACT_SHA256,Sethy,BLAST1_089,Blast,Sethy,BLAST5_089,Blast,sha256_match,False
EXACT_SHA256,Sethy,BLAST1_090,Blast,Sethy,BLAST5_090,Blast,sha256_match,False
EXACT_SHA256,Sethy,BLAST1_091,Blast,Sethy,BLAST5_091,Blast,sha256_match,False
EXACT_SHA256,Sethy,BLAST1_092,Blast,Sethy,BLAST5_092,Blast,sha256_match,False
EXACT_SHA256,Sethy,BLAST1_093,Blast,Sethy,BLAST5_093,Blast,sha256_match,False
EXACT_SHA256,Sethy,BLAST1_094,Blast,Sethy,BLAST5_094,Blast,sha256_match,False
EXACT_SHA256,Sethy,BLAST1_095,Blast,Sethy,BLAST5_095,Blast,sha256_match,False
EXACT_SHA256,Sethy,BLAST1_096,Blast,Sethy,BLAST5_096,Blast,sha256_match,False
EXACT_SHA256,Sethy,BLAST1_097,Blast,Sethy,BLAST5_097,Blast,sha256_match,False
EXACT_SHA256,Sethy,BLAST1_098,Blast,Sethy,BLAST5_098,Blast,sha256_match,False
EXACT_SHA256,Sethy,BLAST1_099,Blast,Sethy,BLAST5_099,Blast,sha256_match,False
EXACT_SHA256,Sethy,BLAST1_100,Blast,Sethy,BLAST5_100,Blast,sha256_match,False
EXACT_SHA256,Sethy,BLAST1_101,Blast,Sethy,BLAST5_101,Blast,sha256_match,False
EXACT_SHA256,Sethy,BLAST1_102,Blast,Sethy,BLAST5_102,Blast,sha256_match,False
EXACT_SHA256,Sethy,BLAST1_103,Blast,Sethy,BLAST5_103,Blast,sha256_match,False
EXACT_SHA256,Sethy,BLAST1_104,Blast,Sethy,BLAST5_104,Blast,sha256_match,False
EXACT_SHA256,Sethy,BLAST1_105,Blast,Sethy,BLAST5_105,Blast,sha256_match,False
EXACT_SHA256,Sethy,BLAST1_106,Blast,Sethy,BLAST5_106,Blast,sha256_match,False
EXACT_SHA256,Sethy,BLAST1_107,Blast,Sethy,BLAST5_107,Blast,sha256_match,False
EXACT_SHA256,Sethy,BLAST1_108,Blast,Sethy,BLAST5_108,Blast,sha256_match,False
EXACT_SHA256,Sethy,BLAST1_109,Blast,Sethy,BLAST5_109,Blast,sha256_match,False
EXACT_SHA256,Sethy,BLAST1_110,Blast,Sethy,BLAST5_110,Blast,sha256_match,False
EXACT_SHA256,Sethy,BLAST1_111,Blast,Sethy,BLAST5_111,Blast,sha256_match,False
EXACT_SHA256,Sethy,BLAST1_112,Blast,Sethy,BLAST5_112,Blast,sha256_match,False
EXACT_SHA256,Sethy,BLAST1_113,Blast,Sethy,BLAST5_113,Blast,sha256_match,False
EXACT_SHA256,Sethy,BLAST1_114,Blast,Sethy,BLAST5_114,Blast,sha256_match,False
EXACT_SHA256,Sethy,BLAST1_115,Blast,Sethy,BLAST5_115,Blast,sha256_match,False
EXACT_SHA256,Sethy,BLAST1_116,Blast,Sethy,BLAST5_116,Blast,sha256_match,False
EXACT_SHA256,Sethy,BLAST1_117,Blast,Sethy,BLAST5_117,Blast,sha256_match,False
EXACT_SHA256,Sethy,BLAST1_118,Blast,Sethy,BLAST5_118,Blast,sha256_match,False
EXACT_SHA256,Sethy,BLAST1_119,Blast,Sethy,BLAST5_119,Blast,sha256_match,False
EXACT_SHA256,Sethy,BLAST1_120,Blast,Sethy,BLAST5_120,Blast,sha256_match,False
EXACT_SHA256,Sethy,BLAST1_121,Blast,Sethy,BLAST5_121,Blast,sha256_match,False
EXACT_SHA256,Sethy,BLAST1_122,Blast,Sethy,BLAST5_122,Blast,sha256_match,False
EXACT_SHA256,Sethy,BLAST1_123,Blast,Sethy,BLAST5_123,Blast,sha256_match,False
EXACT_SHA256,Sethy,BLAST1_124,Blast,Sethy,BLAST5_124,Blast,sha256_match,False
EXACT_SHA256,Sethy,BLAST1_125,Blast,Sethy,BLAST5_125,Blast,sha256_match,False
EXACT_SHA256,Sethy,BLAST1_126,Blast,Sethy,BLAST5_126,Blast,sha256_match,False
EXACT_SHA256,Sethy,BLAST1_127,Blast,Sethy,BLAST5_127,Blast,sha256_match,False
EXACT_SHA256,Sethy,BLAST1_128,Blast,Sethy,BLAST5_128,Blast,sha256_match,False
EXACT_SHA256,Sethy,BLAST1_129,Blast,Sethy,BLAST5_129,Blast,sha256_match,False
EXACT_SHA256,Sethy,BLAST1_130,Blast,Sethy,BLAST5_130,Blast,sha256_match,False
EXACT_SHA256,Sethy,BLAST1_131,Blast,Sethy,BLAST5_131,Blast,sha256_match,False
EXACT_SHA256,Sethy,BLAST1_132,Blast,Sethy,BLAST5_132,Blast,sha256_match,False
EXACT_SHA256,Sethy,BLAST1_133,Blast,Sethy,BLAST5_133,Blast,sha256_match,False
EXACT_SHA256,Sethy,BLAST1_134,Blast,Sethy,BLAST5_134,Blast,sha256_match,False
EXACT_SHA256,Sethy,BLAST1_135,Blast,Sethy,BLAST5_135,Blast,sha256_match,False
EXACT_SHA256,Sethy,BLAST1_136,Blast,Sethy,BLAST5_136,Blast,sha256_match,False
EXACT_SHA256,Sethy,BLAST1_137,Blast,Sethy,BLAST5_137,Blast,sha256_match,False
EXACT_SHA256,Sethy,BLAST1_138,Blast,Sethy,BLAST5_138,Blast,sha256_match,False
EXACT_SHA256,Sethy,BLAST1_139,Blast,Sethy,BLAST5_139,Blast,sha256_match,False
EXACT_SHA256,Sethy,BLAST1_140,Blast,Sethy,BLAST5_140,Blast,sha256_match,False
EXACT_SHA256,Sethy,BLAST1_141,Blast,Sethy,BLAST5_141,Blast,sha256_match,False
EXACT_SHA256,Sethy,BLAST1_142,Blast,Sethy,BLAST5_142,Blast,sha256_match,False
EXACT_SHA256,Sethy,BLAST1_143,Blast,Sethy,BLAST5_143,Blast,sha256_match,False
EXACT_SHA256,Sethy,BLAST1_144,Blast,Sethy,BLAST5_144,Blast,sha256_match,False
EXACT_SHA256,Sethy,BLAST1_145,Blast,Sethy,BLAST5_145,Blast,sha256_match,False
EXACT_SHA256,Sethy,BLAST1_146,Blast,Sethy,BLAST5_146,Blast,sha256_match,False
EXACT_SHA256,Sethy,BLAST1_147,Blast,Sethy,BLAST5_147,Blast,sha256_match,False
EXACT_SHA256,Sethy,BLAST1_148,Blast,Sethy,BLAST5_148,Blast,sha256_match,False
EXACT_SHA256,Sethy,BLAST1_149,Blast,Sethy,BLAST5_149,Blast,sha256_match,False
EXACT_SHA256,Sethy,BLAST1_150,Blast,Sethy,BLAST5_150,Blast,sha256_match,False
EXACT_SHA256,Sethy,BLAST1_151,Blast,Sethy,BLAST5_151,Blast,sha256_match,False
EXACT_SHA256,Sethy,BLAST1_152,Blast,Sethy,BLAST5_152,Blast,sha256_match,False
EXACT_SHA256,Sethy,BLAST1_153,Blast,Sethy,BLAST5_153,Blast,sha256_match,False
EXACT_SHA256,Sethy,BLAST1_154,Blast,Sethy,BLAST5_154,Blast,sha256_match,False
EXACT_SHA256,Sethy,BLAST1_155,Blast,Sethy,BLAST5_155,Blast,sha256_match,False
EXACT_SHA256,Sethy,BLAST1_156,Blast,Sethy,BLAST5_156,Blast,sha256_match,False
EXACT_SHA256,Sethy,BLAST1_157,Blast,Sethy,BLAST5_157,Blast,sha256_match,False
EXACT_SHA256,Sethy,BLAST1_158,Blast,Sethy,BLAST5_158,Blast,sha256_match,False
EXACT_SHA256,Sethy,BLAST1_159,Blast,Sethy,BLAST5_159,Blast,sha256_match,False
EXACT_SHA256,Sethy,BLAST1_160,Blast,Sethy,BLAST5_160,Blast,sha256_match,False
EXACT_SHA256,Sethy,BLAST3_001,Blast,Sethy,BLAST7_001,Blast,sha256_match,False
EXACT_SHA256,Sethy,BLAST3_002,Blast,Sethy,BLAST7_002,Blast,sha256_match,False
EXACT_SHA256,Sethy,BLAST3_003,Blast,Sethy,BLAST7_003,Blast,sha256_match,False
EXACT_SHA256,Sethy,BLAST3_004,Blast,Sethy,BLAST7_004,Blast,sha256_match,False
EXACT_SHA256,Sethy,BLAST3_005,Blast,Sethy,BLAST7_005,Blast,sha256_match,False
EXACT_SHA256,Sethy,BLAST3_006,Blast,Sethy,BLAST7_006,Blast,sha256_match,False
EXACT_SHA256,Sethy,BLAST3_007,Blast,Sethy,BLAST7_007,Blast,sha256_match,False
EXACT_SHA256,Sethy,BLAST3_008,Blast,Sethy,BLAST7_008,Blast,sha256_match,False
EXACT_SHA256,Sethy,BLAST3_009,Blast,Sethy,BLAST7_009,Blast,sha256_match,False
EXACT_SHA256,Sethy,BLAST3_010,Blast,Sethy,BLAST7_010,Blast,sha256_match,False
EXACT_SHA256,Sethy,BLAST3_011,Blast,Sethy,BLAST7_011,Blast,sha256_match,False
EXACT_SHA256,Sethy,BLAST3_012,Blast,Sethy,BLAST7_012,Blast,sha256_match,False
EXACT_SHA256,Sethy,BLAST3_013,Blast,Sethy,BLAST7_013,Blast,sha256_match,False
EXACT_SHA256,Sethy,BLAST3_014,Blast,Sethy,BLAST7_014,Blast,sha256_match,False
EXACT_SHA256,Sethy,BLAST3_015,Blast,Sethy,BLAST7_015,Blast,sha256_match,False
EXACT_SHA256,Sethy,BLAST3_016,Blast,Sethy,BLAST7_016,Blast,sha256_match,False
EXACT_SHA256,Sethy,BLAST3_017,Blast,Sethy,BLAST7_017,Blast,sha256_match,False
EXACT_SHA256,Sethy,BLAST3_018,Blast,Sethy,BLAST7_018,Blast,sha256_match,False
EXACT_SHA256,Sethy,BLAST3_019,Blast,Sethy,BLAST7_019,Blast,sha256_match,False
EXACT_SHA256,Sethy,BLAST3_020,Blast,Sethy,BLAST7_020,Blast,sha256_match,False
EXACT_SHA256,Sethy,BLAST3_021,Blast,Sethy,BLAST7_021,Blast,sha256_match,False
EXACT_SHA256,Sethy,BLAST3_022,Blast,Sethy,BLAST7_022,Blast,sha256_match,False
EXACT_SHA256,Sethy,BLAST3_023,Blast,Sethy,BLAST7_023,Blast,sha256_match,False
EXACT_SHA256,Sethy,BLAST3_024,Blast,Sethy,BLAST7_024,Blast,sha256_match,False
EXACT_SHA256,Sethy,BLAST3_025,Blast,Sethy,BLAST7_025,Blast,sha256_match,False
EXACT_SHA256,Sethy,BLAST3_026,Blast,Sethy,BLAST7_026,Blast,sha256_match,False
EXACT_SHA256,Sethy,BLAST3_027,Blast,Sethy,BLAST7_027,Blast,sha256_match,False
EXACT_SHA256,Sethy,BLAST3_028,Blast,Sethy,BLAST7_028,Blast,sha256_match,False
EXACT_SHA256,Sethy,BLAST3_029,Blast,Sethy,BLAST7_029,Blast,sha256_match,False
EXACT_SHA256,Sethy,BLAST3_030,Blast,Sethy,BLAST7_030,Blast,sha256_match,False
EXACT_SHA256,Sethy,BLAST3_031,Blast,Sethy,BLAST7_031,Blast,sha256_match,False
EXACT_SHA256,Sethy,BLAST3_032,Blast,Sethy,BLAST7_032,Blast,sha256_match,False
EXACT_SHA256,Sethy,BLAST3_033,Blast,Sethy,BLAST7_033,Blast,sha256_match,False
EXACT_SHA256,Sethy,BLAST3_034,Blast,Sethy,BLAST7_034,Blast,sha256_match,False
EXACT_SHA256,Sethy,BLAST3_035,Blast,Sethy,BLAST7_035,Blast,sha256_match,False
EXACT_SHA256,Sethy,BLAST3_036,Blast,Sethy,BLAST7_036,Blast,sha256_match,False
EXACT_SHA256,Sethy,BLAST3_037,Blast,Sethy,BLAST7_037,Blast,sha256_match,False
EXACT_SHA256,Sethy,BLAST3_038,Blast,Sethy,BLAST7_038,Blast,sha256_match,False
EXACT_SHA256,Sethy,BLAST3_039,Blast,Sethy,BLAST7_039,Blast,sha256_match,False
EXACT_SHA256,Sethy,BLAST3_040,Blast,Sethy,BLAST7_040,Blast,sha256_match,False
EXACT_SHA256,Sethy,BLAST3_041,Blast,Sethy,BLAST7_041,Blast,sha256_match,False
EXACT_SHA256,Sethy,BLAST3_042,Blast,Sethy,BLAST7_042,Blast,sha256_match,False
EXACT_SHA256,Sethy,BLAST3_043,Blast,Sethy,BLAST7_043,Blast,sha256_match,False
EXACT_SHA256,Sethy,BLAST3_044,Blast,Sethy,BLAST7_044,Blast,sha256_match,False
EXACT_SHA256,Sethy,BLAST3_045,Blast,Sethy,BLAST7_045,Blast,sha256_match,False
EXACT_SHA256,Sethy,BLAST3_046,Blast,Sethy,BLAST7_046,Blast,sha256_match,False
EXACT_SHA256,Sethy,BLAST3_047,Blast,Sethy,BLAST7_047,Blast,sha256_match,False
EXACT_SHA256,Sethy,BLAST3_048,Blast,Sethy,BLAST7_048,Blast,sha256_match,False
EXACT_SHA256,Sethy,BLAST3_049,Blast,Sethy,BLAST7_049,Blast,sha256_match,False
EXACT_SHA256,Sethy,BLAST3_050,Blast,Sethy,BLAST7_050,Blast,sha256_match,False
EXACT_SHA256,Sethy,BLAST3_051,Blast,Sethy,BLAST7_051,Blast,sha256_match,False
EXACT_SHA256,Sethy,BLAST3_052,Blast,Sethy,BLAST7_052,Blast,sha256_match,False
EXACT_SHA256,Sethy,BLAST3_053,Blast,Sethy,BLAST7_053,Blast,sha256_match,False
EXACT_SHA256,Sethy,BLAST3_054,Blast,Sethy,BLAST7_054,Blast,sha256_match,False
EXACT_SHA256,Sethy,BLAST3_055,Blast,Sethy,BLAST7_055,Blast,sha256_match,False
EXACT_SHA256,Sethy,BLAST3_056,Blast,Sethy,BLAST7_056,Blast,sha256_match,False
EXACT_SHA256,Sethy,BLAST3_057,Blast,Sethy,BLAST7_057,Blast,sha256_match,False
EXACT_SHA256,Sethy,BLAST3_058,Blast,Sethy,BLAST7_058,Blast,sha256_match,False
EXACT_SHA256,Sethy,BLAST3_059,Blast,Sethy,BLAST7_059,Blast,sha256_match,False
EXACT_SHA256,Sethy,BLAST3_060,Blast,Sethy,BLAST7_060,Blast,sha256_match,False
EXACT_SHA256,Sethy,BLAST3_061,Blast,Sethy,BLAST7_061,Blast,sha256_match,False
EXACT_SHA256,Sethy,BLAST3_062,Blast,Sethy,BLAST7_062,Blast,sha256_match,False
EXACT_SHA256,Sethy,BLAST3_063,Blast,Sethy,BLAST7_063,Blast,sha256_match,False
EXACT_SHA256,Sethy,BLAST3_064,Blast,Sethy,BLAST7_064,Blast,sha256_match,False
EXACT_SHA256,Sethy,BLAST3_065,Blast,Sethy,BLAST7_065,Blast,sha256_match,False
EXACT_SHA256,Sethy,BLAST3_066,Blast,Sethy,BLAST7_066,Blast,sha256_match,False
EXACT_SHA256,Sethy,BLAST3_067,Blast,Sethy,BLAST7_067,Blast,sha256_match,False
EXACT_SHA256,Sethy,BLAST3_068,Blast,Sethy,BLAST7_068,Blast,sha256_match,False
EXACT_SHA256,Sethy,BLAST3_069,Blast,Sethy,BLAST7_069,Blast,sha256_match,False
EXACT_SHA256,Sethy,BLAST3_070,Blast,Sethy,BLAST7_070,Blast,sha256_match,False
EXACT_SHA256,Sethy,BLAST3_071,Blast,Sethy,BLAST7_071,Blast,sha256_match,False
EXACT_SHA256,Sethy,BLAST3_072,Blast,Sethy,BLAST7_072,Blast,sha256_match,False
EXACT_SHA256,Sethy,BLAST3_073,Blast,Sethy,BLAST7_073,Blast,sha256_match,False
EXACT_SHA256,Sethy,BLAST3_074,Blast,Sethy,BLAST7_074,Blast,sha256_match,False
EXACT_SHA256,Sethy,BLAST3_075,Blast,Sethy,BLAST7_075,Blast,sha256_match,False
EXACT_SHA256,Sethy,BLAST3_076,Blast,Sethy,BLAST7_076,Blast,sha256_match,False
EXACT_SHA256,Sethy,BLAST3_077,Blast,Sethy,BLAST7_077,Blast,sha256_match,False
EXACT_SHA256,Sethy,BLAST3_078,Blast,Sethy,BLAST7_078,Blast,sha256_match,False
EXACT_SHA256,Sethy,BLAST3_079,Blast,Sethy,BLAST7_079,Blast,sha256_match,False
EXACT_SHA256,Sethy,BLAST3_080,Blast,Sethy,BLAST7_080,Blast,sha256_match,False
EXACT_SHA256,Sethy,BLAST3_081,Blast,Sethy,BLAST7_081,Blast,sha256_match,False
EXACT_SHA256,Sethy,BLAST3_082,Blast,Sethy,BLAST7_082,Blast,sha256_match,False
EXACT_SHA256,Sethy,BLAST3_083,Blast,Sethy,BLAST7_083,Blast,sha256_match,False
EXACT_SHA256,Sethy,BLAST3_084,Blast,Sethy,BLAST7_084,Blast,sha256_match,False
EXACT_SHA256,Sethy,BLAST3_085,Blast,Sethy,BLAST7_085,Blast,sha256_match,False
EXACT_SHA256,Sethy,BLAST3_086,Blast,Sethy,BLAST7_086,Blast,sha256_match,False
EXACT_SHA256,Sethy,BLAST3_087,Blast,Sethy,BLAST7_087,Blast,sha256_match,False
EXACT_SHA256,Sethy,BLAST3_088,Blast,Sethy,BLAST7_088,Blast,sha256_match,False
EXACT_SHA256,Sethy,BLAST3_089,Blast,Sethy,BLAST7_089,Blast,sha256_match,False
EXACT_SHA256,Sethy,BLAST3_090,Blast,Sethy,BLAST7_090,Blast,sha256_match,False
EXACT_SHA256,Sethy,BLAST3_091,Blast,Sethy,BLAST7_091,Blast,sha256_match,False
EXACT_SHA256,Sethy,BLAST3_092,Blast,Sethy,BLAST7_092,Blast,sha256_match,False
EXACT_SHA256,Sethy,BLAST3_093,Blast,Sethy,BLAST7_093,Blast,sha256_match,False
EXACT_SHA256,Sethy,BLAST3_094,Blast,Sethy,BLAST7_094,Blast,sha256_match,False
EXACT_SHA256,Sethy,BLAST3_095,Blast,Sethy,BLAST7_095,Blast,sha256_match,False
EXACT_SHA256,Sethy,BLAST3_096,Blast,Sethy,BLAST7_096,Blast,sha256_match,False
EXACT_SHA256,Sethy,BLAST3_097,Blast,Sethy,BLAST7_097,Blast,sha256_match,False
EXACT_SHA256,Sethy,BLAST3_098,Blast,Sethy,BLAST7_098,Blast,sha256_match,False
EXACT_SHA256,Sethy,BLAST3_099,Blast,Sethy,BLAST7_099,Blast,sha256_match,False
EXACT_SHA256,Sethy,BLAST3_100,Blast,Sethy,BLAST7_100,Blast,sha256_match,False
EXACT_SHA256,Sethy,BLAST3_101,Blast,Sethy,BLAST7_101,Blast,sha256_match,False
EXACT_SHA256,Sethy,BLAST3_102,Blast,Sethy,BLAST7_102,Blast,sha256_match,False
EXACT_SHA256,Sethy,BLAST3_103,Blast,Sethy,BLAST7_103,Blast,sha256_match,False
EXACT_SHA256,Sethy,BLAST3_104,Blast,Sethy,BLAST7_104,Blast,sha256_match,False
EXACT_SHA256,Sethy,BLAST3_105,Blast,Sethy,BLAST7_105,Blast,sha256_match,False
EXACT_SHA256,Sethy,BLAST3_106,Blast,Sethy,BLAST7_106,Blast,sha256_match,False
EXACT_SHA256,Sethy,BLAST3_107,Blast,Sethy,BLAST7_107,Blast,sha256_match,False
EXACT_SHA256,Sethy,BLAST3_108,Blast,Sethy,BLAST7_108,Blast,sha256_match,False
EXACT_SHA256,Sethy,BLAST3_109,Blast,Sethy,BLAST7_109,Blast,sha256_match,False
EXACT_SHA256,Sethy,BLAST3_110,Blast,Sethy,BLAST7_110,Blast,sha256_match,False
EXACT_SHA256,Sethy,BLAST3_111,Blast,Sethy,BLAST7_111,Blast,sha256_match,False
EXACT_SHA256,Sethy,BLAST3_112,Blast,Sethy,BLAST7_112,Blast,sha256_match,False
EXACT_SHA256,Sethy,BLAST3_113,Blast,Sethy,BLAST7_113,Blast,sha256_match,False
EXACT_SHA256,Sethy,BLAST3_114,Blast,Sethy,BLAST7_114,Blast,sha256_match,False
EXACT_SHA256,Sethy,BLAST3_115,Blast,Sethy,BLAST7_115,Blast,sha256_match,False
EXACT_SHA256,Sethy,BLAST3_116,Blast,Sethy,BLAST7_116,Blast,sha256_match,False
EXACT_SHA256,Sethy,BLAST3_117,Blast,Sethy,BLAST7_117,Blast,sha256_match,False
EXACT_SHA256,Sethy,BLAST3_118,Blast,Sethy,BLAST7_118,Blast,sha256_match,False
EXACT_SHA256,Sethy,BLAST3_119,Blast,Sethy,BLAST7_119,Blast,sha256_match,False
EXACT_SHA256,Sethy,BLAST3_120,Blast,Sethy,BLAST7_120,Blast,sha256_match,False
EXACT_SHA256,Sethy,BLAST3_121,Blast,Sethy,BLAST7_121,Blast,sha256_match,False
EXACT_SHA256,Sethy,BLAST3_122,Blast,Sethy,BLAST7_122,Blast,sha256_match,False
EXACT_SHA256,Sethy,BLAST3_123,Blast,Sethy,BLAST7_123,Blast,sha256_match,False
EXACT_SHA256,Sethy,BLAST3_124,Blast,Sethy,BLAST7_124,Blast,sha256_match,False
EXACT_SHA256,Sethy,BLAST3_125,Blast,Sethy,BLAST7_125,Blast,sha256_match,False
EXACT_SHA256,Sethy,BLAST3_126,Blast,Sethy,BLAST7_126,Blast,sha256_match,False
EXACT_SHA256,Sethy,BLAST3_127,Blast,Sethy,BLAST7_127,Blast,sha256_match,False
EXACT_SHA256,Sethy,BLAST3_128,Blast,Sethy,BLAST7_128,Blast,sha256_match,False
EXACT_SHA256,Sethy,BLAST3_129,Blast,Sethy,BLAST7_129,Blast,sha256_match,False
EXACT_SHA256,Sethy,BLAST3_130,Blast,Sethy,BLAST7_130,Blast,sha256_match,False
EXACT_SHA256,Sethy,BLAST3_131,Blast,Sethy,BLAST7_131,Blast,sha256_match,False
EXACT_SHA256,Sethy,BLAST3_132,Blast,Sethy,BLAST7_132,Blast,sha256_match,False
EXACT_SHA256,Sethy,BLAST3_133,Blast,Sethy,BLAST7_133,Blast,sha256_match,False
EXACT_SHA256,Sethy,BLAST3_134,Blast,Sethy,BLAST7_134,Blast,sha256_match,False
EXACT_SHA256,Sethy,BLAST3_135,Blast,Sethy,BLAST7_135,Blast,sha256_match,False
EXACT_SHA256,Sethy,BLAST3_136,Blast,Sethy,BLAST7_136,Blast,sha256_match,False
EXACT_SHA256,Sethy,BLAST3_137,Blast,Sethy,BLAST7_137,Blast,sha256_match,False
EXACT_SHA256,Sethy,BLAST3_138,Blast,Sethy,BLAST7_138,Blast,sha256_match,False
EXACT_SHA256,Sethy,BLAST3_139,Blast,Sethy,BLAST7_139,Blast,sha256_match,False
EXACT_SHA256,Sethy,BLAST3_140,Blast,Sethy,BLAST7_140,Blast,sha256_match,False
EXACT_SHA256,Sethy,BLAST3_141,Blast,Sethy,BLAST7_141,Blast,sha256_match,False
EXACT_SHA256,Sethy,BLAST3_142,Blast,Sethy,BLAST7_142,Blast,sha256_match,False
EXACT_SHA256,Sethy,BLAST3_143,Blast,Sethy,BLAST7_143,Blast,sha256_match,False
EXACT_SHA256,Sethy,BLAST3_144,Blast,Sethy,BLAST7_144,Blast,sha256_match,False
EXACT_SHA256,Sethy,BLAST3_145,Blast,Sethy,BLAST7_145,Blast,sha256_match,False
EXACT_SHA256,Sethy,BLAST3_146,Blast,Sethy,BLAST7_146,Blast,sha256_match,False
EXACT_SHA256,Sethy,BLAST3_147,Blast,Sethy,BLAST7_147,Blast,sha256_match,False
EXACT_SHA256,Sethy,BLAST3_148,Blast,Sethy,BLAST7_148,Blast,sha256_match,False
EXACT_SHA256,Sethy,BLAST3_149,Blast,Sethy,BLAST7_149,Blast,sha256_match,False
EXACT_SHA256,Sethy,BLAST3_150,Blast,Sethy,BLAST7_150,Blast,sha256_match,False
EXACT_SHA256,Sethy,BLAST3_151,Blast,Sethy,BLAST7_151,Blast,sha256_match,False
EXACT_SHA256,Sethy,BLAST3_152,Blast,Sethy,BLAST7_152,Blast,sha256_match,False
EXACT_SHA256,Sethy,BLAST3_153,Blast,Sethy,BLAST7_153,Blast,sha256_match,False
EXACT_SHA256,Sethy,BLAST3_154,Blast,Sethy,BLAST7_154,Blast,sha256_match,False
EXACT_SHA256,Sethy,BLAST3_155,Blast,Sethy,BLAST7_155,Blast,sha256_match,False
EXACT_SHA256,Sethy,BLAST3_156,Blast,Sethy,BLAST7_156,Blast,sha256_match,False
EXACT_SHA256,Sethy,BLAST3_157,Blast,Sethy,BLAST7_157,Blast,sha256_match,False
EXACT_SHA256,Sethy,BLAST3_158,Blast,Sethy,BLAST7_158,Blast,sha256_match,False
EXACT_SHA256,Sethy,BLAST3_159,Blast,Sethy,BLAST7_159,Blast,sha256_match,False
EXACT_SHA256,Sethy,BLAST3_160,Blast,Sethy,BLAST7_160,Blast,sha256_match,False
EXACT_SHA256,Sethy,BLAST4_001,Blast,Sethy,BLAST6_001,Blast,sha256_match,False
EXACT_SHA256,Sethy,BLAST4_002,Blast,Sethy,BLAST6_002,Blast,sha256_match,False
EXACT_SHA256,Sethy,BLAST4_003,Blast,Sethy,BLAST6_003,Blast,sha256_match,False
EXACT_SHA256,Sethy,BLAST4_004,Blast,Sethy,BLAST6_004,Blast,sha256_match,False
EXACT_SHA256,Sethy,BLAST4_005,Blast,Sethy,BLAST6_005,Blast,sha256_match,False
EXACT_SHA256,Sethy,BLAST4_006,Blast,Sethy,BLAST6_006,Blast,sha256_match,False
EXACT_SHA256,Sethy,BLAST4_007,Blast,Sethy,BLAST6_007,Blast,sha256_match,False
EXACT_SHA256,Sethy,BLAST4_008,Blast,Sethy,BLAST6_008,Blast,sha256_match,False
EXACT_SHA256,Sethy,BLAST4_009,Blast,Sethy,BLAST6_009,Blast,sha256_match,False
EXACT_SHA256,Sethy,BLAST4_010,Blast,Sethy,BLAST6_010,Blast,sha256_match,False
EXACT_SHA256,Sethy,BLAST4_011,Blast,Sethy,BLAST6_011,Blast,sha256_match,False
EXACT_SHA256,Sethy,BLAST4_012,Blast,Sethy,BLAST6_012,Blast,sha256_match,False
EXACT_SHA256,Sethy,BLAST4_013,Blast,Sethy,BLAST6_013,Blast,sha256_match,False
EXACT_SHA256,Sethy,BLAST4_014,Blast,Sethy,BLAST6_014,Blast,sha256_match,False
EXACT_SHA256,Sethy,BLAST4_015,Blast,Sethy,BLAST6_015,Blast,sha256_match,False
EXACT_SHA256,Sethy,BLAST4_016,Blast,Sethy,BLAST6_016,Blast,sha256_match,False
EXACT_SHA256,Sethy,BLAST4_017,Blast,Sethy,BLAST6_017,Blast,sha256_match,False
EXACT_SHA256,Sethy,BLAST4_018,Blast,Sethy,BLAST6_018,Blast,sha256_match,False
EXACT_SHA256,Sethy,BLAST4_019,Blast,Sethy,BLAST6_019,Blast,sha256_match,False
EXACT_SHA256,Sethy,BLAST4_020,Blast,Sethy,BLAST6_020,Blast,sha256_match,False
EXACT_SHA256,Sethy,BLAST4_021,Blast,Sethy,BLAST6_021,Blast,sha256_match,False
EXACT_SHA256,Sethy,BLAST4_022,Blast,Sethy,BLAST6_022,Blast,sha256_match,False
EXACT_SHA256,Sethy,BLAST4_023,Blast,Sethy,BLAST6_023,Blast,sha256_match,False
EXACT_SHA256,Sethy,BLAST4_024,Blast,Sethy,BLAST6_024,Blast,sha256_match,False
EXACT_SHA256,Sethy,BLAST4_025,Blast,Sethy,BLAST6_025,Blast,sha256_match,False
EXACT_SHA256,Sethy,BLAST4_026,Blast,Sethy,BLAST6_026,Blast,sha256_match,False
EXACT_SHA256,Sethy,BLAST4_027,Blast,Sethy,BLAST6_027,Blast,sha256_match,False
EXACT_SHA256,Sethy,BLAST4_028,Blast,Sethy,BLAST6_028,Blast,sha256_match,False
EXACT_SHA256,Sethy,BLAST4_029,Blast,Sethy,BLAST6_029,Blast,sha256_match,False
EXACT_SHA256,Sethy,BLAST4_030,Blast,Sethy,BLAST6_030,Blast,sha256_match,False
EXACT_SHA256,Sethy,BLAST4_031,Blast,Sethy,BLAST6_031,Blast,sha256_match,False
EXACT_SHA256,Sethy,BLAST4_032,Blast,Sethy,BLAST6_032,Blast,sha256_match,False
EXACT_SHA256,Sethy,BLAST4_033,Blast,Sethy,BLAST6_033,Blast,sha256_match,False
EXACT_SHA256,Sethy,BLAST4_034,Blast,Sethy,BLAST6_034,Blast,sha256_match,False
EXACT_SHA256,Sethy,BLAST4_035,Blast,Sethy,BLAST6_035,Blast,sha256_match,False
EXACT_SHA256,Sethy,BLAST4_036,Blast,Sethy,BLAST6_036,Blast,sha256_match,False
EXACT_SHA256,Sethy,BLAST4_037,Blast,Sethy,BLAST6_037,Blast,sha256_match,False
EXACT_SHA256,Sethy,BLAST4_038,Blast,Sethy,BLAST6_038,Blast,sha256_match,False
EXACT_SHA256,Sethy,BLAST4_039,Blast,Sethy,BLAST6_039,Blast,sha256_match,False
EXACT_SHA256,Sethy,BLAST4_040,Blast,Sethy,BLAST6_040,Blast,sha256_match,False
EXACT_SHA256,Sethy,BLAST4_041,Blast,Sethy,BLAST6_041,Blast,sha256_match,False
EXACT_SHA256,Sethy,BLAST4_042,Blast,Sethy,BLAST6_042,Blast,sha256_match,False
EXACT_SHA256,Sethy,BLAST4_043,Blast,Sethy,BLAST6_043,Blast,sha256_match,False
EXACT_SHA256,Sethy,BLAST4_044,Blast,Sethy,BLAST6_044,Blast,sha256_match,False
EXACT_SHA256,Sethy,BLAST4_045,Blast,Sethy,BLAST6_045,Blast,sha256_match,False
EXACT_SHA256,Sethy,BLAST4_046,Blast,Sethy,BLAST6_046,Blast,sha256_match,False
EXACT_SHA256,Sethy,BLAST4_047,Blast,Sethy,BLAST6_047,Blast,sha256_match,False
EXACT_SHA256,Sethy,BLAST4_048,Blast,Sethy,BLAST6_048,Blast,sha256_match,False
EXACT_SHA256,Sethy,BLAST4_049,Blast,Sethy,BLAST6_049,Blast,sha256_match,False
EXACT_SHA256,Sethy,BLAST4_050,Blast,Sethy,BLAST6_050,Blast,sha256_match,False
EXACT_SHA256,Sethy,BLAST4_051,Blast,Sethy,BLAST6_051,Blast,sha256_match,False
EXACT_SHA256,Sethy,BLAST4_052,Blast,Sethy,BLAST6_052,Blast,sha256_match,False
EXACT_SHA256,Sethy,BLAST4_053,Blast,Sethy,BLAST6_053,Blast,sha256_match,False
EXACT_SHA256,Sethy,BLAST4_054,Blast,Sethy,BLAST6_054,Blast,sha256_match,False
EXACT_SHA256,Sethy,BLAST4_055,Blast,Sethy,BLAST6_055,Blast,sha256_match,False
EXACT_SHA256,Sethy,BLAST4_056,Blast,Sethy,BLAST6_056,Blast,sha256_match,False
EXACT_SHA256,Sethy,BLAST4_057,Blast,Sethy,BLAST6_057,Blast,sha256_match,False
EXACT_SHA256,Sethy,BLAST4_058,Blast,Sethy,BLAST6_058,Blast,sha256_match,False
EXACT_SHA256,Sethy,BLAST4_059,Blast,Sethy,BLAST6_059,Blast,sha256_match,False
EXACT_SHA256,Sethy,BLAST4_060,Blast,Sethy,BLAST6_060,Blast,sha256_match,False
EXACT_SHA256,Sethy,BLAST4_061,Blast,Sethy,BLAST6_061,Blast,sha256_match,False
EXACT_SHA256,Sethy,BLAST4_062,Blast,Sethy,BLAST6_062,Blast,sha256_match,False
EXACT_SHA256,Sethy,BLAST4_063,Blast,Sethy,BLAST6_063,Blast,sha256_match,False
EXACT_SHA256,Sethy,BLAST4_064,Blast,Sethy,BLAST6_064,Blast,sha256_match,False
EXACT_SHA256,Sethy,BLAST4_065,Blast,Sethy,BLAST6_065,Blast,sha256_match,False
EXACT_SHA256,Sethy,BLAST4_066,Blast,Sethy,BLAST6_066,Blast,sha256_match,False
EXACT_SHA256,Sethy,BLAST4_067,Blast,Sethy,BLAST6_067,Blast,sha256_match,False
EXACT_SHA256,Sethy,BLAST4_068,Blast,Sethy,BLAST6_068,Blast,sha256_match,False
EXACT_SHA256,Sethy,BLAST4_069,Blast,Sethy,BLAST6_069,Blast,sha256_match,False
EXACT_SHA256,Sethy,BLAST4_070,Blast,Sethy,BLAST6_070,Blast,sha256_match,False
EXACT_SHA256,Sethy,BLAST4_071,Blast,Sethy,BLAST6_071,Blast,sha256_match,False
EXACT_SHA256,Sethy,BLAST4_072,Blast,Sethy,BLAST6_072,Blast,sha256_match,False
EXACT_SHA256,Sethy,BLAST4_073,Blast,Sethy,BLAST6_073,Blast,sha256_match,False
EXACT_SHA256,Sethy,BLAST4_074,Blast,Sethy,BLAST6_074,Blast,sha256_match,False
EXACT_SHA256,Sethy,BLAST4_075,Blast,Sethy,BLAST6_075,Blast,sha256_match,False
EXACT_SHA256,Sethy,BLAST4_076,Blast,Sethy,BLAST6_076,Blast,sha256_match,False
EXACT_SHA256,Sethy,BLAST4_077,Blast,Sethy,BLAST6_077,Blast,sha256_match,False
EXACT_SHA256,Sethy,BLAST4_078,Blast,Sethy,BLAST6_078,Blast,sha256_match,False
EXACT_SHA256,Sethy,BLAST4_079,Blast,Sethy,BLAST6_079,Blast,sha256_match,False
EXACT_SHA256,Sethy,BLAST4_080,Blast,Sethy,BLAST6_080,Blast,sha256_match,False
EXACT_SHA256,Sethy,BLAST4_081,Blast,Sethy,BLAST6_081,Blast,sha256_match,False
EXACT_SHA256,Sethy,BLAST4_082,Blast,Sethy,BLAST6_082,Blast,sha256_match,False
EXACT_SHA256,Sethy,BLAST4_083,Blast,Sethy,BLAST6_083,Blast,sha256_match,False
EXACT_SHA256,Sethy,BLAST4_084,Blast,Sethy,BLAST6_084,Blast,sha256_match,False
EXACT_SHA256,Sethy,BLAST4_085,Blast,Sethy,BLAST6_085,Blast,sha256_match,False
EXACT_SHA256,Sethy,BLAST4_086,Blast,Sethy,BLAST6_086,Blast,sha256_match,False
EXACT_SHA256,Sethy,BLAST4_087,Blast,Sethy,BLAST6_087,Blast,sha256_match,False
EXACT_SHA256,Sethy,BLAST4_088,Blast,Sethy,BLAST6_088,Blast,sha256_match,False
EXACT_SHA256,Sethy,BLAST4_089,Blast,Sethy,BLAST6_089,Blast,sha256_match,False
EXACT_SHA256,Sethy,BLAST4_090,Blast,Sethy,BLAST6_090,Blast,sha256_match,False
EXACT_SHA256,Sethy,BLAST4_091,Blast,Sethy,BLAST6_091,Blast,sha256_match,False
EXACT_SHA256,Sethy,BLAST4_092,Blast,Sethy,BLAST6_092,Blast,sha256_match,False
EXACT_SHA256,Sethy,BLAST4_093,Blast,Sethy,BLAST6_093,Blast,sha256_match,False
EXACT_SHA256,Sethy,BLAST4_094,Blast,Sethy,BLAST6_094,Blast,sha256_match,False
EXACT_SHA256,Sethy,BLAST4_095,Blast,Sethy,BLAST6_095,Blast,sha256_match,False
EXACT_SHA256,Sethy,BLAST4_096,Blast,Sethy,BLAST6_096,Blast,sha256_match,False
EXACT_SHA256,Sethy,BLAST4_097,Blast,Sethy,BLAST6_097,Blast,sha256_match,False
EXACT_SHA256,Sethy,BLAST4_098,Blast,Sethy,BLAST6_098,Blast,sha256_match,False
EXACT_SHA256,Sethy,BLAST4_099,Blast,Sethy,BLAST6_099,Blast,sha256_match,False
EXACT_SHA256,Sethy,BLAST4_100,Blast,Sethy,BLAST6_100,Blast,sha256_match,False
EXACT_SHA256,Sethy,BLAST4_101,Blast,Sethy,BLAST6_101,Blast,sha256_match,False
EXACT_SHA256,Sethy,BLAST4_102,Blast,Sethy,BLAST6_102,Blast,sha256_match,False
EXACT_SHA256,Sethy,BLAST4_103,Blast,Sethy,BLAST6_103,Blast,sha256_match,False
EXACT_SHA256,Sethy,BLAST4_104,Blast,Sethy,BLAST6_104,Blast,sha256_match,False
EXACT_SHA256,Sethy,BLAST4_105,Blast,Sethy,BLAST6_105,Blast,sha256_match,False
EXACT_SHA256,Sethy,BLAST4_106,Blast,Sethy,BLAST6_106,Blast,sha256_match,False
EXACT_SHA256,Sethy,BLAST4_107,Blast,Sethy,BLAST6_107,Blast,sha256_match,False
EXACT_SHA256,Sethy,BLAST4_108,Blast,Sethy,BLAST6_108,Blast,sha256_match,False
EXACT_SHA256,Sethy,BLAST4_109,Blast,Sethy,BLAST6_109,Blast,sha256_match,False
EXACT_SHA256,Sethy,BLAST4_110,Blast,Sethy,BLAST6_110,Blast,sha256_match,False
EXACT_SHA256,Sethy,BLAST4_111,Blast,Sethy,BLAST6_111,Blast,sha256_match,False
EXACT_SHA256,Sethy,BLAST4_112,Blast,Sethy,BLAST6_112,Blast,sha256_match,False
EXACT_SHA256,Sethy,BLAST4_113,Blast,Sethy,BLAST6_113,Blast,sha256_match,False
EXACT_SHA256,Sethy,BLAST4_114,Blast,Sethy,BLAST6_114,Blast,sha256_match,False
EXACT_SHA256,Sethy,BLAST4_115,Blast,Sethy,BLAST6_115,Blast,sha256_match,False
EXACT_SHA256,Sethy,BLAST4_116,Blast,Sethy,BLAST6_116,Blast,sha256_match,False
EXACT_SHA256,Sethy,BLAST4_117,Blast,Sethy,BLAST6_117,Blast,sha256_match,False
EXACT_SHA256,Sethy,BLAST4_118,Blast,Sethy,BLAST6_118,Blast,sha256_match,False
EXACT_SHA256,Sethy,BLAST4_119,Blast,Sethy,BLAST6_119,Blast,sha256_match,False
EXACT_SHA256,Sethy,BLAST4_120,Blast,Sethy,BLAST6_120,Blast,sha256_match,False
EXACT_SHA256,Sethy,BLAST4_121,Blast,Sethy,BLAST6_121,Blast,sha256_match,False
EXACT_SHA256,Sethy,BLAST4_122,Blast,Sethy,BLAST6_122,Blast,sha256_match,False
EXACT_SHA256,Sethy,BLAST4_123,Blast,Sethy,BLAST6_123,Blast,sha256_match,False
EXACT_SHA256,Sethy,BLAST4_124,Blast,Sethy,BLAST6_124,Blast,sha256_match,False
EXACT_SHA256,Sethy,BLAST4_125,Blast,Sethy,BLAST6_125,Blast,sha256_match,False
EXACT_SHA256,Sethy,BLAST4_126,Blast,Sethy,BLAST6_126,Blast,sha256_match,False
EXACT_SHA256,Sethy,BLAST4_127,Blast,Sethy,BLAST6_127,Blast,sha256_match,False
EXACT_SHA256,Sethy,BLAST4_128,Blast,Sethy,BLAST6_128,Blast,sha256_match,False
EXACT_SHA256,Sethy,BLAST4_129,Blast,Sethy,BLAST6_129,Blast,sha256_match,False
EXACT_SHA256,Sethy,BLAST4_130,Blast,Sethy,BLAST6_130,Blast,sha256_match,False
EXACT_SHA256,Sethy,BLAST4_131,Blast,Sethy,BLAST6_131,Blast,sha256_match,False
EXACT_SHA256,Sethy,BLAST4_132,Blast,Sethy,BLAST6_132,Blast,sha256_match,False
EXACT_SHA256,Sethy,BLAST4_133,Blast,Sethy,BLAST6_133,Blast,sha256_match,False
EXACT_SHA256,Sethy,BLAST4_134,Blast,Sethy,BLAST6_134,Blast,sha256_match,False
EXACT_SHA256,Sethy,BLAST4_135,Blast,Sethy,BLAST6_135,Blast,sha256_match,False
EXACT_SHA256,Sethy,BLAST4_136,Blast,Sethy,BLAST6_136,Blast,sha256_match,False
EXACT_SHA256,Sethy,BLAST4_137,Blast,Sethy,BLAST6_137,Blast,sha256_match,False
EXACT_SHA256,Sethy,BLAST4_138,Blast,Sethy,BLAST6_138,Blast,sha256_match,False
EXACT_SHA256,Sethy,BLAST4_139,Blast,Sethy,BLAST6_139,Blast,sha256_match,False
EXACT_SHA256,Sethy,BLAST4_140,Blast,Sethy,BLAST6_140,Blast,sha256_match,False
EXACT_SHA256,Sethy,BLAST4_141,Blast,Sethy,BLAST6_141,Blast,sha256_match,False
EXACT_SHA256,Sethy,BLAST4_142,Blast,Sethy,BLAST6_142,Blast,sha256_match,False
EXACT_SHA256,Sethy,BLAST4_143,Blast,Sethy,BLAST6_143,Blast,sha256_match,False
EXACT_SHA256,Sethy,BLAST4_144,Blast,Sethy,BLAST6_144,Blast,sha256_match,False
EXACT_SHA256,Sethy,BLAST4_145,Blast,Sethy,BLAST6_145,Blast,sha256_match,False
EXACT_SHA256,Sethy,BLAST4_146,Blast,Sethy,BLAST6_146,Blast,sha256_match,False
EXACT_SHA256,Sethy,BLAST4_147,Blast,Sethy,BLAST6_147,Blast,sha256_match,False
EXACT_SHA256,Sethy,BLAST4_148,Blast,Sethy,BLAST6_148,Blast,sha256_match,False
EXACT_SHA256,Sethy,BLAST4_149,Blast,Sethy,BLAST6_149,Blast,sha256_match,False
EXACT_SHA256,Sethy,BLAST4_150,Blast,Sethy,BLAST6_150,Blast,sha256_match,False
EXACT_SHA256,Sethy,BLAST4_151,Blast,Sethy,BLAST6_151,Blast,sha256_match,False
EXACT_SHA256,Sethy,BLAST4_152,Blast,Sethy,BLAST6_152,Blast,sha256_match,False
EXACT_SHA256,Sethy,BLAST4_153,Blast,Sethy,BLAST6_153,Blast,sha256_match,False
EXACT_SHA256,Sethy,BLAST4_154,Blast,Sethy,BLAST6_154,Blast,sha256_match,False
EXACT_SHA256,Sethy,BLAST4_155,Blast,Sethy,BLAST6_155,Blast,sha256_match,False
EXACT_SHA256,Sethy,BLAST4_156,Blast,Sethy,BLAST6_156,Blast,sha256_match,False
EXACT_SHA256,Sethy,BLAST4_157,Blast,Sethy,BLAST6_157,Blast,sha256_match,False
EXACT_SHA256,Sethy,BLAST4_158,Blast,Sethy,BLAST6_158,Blast,sha256_match,False
EXACT_SHA256,Sethy,BLAST4_159,Blast,Sethy,BLAST6_159,Blast,sha256_match,False
EXACT_SHA256,Sethy,BLAST4_160,Blast,Sethy,BLAST6_160,Blast,sha256_match,False
EXACT_SHA256,Sethy,BROWNSPOT1_001,Brown Spot,Sethy,BROWNSPOT4_001,Brown Spot,sha256_match,False
EXACT_SHA256,Sethy,BROWNSPOT1_002,Brown Spot,Sethy,BROWNSPOT4_002,Brown Spot,sha256_match,False
EXACT_SHA256,Sethy,BROWNSPOT1_003,Brown Spot,Sethy,BROWNSPOT4_003,Brown Spot,sha256_match,False
EXACT_SHA256,Sethy,BROWNSPOT1_004,Brown Spot,Sethy,BROWNSPOT4_004,Brown Spot,sha256_match,False
EXACT_SHA256,Sethy,BROWNSPOT1_005,Brown Spot,Sethy,BROWNSPOT4_005,Brown Spot,sha256_match,False
EXACT_SHA256,Sethy,BROWNSPOT1_006,Brown Spot,Sethy,BROWNSPOT4_006,Brown Spot,sha256_match,False
EXACT_SHA256,Sethy,BROWNSPOT1_007,Brown Spot,Sethy,BROWNSPOT4_007,Brown Spot,sha256_match,False
EXACT_SHA256,Sethy,BROWNSPOT1_008,Brown Spot,Sethy,BROWNSPOT4_008,Brown Spot,sha256_match,False
EXACT_SHA256,Sethy,BROWNSPOT1_009,Brown Spot,Sethy,BROWNSPOT4_009,Brown Spot,sha256_match,False
EXACT_SHA256,Sethy,BROWNSPOT1_010,Brown Spot,Sethy,BROWNSPOT4_010,Brown Spot,sha256_match,False
EXACT_SHA256,Sethy,BROWNSPOT1_011,Brown Spot,Sethy,BROWNSPOT4_011,Brown Spot,sha256_match,False
EXACT_SHA256,Sethy,BROWNSPOT1_012,Brown Spot,Sethy,BROWNSPOT4_012,Brown Spot,sha256_match,False
EXACT_SHA256,Sethy,BROWNSPOT1_013,Brown Spot,Sethy,BROWNSPOT4_013,Brown Spot,sha256_match,False
EXACT_SHA256,Sethy,BROWNSPOT1_014,Brown Spot,Sethy,BROWNSPOT4_014,Brown Spot,sha256_match,False
EXACT_SHA256,Sethy,BROWNSPOT1_015,Brown Spot,Sethy,BROWNSPOT4_015,Brown Spot,sha256_match,False
EXACT_SHA256,Sethy,BROWNSPOT1_016,Brown Spot,Sethy,BROWNSPOT4_016,Brown Spot,sha256_match,False
EXACT_SHA256,Sethy,BROWNSPOT1_017,Brown Spot,Sethy,BROWNSPOT4_017,Brown Spot,sha256_match,False
EXACT_SHA256,Sethy,BROWNSPOT1_018,Brown Spot,Sethy,BROWNSPOT4_018,Brown Spot,sha256_match,False
EXACT_SHA256,Sethy,BROWNSPOT1_019,Brown Spot,Sethy,BROWNSPOT4_019,Brown Spot,sha256_match,False
EXACT_SHA256,Sethy,BROWNSPOT1_020,Brown Spot,Sethy,BROWNSPOT4_020,Brown Spot,sha256_match,False
EXACT_SHA256,Sethy,BROWNSPOT1_021,Brown Spot,Sethy,BROWNSPOT4_021,Brown Spot,sha256_match,False
EXACT_SHA256,Sethy,BROWNSPOT1_022,Brown Spot,Sethy,BROWNSPOT4_022,Brown Spot,sha256_match,False
EXACT_SHA256,Sethy,BROWNSPOT1_023,Brown Spot,Sethy,BROWNSPOT4_023,Brown Spot,sha256_match,False
EXACT_SHA256,Sethy,BROWNSPOT1_024,Brown Spot,Sethy,BROWNSPOT4_024,Brown Spot,sha256_match,False
EXACT_SHA256,Sethy,BROWNSPOT1_025,Brown Spot,Sethy,BROWNSPOT4_025,Brown Spot,sha256_match,False
EXACT_SHA256,Sethy,BROWNSPOT1_026,Brown Spot,Sethy,BROWNSPOT4_026,Brown Spot,sha256_match,False
EXACT_SHA256,Sethy,BROWNSPOT1_027,Brown Spot,Sethy,BROWNSPOT4_027,Brown Spot,sha256_match,False
EXACT_SHA256,Sethy,BROWNSPOT1_028,Brown Spot,Sethy,BROWNSPOT4_028,Brown Spot,sha256_match,False
EXACT_SHA256,Sethy,BROWNSPOT1_029,Brown Spot,Sethy,BROWNSPOT4_029,Brown Spot,sha256_match,False
EXACT_SHA256,Sethy,BROWNSPOT1_030,Brown Spot,Sethy,BROWNSPOT4_030,Brown Spot,sha256_match,False
EXACT_SHA256,Sethy,BROWNSPOT1_031,Brown Spot,Sethy,BROWNSPOT4_031,Brown Spot,sha256_match,False
EXACT_SHA256,Sethy,BROWNSPOT1_032,Brown Spot,Sethy,BROWNSPOT4_032,Brown Spot,sha256_match,False
EXACT_SHA256,Sethy,BROWNSPOT1_033,Brown Spot,Sethy,BROWNSPOT4_033,Brown Spot,sha256_match,False
EXACT_SHA256,Sethy,BROWNSPOT1_034,Brown Spot,Sethy,BROWNSPOT4_034,Brown Spot,sha256_match,False
EXACT_SHA256,Sethy,BROWNSPOT1_035,Brown Spot,Sethy,BROWNSPOT4_035,Brown Spot,sha256_match,False
EXACT_SHA256,Sethy,BROWNSPOT1_036,Brown Spot,Sethy,BROWNSPOT4_036,Brown Spot,sha256_match,False
EXACT_SHA256,Sethy,BROWNSPOT1_037,Brown Spot,Sethy,BROWNSPOT4_037,Brown Spot,sha256_match,False
EXACT_SHA256,Sethy,BROWNSPOT1_038,Brown Spot,Sethy,BROWNSPOT4_038,Brown Spot,sha256_match,False
EXACT_SHA256,Sethy,BROWNSPOT1_039,Brown Spot,Sethy,BROWNSPOT4_039,Brown Spot,sha256_match,False
EXACT_SHA256,Sethy,BROWNSPOT1_040,Brown Spot,Sethy,BROWNSPOT4_040,Brown Spot,sha256_match,False
EXACT_SHA256,Sethy,BROWNSPOT1_041,Brown Spot,Sethy,BROWNSPOT4_041,Brown Spot,sha256_match,False
EXACT_SHA256,Sethy,BROWNSPOT1_042,Brown Spot,Sethy,BROWNSPOT4_042,Brown Spot,sha256_match,False
EXACT_SHA256,Sethy,BROWNSPOT1_043,Brown Spot,Sethy,BROWNSPOT4_043,Brown Spot,sha256_match,False
EXACT_SHA256,Sethy,BROWNSPOT1_044,Brown Spot,Sethy,BROWNSPOT4_044,Brown Spot,sha256_match,False
EXACT_SHA256,Sethy,BROWNSPOT1_045,Brown Spot,Sethy,BROWNSPOT4_045,Brown Spot,sha256_match,False
EXACT_SHA256,Sethy,BROWNSPOT1_046,Brown Spot,Sethy,BROWNSPOT4_046,Brown Spot,sha256_match,False
EXACT_SHA256,Sethy,BROWNSPOT1_047,Brown Spot,Sethy,BROWNSPOT4_047,Brown Spot,sha256_match,False
EXACT_SHA256,Sethy,BROWNSPOT1_048,Brown Spot,Sethy,BROWNSPOT4_048,Brown Spot,sha256_match,False
EXACT_SHA256,Sethy,BROWNSPOT1_049,Brown Spot,Sethy,BROWNSPOT4_049,Brown Spot,sha256_match,False
EXACT_SHA256,Sethy,BROWNSPOT1_050,Brown Spot,Sethy,BROWNSPOT4_050,Brown Spot,sha256_match,False
EXACT_SHA256,Sethy,BROWNSPOT1_051,Brown Spot,Sethy,BROWNSPOT4_051,Brown Spot,sha256_match,False
EXACT_SHA256,Sethy,BROWNSPOT1_052,Brown Spot,Sethy,BROWNSPOT4_052,Brown Spot,sha256_match,False
EXACT_SHA256,Sethy,BROWNSPOT1_053,Brown Spot,Sethy,BROWNSPOT4_053,Brown Spot,sha256_match,False
EXACT_SHA256,Sethy,BROWNSPOT1_054,Brown Spot,Sethy,BROWNSPOT4_054,Brown Spot,sha256_match,False
EXACT_SHA256,Sethy,BROWNSPOT1_055,Brown Spot,Sethy,BROWNSPOT4_055,Brown Spot,sha256_match,False
EXACT_SHA256,Sethy,BROWNSPOT1_056,Brown Spot,Sethy,BROWNSPOT4_056,Brown Spot,sha256_match,False
EXACT_SHA256,Sethy,BROWNSPOT1_057,Brown Spot,Sethy,BROWNSPOT4_057,Brown Spot,sha256_match,False
EXACT_SHA256,Sethy,BROWNSPOT1_058,Brown Spot,Sethy,BROWNSPOT4_058,Brown Spot,sha256_match,False
EXACT_SHA256,Sethy,BROWNSPOT1_059,Brown Spot,Sethy,BROWNSPOT4_059,Brown Spot,sha256_match,False
EXACT_SHA256,Sethy,BROWNSPOT1_060,Brown Spot,Sethy,BROWNSPOT4_060,Brown Spot,sha256_match,False
EXACT_SHA256,Sethy,BROWNSPOT1_061,Brown Spot,Sethy,BROWNSPOT4_061,Brown Spot,sha256_match,False
EXACT_SHA256,Sethy,BROWNSPOT1_062,Brown Spot,Sethy,BROWNSPOT4_062,Brown Spot,sha256_match,False
EXACT_SHA256,Sethy,BROWNSPOT1_063,Brown Spot,Sethy,BROWNSPOT4_063,Brown Spot,sha256_match,False
EXACT_SHA256,Sethy,BROWNSPOT1_064,Brown Spot,Sethy,BROWNSPOT4_064,Brown Spot,sha256_match,False
EXACT_SHA256,Sethy,BROWNSPOT1_065,Brown Spot,Sethy,BROWNSPOT4_065,Brown Spot,sha256_match,False
EXACT_SHA256,Sethy,BROWNSPOT1_066,Brown Spot,Sethy,BROWNSPOT4_066,Brown Spot,sha256_match,False
EXACT_SHA256,Sethy,BROWNSPOT1_067,Brown Spot,Sethy,BROWNSPOT4_067,Brown Spot,sha256_match,False
EXACT_SHA256,Sethy,BROWNSPOT1_068,Brown Spot,Sethy,BROWNSPOT4_068,Brown Spot,sha256_match,False
EXACT_SHA256,Sethy,BROWNSPOT1_069,Brown Spot,Sethy,BROWNSPOT4_069,Brown Spot,sha256_match,False
EXACT_SHA256,Sethy,BROWNSPOT1_070,Brown Spot,Sethy,BROWNSPOT4_070,Brown Spot,sha256_match,False
EXACT_SHA256,Sethy,BROWNSPOT1_071,Brown Spot,Sethy,BROWNSPOT4_071,Brown Spot,sha256_match,False
EXACT_SHA256,Sethy,BROWNSPOT1_072,Brown Spot,Sethy,BROWNSPOT4_072,Brown Spot,sha256_match,False
EXACT_SHA256,Sethy,BROWNSPOT1_073,Brown Spot,Sethy,BROWNSPOT4_073,Brown Spot,sha256_match,False
EXACT_SHA256,Sethy,BROWNSPOT1_074,Brown Spot,Sethy,BROWNSPOT4_074,Brown Spot,sha256_match,False
EXACT_SHA256,Sethy,BROWNSPOT1_075,Brown Spot,Sethy,BROWNSPOT4_075,Brown Spot,sha256_match,False
EXACT_SHA256,Sethy,BROWNSPOT1_076,Brown Spot,Sethy,BROWNSPOT4_076,Brown Spot,sha256_match,False
EXACT_SHA256,Sethy,BROWNSPOT1_077,Brown Spot,Sethy,BROWNSPOT4_077,Brown Spot,sha256_match,False
EXACT_SHA256,Sethy,BROWNSPOT1_078,Brown Spot,Sethy,BROWNSPOT4_078,Brown Spot,sha256_match,False
EXACT_SHA256,Sethy,BROWNSPOT1_079,Brown Spot,Sethy,BROWNSPOT4_079,Brown Spot,sha256_match,False
EXACT_SHA256,Sethy,BROWNSPOT1_080,Brown Spot,Sethy,BROWNSPOT4_080,Brown Spot,sha256_match,False
EXACT_SHA256,Sethy,BROWNSPOT1_081,Brown Spot,Sethy,BROWNSPOT4_081,Brown Spot,sha256_match,False
EXACT_SHA256,Sethy,BROWNSPOT1_082,Brown Spot,Sethy,BROWNSPOT4_082,Brown Spot,sha256_match,False
EXACT_SHA256,Sethy,BROWNSPOT1_083,Brown Spot,Sethy,BROWNSPOT4_083,Brown Spot,sha256_match,False
EXACT_SHA256,Sethy,BROWNSPOT1_084,Brown Spot,Sethy,BROWNSPOT4_084,Brown Spot,sha256_match,False
EXACT_SHA256,Sethy,BROWNSPOT1_085,Brown Spot,Sethy,BROWNSPOT4_085,Brown Spot,sha256_match,False
EXACT_SHA256,Sethy,BROWNSPOT1_086,Brown Spot,Sethy,BROWNSPOT4_086,Brown Spot,sha256_match,False
EXACT_SHA256,Sethy,BROWNSPOT1_087,Brown Spot,Sethy,BROWNSPOT4_087,Brown Spot,sha256_match,False
EXACT_SHA256,Sethy,BROWNSPOT1_088,Brown Spot,Sethy,BROWNSPOT4_088,Brown Spot,sha256_match,False
EXACT_SHA256,Sethy,BROWNSPOT1_089,Brown Spot,Sethy,BROWNSPOT4_089,Brown Spot,sha256_match,False
EXACT_SHA256,Sethy,BROWNSPOT1_090,Brown Spot,Sethy,BROWNSPOT4_090,Brown Spot,sha256_match,False
EXACT_SHA256,Sethy,BROWNSPOT1_091,Brown Spot,Sethy,BROWNSPOT4_091,Brown Spot,sha256_match,False
EXACT_SHA256,Sethy,BROWNSPOT1_092,Brown Spot,Sethy,BROWNSPOT4_092,Brown Spot,sha256_match,False
EXACT_SHA256,Sethy,BROWNSPOT1_093,Brown Spot,Sethy,BROWNSPOT4_093,Brown Spot,sha256_match,False
EXACT_SHA256,Sethy,BROWNSPOT1_094,Brown Spot,Sethy,BROWNSPOT4_094,Brown Spot,sha256_match,False
EXACT_SHA256,Sethy,BROWNSPOT1_095,Brown Spot,Sethy,BROWNSPOT4_095,Brown Spot,sha256_match,False
EXACT_SHA256,Sethy,BROWNSPOT1_096,Brown Spot,Sethy,BROWNSPOT4_096,Brown Spot,sha256_match,False
EXACT_SHA256,Sethy,BROWNSPOT1_097,Brown Spot,Sethy,BROWNSPOT4_097,Brown Spot,sha256_match,False
EXACT_SHA256,Sethy,BROWNSPOT1_098,Brown Spot,Sethy,BROWNSPOT4_098,Brown Spot,sha256_match,False
EXACT_SHA256,Sethy,BROWNSPOT1_099,Brown Spot,Sethy,BROWNSPOT4_099,Brown Spot,sha256_match,False
EXACT_SHA256,Sethy,BROWNSPOT1_100,Brown Spot,Sethy,BROWNSPOT4_100,Brown Spot,sha256_match,False
EXACT_SHA256,Sethy,BROWNSPOT1_101,Brown Spot,Sethy,BROWNSPOT4_101,Brown Spot,sha256_match,False
EXACT_SHA256,Sethy,BROWNSPOT1_102,Brown Spot,Sethy,BROWNSPOT4_102,Brown Spot,sha256_match,False
EXACT_SHA256,Sethy,BROWNSPOT1_103,Brown Spot,Sethy,BROWNSPOT4_103,Brown Spot,sha256_match,False
EXACT_SHA256,Sethy,BROWNSPOT1_104,Brown Spot,Sethy,BROWNSPOT4_104,Brown Spot,sha256_match,False
EXACT_SHA256,Sethy,BROWNSPOT1_105,Brown Spot,Sethy,BROWNSPOT4_105,Brown Spot,sha256_match,False
EXACT_SHA256,Sethy,BROWNSPOT1_106,Brown Spot,Sethy,BROWNSPOT4_106,Brown Spot,sha256_match,False
EXACT_SHA256,Sethy,BROWNSPOT1_107,Brown Spot,Sethy,BROWNSPOT4_107,Brown Spot,sha256_match,False
EXACT_SHA256,Sethy,BROWNSPOT1_108,Brown Spot,Sethy,BROWNSPOT4_108,Brown Spot,sha256_match,False
EXACT_SHA256,Sethy,BROWNSPOT1_109,Brown Spot,Sethy,BROWNSPOT4_109,Brown Spot,sha256_match,False
EXACT_SHA256,Sethy,BROWNSPOT1_110,Brown Spot,Sethy,BROWNSPOT4_110,Brown Spot,sha256_match,False
EXACT_SHA256,Sethy,BROWNSPOT1_111,Brown Spot,Sethy,BROWNSPOT4_111,Brown Spot,sha256_match,False
EXACT_SHA256,Sethy,BROWNSPOT1_112,Brown Spot,Sethy,BROWNSPOT4_112,Brown Spot,sha256_match,False
EXACT_SHA256,Sethy,BROWNSPOT1_113,Brown Spot,Sethy,BROWNSPOT4_113,Brown Spot,sha256_match,False
EXACT_SHA256,Sethy,BROWNSPOT1_114,Brown Spot,Sethy,BROWNSPOT4_114,Brown Spot,sha256_match,False
EXACT_SHA256,Sethy,BROWNSPOT1_115,Brown Spot,Sethy,BROWNSPOT4_115,Brown Spot,sha256_match,False
EXACT_SHA256,Sethy,BROWNSPOT1_116,Brown Spot,Sethy,BROWNSPOT4_116,Brown Spot,sha256_match,False
EXACT_SHA256,Sethy,BROWNSPOT1_117,Brown Spot,Sethy,BROWNSPOT4_117,Brown Spot,sha256_match,False
EXACT_SHA256,Sethy,BROWNSPOT1_118,Brown Spot,Sethy,BROWNSPOT4_118,Brown Spot,sha256_match,False
EXACT_SHA256,Sethy,BROWNSPOT1_119,Brown Spot,Sethy,BROWNSPOT4_119,Brown Spot,sha256_match,False
EXACT_SHA256,Sethy,BROWNSPOT1_120,Brown Spot,Sethy,BROWNSPOT4_120,Brown Spot,sha256_match,False
EXACT_SHA256,Sethy,BROWNSPOT1_121,Brown Spot,Sethy,BROWNSPOT4_121,Brown Spot,sha256_match,False
EXACT_SHA256,Sethy,BROWNSPOT1_122,Brown Spot,Sethy,BROWNSPOT4_122,Brown Spot,sha256_match,False
EXACT_SHA256,Sethy,BROWNSPOT1_123,Brown Spot,Sethy,BROWNSPOT4_123,Brown Spot,sha256_match,False
EXACT_SHA256,Sethy,BROWNSPOT1_124,Brown Spot,Sethy,BROWNSPOT4_124,Brown Spot,sha256_match,False
EXACT_SHA256,Sethy,BROWNSPOT1_125,Brown Spot,Sethy,BROWNSPOT4_125,Brown Spot,sha256_match,False
EXACT_SHA256,Sethy,BROWNSPOT1_126,Brown Spot,Sethy,BROWNSPOT4_126,Brown Spot,sha256_match,False
EXACT_SHA256,Sethy,BROWNSPOT1_127,Brown Spot,Sethy,BROWNSPOT4_127,Brown Spot,sha256_match,False
EXACT_SHA256,Sethy,BROWNSPOT1_128,Brown Spot,Sethy,BROWNSPOT4_128,Brown Spot,sha256_match,False
EXACT_SHA256,Sethy,BROWNSPOT1_129,Brown Spot,Sethy,BROWNSPOT4_129,Brown Spot,sha256_match,False
EXACT_SHA256,Sethy,BROWNSPOT1_130,Brown Spot,Sethy,BROWNSPOT4_130,Brown Spot,sha256_match,False
EXACT_SHA256,Sethy,BROWNSPOT1_131,Brown Spot,Sethy,BROWNSPOT4_131,Brown Spot,sha256_match,False
EXACT_SHA256,Sethy,BROWNSPOT1_132,Brown Spot,Sethy,BROWNSPOT4_132,Brown Spot,sha256_match,False
EXACT_SHA256,Sethy,BROWNSPOT1_133,Brown Spot,Sethy,BROWNSPOT4_133,Brown Spot,sha256_match,False
EXACT_SHA256,Sethy,BROWNSPOT1_134,Brown Spot,Sethy,BROWNSPOT4_134,Brown Spot,sha256_match,False
EXACT_SHA256,Sethy,BROWNSPOT1_135,Brown Spot,Sethy,BROWNSPOT4_135,Brown Spot,sha256_match,False
EXACT_SHA256,Sethy,BROWNSPOT1_136,Brown Spot,Sethy,BROWNSPOT4_136,Brown Spot,sha256_match,False
EXACT_SHA256,Sethy,BROWNSPOT1_137,Brown Spot,Sethy,BROWNSPOT4_137,Brown Spot,sha256_match,False
EXACT_SHA256,Sethy,BROWNSPOT1_138,Brown Spot,Sethy,BROWNSPOT4_138,Brown Spot,sha256_match,False
EXACT_SHA256,Sethy,BROWNSPOT1_139,Brown Spot,Sethy,BROWNSPOT4_139,Brown Spot,sha256_match,False
EXACT_SHA256,Sethy,BROWNSPOT1_140,Brown Spot,Sethy,BROWNSPOT4_140,Brown Spot,sha256_match,False
EXACT_SHA256,Sethy,BROWNSPOT1_141,Brown Spot,Sethy,BROWNSPOT4_141,Brown Spot,sha256_match,False
EXACT_SHA256,Sethy,BROWNSPOT1_142,Brown Spot,Sethy,BROWNSPOT4_142,Brown Spot,sha256_match,False
EXACT_SHA256,Sethy,BROWNSPOT1_143,Brown Spot,Sethy,BROWNSPOT4_143,Brown Spot,sha256_match,False
EXACT_SHA256,Sethy,BROWNSPOT1_144,Brown Spot,Sethy,BROWNSPOT4_144,Brown Spot,sha256_match,False
EXACT_SHA256,Sethy,BROWNSPOT1_145,Brown Spot,Sethy,BROWNSPOT4_145,Brown Spot,sha256_match,False
EXACT_SHA256,Sethy,BROWNSPOT1_146,Brown Spot,Sethy,BROWNSPOT4_146,Brown Spot,sha256_match,False
EXACT_SHA256,Sethy,BROWNSPOT1_147,Brown Spot,Sethy,BROWNSPOT4_147,Brown Spot,sha256_match,False
EXACT_SHA256,Sethy,BROWNSPOT1_148,Brown Spot,Sethy,BROWNSPOT4_148,Brown Spot,sha256_match,False
EXACT_SHA256,Sethy,BROWNSPOT1_149,Brown Spot,Sethy,BROWNSPOT4_149,Brown Spot,sha256_match,False
EXACT_SHA256,Sethy,BROWNSPOT1_150,Brown Spot,Sethy,BROWNSPOT4_150,Brown Spot,sha256_match,False
EXACT_SHA256,Sethy,BROWNSPOT1_151,Brown Spot,Sethy,BROWNSPOT4_151,Brown Spot,sha256_match,False
EXACT_SHA256,Sethy,BROWNSPOT1_152,Brown Spot,Sethy,BROWNSPOT4_152,Brown Spot,sha256_match,False
EXACT_SHA256,Sethy,BROWNSPOT1_153,Brown Spot,Sethy,BROWNSPOT4_153,Brown Spot,sha256_match,False
EXACT_SHA256,Sethy,BROWNSPOT1_154,Brown Spot,Sethy,BROWNSPOT4_154,Brown Spot,sha256_match,False
EXACT_SHA256,Sethy,BROWNSPOT1_155,Brown Spot,Sethy,BROWNSPOT4_155,Brown Spot,sha256_match,False
EXACT_SHA256,Sethy,BROWNSPOT1_156,Brown Spot,Sethy,BROWNSPOT4_156,Brown Spot,sha256_match,False
EXACT_SHA256,Sethy,BROWNSPOT1_157,Brown Spot,Sethy,BROWNSPOT4_157,Brown Spot,sha256_match,False
EXACT_SHA256,Sethy,BROWNSPOT1_158,Brown Spot,Sethy,BROWNSPOT4_158,Brown Spot,sha256_match,False
EXACT_SHA256,Sethy,BROWNSPOT1_159,Brown Spot,Sethy,BROWNSPOT4_159,Brown Spot,sha256_match,False
EXACT_SHA256,Sethy,BROWNSPOT1_160,Brown Spot,Sethy,BROWNSPOT4_160,Brown Spot,sha256_match,False
EXACT_SHA256,Sethy,BROWNSPOT1_161,Brown Spot,Sethy,BROWNSPOT4_161,Brown Spot,sha256_match,False
EXACT_SHA256,Sethy,BROWNSPOT1_162,Brown Spot,Sethy,BROWNSPOT4_162,Brown Spot,sha256_match,False
EXACT_SHA256,Sethy,BROWNSPOT1_163,Brown Spot,Sethy,BROWNSPOT4_163,Brown Spot,sha256_match,False
EXACT_SHA256,Sethy,BROWNSPOT1_164,Brown Spot,Sethy,BROWNSPOT4_164,Brown Spot,sha256_match,False
EXACT_SHA256,Sethy,BROWNSPOT1_165,Brown Spot,Sethy,BROWNSPOT4_165,Brown Spot,sha256_match,False
EXACT_SHA256,Sethy,BROWNSPOT1_166,Brown Spot,Sethy,BROWNSPOT4_166,Brown Spot,sha256_match,False
EXACT_SHA256,Sethy,BROWNSPOT1_167,Brown Spot,Sethy,BROWNSPOT4_167,Brown Spot,sha256_match,False
EXACT_SHA256,Sethy,BROWNSPOT1_168,Brown Spot,Sethy,BROWNSPOT4_168,Brown Spot,sha256_match,False
EXACT_SHA256,Sethy,BROWNSPOT1_169,Brown Spot,Sethy,BROWNSPOT4_169,Brown Spot,sha256_match,False
EXACT_SHA256,Sethy,BROWNSPOT1_170,Brown Spot,Sethy,BROWNSPOT4_170,Brown Spot,sha256_match,False
EXACT_SHA256,Sethy,BROWNSPOT1_171,Brown Spot,Sethy,BROWNSPOT4_171,Brown Spot,sha256_match,False
EXACT_SHA256,Sethy,BROWNSPOT1_172,Brown Spot,Sethy,BROWNSPOT4_172,Brown Spot,sha256_match,False
EXACT_SHA256,Sethy,BROWNSPOT1_173,Brown Spot,Sethy,BROWNSPOT4_173,Brown Spot,sha256_match,False
EXACT_SHA256,Sethy,BROWNSPOT1_174,Brown Spot,Sethy,BROWNSPOT4_174,Brown Spot,sha256_match,False
EXACT_SHA256,Sethy,BROWNSPOT1_175,Brown Spot,Sethy,BROWNSPOT4_175,Brown Spot,sha256_match,False
EXACT_SHA256,Sethy,BROWNSPOT1_176,Brown Spot,Sethy,BROWNSPOT4_176,Brown Spot,sha256_match,False
EXACT_SHA256,Sethy,BROWNSPOT1_177,Brown Spot,Sethy,BROWNSPOT4_177,Brown Spot,sha256_match,False
EXACT_SHA256,Sethy,BROWNSPOT1_178,Brown Spot,Sethy,BROWNSPOT4_178,Brown Spot,sha256_match,False
EXACT_SHA256,Sethy,BROWNSPOT1_179,Brown Spot,Sethy,BROWNSPOT4_179,Brown Spot,sha256_match,False
EXACT_SHA256,Sethy,BROWNSPOT1_180,Brown Spot,Sethy,BROWNSPOT4_180,Brown Spot,sha256_match,False
EXACT_SHA256,Sethy,BROWNSPOT1_181,Brown Spot,Sethy,BROWNSPOT4_181,Brown Spot,sha256_match,False
EXACT_SHA256,Sethy,BROWNSPOT1_182,Brown Spot,Sethy,BROWNSPOT4_182,Brown Spot,sha256_match,False
EXACT_SHA256,Sethy,BROWNSPOT1_183,Brown Spot,Sethy,BROWNSPOT4_183,Brown Spot,sha256_match,False
EXACT_SHA256,Sethy,BROWNSPOT1_184,Brown Spot,Sethy,BROWNSPOT4_184,Brown Spot,sha256_match,False
EXACT_SHA256,Sethy,BROWNSPOT1_185,Brown Spot,Sethy,BROWNSPOT4_185,Brown Spot,sha256_match,False
EXACT_SHA256,Sethy,BROWNSPOT1_186,Brown Spot,Sethy,BROWNSPOT4_186,Brown Spot,sha256_match,False
EXACT_SHA256,Sethy,BROWNSPOT1_187,Brown Spot,Sethy,BROWNSPOT4_187,Brown Spot,sha256_match,False
EXACT_SHA256,Sethy,BROWNSPOT1_188,Brown Spot,Sethy,BROWNSPOT4_188,Brown Spot,sha256_match,False
EXACT_SHA256,Sethy,BROWNSPOT1_189,Brown Spot,Sethy,BROWNSPOT4_189,Brown Spot,sha256_match,False
EXACT_SHA256,Sethy,BROWNSPOT1_190,Brown Spot,Sethy,BROWNSPOT4_190,Brown Spot,sha256_match,False
EXACT_SHA256,Sethy,BROWNSPOT1_191,Brown Spot,Sethy,BROWNSPOT4_191,Brown Spot,sha256_match,False
EXACT_SHA256,Sethy,BROWNSPOT1_192,Brown Spot,Sethy,BROWNSPOT4_192,Brown Spot,sha256_match,False
EXACT_SHA256,Sethy,BROWNSPOT1_193,Brown Spot,Sethy,BROWNSPOT4_193,Brown Spot,sha256_match,False
EXACT_SHA256,Sethy,BROWNSPOT1_194,Brown Spot,Sethy,BROWNSPOT4_194,Brown Spot,sha256_match,False
EXACT_SHA256,Sethy,BROWNSPOT1_195,Brown Spot,Sethy,BROWNSPOT4_195,Brown Spot,sha256_match,False
EXACT_SHA256,Sethy,BROWNSPOT1_196,Brown Spot,Sethy,BROWNSPOT4_196,Brown Spot,sha256_match,False
EXACT_SHA256,Sethy,BROWNSPOT1_197,Brown Spot,Sethy,BROWNSPOT4_197,Brown Spot,sha256_match,False
EXACT_SHA256,Sethy,BROWNSPOT1_198,Brown Spot,Sethy,BROWNSPOT4_198,Brown Spot,sha256_match,False
EXACT_SHA256,Sethy,BROWNSPOT1_199,Brown Spot,Sethy,BROWNSPOT4_199,Brown Spot,sha256_match,False
EXACT_SHA256,Sethy,BROWNSPOT1_200,Brown Spot,Sethy,BROWNSPOT4_200,Brown Spot,sha256_match,False
EXACT_SHA256,Sethy,BROWNSPOT3_001,Brown Spot,Sethy,BROWNSPOT5_001,Brown Spot,sha256_match,False
EXACT_SHA256,Sethy,BROWNSPOT3_002,Brown Spot,Sethy,BROWNSPOT5_002,Brown Spot,sha256_match,False
EXACT_SHA256,Sethy,BROWNSPOT3_003,Brown Spot,Sethy,BROWNSPOT5_003,Brown Spot,sha256_match,False
EXACT_SHA256,Sethy,BROWNSPOT3_004,Brown Spot,Sethy,BROWNSPOT5_004,Brown Spot,sha256_match,False
EXACT_SHA256,Sethy,BROWNSPOT3_005,Brown Spot,Sethy,BROWNSPOT5_005,Brown Spot,sha256_match,False
EXACT_SHA256,Sethy,BROWNSPOT3_006,Brown Spot,Sethy,BROWNSPOT5_006,Brown Spot,sha256_match,False
EXACT_SHA256,Sethy,BROWNSPOT3_007,Brown Spot,Sethy,BROWNSPOT5_007,Brown Spot,sha256_match,False
EXACT_SHA256,Sethy,BROWNSPOT3_008,Brown Spot,Sethy,BROWNSPOT5_008,Brown Spot,sha256_match,False
EXACT_SHA256,Sethy,BROWNSPOT3_009,Brown Spot,Sethy,BROWNSPOT5_009,Brown Spot,sha256_match,False
EXACT_SHA256,Sethy,BROWNSPOT3_010,Brown Spot,Sethy,BROWNSPOT5_010,Brown Spot,sha256_match,False
EXACT_SHA256,Sethy,BROWNSPOT3_011,Brown Spot,Sethy,BROWNSPOT5_011,Brown Spot,sha256_match,False
EXACT_SHA256,Sethy,BROWNSPOT3_012,Brown Spot,Sethy,BROWNSPOT5_012,Brown Spot,sha256_match,False
EXACT_SHA256,Sethy,BROWNSPOT3_013,Brown Spot,Sethy,BROWNSPOT5_013,Brown Spot,sha256_match,False
EXACT_SHA256,Sethy,BROWNSPOT3_014,Brown Spot,Sethy,BROWNSPOT5_014,Brown Spot,sha256_match,False
EXACT_SHA256,Sethy,BROWNSPOT3_015,Brown Spot,Sethy,BROWNSPOT5_015,Brown Spot,sha256_match,False
EXACT_SHA256,Sethy,BROWNSPOT3_016,Brown Spot,Sethy,BROWNSPOT5_016,Brown Spot,sha256_match,False
EXACT_SHA256,Sethy,BROWNSPOT3_017,Brown Spot,Sethy,BROWNSPOT5_017,Brown Spot,sha256_match,False
EXACT_SHA256,Sethy,BROWNSPOT3_018,Brown Spot,Sethy,BROWNSPOT5_018,Brown Spot,sha256_match,False
EXACT_SHA256,Sethy,BROWNSPOT3_019,Brown Spot,Sethy,BROWNSPOT5_019,Brown Spot,sha256_match,False
EXACT_SHA256,Sethy,BROWNSPOT3_020,Brown Spot,Sethy,BROWNSPOT5_020,Brown Spot,sha256_match,False
EXACT_SHA256,Sethy,BROWNSPOT3_021,Brown Spot,Sethy,BROWNSPOT5_021,Brown Spot,sha256_match,False
EXACT_SHA256,Sethy,BROWNSPOT3_022,Brown Spot,Sethy,BROWNSPOT5_022,Brown Spot,sha256_match,False
EXACT_SHA256,Sethy,BROWNSPOT3_023,Brown Spot,Sethy,BROWNSPOT5_023,Brown Spot,sha256_match,False
EXACT_SHA256,Sethy,BROWNSPOT3_024,Brown Spot,Sethy,BROWNSPOT5_024,Brown Spot,sha256_match,False
EXACT_SHA256,Sethy,BROWNSPOT3_025,Brown Spot,Sethy,BROWNSPOT5_025,Brown Spot,sha256_match,False
EXACT_SHA256,Sethy,BROWNSPOT3_026,Brown Spot,Sethy,BROWNSPOT5_026,Brown Spot,sha256_match,False
EXACT_SHA256,Sethy,BROWNSPOT3_027,Brown Spot,Sethy,BROWNSPOT5_027,Brown Spot,sha256_match,False
EXACT_SHA256,Sethy,BROWNSPOT3_028,Brown Spot,Sethy,BROWNSPOT5_028,Brown Spot,sha256_match,False
EXACT_SHA256,Sethy,BROWNSPOT3_029,Brown Spot,Sethy,BROWNSPOT5_029,Brown Spot,sha256_match,False
EXACT_SHA256,Sethy,BROWNSPOT3_030,Brown Spot,Sethy,BROWNSPOT5_030,Brown Spot,sha256_match,False
EXACT_SHA256,Sethy,BROWNSPOT3_031,Brown Spot,Sethy,BROWNSPOT5_031,Brown Spot,sha256_match,False
EXACT_SHA256,Sethy,BROWNSPOT3_032,Brown Spot,Sethy,BROWNSPOT5_032,Brown Spot,sha256_match,False
EXACT_SHA256,Sethy,BROWNSPOT3_033,Brown Spot,Sethy,BROWNSPOT5_033,Brown Spot,sha256_match,False
EXACT_SHA256,Sethy,BROWNSPOT3_034,Brown Spot,Sethy,BROWNSPOT5_034,Brown Spot,sha256_match,False
EXACT_SHA256,Sethy,BROWNSPOT3_035,Brown Spot,Sethy,BROWNSPOT5_035,Brown Spot,sha256_match,False
EXACT_SHA256,Sethy,BROWNSPOT3_036,Brown Spot,Sethy,BROWNSPOT5_036,Brown Spot,sha256_match,False
EXACT_SHA256,Sethy,BROWNSPOT3_037,Brown Spot,Sethy,BROWNSPOT5_037,Brown Spot,sha256_match,False
EXACT_SHA256,Sethy,BROWNSPOT3_038,Brown Spot,Sethy,BROWNSPOT5_038,Brown Spot,sha256_match,False
EXACT_SHA256,Sethy,BROWNSPOT3_039,Brown Spot,Sethy,BROWNSPOT5_039,Brown Spot,sha256_match,False
EXACT_SHA256,Sethy,BROWNSPOT3_040,Brown Spot,Sethy,BROWNSPOT5_040,Brown Spot,sha256_match,False
EXACT_SHA256,Sethy,BROWNSPOT3_041,Brown Spot,Sethy,BROWNSPOT5_041,Brown Spot,sha256_match,False
EXACT_SHA256,Sethy,BROWNSPOT3_042,Brown Spot,Sethy,BROWNSPOT5_042,Brown Spot,sha256_match,False
EXACT_SHA256,Sethy,BROWNSPOT3_043,Brown Spot,Sethy,BROWNSPOT5_043,Brown Spot,sha256_match,False
EXACT_SHA256,Sethy,BROWNSPOT3_044,Brown Spot,Sethy,BROWNSPOT5_044,Brown Spot,sha256_match,False
EXACT_SHA256,Sethy,BROWNSPOT3_045,Brown Spot,Sethy,BROWNSPOT5_045,Brown Spot,sha256_match,False
EXACT_SHA256,Sethy,BROWNSPOT3_046,Brown Spot,Sethy,BROWNSPOT5_046,Brown Spot,sha256_match,False
EXACT_SHA256,Sethy,BROWNSPOT3_047,Brown Spot,Sethy,BROWNSPOT5_047,Brown Spot,sha256_match,False
EXACT_SHA256,Sethy,BROWNSPOT3_048,Brown Spot,Sethy,BROWNSPOT5_048,Brown Spot,sha256_match,False
EXACT_SHA256,Sethy,BROWNSPOT3_049,Brown Spot,Sethy,BROWNSPOT5_049,Brown Spot,sha256_match,False
EXACT_SHA256,Sethy,BROWNSPOT3_050,Brown Spot,Sethy,BROWNSPOT5_050,Brown Spot,sha256_match,False
EXACT_SHA256,Sethy,BROWNSPOT3_051,Brown Spot,Sethy,BROWNSPOT5_051,Brown Spot,sha256_match,False
EXACT_SHA256,Sethy,BROWNSPOT3_052,Brown Spot,Sethy,BROWNSPOT5_052,Brown Spot,sha256_match,False
EXACT_SHA256,Sethy,BROWNSPOT3_053,Brown Spot,Sethy,BROWNSPOT5_053,Brown Spot,sha256_match,False
EXACT_SHA256,Sethy,BROWNSPOT3_054,Brown Spot,Sethy,BROWNSPOT5_054,Brown Spot,sha256_match,False
EXACT_SHA256,Sethy,BROWNSPOT3_055,Brown Spot,Sethy,BROWNSPOT5_055,Brown Spot,sha256_match,False
EXACT_SHA256,Sethy,BROWNSPOT3_056,Brown Spot,Sethy,BROWNSPOT5_056,Brown Spot,sha256_match,False
EXACT_SHA256,Sethy,BROWNSPOT3_057,Brown Spot,Sethy,BROWNSPOT5_057,Brown Spot,sha256_match,False
EXACT_SHA256,Sethy,BROWNSPOT3_058,Brown Spot,Sethy,BROWNSPOT5_058,Brown Spot,sha256_match,False
EXACT_SHA256,Sethy,BROWNSPOT3_059,Brown Spot,Sethy,BROWNSPOT5_059,Brown Spot,sha256_match,False
EXACT_SHA256,Sethy,BROWNSPOT3_060,Brown Spot,Sethy,BROWNSPOT5_060,Brown Spot,sha256_match,False
EXACT_SHA256,Sethy,BROWNSPOT3_061,Brown Spot,Sethy,BROWNSPOT5_061,Brown Spot,sha256_match,False
EXACT_SHA256,Sethy,BROWNSPOT3_062,Brown Spot,Sethy,BROWNSPOT5_062,Brown Spot,sha256_match,False
EXACT_SHA256,Sethy,BROWNSPOT3_063,Brown Spot,Sethy,BROWNSPOT5_063,Brown Spot,sha256_match,False
EXACT_SHA256,Sethy,BROWNSPOT3_064,Brown Spot,Sethy,BROWNSPOT5_064,Brown Spot,sha256_match,False
EXACT_SHA256,Sethy,BROWNSPOT3_065,Brown Spot,Sethy,BROWNSPOT5_065,Brown Spot,sha256_match,False
EXACT_SHA256,Sethy,BROWNSPOT3_066,Brown Spot,Sethy,BROWNSPOT5_066,Brown Spot,sha256_match,False
EXACT_SHA256,Sethy,BROWNSPOT3_067,Brown Spot,Sethy,BROWNSPOT5_067,Brown Spot,sha256_match,False
EXACT_SHA256,Sethy,BROWNSPOT3_068,Brown Spot,Sethy,BROWNSPOT5_068,Brown Spot,sha256_match,False
EXACT_SHA256,Sethy,BROWNSPOT3_069,Brown Spot,Sethy,BROWNSPOT5_069,Brown Spot,sha256_match,False
EXACT_SHA256,Sethy,BROWNSPOT3_070,Brown Spot,Sethy,BROWNSPOT5_070,Brown Spot,sha256_match,False
EXACT_SHA256,Sethy,BROWNSPOT3_071,Brown Spot,Sethy,BROWNSPOT5_071,Brown Spot,sha256_match,False
EXACT_SHA256,Sethy,BROWNSPOT3_072,Brown Spot,Sethy,BROWNSPOT5_072,Brown Spot,sha256_match,False
EXACT_SHA256,Sethy,BROWNSPOT3_073,Brown Spot,Sethy,BROWNSPOT5_073,Brown Spot,sha256_match,False
EXACT_SHA256,Sethy,BROWNSPOT3_074,Brown Spot,Sethy,BROWNSPOT5_074,Brown Spot,sha256_match,False
EXACT_SHA256,Sethy,BROWNSPOT3_075,Brown Spot,Sethy,BROWNSPOT5_075,Brown Spot,sha256_match,False
EXACT_SHA256,Sethy,BROWNSPOT3_076,Brown Spot,Sethy,BROWNSPOT5_076,Brown Spot,sha256_match,False
EXACT_SHA256,Sethy,BROWNSPOT3_077,Brown Spot,Sethy,BROWNSPOT5_077,Brown Spot,sha256_match,False
EXACT_SHA256,Sethy,BROWNSPOT3_078,Brown Spot,Sethy,BROWNSPOT5_078,Brown Spot,sha256_match,False
EXACT_SHA256,Sethy,BROWNSPOT3_079,Brown Spot,Sethy,BROWNSPOT5_079,Brown Spot,sha256_match,False
EXACT_SHA256,Sethy,BROWNSPOT3_080,Brown Spot,Sethy,BROWNSPOT5_080,Brown Spot,sha256_match,False
EXACT_SHA256,Sethy,BROWNSPOT3_081,Brown Spot,Sethy,BROWNSPOT5_081,Brown Spot,sha256_match,False
EXACT_SHA256,Sethy,BROWNSPOT3_082,Brown Spot,Sethy,BROWNSPOT5_082,Brown Spot,sha256_match,False
EXACT_SHA256,Sethy,BROWNSPOT3_083,Brown Spot,Sethy,BROWNSPOT5_083,Brown Spot,sha256_match,False
EXACT_SHA256,Sethy,BROWNSPOT3_084,Brown Spot,Sethy,BROWNSPOT5_084,Brown Spot,sha256_match,False
EXACT_SHA256,Sethy,BROWNSPOT3_085,Brown Spot,Sethy,BROWNSPOT5_085,Brown Spot,sha256_match,False
EXACT_SHA256,Sethy,BROWNSPOT3_086,Brown Spot,Sethy,BROWNSPOT5_086,Brown Spot,sha256_match,False
EXACT_SHA256,Sethy,BROWNSPOT3_087,Brown Spot,Sethy,BROWNSPOT5_087,Brown Spot,sha256_match,False
EXACT_SHA256,Sethy,BROWNSPOT3_088,Brown Spot,Sethy,BROWNSPOT5_088,Brown Spot,sha256_match,False
EXACT_SHA256,Sethy,BROWNSPOT3_089,Brown Spot,Sethy,BROWNSPOT5_089,Brown Spot,sha256_match,False
EXACT_SHA256,Sethy,BROWNSPOT3_090,Brown Spot,Sethy,BROWNSPOT5_090,Brown Spot,sha256_match,False
EXACT_SHA256,Sethy,BROWNSPOT3_091,Brown Spot,Sethy,BROWNSPOT5_091,Brown Spot,sha256_match,False
EXACT_SHA256,Sethy,BROWNSPOT3_092,Brown Spot,Sethy,BROWNSPOT5_092,Brown Spot,sha256_match,False
EXACT_SHA256,Sethy,BROWNSPOT3_093,Brown Spot,Sethy,BROWNSPOT5_093,Brown Spot,sha256_match,False
EXACT_SHA256,Sethy,BROWNSPOT3_094,Brown Spot,Sethy,BROWNSPOT5_094,Brown Spot,sha256_match,False
EXACT_SHA256,Sethy,BROWNSPOT3_095,Brown Spot,Sethy,BROWNSPOT5_095,Brown Spot,sha256_match,False
EXACT_SHA256,Sethy,BROWNSPOT3_096,Brown Spot,Sethy,BROWNSPOT5_096,Brown Spot,sha256_match,False
EXACT_SHA256,Sethy,BROWNSPOT3_097,Brown Spot,Sethy,BROWNSPOT5_097,Brown Spot,sha256_match,False
EXACT_SHA256,Sethy,BROWNSPOT3_098,Brown Spot,Sethy,BROWNSPOT5_098,Brown Spot,sha256_match,False
EXACT_SHA256,Sethy,BROWNSPOT3_099,Brown Spot,Sethy,BROWNSPOT5_099,Brown Spot,sha256_match,False
EXACT_SHA256,Sethy,BROWNSPOT3_100,Brown Spot,Sethy,BROWNSPOT5_100,Brown Spot,sha256_match,False
EXACT_SHA256,Sethy,BROWNSPOT3_101,Brown Spot,Sethy,BROWNSPOT5_101,Brown Spot,sha256_match,False
EXACT_SHA256,Sethy,BROWNSPOT3_102,Brown Spot,Sethy,BROWNSPOT5_102,Brown Spot,sha256_match,False
EXACT_SHA256,Sethy,BROWNSPOT3_103,Brown Spot,Sethy,BROWNSPOT5_103,Brown Spot,sha256_match,False
EXACT_SHA256,Sethy,BROWNSPOT3_104,Brown Spot,Sethy,BROWNSPOT5_104,Brown Spot,sha256_match,False
EXACT_SHA256,Sethy,BROWNSPOT3_105,Brown Spot,Sethy,BROWNSPOT5_105,Brown Spot,sha256_match,False
EXACT_SHA256,Sethy,BROWNSPOT3_106,Brown Spot,Sethy,BROWNSPOT5_106,Brown Spot,sha256_match,False
EXACT_SHA256,Sethy,BROWNSPOT3_107,Brown Spot,Sethy,BROWNSPOT5_107,Brown Spot,sha256_match,False
EXACT_SHA256,Sethy,BROWNSPOT3_108,Brown Spot,Sethy,BROWNSPOT5_108,Brown Spot,sha256_match,False
EXACT_SHA256,Sethy,BROWNSPOT3_109,Brown Spot,Sethy,BROWNSPOT5_109,Brown Spot,sha256_match,False
EXACT_SHA256,Sethy,BROWNSPOT3_110,Brown Spot,Sethy,BROWNSPOT5_110,Brown Spot,sha256_match,False
EXACT_SHA256,Sethy,BROWNSPOT3_111,Brown Spot,Sethy,BROWNSPOT5_111,Brown Spot,sha256_match,False
EXACT_SHA256,Sethy,BROWNSPOT3_112,Brown Spot,Sethy,BROWNSPOT5_112,Brown Spot,sha256_match,False
EXACT_SHA256,Sethy,BROWNSPOT3_113,Brown Spot,Sethy,BROWNSPOT5_113,Brown Spot,sha256_match,False
EXACT_SHA256,Sethy,BROWNSPOT3_114,Brown Spot,Sethy,BROWNSPOT5_114,Brown Spot,sha256_match,False
EXACT_SHA256,Sethy,BROWNSPOT3_115,Brown Spot,Sethy,BROWNSPOT5_115,Brown Spot,sha256_match,False
EXACT_SHA256,Sethy,BROWNSPOT3_116,Brown Spot,Sethy,BROWNSPOT5_116,Brown Spot,sha256_match,False
EXACT_SHA256,Sethy,BROWNSPOT3_117,Brown Spot,Sethy,BROWNSPOT5_117,Brown Spot,sha256_match,False
EXACT_SHA256,Sethy,BROWNSPOT3_118,Brown Spot,Sethy,BROWNSPOT5_118,Brown Spot,sha256_match,False
EXACT_SHA256,Sethy,BROWNSPOT3_119,Brown Spot,Sethy,BROWNSPOT5_119,Brown Spot,sha256_match,False
EXACT_SHA256,Sethy,BROWNSPOT3_120,Brown Spot,Sethy,BROWNSPOT5_120,Brown Spot,sha256_match,False
EXACT_SHA256,Sethy,BROWNSPOT3_121,Brown Spot,Sethy,BROWNSPOT5_121,Brown Spot,sha256_match,False
EXACT_SHA256,Sethy,BROWNSPOT3_122,Brown Spot,Sethy,BROWNSPOT5_122,Brown Spot,sha256_match,False
EXACT_SHA256,Sethy,BROWNSPOT3_123,Brown Spot,Sethy,BROWNSPOT5_123,Brown Spot,sha256_match,False
EXACT_SHA256,Sethy,BROWNSPOT3_124,Brown Spot,Sethy,BROWNSPOT5_124,Brown Spot,sha256_match,False
EXACT_SHA256,Sethy,BROWNSPOT3_125,Brown Spot,Sethy,BROWNSPOT5_125,Brown Spot,sha256_match,False
EXACT_SHA256,Sethy,BROWNSPOT3_126,Brown Spot,Sethy,BROWNSPOT5_126,Brown Spot,sha256_match,False
EXACT_SHA256,Sethy,BROWNSPOT3_127,Brown Spot,Sethy,BROWNSPOT5_127,Brown Spot,sha256_match,False
EXACT_SHA256,Sethy,BROWNSPOT3_128,Brown Spot,Sethy,BROWNSPOT5_128,Brown Spot,sha256_match,False
EXACT_SHA256,Sethy,BROWNSPOT3_129,Brown Spot,Sethy,BROWNSPOT5_129,Brown Spot,sha256_match,False
EXACT_SHA256,Sethy,BROWNSPOT3_130,Brown Spot,Sethy,BROWNSPOT5_130,Brown Spot,sha256_match,False
EXACT_SHA256,Sethy,BROWNSPOT3_131,Brown Spot,Sethy,BROWNSPOT5_131,Brown Spot,sha256_match,False
EXACT_SHA256,Sethy,BROWNSPOT3_132,Brown Spot,Sethy,BROWNSPOT5_132,Brown Spot,sha256_match,False
EXACT_SHA256,Sethy,BROWNSPOT3_133,Brown Spot,Sethy,BROWNSPOT5_133,Brown Spot,sha256_match,False
EXACT_SHA256,Sethy,BROWNSPOT3_134,Brown Spot,Sethy,BROWNSPOT5_134,Brown Spot,sha256_match,False
EXACT_SHA256,Sethy,BROWNSPOT3_135,Brown Spot,Sethy,BROWNSPOT5_135,Brown Spot,sha256_match,False
EXACT_SHA256,Sethy,BROWNSPOT3_136,Brown Spot,Sethy,BROWNSPOT5_136,Brown Spot,sha256_match,False
EXACT_SHA256,Sethy,BROWNSPOT3_137,Brown Spot,Sethy,BROWNSPOT5_137,Brown Spot,sha256_match,False
EXACT_SHA256,Sethy,BROWNSPOT3_138,Brown Spot,Sethy,BROWNSPOT5_138,Brown Spot,sha256_match,False
EXACT_SHA256,Sethy,BROWNSPOT3_139,Brown Spot,Sethy,BROWNSPOT5_139,Brown Spot,sha256_match,False
EXACT_SHA256,Sethy,BROWNSPOT3_140,Brown Spot,Sethy,BROWNSPOT5_140,Brown Spot,sha256_match,False
EXACT_SHA256,Sethy,BROWNSPOT3_141,Brown Spot,Sethy,BROWNSPOT5_141,Brown Spot,sha256_match,False
EXACT_SHA256,Sethy,BROWNSPOT3_142,Brown Spot,Sethy,BROWNSPOT5_142,Brown Spot,sha256_match,False
EXACT_SHA256,Sethy,BROWNSPOT3_143,Brown Spot,Sethy,BROWNSPOT5_143,Brown Spot,sha256_match,False
EXACT_SHA256,Sethy,BROWNSPOT3_144,Brown Spot,Sethy,BROWNSPOT5_144,Brown Spot,sha256_match,False
EXACT_SHA256,Sethy,BROWNSPOT3_145,Brown Spot,Sethy,BROWNSPOT5_145,Brown Spot,sha256_match,False
EXACT_SHA256,Sethy,BROWNSPOT3_146,Brown Spot,Sethy,BROWNSPOT5_146,Brown Spot,sha256_match,False
EXACT_SHA256,Sethy,BROWNSPOT3_147,Brown Spot,Sethy,BROWNSPOT5_147,Brown Spot,sha256_match,False
EXACT_SHA256,Sethy,BROWNSPOT3_148,Brown Spot,Sethy,BROWNSPOT5_148,Brown Spot,sha256_match,False
EXACT_SHA256,Sethy,BROWNSPOT3_149,Brown Spot,Sethy,BROWNSPOT5_149,Brown Spot,sha256_match,False
EXACT_SHA256,Sethy,BROWNSPOT3_150,Brown Spot,Sethy,BROWNSPOT5_150,Brown Spot,sha256_match,False
EXACT_SHA256,Sethy,BROWNSPOT3_151,Brown Spot,Sethy,BROWNSPOT5_151,Brown Spot,sha256_match,False
EXACT_SHA256,Sethy,BROWNSPOT3_152,Brown Spot,Sethy,BROWNSPOT5_152,Brown Spot,sha256_match,False
EXACT_SHA256,Sethy,BROWNSPOT3_153,Brown Spot,Sethy,BROWNSPOT5_153,Brown Spot,sha256_match,False
EXACT_SHA256,Sethy,BROWNSPOT3_154,Brown Spot,Sethy,BROWNSPOT5_154,Brown Spot,sha256_match,False
EXACT_SHA256,Sethy,BROWNSPOT3_155,Brown Spot,Sethy,BROWNSPOT5_155,Brown Spot,sha256_match,False
EXACT_SHA256,Sethy,BROWNSPOT3_156,Brown Spot,Sethy,BROWNSPOT5_156,Brown Spot,sha256_match,False
EXACT_SHA256,Sethy,BROWNSPOT3_157,Brown Spot,Sethy,BROWNSPOT5_157,Brown Spot,sha256_match,False
EXACT_SHA256,Sethy,BROWNSPOT3_158,Brown Spot,Sethy,BROWNSPOT5_158,Brown Spot,sha256_match,False
EXACT_SHA256,Sethy,BROWNSPOT3_159,Brown Spot,Sethy,BROWNSPOT5_159,Brown Spot,sha256_match,False
EXACT_SHA256,Sethy,BROWNSPOT3_160,Brown Spot,Sethy,BROWNSPOT5_160,Brown Spot,sha256_match,False
EXACT_SHA256,Sethy,BROWNSPOT3_161,Brown Spot,Sethy,BROWNSPOT5_161,Brown Spot,sha256_match,False
EXACT_SHA256,Sethy,BROWNSPOT3_162,Brown Spot,Sethy,BROWNSPOT5_162,Brown Spot,sha256_match,False
EXACT_SHA256,Sethy,BROWNSPOT3_163,Brown Spot,Sethy,BROWNSPOT5_163,Brown Spot,sha256_match,False
EXACT_SHA256,Sethy,BROWNSPOT3_164,Brown Spot,Sethy,BROWNSPOT5_164,Brown Spot,sha256_match,False
EXACT_SHA256,Sethy,BROWNSPOT3_165,Brown Spot,Sethy,BROWNSPOT5_165,Brown Spot,sha256_match,False
EXACT_SHA256,Sethy,BROWNSPOT3_166,Brown Spot,Sethy,BROWNSPOT5_166,Brown Spot,sha256_match,False
EXACT_SHA256,Sethy,BROWNSPOT3_167,Brown Spot,Sethy,BROWNSPOT5_167,Brown Spot,sha256_match,False
EXACT_SHA256,Sethy,BROWNSPOT3_168,Brown Spot,Sethy,BROWNSPOT5_168,Brown Spot,sha256_match,False
EXACT_SHA256,Sethy,BROWNSPOT3_169,Brown Spot,Sethy,BROWNSPOT5_169,Brown Spot,sha256_match,False
EXACT_SHA256,Sethy,BROWNSPOT3_170,Brown Spot,Sethy,BROWNSPOT5_170,Brown Spot,sha256_match,False
EXACT_SHA256,Sethy,BROWNSPOT3_171,Brown Spot,Sethy,BROWNSPOT5_171,Brown Spot,sha256_match,False
EXACT_SHA256,Sethy,BROWNSPOT3_172,Brown Spot,Sethy,BROWNSPOT5_172,Brown Spot,sha256_match,False
EXACT_SHA256,Sethy,BROWNSPOT3_173,Brown Spot,Sethy,BROWNSPOT5_173,Brown Spot,sha256_match,False
EXACT_SHA256,Sethy,BROWNSPOT3_174,Brown Spot,Sethy,BROWNSPOT5_174,Brown Spot,sha256_match,False
EXACT_SHA256,Sethy,BROWNSPOT3_175,Brown Spot,Sethy,BROWNSPOT5_175,Brown Spot,sha256_match,False
EXACT_SHA256,Sethy,BROWNSPOT3_176,Brown Spot,Sethy,BROWNSPOT5_176,Brown Spot,sha256_match,False
EXACT_SHA256,Sethy,BROWNSPOT3_177,Brown Spot,Sethy,BROWNSPOT5_177,Brown Spot,sha256_match,False
EXACT_SHA256,Sethy,BROWNSPOT3_178,Brown Spot,Sethy,BROWNSPOT5_178,Brown Spot,sha256_match,False
EXACT_SHA256,Sethy,BROWNSPOT3_179,Brown Spot,Sethy,BROWNSPOT5_179,Brown Spot,sha256_match,False
EXACT_SHA256,Sethy,BROWNSPOT3_180,Brown Spot,Sethy,BROWNSPOT5_180,Brown Spot,sha256_match,False
EXACT_SHA256,Sethy,BROWNSPOT3_181,Brown Spot,Sethy,BROWNSPOT5_181,Brown Spot,sha256_match,False
EXACT_SHA256,Sethy,BROWNSPOT3_182,Brown Spot,Sethy,BROWNSPOT5_182,Brown Spot,sha256_match,False
EXACT_SHA256,Sethy,BROWNSPOT3_183,Brown Spot,Sethy,BROWNSPOT5_183,Brown Spot,sha256_match,False
EXACT_SHA256,Sethy,BROWNSPOT3_184,Brown Spot,Sethy,BROWNSPOT5_184,Brown Spot,sha256_match,False
EXACT_SHA256,Sethy,BROWNSPOT3_185,Brown Spot,Sethy,BROWNSPOT5_185,Brown Spot,sha256_match,False
EXACT_SHA256,Sethy,BROWNSPOT3_186,Brown Spot,Sethy,BROWNSPOT5_186,Brown Spot,sha256_match,False
EXACT_SHA256,Sethy,BROWNSPOT3_187,Brown Spot,Sethy,BROWNSPOT5_187,Brown Spot,sha256_match,False
EXACT_SHA256,Sethy,BROWNSPOT3_188,Brown Spot,Sethy,BROWNSPOT5_188,Brown Spot,sha256_match,False
EXACT_SHA256,Sethy,BROWNSPOT3_189,Brown Spot,Sethy,BROWNSPOT5_189,Brown Spot,sha256_match,False
EXACT_SHA256,Sethy,BROWNSPOT3_190,Brown Spot,Sethy,BROWNSPOT5_190,Brown Spot,sha256_match,False
EXACT_SHA256,Sethy,BROWNSPOT3_191,Brown Spot,Sethy,BROWNSPOT5_191,Brown Spot,sha256_match,False
EXACT_SHA256,Sethy,BROWNSPOT3_192,Brown Spot,Sethy,BROWNSPOT5_192,Brown Spot,sha256_match,False
EXACT_SHA256,Sethy,BROWNSPOT3_193,Brown Spot,Sethy,BROWNSPOT5_193,Brown Spot,sha256_match,False
EXACT_SHA256,Sethy,BROWNSPOT3_194,Brown Spot,Sethy,BROWNSPOT5_194,Brown Spot,sha256_match,False
EXACT_SHA256,Sethy,BROWNSPOT3_195,Brown Spot,Sethy,BROWNSPOT5_195,Brown Spot,sha256_match,False
EXACT_SHA256,Sethy,BROWNSPOT3_196,Brown Spot,Sethy,BROWNSPOT5_196,Brown Spot,sha256_match,False
EXACT_SHA256,Sethy,BROWNSPOT3_197,Brown Spot,Sethy,BROWNSPOT5_197,Brown Spot,sha256_match,False
EXACT_SHA256,Sethy,BROWNSPOT3_198,Brown Spot,Sethy,BROWNSPOT5_198,Brown Spot,sha256_match,False
EXACT_SHA256,Sethy,BROWNSPOT3_199,Brown Spot,Sethy,BROWNSPOT5_199,Brown Spot,sha256_match,False
EXACT_SHA256,Sethy,BROWNSPOT3_200,Brown Spot,Sethy,BROWNSPOT5_200,Brown Spot,sha256_match,False
EXACT_SHA256,BD5,IMG_20241029_124634 - Copy (2),Sheath Blight,BD5,IMG_20241029_124634 - Copy (3),Sheath Blight,sha256_match,False
EXACT_SHA256,BD5,IMG_20241029_124634 - Copy (2),Sheath Blight,BD5,IMG_20241029_124634,Sheath Blight,sha256_match,False
EXACT_SHA256,BD5,IMG_20241029_124634 - Copy (3),Sheath Blight,BD5,IMG_20241029_124634,Sheath Blight,sha256_match,False
EXACT_SHA256,BD5,IMG_20241029_140418 - Copy,Sheath Blight,BD5,IMG_20241029_140418,Sheath Blight,sha256_match,False
PERCEPTUAL_NEAR_DUP,Primary,blast_1000,Blast,Primary,blast_1001,Blast,hamming_dist_2,False
PERCEPTUAL_NEAR_DUP,Primary,blast_1014,Blast,Primary,blast_1015,Blast,hamming_dist_4,False
PERCEPTUAL_NEAR_DUP,Primary,blast_1017,Blast,Primary,blast_1018,Blast,hamming_dist_3,False
PERCEPTUAL_NEAR_DUP,Primary,blast_1030,Blast,Primary,blast_1031,Blast,hamming_dist_1,False
PERCEPTUAL_NEAR_DUP,Primary,blast_1033,Blast,Primary,blast_1034,Blast,hamming_dist_2,False
PERCEPTUAL_NEAR_DUP,Primary,blast_1033,Blast,Primary,blast_1035,Blast,hamming_dist_4,False
PERCEPTUAL_NEAR_DUP,Primary,blast_1034,Blast,Primary,blast_1035,Blast,hamming_dist_4,False
PERCEPTUAL_NEAR_DUP,Primary,blast_1036,Blast,Primary,blast_1042,Blast,hamming_dist_4,False
PERCEPTUAL_NEAR_DUP,Primary,blast_1038,Blast,Primary,blast_1039,Blast,hamming_dist_0,False
PERCEPTUAL_NEAR_DUP,Primary,blast_1046,Blast,Primary,blast_1047,Blast,hamming_dist_2,False
PERCEPTUAL_NEAR_DUP,Primary,blast_1046,Blast,Primary,blast_1048,Blast,hamming_dist_3,False
PERCEPTUAL_NEAR_DUP,Primary,blast_1047,Blast,Primary,blast_1048,Blast,hamming_dist_3,False
PERCEPTUAL_NEAR_DUP,Primary,blast_1055,Blast,Primary,blast_1056,Blast,hamming_dist_3,False
PERCEPTUAL_NEAR_DUP,Primary,blast_1055,Blast,Primary,blast_1059,Blast,hamming_dist_4,False
PERCEPTUAL_NEAR_DUP,Primary,blast_1056,Blast,Primary,blast_1057,Blast,hamming_dist_4,False
PERCEPTUAL_NEAR_DUP,Primary,blast_1056,Blast,Primary,blast_1058,Blast,hamming_dist_2,False
PERCEPTUAL_NEAR_DUP,Primary,blast_1057,Blast,Primary,blast_1058,Blast,hamming_dist_4,False
PERCEPTUAL_NEAR_DUP,Primary,blast_1061,Blast,Primary,blast_1062,Blast,hamming_dist_3,False
PERCEPTUAL_NEAR_DUP,Primary,blast_1061,Blast,Primary,blast_1063,Blast,hamming_dist_2,False
PERCEPTUAL_NEAR_DUP,Primary,blast_1061,Blast,Primary,blast_1064,Blast,hamming_dist_2,False
PERCEPTUAL_NEAR_DUP,Primary,blast_1061,Blast,Primary,blast_1065,Blast,hamming_dist_4,False
PERCEPTUAL_NEAR_DUP,Primary,blast_1061,Blast,Primary,blast_1068,Blast,hamming_dist_3,False
PERCEPTUAL_NEAR_DUP,Primary,blast_1062,Blast,Primary,blast_1063,Blast,hamming_dist_1,False
PERCEPTUAL_NEAR_DUP,Primary,blast_1062,Blast,Primary,blast_1064,Blast,hamming_dist_1,False
PERCEPTUAL_NEAR_DUP,Primary,blast_1062,Blast,Primary,blast_1065,Blast,hamming_dist_3,False
PERCEPTUAL_NEAR_DUP,Primary,blast_1062,Blast,Primary,blast_1068,Blast,hamming_dist_2,False
PERCEPTUAL_NEAR_DUP,Primary,blast_1062,Blast,Primary,blast_1069,Blast,hamming_dist_4,False
PERCEPTUAL_NEAR_DUP,Primary,blast_1063,Blast,Primary,blast_1064,Blast,hamming_dist_0,False
PERCEPTUAL_NEAR_DUP,Primary,blast_1063,Blast,Primary,blast_1065,Blast,hamming_dist_2,False
PERCEPTUAL_NEAR_DUP,Primary,blast_1063,Blast,Primary,blast_1067,Blast,hamming_dist_4,False
PERCEPTUAL_NEAR_DUP,Primary,blast_1063,Blast,Primary,blast_1068,Blast,hamming_dist_1,False
PERCEPTUAL_NEAR_DUP,Primary,blast_1063,Blast,Primary,blast_1069,Blast,hamming_dist_3,False
PERCEPTUAL_NEAR_DUP,Primary,blast_1064,Blast,Primary,blast_1065,Blast,hamming_dist_2,False
PERCEPTUAL_NEAR_DUP,Primary,blast_1064,Blast,Primary,blast_1067,Blast,hamming_dist_4,False
PERCEPTUAL_NEAR_DUP,Primary,blast_1064,Blast,Primary,blast_1068,Blast,hamming_dist_1,False
PERCEPTUAL_NEAR_DUP,Primary,blast_1064,Blast,Primary,blast_1069,Blast,hamming_dist_3,False
PERCEPTUAL_NEAR_DUP,Primary,blast_1065,Blast,Primary,blast_1066,Blast,hamming_dist_4,False
PERCEPTUAL_NEAR_DUP,Primary,blast_1065,Blast,Primary,blast_1067,Blast,hamming_dist_2,False
PERCEPTUAL_NEAR_DUP,Primary,blast_1065,Blast,Primary,blast_1068,Blast,hamming_dist_1,False
PERCEPTUAL_NEAR_DUP,Primary,blast_1065,Blast,Primary,blast_1069,Blast,hamming_dist_1,False
PERCEPTUAL_NEAR_DUP,Primary,blast_1065,Blast,Primary,blast_1070,Blast,hamming_dist_3,False
PERCEPTUAL_NEAR_DUP,Primary,blast_1066,Blast,Primary,blast_1067,Blast,hamming_dist_2,False
PERCEPTUAL_NEAR_DUP,Primary,blast_1066,Blast,Primary,blast_1069,Blast,hamming_dist_3,False
PERCEPTUAL_NEAR_DUP,Primary,blast_1066,Blast,Primary,blast_1070,Blast,hamming_dist_3,False
PERCEPTUAL_NEAR_DUP,Primary,blast_1067,Blast,Primary,blast_1068,Blast,hamming_dist_3,False
PERCEPTUAL_NEAR_DUP,Primary,blast_1067,Blast,Primary,blast_1069,Blast,hamming_dist_1,False
PERCEPTUAL_NEAR_DUP,Primary,blast_1067,Blast,Primary,blast_1070,Blast,hamming_dist_3,False
PERCEPTUAL_NEAR_DUP,Primary,blast_1068,Blast,Primary,blast_1069,Blast,hamming_dist_2,False
PERCEPTUAL_NEAR_DUP,Primary,blast_1068,Blast,Primary,blast_1070,Blast,hamming_dist_4,False
PERCEPTUAL_NEAR_DUP,Primary,blast_1069,Blast,Primary,blast_1070,Blast,hamming_dist_2,False
PERCEPTUAL_NEAR_DUP,Primary,blast_1074,Blast,Primary,blast_1075,Blast,hamming_dist_4,False
PERCEPTUAL_NEAR_DUP,Primary,blast_1077,Blast,Primary,blast_1078,Blast,hamming_dist_1,False
PERCEPTUAL_NEAR_DUP,Primary,blast_1077,Blast,Primary,blast_1081,Blast,hamming_dist_3,False
PERCEPTUAL_NEAR_DUP,Primary,blast_1078,Blast,Primary,blast_1079,Blast,hamming_dist_4,False
PERCEPTUAL_NEAR_DUP,Primary,blast_1078,Blast,Primary,blast_1081,Blast,hamming_dist_2,False
PERCEPTUAL_NEAR_DUP,Primary,blast_1078,Blast,Primary,blast_1082,Blast,hamming_dist_4,False
PERCEPTUAL_NEAR_DUP,Primary,blast_1079,Blast,Primary,blast_1081,Blast,hamming_dist_2,False
PERCEPTUAL_NEAR_DUP,Primary,blast_1081,Blast,Primary,blast_1082,Blast,hamming_dist_4,False
PERCEPTUAL_NEAR_DUP,Primary,blast_1083,Blast,Primary,blast_1084,Blast,hamming_dist_3,False
PERCEPTUAL_NEAR_DUP,Primary,blast_1091,Blast,Primary,blast_1092,Blast,hamming_dist_3,False
PERCEPTUAL_NEAR_DUP,Primary,blast_1091,Blast,Primary,blast_1093,Blast,hamming_dist_3,False
PERCEPTUAL_NEAR_DUP,Primary,blast_1091,Blast,Primary,blast_1094,Blast,hamming_dist_3,False
PERCEPTUAL_NEAR_DUP,Primary,blast_1092,Blast,Primary,blast_1093,Blast,hamming_dist_4,False
PERCEPTUAL_NEAR_DUP,Primary,blast_1092,Blast,Primary,blast_1094,Blast,hamming_dist_4,False
PERCEPTUAL_NEAR_DUP,Primary,blast_1092,Blast,Primary,blast_1096,Blast,hamming_dist_3,False
PERCEPTUAL_NEAR_DUP,Primary,blast_1093,Blast,Primary,blast_1094,Blast,hamming_dist_2,False
PERCEPTUAL_NEAR_DUP,Primary,blast_1097,Blast,Primary,blast_1098,Blast,hamming_dist_2,False
PERCEPTUAL_NEAR_DUP,Primary,blast_1098,Blast,Primary,blast_1099,Blast,hamming_dist_4,False
PERCEPTUAL_NEAR_DUP,Primary,blast_1099,Blast,Primary,blast_1101,Blast,hamming_dist_3,False
PERCEPTUAL_NEAR_DUP,Primary,blast_1100,Blast,Primary,blast_1102,Blast,hamming_dist_3,False
PERCEPTUAL_NEAR_DUP,Primary,blast_1102,Blast,Primary,blast_1103,Blast,hamming_dist_2,False
PERCEPTUAL_NEAR_DUP,Primary,blast_1103,Blast,Primary,blast_1104,Blast,hamming_dist_4,False
PERCEPTUAL_NEAR_DUP,Primary,blast_1104,Blast,Primary,blast_1105,Blast,hamming_dist_3,False
PERCEPTUAL_NEAR_DUP,Primary,blast_1109,Blast,Primary,blast_1110,Blast,hamming_dist_1,False
PERCEPTUAL_NEAR_DUP,Primary,blast_1121,Blast,Primary,blast_1122,Blast,hamming_dist_3,False
PERCEPTUAL_NEAR_DUP,Primary,blast_1123,Blast,Primary,blast_1124,Blast,hamming_dist_2,False
PERCEPTUAL_NEAR_DUP,Primary,blast_1123,Blast,Primary,blast_1125,Blast,hamming_dist_4,False
PERCEPTUAL_NEAR_DUP,Primary,blast_1124,Blast,Primary,blast_1125,Blast,hamming_dist_4,False
PERCEPTUAL_NEAR_DUP,Primary,blast_1125,Blast,Primary,blast_1128,Blast,hamming_dist_4,False
PERCEPTUAL_NEAR_DUP,Primary,blast_1127,Blast,Primary,blast_1128,Blast,hamming_dist_2,False
PERCEPTUAL_NEAR_DUP,Primary,blast_1127,Blast,Primary,blast_1137,Blast,hamming_dist_4,False
PERCEPTUAL_NEAR_DUP,Primary,blast_1128,Blast,Primary,blast_1137,Blast,hamming_dist_4,False
PERCEPTUAL_NEAR_DUP,Primary,blast_1129,Blast,Primary,blast_1130,Blast,hamming_dist_3,False
PERCEPTUAL_NEAR_DUP,Primary,blast_1130,Blast,Primary,blast_1133,Blast,hamming_dist_3,False
PERCEPTUAL_NEAR_DUP,Primary,blast_1130,Blast,Primary,blast_1134,Blast,hamming_dist_3,False
PERCEPTUAL_NEAR_DUP,Primary,blast_1130,Blast,Primary,blast_1136,Blast,hamming_dist_3,False
PERCEPTUAL_NEAR_DUP,Primary,blast_1130,Blast,Primary,blast_1137,Blast,hamming_dist_2,False
PERCEPTUAL_NEAR_DUP,Primary,blast_1132,Blast,Primary,blast_1134,Blast,hamming_dist_4,False
PERCEPTUAL_NEAR_DUP,Primary,blast_1133,Blast,Primary,blast_1134,Blast,hamming_dist_4,False
PERCEPTUAL_NEAR_DUP,Primary,blast_1133,Blast,Primary,blast_1135,Blast,hamming_dist_4,False
PERCEPTUAL_NEAR_DUP,Primary,blast_1133,Blast,Primary,blast_1136,Blast,hamming_dist_2,False
PERCEPTUAL_NEAR_DUP,Primary,blast_1133,Blast,Primary,blast_1137,Blast,hamming_dist_1,False
PERCEPTUAL_NEAR_DUP,Primary,blast_1134,Blast,Primary,blast_1136,Blast,hamming_dist_4,False
PERCEPTUAL_NEAR_DUP,Primary,blast_1134,Blast,Primary,blast_1137,Blast,hamming_dist_3,False
PERCEPTUAL_NEAR_DUP,Primary,blast_1135,Blast,Primary,blast_1136,Blast,hamming_dist_2,False
PERCEPTUAL_NEAR_DUP,Primary,blast_1135,Blast,Primary,blast_1137,Blast,hamming_dist_3,False
PERCEPTUAL_NEAR_DUP,Primary,blast_1136,Blast,Primary,blast_1137,Blast,hamming_dist_1,False
PERCEPTUAL_NEAR_DUP,Primary,blast_1139,Blast,Primary,blast_1141,Blast,hamming_dist_4,False
PERCEPTUAL_NEAR_DUP,Primary,blast_1140,Blast,Primary,blast_1142,Blast,hamming_dist_3,False
PERCEPTUAL_NEAR_DUP,Primary,blast_1140,Blast,Primary,blast_1143,Blast,hamming_dist_4,False
PERCEPTUAL_NEAR_DUP,Primary,blast_1140,Blast,Primary,blast_1144,Blast,hamming_dist_3,False
PERCEPTUAL_NEAR_DUP,Primary,blast_1140,Blast,Primary,blast_1145,Blast,hamming_dist_3,False
PERCEPTUAL_NEAR_DUP,Primary,blast_1140,Blast,Primary,blast_1146,Blast,hamming_dist_4,False
PERCEPTUAL_NEAR_DUP,Primary,blast_1141,Blast,Primary,blast_1142,Blast,hamming_dist_2,False
PERCEPTUAL_NEAR_DUP,Primary,blast_1141,Blast,Primary,blast_1143,Blast,hamming_dist_3,False
PERCEPTUAL_NEAR_DUP,Primary,blast_1141,Blast,Primary,blast_1144,Blast,hamming_dist_2,False
PERCEPTUAL_NEAR_DUP,Primary,blast_1141,Blast,Primary,blast_1145,Blast,hamming_dist_4,False
PERCEPTUAL_NEAR_DUP,Primary,blast_1142,Blast,Primary,blast_1143,Blast,hamming_dist_3,False
PERCEPTUAL_NEAR_DUP,Primary,blast_1142,Blast,Primary,blast_1144,Blast,hamming_dist_2,False
PERCEPTUAL_NEAR_DUP,Primary,blast_1142,Blast,Primary,blast_1145,Blast,hamming_dist_4,False
PERCEPTUAL_NEAR_DUP,Primary,blast_1143,Blast,Primary,blast_1144,Blast,hamming_dist_1,False
PERCEPTUAL_NEAR_DUP,Primary,blast_1143,Blast,Primary,blast_1145,Blast,hamming_dist_3,False
PERCEPTUAL_NEAR_DUP,Primary,blast_1144,Blast,Primary,blast_1145,Blast,hamming_dist_2,False
PERCEPTUAL_NEAR_DUP,Primary,blast_1146,Blast,Primary,blast_1147,Blast,hamming_dist_3,False
PERCEPTUAL_NEAR_DUP,Primary,blast_1149,Blast,Primary,blast_1150,Blast,hamming_dist_1,False
PERCEPTUAL_NEAR_DUP,Primary,blast_1149,Blast,Primary,blast_1151,Blast,hamming_dist_3,False
PERCEPTUAL_NEAR_DUP,Primary,blast_1150,Blast,Primary,blast_1151,Blast,hamming_dist_4,False
PERCEPTUAL_NEAR_DUP,Primary,blast_1150,Blast,Primary,blast_1152,Blast,hamming_dist_4,False
PERCEPTUAL_NEAR_DUP,Primary,blast_1151,Blast,Primary,blast_1152,Blast,hamming_dist_2,False
PERCEPTUAL_NEAR_DUP,Primary,blast_1161,Blast,Primary,blast_1163,Blast,hamming_dist_3,False
PERCEPTUAL_NEAR_DUP,Primary,blast_1161,Blast,Primary,blast_1165,Blast,hamming_dist_3,False
PERCEPTUAL_NEAR_DUP,Primary,blast_1162,Blast,Primary,blast_1164,Blast,hamming_dist_3,False
PERCEPTUAL_NEAR_DUP,Primary,blast_1163,Blast,Primary,blast_1164,Blast,hamming_dist_2,False
PERCEPTUAL_NEAR_DUP,Primary,blast_1163,Blast,Primary,blast_1165,Blast,hamming_dist_4,False
PERCEPTUAL_NEAR_DUP,Primary,blast_1167,Blast,Primary,blast_1168,Blast,hamming_dist_4,False
PERCEPTUAL_NEAR_DUP,Primary,blast_1167,Blast,Primary,blast_1170,Blast,hamming_dist_4,False
PERCEPTUAL_NEAR_DUP,Primary,blast_1168,Blast,Primary,blast_1169,Blast,hamming_dist_2,False
PERCEPTUAL_NEAR_DUP,Primary,blast_1168,Blast,Primary,blast_1170,Blast,hamming_dist_0,False
PERCEPTUAL_NEAR_DUP,Primary,blast_1169,Blast,Primary,blast_1170,Blast,hamming_dist_2,False
PERCEPTUAL_NEAR_DUP,Primary,blast_1172,Blast,Primary,blast_1173,Blast,hamming_dist_4,False
PERCEPTUAL_NEAR_DUP,Primary,blast_1174,Blast,Primary,blast_1176,Blast,hamming_dist_4,False
PERCEPTUAL_NEAR_DUP,Primary,blast_1174,Blast,Primary,blast_1177,Blast,hamming_dist_3,False
PERCEPTUAL_NEAR_DUP,Primary,blast_1174,Blast,Primary,blast_1178,Blast,hamming_dist_2,False
PERCEPTUAL_NEAR_DUP,Primary,blast_1175,Blast,Primary,blast_1179,Blast,hamming_dist_2,False
PERCEPTUAL_NEAR_DUP,Primary,blast_1176,Blast,Primary,blast_1177,Blast,hamming_dist_3,False
PERCEPTUAL_NEAR_DUP,Primary,blast_1176,Blast,Primary,blast_1178,Blast,hamming_dist_4,False
PERCEPTUAL_NEAR_DUP,Primary,blast_1193,Blast,Primary,blast_1194,Blast,hamming_dist_4,False
PERCEPTUAL_NEAR_DUP,Primary,blast_1196,Blast,Primary,blast_1197,Blast,hamming_dist_1,False
PERCEPTUAL_NEAR_DUP,Primary,blast_1196,Blast,Primary,blast_1198,Blast,hamming_dist_4,False
PERCEPTUAL_NEAR_DUP,Primary,blast_1201,Blast,Primary,blast_1202,Blast,hamming_dist_2,False
PERCEPTUAL_NEAR_DUP,Primary,blast_1214,Blast,Primary,blast_1215,Blast,hamming_dist_4,False
PERCEPTUAL_NEAR_DUP,Primary,blast_1215,Blast,Primary,blast_1216,Blast,hamming_dist_2,False
PERCEPTUAL_NEAR_DUP,Primary,blast_1219,Blast,Primary,blast_1220,Blast,hamming_dist_3,False
PERCEPTUAL_NEAR_DUP,Primary,blast_1220,Blast,Primary,blast_1221,Blast,hamming_dist_2,False
PERCEPTUAL_NEAR_DUP,Primary,blast_1220,Blast,Primary,blast_1222,Blast,hamming_dist_2,False
PERCEPTUAL_NEAR_DUP,Primary,blast_1221,Blast,Primary,blast_1222,Blast,hamming_dist_4,False
PERCEPTUAL_NEAR_DUP,Primary,blast_1228,Blast,Primary,blast_1229,Blast,hamming_dist_4,False
PERCEPTUAL_NEAR_DUP,Primary,blast_1239,Blast,Primary,blast_1240,Blast,hamming_dist_1,False
PERCEPTUAL_NEAR_DUP,Primary,blast_1258,Blast,Primary,blast_1259,Blast,hamming_dist_3,False
PERCEPTUAL_NEAR_DUP,Primary,blast_1258,Blast,Primary,blast_1260,Blast,hamming_dist_4,False
PERCEPTUAL_NEAR_DUP,Primary,blast_1259,Blast,Primary,blast_1260,Blast,hamming_dist_3,False
PERCEPTUAL_NEAR_DUP,Primary,blast_1273,Blast,Primary,blast_1275,Blast,hamming_dist_4,False
PERCEPTUAL_NEAR_DUP,Primary,blast_1284,Blast,Primary,blast_1285,Blast,hamming_dist_4,False
PERCEPTUAL_NEAR_DUP,Primary,blast_1285,Blast,Primary,blast_1286,Blast,hamming_dist_4,False
PERCEPTUAL_NEAR_DUP,Primary,blast_1285,Blast,Primary,blast_1287,Blast,hamming_dist_3,False
PERCEPTUAL_NEAR_DUP,Primary,blast_1286,Blast,Primary,blast_1287,Blast,hamming_dist_1,False
PERCEPTUAL_NEAR_DUP,Primary,blast_1295,Blast,Primary,blast_1296,Blast,hamming_dist_0,False
PERCEPTUAL_NEAR_DUP,Primary,blast_1298,Blast,Primary,blast_1299,Blast,hamming_dist_1,False
PERCEPTUAL_NEAR_DUP,Primary,blast_1302,Blast,Primary,blast_1303,Blast,hamming_dist_3,False
PERCEPTUAL_NEAR_DUP,Primary,blast_1306,Blast,Primary,blast_1307,Blast,hamming_dist_1,False
PERCEPTUAL_NEAR_DUP,Primary,blast_1306,Blast,Primary,blast_1308,Blast,hamming_dist_2,False
PERCEPTUAL_NEAR_DUP,Primary,blast_1306,Blast,Primary,blast_1309,Blast,hamming_dist_1,False
PERCEPTUAL_NEAR_DUP,Primary,blast_1306,Blast,Primary,blast_1310,Blast,hamming_dist_1,False
PERCEPTUAL_NEAR_DUP,Primary,blast_1306,Blast,Primary,blast_1311,Blast,hamming_dist_2,False
PERCEPTUAL_NEAR_DUP,Primary,blast_1307,Blast,Primary,blast_1308,Blast,hamming_dist_1,False
PERCEPTUAL_NEAR_DUP,Primary,blast_1307,Blast,Primary,blast_1309,Blast,hamming_dist_0,False
PERCEPTUAL_NEAR_DUP,Primary,blast_1307,Blast,Primary,blast_1310,Blast,hamming_dist_0,False
PERCEPTUAL_NEAR_DUP,Primary,blast_1307,Blast,Primary,blast_1311,Blast,hamming_dist_3,False
PERCEPTUAL_NEAR_DUP,Primary,blast_1308,Blast,Primary,blast_1309,Blast,hamming_dist_1,False
PERCEPTUAL_NEAR_DUP,Primary,blast_1308,Blast,Primary,blast_1310,Blast,hamming_dist_1,False
PERCEPTUAL_NEAR_DUP,Primary,blast_1308,Blast,Primary,blast_1311,Blast,hamming_dist_2,False
PERCEPTUAL_NEAR_DUP,Primary,blast_1309,Blast,Primary,blast_1310,Blast,hamming_dist_0,False
PERCEPTUAL_NEAR_DUP,Primary,blast_1309,Blast,Primary,blast_1311,Blast,hamming_dist_3,False
PERCEPTUAL_NEAR_DUP,Primary,blast_1310,Blast,Primary,blast_1311,Blast,hamming_dist_3,False
PERCEPTUAL_NEAR_DUP,Primary,blast_1312,Blast,Primary,blast_1313,Blast,hamming_dist_3,False
PERCEPTUAL_NEAR_DUP,Primary,blast_1319,Blast,Primary,blast_1320,Blast,hamming_dist_4,False
PERCEPTUAL_NEAR_DUP,Primary,blast_567,Blast,Primary,blast_568,Blast,hamming_dist_4,False
PERCEPTUAL_NEAR_DUP,Primary,blast_567,Blast,Primary,blast_569,Blast,hamming_dist_3,False
PERCEPTUAL_NEAR_DUP,Primary,blast_568,Blast,Primary,blast_569,Blast,hamming_dist_3,False
PERCEPTUAL_NEAR_DUP,Primary,blast_573,Blast,Primary,blast_575,Blast,hamming_dist_4,False
PERCEPTUAL_NEAR_DUP,Primary,blast_573,Blast,Primary,blast_580,Blast,hamming_dist_4,False
PERCEPTUAL_NEAR_DUP,Primary,blast_574,Blast,Primary,blast_575,Blast,hamming_dist_2,False
PERCEPTUAL_NEAR_DUP,Primary,blast_574,Blast,Primary,blast_576,Blast,hamming_dist_2,False
PERCEPTUAL_NEAR_DUP,Primary,blast_574,Blast,Primary,blast_577,Blast,hamming_dist_3,False
PERCEPTUAL_NEAR_DUP,Primary,blast_574,Blast,Primary,blast_579,Blast,hamming_dist_1,False
PERCEPTUAL_NEAR_DUP,Primary,blast_574,Blast,Primary,blast_580,Blast,hamming_dist_4,False
PERCEPTUAL_NEAR_DUP,Primary,blast_574,Blast,Primary,blast_584,Blast,hamming_dist_4,False
PERCEPTUAL_NEAR_DUP,Primary,blast_575,Blast,Primary,blast_576,Blast,hamming_dist_4,False
PERCEPTUAL_NEAR_DUP,Primary,blast_575,Blast,Primary,blast_579,Blast,hamming_dist_3,False
PERCEPTUAL_NEAR_DUP,Primary,blast_575,Blast,Primary,blast_580,Blast,hamming_dist_2,False
PERCEPTUAL_NEAR_DUP,Primary,blast_576,Blast,Primary,blast_577,Blast,hamming_dist_3,False
PERCEPTUAL_NEAR_DUP,Primary,blast_576,Blast,Primary,blast_579,Blast,hamming_dist_3,False
PERCEPTUAL_NEAR_DUP,Primary,blast_576,Blast,Primary,blast_580,Blast,hamming_dist_4,False
PERCEPTUAL_NEAR_DUP,Primary,blast_576,Blast,Primary,blast_584,Blast,hamming_dist_4,False
PERCEPTUAL_NEAR_DUP,Primary,blast_577,Blast,Primary,blast_578,Blast,hamming_dist_3,False
PERCEPTUAL_NEAR_DUP,Primary,blast_577,Blast,Primary,blast_579,Blast,hamming_dist_2,False
PERCEPTUAL_NEAR_DUP,Primary,blast_577,Blast,Primary,blast_584,Blast,hamming_dist_3,False
PERCEPTUAL_NEAR_DUP,Primary,blast_578,Blast,Primary,blast_580,Blast,hamming_dist_4,False
PERCEPTUAL_NEAR_DUP,Primary,blast_578,Blast,Primary,blast_582,Blast,hamming_dist_3,False
PERCEPTUAL_NEAR_DUP,Primary,blast_578,Blast,Primary,blast_584,Blast,hamming_dist_4,False
PERCEPTUAL_NEAR_DUP,Primary,blast_579,Blast,Primary,blast_583,Blast,hamming_dist_4,False
PERCEPTUAL_NEAR_DUP,Primary,blast_579,Blast,Primary,blast_584,Blast,hamming_dist_3,False
PERCEPTUAL_NEAR_DUP,Primary,blast_580,Blast,Primary,blast_584,Blast,hamming_dist_4,False
PERCEPTUAL_NEAR_DUP,Primary,blast_581,Blast,Primary,blast_582,Blast,hamming_dist_2,False
PERCEPTUAL_NEAR_DUP,Primary,blast_581,Blast,Primary,blast_583,Blast,hamming_dist_4,False
PERCEPTUAL_NEAR_DUP,Primary,blast_581,Blast,Primary,blast_584,Blast,hamming_dist_3,False
PERCEPTUAL_NEAR_DUP,Primary,blast_582,Blast,Primary,blast_583,Blast,hamming_dist_4,False
PERCEPTUAL_NEAR_DUP,Primary,blast_582,Blast,Primary,blast_584,Blast,hamming_dist_3,False
PERCEPTUAL_NEAR_DUP,Primary,blast_583,Blast,Primary,blast_584,Blast,hamming_dist_3,False
PERCEPTUAL_NEAR_DUP,Primary,blast_585,Blast,Primary,blast_586,Blast,hamming_dist_2,False
PERCEPTUAL_NEAR_DUP,Primary,blast_586,Blast,Primary,blast_587,Blast,hamming_dist_3,False
PERCEPTUAL_NEAR_DUP,Primary,blast_586,Blast,Primary,blast_588,Blast,hamming_dist_4,False
PERCEPTUAL_NEAR_DUP,Primary,blast_586,Blast,Primary,blast_589,Blast,hamming_dist_3,False
PERCEPTUAL_NEAR_DUP,Primary,blast_587,Blast,Primary,blast_588,Blast,hamming_dist_1,False
PERCEPTUAL_NEAR_DUP,Primary,blast_587,Blast,Primary,blast_589,Blast,hamming_dist_0,False
PERCEPTUAL_NEAR_DUP,Primary,blast_587,Blast,Primary,blast_590,Blast,hamming_dist_3,False
PERCEPTUAL_NEAR_DUP,Primary,blast_587,Blast,Primary,blast_591,Blast,hamming_dist_4,False
PERCEPTUAL_NEAR_DUP,Primary,blast_588,Blast,Primary,blast_589,Blast,hamming_dist_1,False
PERCEPTUAL_NEAR_DUP,Primary,blast_588,Blast,Primary,blast_590,Blast,hamming_dist_4,False
PERCEPTUAL_NEAR_DUP,Primary,blast_589,Blast,Primary,blast_590,Blast,hamming_dist_3,False
PERCEPTUAL_NEAR_DUP,Primary,blast_589,Blast,Primary,blast_591,Blast,hamming_dist_4,False
PERCEPTUAL_NEAR_DUP,Primary,blast_590,Blast,Primary,blast_591,Blast,hamming_dist_1,False
PERCEPTUAL_NEAR_DUP,Primary,blast_592,Blast,Primary,blast_593,Blast,hamming_dist_2,False
PERCEPTUAL_NEAR_DUP,Primary,blast_594,Blast,Primary,blast_595,Blast,hamming_dist_3,False
PERCEPTUAL_NEAR_DUP,Primary,blast_594,Blast,Primary,blast_596,Blast,hamming_dist_4,False
PERCEPTUAL_NEAR_DUP,Primary,blast_595,Blast,Primary,blast_596,Blast,hamming_dist_3,False
PERCEPTUAL_NEAR_DUP,Primary,blast_598,Blast,Primary,blast_599,Blast,hamming_dist_3,False
PERCEPTUAL_NEAR_DUP,Primary,blast_598,Blast,Primary,blast_600,Blast,hamming_dist_3,False
PERCEPTUAL_NEAR_DUP,Primary,blast_599,Blast,Primary,blast_600,Blast,hamming_dist_2,False
PERCEPTUAL_NEAR_DUP,Primary,blast_600,Blast,Primary,blast_601,Blast,hamming_dist_3,False
PERCEPTUAL_NEAR_DUP,Primary,blast_601,Blast,Primary,blast_602,Blast,hamming_dist_3,False
PERCEPTUAL_NEAR_DUP,Primary,blast_614,Blast,Primary,blast_615,Blast,hamming_dist_1,False
PERCEPTUAL_NEAR_DUP,Primary,blast_615,Blast,Primary,blast_617,Blast,hamming_dist_4,False
PERCEPTUAL_NEAR_DUP,Primary,blast_616,Blast,Primary,blast_617,Blast,hamming_dist_3,False
PERCEPTUAL_NEAR_DUP,Primary,blast_641,Blast,Primary,blast_642,Blast,hamming_dist_4,False
PERCEPTUAL_NEAR_DUP,Primary,blast_645,Blast,Primary,blast_646,Blast,hamming_dist_2,False
PERCEPTUAL_NEAR_DUP,Primary,blast_647,Blast,Primary,blast_648,Blast,hamming_dist_2,False
PERCEPTUAL_NEAR_DUP,Primary,blast_647,Blast,Primary,blast_649,Blast,hamming_dist_2,False
PERCEPTUAL_NEAR_DUP,Primary,blast_647,Blast,Primary,blast_650,Blast,hamming_dist_3,False
PERCEPTUAL_NEAR_DUP,Primary,blast_648,Blast,Primary,blast_649,Blast,hamming_dist_0,False
PERCEPTUAL_NEAR_DUP,Primary,blast_648,Blast,Primary,blast_650,Blast,hamming_dist_3,False
PERCEPTUAL_NEAR_DUP,Primary,blast_649,Blast,Primary,blast_650,Blast,hamming_dist_3,False
PERCEPTUAL_NEAR_DUP,Primary,blast_673,Blast,Primary,blast_674,Blast,hamming_dist_3,False
PERCEPTUAL_NEAR_DUP,Primary,blast_673,Blast,Primary,blast_675,Blast,hamming_dist_4,False
PERCEPTUAL_NEAR_DUP,Primary,blast_676,Blast,Primary,blast_677,Blast,hamming_dist_4,False
PERCEPTUAL_NEAR_DUP,Primary,blast_679,Blast,Primary,blast_680,Blast,hamming_dist_4,False
PERCEPTUAL_NEAR_DUP,Primary,blast_682,Blast,Primary,blast_683,Blast,hamming_dist_4,False
PERCEPTUAL_NEAR_DUP,Primary,blast_686,Blast,Primary,blast_688,Blast,hamming_dist_3,False
PERCEPTUAL_NEAR_DUP,Primary,blast_687,Blast,Primary,blast_688,Blast,hamming_dist_2,False
PERCEPTUAL_NEAR_DUP,Primary,blast_722,Blast,Primary,blast_723,Blast,hamming_dist_4,False
PERCEPTUAL_NEAR_DUP,Primary,blast_726,Blast,Primary,blast_727,Blast,hamming_dist_2,False
PERCEPTUAL_NEAR_DUP,Primary,blast_727,Blast,Primary,blast_728,Blast,hamming_dist_3,False
PERCEPTUAL_NEAR_DUP,Primary,blast_728,Blast,Primary,blast_729,Blast,hamming_dist_4,False
PERCEPTUAL_NEAR_DUP,Primary,blast_731,Blast,Primary,blast_732,Blast,hamming_dist_1,False
PERCEPTUAL_NEAR_DUP,Primary,blast_740,Blast,Primary,blast_742,Blast,hamming_dist_4,False
PERCEPTUAL_NEAR_DUP,Primary,blast_740,Blast,Primary,blast_746,Blast,hamming_dist_4,False
PERCEPTUAL_NEAR_DUP,Primary,blast_740,Blast,Primary,blast_747,Blast,hamming_dist_4,False
PERCEPTUAL_NEAR_DUP,Primary,blast_742,Blast,Primary,blast_746,Blast,hamming_dist_4,False
PERCEPTUAL_NEAR_DUP,Primary,blast_742,Blast,Primary,blast_747,Blast,hamming_dist_4,False
PERCEPTUAL_NEAR_DUP,Primary,blast_743,Blast,Primary,blast_744,Blast,hamming_dist_4,False
PERCEPTUAL_NEAR_DUP,Primary,blast_744,Blast,Primary,blast_746,Blast,hamming_dist_3,False
PERCEPTUAL_NEAR_DUP,Primary,blast_744,Blast,Primary,blast_747,Blast,hamming_dist_3,False
PERCEPTUAL_NEAR_DUP,Primary,blast_745,Blast,Primary,blast_746,Blast,hamming_dist_4,False
PERCEPTUAL_NEAR_DUP,Primary,blast_745,Blast,Primary,blast_747,Blast,hamming_dist_4,False
PERCEPTUAL_NEAR_DUP,Primary,blast_746,Blast,Primary,blast_747,Blast,hamming_dist_0,False
PERCEPTUAL_NEAR_DUP,Primary,blast_751,Blast,Primary,blast_752,Blast,hamming_dist_2,False
PERCEPTUAL_NEAR_DUP,Primary,blast_754,Blast,Primary,blast_755,Blast,hamming_dist_1,False
PERCEPTUAL_NEAR_DUP,Primary,blast_756,Blast,Primary,blast_757,Blast,hamming_dist_4,False
PERCEPTUAL_NEAR_DUP,Primary,blast_756,Blast,Primary,blast_758,Blast,hamming_dist_1,False
PERCEPTUAL_NEAR_DUP,Primary,blast_757,Blast,Primary,blast_759,Blast,hamming_dist_4,False
PERCEPTUAL_NEAR_DUP,Primary,blast_767,Blast,Primary,blast_768,Blast,hamming_dist_3,False
PERCEPTUAL_NEAR_DUP,Primary,blast_767,Blast,Primary,blast_773,Blast,hamming_dist_4,False
PERCEPTUAL_NEAR_DUP,Primary,blast_773,Blast,Primary,blast_774,Blast,hamming_dist_4,False
PERCEPTUAL_NEAR_DUP,Primary,blast_773,Blast,Primary,blast_775,Blast,hamming_dist_4,False
PERCEPTUAL_NEAR_DUP,Primary,blast_777,Blast,Primary,blast_778,Blast,hamming_dist_4,False
PERCEPTUAL_NEAR_DUP,Primary,blast_778,Blast,Primary,blast_779,Blast,hamming_dist_4,False
PERCEPTUAL_NEAR_DUP,Primary,blast_780,Blast,Primary,blast_781,Blast,hamming_dist_3,False
PERCEPTUAL_NEAR_DUP,Primary,blast_785,Blast,Primary,blast_786,Blast,hamming_dist_4,False
PERCEPTUAL_NEAR_DUP,Primary,blast_791,Blast,Primary,blast_792,Blast,hamming_dist_3,False
PERCEPTUAL_NEAR_DUP,Primary,blast_792,Blast,Primary,blast_796,Blast,hamming_dist_3,False
PERCEPTUAL_NEAR_DUP,Primary,blast_792,Blast,Primary,blast_797,Blast,hamming_dist_3,False
PERCEPTUAL_NEAR_DUP,Primary,blast_793,Blast,Primary,blast_794,Blast,hamming_dist_0,False
PERCEPTUAL_NEAR_DUP,Primary,blast_793,Blast,Primary,blast_795,Blast,hamming_dist_3,False
PERCEPTUAL_NEAR_DUP,Primary,blast_793,Blast,Primary,blast_796,Blast,hamming_dist_3,False
PERCEPTUAL_NEAR_DUP,Primary,blast_793,Blast,Primary,blast_797,Blast,hamming_dist_3,False
PERCEPTUAL_NEAR_DUP,Primary,blast_794,Blast,Primary,blast_795,Blast,hamming_dist_3,False
PERCEPTUAL_NEAR_DUP,Primary,blast_794,Blast,Primary,blast_796,Blast,hamming_dist_3,False
PERCEPTUAL_NEAR_DUP,Primary,blast_794,Blast,Primary,blast_797,Blast,hamming_dist_3,False
PERCEPTUAL_NEAR_DUP,Primary,blast_795,Blast,Primary,blast_796,Blast,hamming_dist_2,False
PERCEPTUAL_NEAR_DUP,Primary,blast_795,Blast,Primary,blast_797,Blast,hamming_dist_2,False
PERCEPTUAL_NEAR_DUP,Primary,blast_796,Blast,Primary,blast_797,Blast,hamming_dist_0,False
PERCEPTUAL_NEAR_DUP,Primary,blast_799,Blast,Primary,blast_801,Blast,hamming_dist_4,False
PERCEPTUAL_NEAR_DUP,Primary,blast_800,Blast,Primary,blast_801,Blast,hamming_dist_1,False
PERCEPTUAL_NEAR_DUP,Primary,blast_802,Blast,Primary,blast_803,Blast,hamming_dist_0,False
PERCEPTUAL_NEAR_DUP,Primary,blast_802,Blast,Primary,blast_804,Blast,hamming_dist_3,False
PERCEPTUAL_NEAR_DUP,Primary,blast_802,Blast,Primary,blast_805,Blast,hamming_dist_4,False
PERCEPTUAL_NEAR_DUP,Primary,blast_802,Blast,Primary,blast_806,Blast,hamming_dist_3,False
PERCEPTUAL_NEAR_DUP,Primary,blast_803,Blast,Primary,blast_804,Blast,hamming_dist_3,False
PERCEPTUAL_NEAR_DUP,Primary,blast_803,Blast,Primary,blast_805,Blast,hamming_dist_4,False
PERCEPTUAL_NEAR_DUP,Primary,blast_803,Blast,Primary,blast_806,Blast,hamming_dist_3,False
PERCEPTUAL_NEAR_DUP,Primary,blast_804,Blast,Primary,blast_805,Blast,hamming_dist_1,False
PERCEPTUAL_NEAR_DUP,Primary,blast_804,Blast,Primary,blast_806,Blast,hamming_dist_0,False
PERCEPTUAL_NEAR_DUP,Primary,blast_805,Blast,Primary,blast_806,Blast,hamming_dist_1,False
PERCEPTUAL_NEAR_DUP,Primary,blast_805,Blast,Primary,blast_807,Blast,hamming_dist_4,False
PERCEPTUAL_NEAR_DUP,Primary,blast_805,Blast,Primary,blast_808,Blast,hamming_dist_4,False
PERCEPTUAL_NEAR_DUP,Primary,blast_807,Blast,Primary,blast_808,Blast,hamming_dist_0,False
PERCEPTUAL_NEAR_DUP,Primary,blast_810,Blast,Primary,blast_813,Blast,hamming_dist_4,False
PERCEPTUAL_NEAR_DUP,Primary,blast_811,Blast,Primary,blast_812,Blast,hamming_dist_3,False
PERCEPTUAL_NEAR_DUP,Primary,blast_811,Blast,Primary,blast_813,Blast,hamming_dist_2,False
PERCEPTUAL_NEAR_DUP,Primary,blast_812,Blast,Primary,blast_813,Blast,hamming_dist_1,False
PERCEPTUAL_NEAR_DUP,Primary,blast_813,Blast,Primary,blast_814,Blast,hamming_dist_4,False
PERCEPTUAL_NEAR_DUP,Primary,blast_813,Blast,Primary,blast_815,Blast,hamming_dist_4,False
PERCEPTUAL_NEAR_DUP,Primary,blast_814,Blast,Primary,blast_815,Blast,hamming_dist_0,False
PERCEPTUAL_NEAR_DUP,Primary,blast_824,Blast,Primary,blast_825,Blast,hamming_dist_3,False
PERCEPTUAL_NEAR_DUP,Primary,blast_831,Blast,Primary,blast_832,Blast,hamming_dist_1,False
PERCEPTUAL_NEAR_DUP,Primary,blast_831,Blast,Primary,blast_833,Blast,hamming_dist_1,False
PERCEPTUAL_NEAR_DUP,Primary,blast_831,Blast,Primary,blast_834,Blast,hamming_dist_3,False
PERCEPTUAL_NEAR_DUP,Primary,blast_831,Blast,Primary,blast_835,Blast,hamming_dist_3,False
PERCEPTUAL_NEAR_DUP,Primary,blast_832,Blast,Primary,blast_833,Blast,hamming_dist_2,False
PERCEPTUAL_NEAR_DUP,Primary,blast_832,Blast,Primary,blast_834,Blast,hamming_dist_4,False
PERCEPTUAL_NEAR_DUP,Primary,blast_832,Blast,Primary,blast_835,Blast,hamming_dist_4,False
PERCEPTUAL_NEAR_DUP,Primary,blast_833,Blast,Primary,blast_834,Blast,hamming_dist_2,False
PERCEPTUAL_NEAR_DUP,Primary,blast_833,Blast,Primary,blast_835,Blast,hamming_dist_2,False
PERCEPTUAL_NEAR_DUP,Primary,blast_834,Blast,Primary,blast_835,Blast,hamming_dist_0,False
PERCEPTUAL_NEAR_DUP,Primary,blast_834,Blast,Primary,blast_836,Blast,hamming_dist_3,False
PERCEPTUAL_NEAR_DUP,Primary,blast_835,Blast,Primary,blast_836,Blast,hamming_dist_3,False
PERCEPTUAL_NEAR_DUP,Primary,blast_836,Blast,Primary,blast_837,Blast,hamming_dist_4,False
PERCEPTUAL_NEAR_DUP,Primary,blast_844,Blast,Primary,blast_845,Blast,hamming_dist_4,False
PERCEPTUAL_NEAR_DUP,Primary,blast_844,Blast,Primary,blast_850,Blast,hamming_dist_4,False
PERCEPTUAL_NEAR_DUP,Primary,blast_857,Blast,Primary,blast_859,Blast,hamming_dist_4,False
PERCEPTUAL_NEAR_DUP,Primary,blast_859,Blast,Primary,blast_860,Blast,hamming_dist_4,False
PERCEPTUAL_NEAR_DUP,Primary,blast_859,Blast,Primary,blast_861,Blast,hamming_dist_4,False
PERCEPTUAL_NEAR_DUP,Primary,blast_860,Blast,Primary,blast_861,Blast,hamming_dist_4,False
PERCEPTUAL_NEAR_DUP,Primary,blast_862,Blast,Primary,blast_864,Blast,hamming_dist_4,False
PERCEPTUAL_NEAR_DUP,Primary,blast_863,Blast,Primary,blast_864,Blast,hamming_dist_4,False
PERCEPTUAL_NEAR_DUP,Primary,blast_863,Blast,Primary,blast_866,Blast,hamming_dist_3,False
PERCEPTUAL_NEAR_DUP,Primary,blast_865,Blast,Primary,blast_866,Blast,hamming_dist_3,False
PERCEPTUAL_NEAR_DUP,Primary,blast_865,Blast,Primary,blast_867,Blast,hamming_dist_3,False
PERCEPTUAL_NEAR_DUP,Primary,blast_866,Blast,Primary,blast_867,Blast,hamming_dist_2,False
PERCEPTUAL_NEAR_DUP,Primary,blast_867,Blast,Primary,blast_868,Blast,hamming_dist_4,False
PERCEPTUAL_NEAR_DUP,Primary,blast_872,Blast,Primary,blast_873,Blast,hamming_dist_4,False
PERCEPTUAL_NEAR_DUP,Primary,blast_872,Blast,Primary,blast_874,Blast,hamming_dist_3,False
PERCEPTUAL_NEAR_DUP,Primary,blast_877,Blast,Primary,blast_878,Blast,hamming_dist_4,False
PERCEPTUAL_NEAR_DUP,Primary,blast_883,Blast,Primary,blast_885,Blast,hamming_dist_4,False
PERCEPTUAL_NEAR_DUP,Primary,blast_884,Blast,Primary,blast_885,Blast,hamming_dist_2,False
PERCEPTUAL_NEAR_DUP,Primary,blast_893,Blast,Primary,blast_895,Blast,hamming_dist_4,False
PERCEPTUAL_NEAR_DUP,Primary,blast_906,Blast,Primary,blast_910,Blast,hamming_dist_3,False
PERCEPTUAL_NEAR_DUP,Primary,blast_906,Blast,Primary,blast_913,Blast,hamming_dist_4,False
PERCEPTUAL_NEAR_DUP,Primary,blast_907,Blast,Primary,blast_908,Blast,hamming_dist_3,False
PERCEPTUAL_NEAR_DUP,Primary,blast_910,Blast,Primary,blast_913,Blast,hamming_dist_3,False
PERCEPTUAL_NEAR_DUP,Primary,blast_911,Blast,Primary,blast_912,Blast,hamming_dist_3,False
PERCEPTUAL_NEAR_DUP,Primary,blast_911,Blast,Primary,blast_913,Blast,hamming_dist_3,False
PERCEPTUAL_NEAR_DUP,Primary,blast_912,Blast,Primary,blast_913,Blast,hamming_dist_4,False
PERCEPTUAL_NEAR_DUP,Primary,blast_914,Blast,Primary,blast_918,Blast,hamming_dist_4,False
PERCEPTUAL_NEAR_DUP,Primary,blast_915,Blast,Primary,blast_918,Blast,hamming_dist_3,False
PERCEPTUAL_NEAR_DUP,Primary,blast_920,Blast,Primary,blast_921,Blast,hamming_dist_2,False
PERCEPTUAL_NEAR_DUP,Primary,blast_923,Blast,Primary,blast_924,Blast,hamming_dist_2,False
PERCEPTUAL_NEAR_DUP,Primary,blast_923,Blast,Primary,blast_925,Blast,hamming_dist_4,False
PERCEPTUAL_NEAR_DUP,Primary,blast_924,Blast,Primary,blast_925,Blast,hamming_dist_2,False
PERCEPTUAL_NEAR_DUP,Primary,blast_926,Blast,Primary,blast_927,Blast,hamming_dist_2,False
PERCEPTUAL_NEAR_DUP,Primary,blast_926,Blast,Primary,blast_928,Blast,hamming_dist_4,False
PERCEPTUAL_NEAR_DUP,Primary,blast_926,Blast,Primary,blast_931,Blast,hamming_dist_4,False
PERCEPTUAL_NEAR_DUP,Primary,blast_927,Blast,Primary,blast_928,Blast,hamming_dist_4,False
PERCEPTUAL_NEAR_DUP,Primary,blast_927,Blast,Primary,blast_931,Blast,hamming_dist_4,False
PERCEPTUAL_NEAR_DUP,Primary,blast_928,Blast,Primary,blast_930,Blast,hamming_dist_3,False
PERCEPTUAL_NEAR_DUP,Primary,blast_929,Blast,Primary,brown spot_1001,Brown Spot,hamming_dist_4,False
PERCEPTUAL_NEAR_DUP,Primary,blast_929,Blast,Primary,brown spot_1002,Brown Spot,hamming_dist_3,False
PERCEPTUAL_NEAR_DUP,Primary,blast_929,Blast,Primary,brown spot_1003,Brown Spot,hamming_dist_1,False
PERCEPTUAL_NEAR_DUP,Primary,blast_933,Blast,Primary,brown spot_1004,Brown Spot,hamming_dist_2,False
PERCEPTUAL_NEAR_DUP,Primary,blast_934,Blast,Primary,blast_935,Blast,hamming_dist_3,False
PERCEPTUAL_NEAR_DUP,Primary,blast_935,Blast,Primary,blast_939,Blast,hamming_dist_4,False
PERCEPTUAL_NEAR_DUP,Primary,blast_938,Blast,Primary,blast_940,Blast,hamming_dist_4,False
PERCEPTUAL_NEAR_DUP,Primary,blast_948,Blast,Primary,blast_949,Blast,hamming_dist_4,False
PERCEPTUAL_NEAR_DUP,Primary,blast_954,Blast,Primary,blast_955,Blast,hamming_dist_4,False
PERCEPTUAL_NEAR_DUP,Primary,blast_954,Blast,Primary,blast_956,Blast,hamming_dist_4,False
PERCEPTUAL_NEAR_DUP,Primary,blast_955,Blast,Primary,blast_956,Blast,hamming_dist_0,False
PERCEPTUAL_NEAR_DUP,Primary,blast_959,Blast,Primary,blast_960,Blast,hamming_dist_2,False
PERCEPTUAL_NEAR_DUP,Primary,blast_959,Blast,Primary,blast_961,Blast,hamming_dist_4,False
PERCEPTUAL_NEAR_DUP,Primary,blast_960,Blast,Primary,blast_961,Blast,hamming_dist_4,False
PERCEPTUAL_NEAR_DUP,Primary,blast_969,Blast,Primary,blast_972,Blast,hamming_dist_2,False
PERCEPTUAL_NEAR_DUP,Primary,blast_969,Blast,Primary,blast_973,Blast,hamming_dist_4,False
PERCEPTUAL_NEAR_DUP,Primary,blast_970,Blast,Primary,blast_971,Blast,hamming_dist_4,False
PERCEPTUAL_NEAR_DUP,Primary,blast_970,Blast,Primary,blast_972,Blast,hamming_dist_3,False
PERCEPTUAL_NEAR_DUP,Primary,blast_970,Blast,Primary,blast_973,Blast,hamming_dist_3,False
PERCEPTUAL_NEAR_DUP,Primary,blast_971,Blast,Primary,blast_973,Blast,hamming_dist_3,False
PERCEPTUAL_NEAR_DUP,Primary,blast_972,Blast,Primary,blast_973,Blast,hamming_dist_2,False
PERCEPTUAL_NEAR_DUP,Primary,blast_974,Blast,Primary,blast_975,Blast,hamming_dist_3,False
PERCEPTUAL_NEAR_DUP,Primary,blast_974,Blast,Primary,blast_976,Blast,hamming_dist_3,False
PERCEPTUAL_NEAR_DUP,Primary,blast_974,Blast,Primary,brown spot_1174,Brown Spot,hamming_dist_4,False
PERCEPTUAL_NEAR_DUP,Primary,blast_975,Blast,Primary,blast_976,Blast,hamming_dist_4,False
PERCEPTUAL_NEAR_DUP,Primary,blast_975,Blast,Primary,brown spot_1174,Brown Spot,hamming_dist_3,False
PERCEPTUAL_NEAR_DUP,Primary,blast_976,Blast,Primary,blast_977,Blast,hamming_dist_4,False
PERCEPTUAL_NEAR_DUP,Primary,blast_976,Blast,Primary,blast_979,Blast,hamming_dist_4,False
PERCEPTUAL_NEAR_DUP,Primary,blast_977,Blast,Primary,blast_979,Blast,hamming_dist_4,False
PERCEPTUAL_NEAR_DUP,Primary,blast_978,Blast,Primary,blast_979,Blast,hamming_dist_4,False
PERCEPTUAL_NEAR_DUP,Primary,blast_982,Blast,Primary,blast_983,Blast,hamming_dist_4,False
PERCEPTUAL_NEAR_DUP,Primary,blast_982,Blast,Primary,blast_985,Blast,hamming_dist_2,False
PERCEPTUAL_NEAR_DUP,Primary,blast_983,Blast,Primary,blast_984,Blast,hamming_dist_1,False
PERCEPTUAL_NEAR_DUP,Primary,blast_983,Blast,Primary,blast_985,Blast,hamming_dist_2,False
PERCEPTUAL_NEAR_DUP,Primary,blast_983,Blast,Primary,blast_986,Blast,hamming_dist_2,False
PERCEPTUAL_NEAR_DUP,Primary,blast_983,Blast,Primary,blast_987,Blast,hamming_dist_2,False
PERCEPTUAL_NEAR_DUP,Primary,blast_984,Blast,Primary,blast_985,Blast,hamming_dist_3,False
PERCEPTUAL_NEAR_DUP,Primary,blast_984,Blast,Primary,blast_986,Blast,hamming_dist_1,False
PERCEPTUAL_NEAR_DUP,Primary,blast_984,Blast,Primary,blast_987,Blast,hamming_dist_1,False
PERCEPTUAL_NEAR_DUP,Primary,blast_985,Blast,Primary,blast_986,Blast,hamming_dist_4,False
PERCEPTUAL_NEAR_DUP,Primary,blast_985,Blast,Primary,blast_987,Blast,hamming_dist_4,False
PERCEPTUAL_NEAR_DUP,Primary,blast_986,Blast,Primary,blast_987,Blast,hamming_dist_0,False
PERCEPTUAL_NEAR_DUP,Primary,blast_986,Blast,Primary,blast_988,Blast,hamming_dist_4,False
PERCEPTUAL_NEAR_DUP,Primary,blast_987,Blast,Primary,blast_988,Blast,hamming_dist_4,False
PERCEPTUAL_NEAR_DUP,Primary,blast_988,Blast,Primary,blast_989,Blast,hamming_dist_3,False
PERCEPTUAL_NEAR_DUP,Primary,blast_988,Blast,Primary,blast_992,Blast,hamming_dist_4,False
PERCEPTUAL_NEAR_DUP,Primary,blast_989,Blast,Primary,blast_990,Blast,hamming_dist_4,False
PERCEPTUAL_NEAR_DUP,Primary,blast_989,Blast,Primary,blast_991,Blast,hamming_dist_4,False
PERCEPTUAL_NEAR_DUP,Primary,blast_989,Blast,Primary,blast_992,Blast,hamming_dist_1,False
PERCEPTUAL_NEAR_DUP,Primary,blast_989,Blast,Primary,blast_993,Blast,hamming_dist_2,False
PERCEPTUAL_NEAR_DUP,Primary,blast_990,Blast,Primary,blast_991,Blast,hamming_dist_2,False
PERCEPTUAL_NEAR_DUP,Primary,blast_990,Blast,Primary,blast_992,Blast,hamming_dist_3,False
PERCEPTUAL_NEAR_DUP,Primary,blast_990,Blast,Primary,blast_993,Blast,hamming_dist_4,False
PERCEPTUAL_NEAR_DUP,Primary,blast_991,Blast,Primary,blast_992,Blast,hamming_dist_3,False
PERCEPTUAL_NEAR_DUP,Primary,blast_991,Blast,Primary,blast_993,Blast,hamming_dist_4,False
PERCEPTUAL_NEAR_DUP,Primary,blast_992,Blast,Primary,blast_993,Blast,hamming_dist_1,False
PERCEPTUAL_NEAR_DUP,Primary,blast_994,Blast,Primary,blast_995,Blast,hamming_dist_1,False
PERCEPTUAL_NEAR_DUP,Primary,blast_997,Blast,Primary,blast_998,Blast,hamming_dist_0,False
PERCEPTUAL_NEAR_DUP,Primary,brown spot_1001,Brown Spot,Primary,brown spot_1002,Brown Spot,hamming_dist_1,False
PERCEPTUAL_NEAR_DUP,Primary,brown spot_1001,Brown Spot,Primary,brown spot_1003,Brown Spot,hamming_dist_3,False
PERCEPTUAL_NEAR_DUP,Primary,brown spot_1002,Brown Spot,Primary,brown spot_1003,Brown Spot,hamming_dist_2,False
PERCEPTUAL_NEAR_DUP,Primary,brown spot_1009,Brown Spot,Primary,brown spot_1010,Brown Spot,hamming_dist_1,False
PERCEPTUAL_NEAR_DUP,Primary,brown spot_1009,Brown Spot,Primary,brown spot_1011,Brown Spot,hamming_dist_3,False
PERCEPTUAL_NEAR_DUP,Primary,brown spot_1009,Brown Spot,Primary,brown spot_1012,Brown Spot,hamming_dist_3,False
PERCEPTUAL_NEAR_DUP,Primary,brown spot_1009,Brown Spot,Primary,brown spot_1013,Brown Spot,hamming_dist_4,False
PERCEPTUAL_NEAR_DUP,Primary,brown spot_1010,Brown Spot,Primary,brown spot_1011,Brown Spot,hamming_dist_4,False
PERCEPTUAL_NEAR_DUP,Primary,brown spot_1010,Brown Spot,Primary,brown spot_1012,Brown Spot,hamming_dist_2,False
PERCEPTUAL_NEAR_DUP,Primary,brown spot_1011,Brown Spot,Primary,brown spot_1012,Brown Spot,hamming_dist_2,False
PERCEPTUAL_NEAR_DUP,Primary,brown spot_1013,Brown Spot,Primary,brown spot_1015,Brown Spot,hamming_dist_4,False
PERCEPTUAL_NEAR_DUP,Primary,brown spot_1013,Brown Spot,Primary,brown spot_1016,Brown Spot,hamming_dist_3,False
PERCEPTUAL_NEAR_DUP,Primary,brown spot_1013,Brown Spot,Primary,brown spot_1017,Brown Spot,hamming_dist_3,False
PERCEPTUAL_NEAR_DUP,Primary,brown spot_1014,Brown Spot,Primary,brown spot_1015,Brown Spot,hamming_dist_3,False
PERCEPTUAL_NEAR_DUP,Primary,brown spot_1014,Brown Spot,Primary,brown spot_1016,Brown Spot,hamming_dist_2,False
PERCEPTUAL_NEAR_DUP,Primary,brown spot_1014,Brown Spot,Primary,brown spot_1017,Brown Spot,hamming_dist_2,False
PERCEPTUAL_NEAR_DUP,Primary,brown spot_1014,Brown Spot,Primary,brown spot_1018,Brown Spot,hamming_dist_4,False
PERCEPTUAL_NEAR_DUP,Primary,brown spot_1015,Brown Spot,Primary,brown spot_1016,Brown Spot,hamming_dist_3,False
PERCEPTUAL_NEAR_DUP,Primary,brown spot_1015,Brown Spot,Primary,brown spot_1017,Brown Spot,hamming_dist_3,False
PERCEPTUAL_NEAR_DUP,Primary,brown spot_1016,Brown Spot,Primary,brown spot_1017,Brown Spot,hamming_dist_0,False
PERCEPTUAL_NEAR_DUP,Primary,brown spot_1016,Brown Spot,Primary,brown spot_1018,Brown Spot,hamming_dist_4,False
PERCEPTUAL_NEAR_DUP,Primary,brown spot_1016,Brown Spot,Primary,brown spot_1019,Brown Spot,hamming_dist_4,False
PERCEPTUAL_NEAR_DUP,Primary,brown spot_1017,Brown Spot,Primary,brown spot_1018,Brown Spot,hamming_dist_4,False
PERCEPTUAL_NEAR_DUP,Primary,brown spot_1017,Brown Spot,Primary,brown spot_1019,Brown Spot,hamming_dist_4,False
PERCEPTUAL_NEAR_DUP,Primary,brown spot_1018,Brown Spot,Primary,brown spot_1019,Brown Spot,hamming_dist_4,False
PERCEPTUAL_NEAR_DUP,Primary,brown spot_1021,Brown Spot,Primary,brown spot_1022,Brown Spot,hamming_dist_4,False
PERCEPTUAL_NEAR_DUP,Primary,brown spot_1022,Brown Spot,Primary,brown spot_1027,Brown Spot,hamming_dist_4,False
PERCEPTUAL_NEAR_DUP,Primary,brown spot_1023,Brown Spot,Primary,brown spot_1025,Brown Spot,hamming_dist_4,False
PERCEPTUAL_NEAR_DUP,Primary,brown spot_1025,Brown Spot,Primary,brown spot_1026,Brown Spot,hamming_dist_2,False
PERCEPTUAL_NEAR_DUP,Primary,brown spot_1026,Brown Spot,Primary,brown spot_1027,Brown Spot,hamming_dist_4,False
PERCEPTUAL_NEAR_DUP,Primary,brown spot_1038,Brown Spot,Primary,brown spot_1039,Brown Spot,hamming_dist_4,False
PERCEPTUAL_NEAR_DUP,Primary,brown spot_1039,Brown Spot,Primary,brown spot_1040,Brown Spot,hamming_dist_2,False
PERCEPTUAL_NEAR_DUP,Primary,brown spot_1042,Brown Spot,Primary,brown spot_1043,Brown Spot,hamming_dist_2,False
PERCEPTUAL_NEAR_DUP,Primary,brown spot_1049,Brown Spot,Primary,brown spot_1050,Brown Spot,hamming_dist_3,False
PERCEPTUAL_NEAR_DUP,Primary,brown spot_1050,Brown Spot,Primary,brown spot_1052,Brown Spot,hamming_dist_3,False
PERCEPTUAL_NEAR_DUP,Primary,brown spot_1051,Brown Spot,Primary,brown spot_1052,Brown Spot,hamming_dist_2,False
PERCEPTUAL_NEAR_DUP,Primary,brown spot_1062,Brown Spot,Primary,brown spot_1063,Brown Spot,hamming_dist_4,False
PERCEPTUAL_NEAR_DUP,Primary,brown spot_1064,Brown Spot,Primary,brown spot_1065,Brown Spot,hamming_dist_2,False
PERCEPTUAL_NEAR_DUP,Primary,brown spot_1075,Brown Spot,Primary,brown spot_1076,Brown Spot,hamming_dist_3,False
PERCEPTUAL_NEAR_DUP,Primary,brown spot_1079,Brown Spot,Primary,brown spot_1080,Brown Spot,hamming_dist_1,False
PERCEPTUAL_NEAR_DUP,Primary,brown spot_1083,Brown Spot,Primary,brown spot_1084,Brown Spot,hamming_dist_2,False
PERCEPTUAL_NEAR_DUP,Primary,brown spot_1085,Brown Spot,Primary,brown spot_1088,Brown Spot,hamming_dist_3,False
PERCEPTUAL_NEAR_DUP,Primary,brown spot_1086,Brown Spot,Primary,brown spot_1087,Brown Spot,hamming_dist_4,False
PERCEPTUAL_NEAR_DUP,Primary,brown spot_1089,Brown Spot,Primary,brown spot_1092,Brown Spot,hamming_dist_4,False
PERCEPTUAL_NEAR_DUP,Primary,brown spot_1089,Brown Spot,Primary,brown spot_1094,Brown Spot,hamming_dist_2,False
PERCEPTUAL_NEAR_DUP,Primary,brown spot_1092,Brown Spot,Primary,brown spot_1094,Brown Spot,hamming_dist_2,False
PERCEPTUAL_NEAR_DUP,Primary,brown spot_1095,Brown Spot,Primary,brown spot_1096,Brown Spot,hamming_dist_3,False
PERCEPTUAL_NEAR_DUP,Primary,brown spot_1098,Brown Spot,Primary,brown spot_1099,Brown Spot,hamming_dist_4,False
PERCEPTUAL_NEAR_DUP,Primary,brown spot_1100,Brown Spot,Primary,brown spot_1101,Brown Spot,hamming_dist_2,False
PERCEPTUAL_NEAR_DUP,Primary,brown spot_1101,Brown Spot,Primary,brown spot_1105,Brown Spot,hamming_dist_3,False
PERCEPTUAL_NEAR_DUP,Primary,brown spot_1101,Brown Spot,Primary,brown spot_1106,Brown Spot,hamming_dist_4,False
PERCEPTUAL_NEAR_DUP,Primary,brown spot_1103,Brown Spot,Primary,brown spot_1104,Brown Spot,hamming_dist_0,False
PERCEPTUAL_NEAR_DUP,Primary,brown spot_1103,Brown Spot,Primary,brown spot_1105,Brown Spot,hamming_dist_4,False
PERCEPTUAL_NEAR_DUP,Primary,brown spot_1104,Brown Spot,Primary,brown spot_1105,Brown Spot,hamming_dist_4,False
PERCEPTUAL_NEAR_DUP,Primary,brown spot_1107,Brown Spot,Primary,brown spot_1112,Brown Spot,hamming_dist_4,False
PERCEPTUAL_NEAR_DUP,Primary,brown spot_1107,Brown Spot,Primary,brown spot_1113,Brown Spot,hamming_dist_4,False
PERCEPTUAL_NEAR_DUP,Primary,brown spot_1108,Brown Spot,Primary,brown spot_1110,Brown Spot,hamming_dist_3,False
PERCEPTUAL_NEAR_DUP,Primary,brown spot_1109,Brown Spot,Primary,brown spot_1110,Brown Spot,hamming_dist_3,False
PERCEPTUAL_NEAR_DUP,Primary,brown spot_1112,Brown Spot,Primary,brown spot_1113,Brown Spot,hamming_dist_2,False
PERCEPTUAL_NEAR_DUP,Primary,brown spot_1121,Brown Spot,Primary,brown spot_1122,Brown Spot,hamming_dist_4,False
PERCEPTUAL_NEAR_DUP,Primary,brown spot_1139,Brown Spot,Primary,brown spot_1140,Brown Spot,hamming_dist_4,False
PERCEPTUAL_NEAR_DUP,Primary,brown spot_1146,Brown Spot,Primary,brown spot_1147,Brown Spot,hamming_dist_4,False
PERCEPTUAL_NEAR_DUP,Primary,brown spot_1148,Brown Spot,Primary,brown spot_1149,Brown Spot,hamming_dist_2,False
PERCEPTUAL_NEAR_DUP,Primary,brown spot_1154,Brown Spot,Primary,brown spot_1156,Brown Spot,hamming_dist_4,False
PERCEPTUAL_NEAR_DUP,Primary,brown spot_1155,Brown Spot,Primary,brown spot_1156,Brown Spot,hamming_dist_4,False
PERCEPTUAL_NEAR_DUP,Primary,brown spot_1168,Brown Spot,Primary,brown spot_1169,Brown Spot,hamming_dist_4,False
PERCEPTUAL_NEAR_DUP,Primary,brown spot_1171,Brown Spot,Primary,brown spot_1172,Brown Spot,hamming_dist_4,False
PERCEPTUAL_NEAR_DUP,Primary,brown spot_1172,Brown Spot,Primary,brown spot_1173,Brown Spot,hamming_dist_1,False
PERCEPTUAL_NEAR_DUP,Primary,brown spot_1175,Brown Spot,Primary,brown spot_1176,Brown Spot,hamming_dist_3,False
PERCEPTUAL_NEAR_DUP,Primary,brown spot_1177,Brown Spot,Primary,brown spot_1178,Brown Spot,hamming_dist_4,False
PERCEPTUAL_NEAR_DUP,Primary,brown spot_1177,Brown Spot,Primary,brown spot_1179,Brown Spot,hamming_dist_4,False
PERCEPTUAL_NEAR_DUP,Primary,brown spot_1178,Brown Spot,Primary,brown spot_1179,Brown Spot,hamming_dist_4,False
PERCEPTUAL_NEAR_DUP,Primary,brown spot_1182,Brown Spot,Primary,brown spot_1183,Brown Spot,hamming_dist_1,False
PERCEPTUAL_NEAR_DUP,Primary,brown spot_1186,Brown Spot,Primary,brown spot_1187,Brown Spot,hamming_dist_2,False
PERCEPTUAL_NEAR_DUP,Primary,brown spot_1187,Brown Spot,Primary,brown spot_1188,Brown Spot,hamming_dist_3,False
PERCEPTUAL_NEAR_DUP,Primary,brown spot_1187,Brown Spot,Primary,brown spot_1189,Brown Spot,hamming_dist_4,False
PERCEPTUAL_NEAR_DUP,Primary,brown spot_1188,Brown Spot,Primary,brown spot_1189,Brown Spot,hamming_dist_1,False
PERCEPTUAL_NEAR_DUP,Primary,brown spot_1193,Brown Spot,Primary,brown spot_1194,Brown Spot,hamming_dist_4,False
PERCEPTUAL_NEAR_DUP,Primary,brown spot_1193,Brown Spot,Primary,brown spot_1195,Brown Spot,hamming_dist_4,False
PERCEPTUAL_NEAR_DUP,Primary,brown spot_1194,Brown Spot,Primary,brown spot_1195,Brown Spot,hamming_dist_0,False
PERCEPTUAL_NEAR_DUP,Primary,brown spot_1199,Brown Spot,Primary,brown spot_1200,Brown Spot,hamming_dist_2,False
PERCEPTUAL_NEAR_DUP,Primary,brown spot_1205,Brown Spot,Primary,brown spot_1206,Brown Spot,hamming_dist_2,False
PERCEPTUAL_NEAR_DUP,Primary,brown spot_1206,Brown Spot,Primary,brown spot_1207,Brown Spot,hamming_dist_4,False
PERCEPTUAL_NEAR_DUP,Primary,brown spot_1208,Brown Spot,Primary,brown spot_1209,Brown Spot,hamming_dist_2,False
PERCEPTUAL_NEAR_DUP,Primary,brown spot_1208,Brown Spot,Primary,brown spot_1212,Brown Spot,hamming_dist_4,False
PERCEPTUAL_NEAR_DUP,Primary,brown spot_1209,Brown Spot,Primary,brown spot_1210,Brown Spot,hamming_dist_3,False
PERCEPTUAL_NEAR_DUP,Primary,brown spot_1209,Brown Spot,Primary,brown spot_1211,Brown Spot,hamming_dist_3,False
PERCEPTUAL_NEAR_DUP,Primary,brown spot_1209,Brown Spot,Primary,brown spot_1212,Brown Spot,hamming_dist_2,False
PERCEPTUAL_NEAR_DUP,Primary,brown spot_1209,Brown Spot,Primary,brown spot_1213,Brown Spot,hamming_dist_4,False
PERCEPTUAL_NEAR_DUP,Primary,brown spot_1209,Brown Spot,Primary,brown spot_1214,Brown Spot,hamming_dist_4,False
PERCEPTUAL_NEAR_DUP,Primary,brown spot_1209,Brown Spot,Primary,brown spot_1215,Brown Spot,hamming_dist_4,False
PERCEPTUAL_NEAR_DUP,Primary,brown spot_1209,Brown Spot,Primary,brown spot_1217,Brown Spot,hamming_dist_3,False
PERCEPTUAL_NEAR_DUP,Primary,brown spot_1210,Brown Spot,Primary,brown spot_1211,Brown Spot,hamming_dist_4,False
PERCEPTUAL_NEAR_DUP,Primary,brown spot_1211,Brown Spot,Primary,brown spot_1212,Brown Spot,hamming_dist_1,False
PERCEPTUAL_NEAR_DUP,Primary,brown spot_1212,Brown Spot,Primary,brown spot_1213,Brown Spot,hamming_dist_4,False
PERCEPTUAL_NEAR_DUP,Primary,brown spot_1212,Brown Spot,Primary,brown spot_1214,Brown Spot,hamming_dist_4,False
PERCEPTUAL_NEAR_DUP,Primary,brown spot_1212,Brown Spot,Primary,brown spot_1215,Brown Spot,hamming_dist_4,False
PERCEPTUAL_NEAR_DUP,Primary,brown spot_1212,Brown Spot,Primary,brown spot_1218,Brown Spot,hamming_dist_4,False
PERCEPTUAL_NEAR_DUP,Primary,brown spot_1212,Brown Spot,Primary,brown spot_1220,Brown Spot,hamming_dist_4,False
PERCEPTUAL_NEAR_DUP,Primary,brown spot_1213,Brown Spot,Primary,brown spot_1214,Brown Spot,hamming_dist_0,False
PERCEPTUAL_NEAR_DUP,Primary,brown spot_1213,Brown Spot,Primary,brown spot_1215,Brown Spot,hamming_dist_0,False
PERCEPTUAL_NEAR_DUP,Primary,brown spot_1213,Brown Spot,Primary,brown spot_1217,Brown Spot,hamming_dist_3,False
PERCEPTUAL_NEAR_DUP,Primary,brown spot_1214,Brown Spot,Primary,brown spot_1215,Brown Spot,hamming_dist_0,False
PERCEPTUAL_NEAR_DUP,Primary,brown spot_1214,Brown Spot,Primary,brown spot_1217,Brown Spot,hamming_dist_3,False
PERCEPTUAL_NEAR_DUP,Primary,brown spot_1215,Brown Spot,Primary,brown spot_1217,Brown Spot,hamming_dist_3,False
PERCEPTUAL_NEAR_DUP,Primary,brown spot_1216,Brown Spot,Primary,brown spot_1221,Brown Spot,hamming_dist_4,False
PERCEPTUAL_NEAR_DUP,Primary,brown spot_1218,Brown Spot,Primary,brown spot_1219,Brown Spot,hamming_dist_1,False
PERCEPTUAL_NEAR_DUP,Primary,brown spot_1218,Brown Spot,Primary,brown spot_1220,Brown Spot,hamming_dist_0,False
PERCEPTUAL_NEAR_DUP,Primary,brown spot_1219,Brown Spot,Primary,brown spot_1220,Brown Spot,hamming_dist_1,False
PERCEPTUAL_NEAR_DUP,Primary,brown spot_1225,Brown Spot,Primary,brown spot_1226,Brown Spot,hamming_dist_3,False
PERCEPTUAL_NEAR_DUP,Primary,brown spot_1229,Brown Spot,Primary,brown spot_1230,Brown Spot,hamming_dist_2,False
PERCEPTUAL_NEAR_DUP,Primary,brown spot_1237,Brown Spot,Primary,brown spot_1239,Brown Spot,hamming_dist_4,False
PERCEPTUAL_NEAR_DUP,Primary,brown spot_1246,Brown Spot,Primary,brown spot_1247,Brown Spot,hamming_dist_3,False
PERCEPTUAL_NEAR_DUP,Primary,brown spot_1257,Brown Spot,Primary,brown spot_1258,Brown Spot,hamming_dist_3,False
PERCEPTUAL_NEAR_DUP,Primary,brown spot_1259,Brown Spot,Primary,brown spot_1261,Brown Spot,hamming_dist_3,False
PERCEPTUAL_NEAR_DUP,Primary,brown spot_1259,Brown Spot,Primary,brown spot_1262,Brown Spot,hamming_dist_4,False
PERCEPTUAL_NEAR_DUP,Primary,brown spot_1260,Brown Spot,Primary,brown spot_1262,Brown Spot,hamming_dist_3,False
PERCEPTUAL_NEAR_DUP,Primary,brown spot_1274,Brown Spot,Primary,brown spot_1275,Brown Spot,hamming_dist_3,False
PERCEPTUAL_NEAR_DUP,Primary,brown spot_1276,Brown Spot,Primary,brown spot_1277,Brown Spot,hamming_dist_4,False
PERCEPTUAL_NEAR_DUP,Primary,brown spot_1277,Brown Spot,Primary,brown spot_1278,Brown Spot,hamming_dist_1,False
PERCEPTUAL_NEAR_DUP,Primary,brown spot_1282,Brown Spot,Primary,brown spot_1283,Brown Spot,hamming_dist_3,False
PERCEPTUAL_NEAR_DUP,Primary,brown spot_1289,Brown Spot,Primary,brown spot_1290,Brown Spot,hamming_dist_3,False
PERCEPTUAL_NEAR_DUP,Primary,brown spot_1289,Brown Spot,Primary,brown spot_1291,Brown Spot,hamming_dist_4,False
PERCEPTUAL_NEAR_DUP,Primary,brown spot_1290,Brown Spot,Primary,brown spot_1291,Brown Spot,hamming_dist_3,False
PERCEPTUAL_NEAR_DUP,Primary,brown spot_1290,Brown Spot,Primary,brown spot_1292,Brown Spot,hamming_dist_4,False
PERCEPTUAL_NEAR_DUP,Primary,brown spot_1291,Brown Spot,Primary,brown spot_1292,Brown Spot,hamming_dist_3,False
PERCEPTUAL_NEAR_DUP,Primary,brown spot_1298,Brown Spot,Primary,brown spot_1299,Brown Spot,hamming_dist_4,False
PERCEPTUAL_NEAR_DUP,Primary,brown spot_1301,Brown Spot,Primary,brown spot_1302,Brown Spot,hamming_dist_4,False
PERCEPTUAL_NEAR_DUP,Primary,brown spot_1315,Brown Spot,Primary,brown spot_1316,Brown Spot,hamming_dist_4,False
PERCEPTUAL_NEAR_DUP,Primary,brown spot_1315,Brown Spot,Primary,brown spot_1317,Brown Spot,hamming_dist_4,False
PERCEPTUAL_NEAR_DUP,Primary,brown spot_1316,Brown Spot,Primary,brown spot_1317,Brown Spot,hamming_dist_0,False
PERCEPTUAL_NEAR_DUP,Primary,brown spot_1318,Brown Spot,Primary,brown spot_1319,Brown Spot,hamming_dist_4,False
PERCEPTUAL_NEAR_DUP,Primary,brown spot_1320,Brown Spot,Primary,brown spot_1321,Brown Spot,hamming_dist_1,False
PERCEPTUAL_NEAR_DUP,Primary,brown spot_1322,Brown Spot,Primary,brown spot_1323,Brown Spot,hamming_dist_2,False
PERCEPTUAL_NEAR_DUP,Primary,brown spot_1322,Brown Spot,Primary,brown spot_1324,Brown Spot,hamming_dist_3,False
PERCEPTUAL_NEAR_DUP,Primary,brown spot_1322,Brown Spot,Primary,brown spot_1326,Brown Spot,hamming_dist_3,False
PERCEPTUAL_NEAR_DUP,Primary,brown spot_1322,Brown Spot,Primary,brown spot_1327,Brown Spot,hamming_dist_3,False
PERCEPTUAL_NEAR_DUP,Primary,brown spot_1322,Brown Spot,Primary,brown spot_1328,Brown Spot,hamming_dist_4,False
PERCEPTUAL_NEAR_DUP,Primary,brown spot_1323,Brown Spot,Primary,brown spot_1324,Brown Spot,hamming_dist_1,False
PERCEPTUAL_NEAR_DUP,Primary,brown spot_1323,Brown Spot,Primary,brown spot_1325,Brown Spot,hamming_dist_3,False
PERCEPTUAL_NEAR_DUP,Primary,brown spot_1323,Brown Spot,Primary,brown spot_1326,Brown Spot,hamming_dist_1,False
PERCEPTUAL_NEAR_DUP,Primary,brown spot_1323,Brown Spot,Primary,brown spot_1327,Brown Spot,hamming_dist_1,False
PERCEPTUAL_NEAR_DUP,Primary,brown spot_1323,Brown Spot,Primary,brown spot_1328,Brown Spot,hamming_dist_4,False
PERCEPTUAL_NEAR_DUP,Primary,brown spot_1324,Brown Spot,Primary,brown spot_1325,Brown Spot,hamming_dist_2,False
PERCEPTUAL_NEAR_DUP,Primary,brown spot_1324,Brown Spot,Primary,brown spot_1326,Brown Spot,hamming_dist_2,False
PERCEPTUAL_NEAR_DUP,Primary,brown spot_1324,Brown Spot,Primary,brown spot_1327,Brown Spot,hamming_dist_2,False
PERCEPTUAL_NEAR_DUP,Primary,brown spot_1325,Brown Spot,Primary,brown spot_1326,Brown Spot,hamming_dist_2,False
PERCEPTUAL_NEAR_DUP,Primary,brown spot_1325,Brown Spot,Primary,brown spot_1327,Brown Spot,hamming_dist_2,False
PERCEPTUAL_NEAR_DUP,Primary,brown spot_1326,Brown Spot,Primary,brown spot_1327,Brown Spot,hamming_dist_0,False
PERCEPTUAL_NEAR_DUP,Primary,brown spot_1326,Brown Spot,Primary,brown spot_1328,Brown Spot,hamming_dist_3,False
PERCEPTUAL_NEAR_DUP,Primary,brown spot_1327,Brown Spot,Primary,brown spot_1328,Brown Spot,hamming_dist_3,False
PERCEPTUAL_NEAR_DUP,Primary,brown spot_1336,Brown Spot,Primary,brown spot_1337,Brown Spot,hamming_dist_4,False
PERCEPTUAL_NEAR_DUP,Primary,brown spot_1336,Brown Spot,Primary,brown spot_1338,Brown Spot,hamming_dist_3,False
PERCEPTUAL_NEAR_DUP,Primary,brown spot_1336,Brown Spot,Primary,brown spot_1365,Brown Spot,hamming_dist_4,False
PERCEPTUAL_NEAR_DUP,Primary,brown spot_1337,Brown Spot,Primary,brown spot_1338,Brown Spot,hamming_dist_1,False
PERCEPTUAL_NEAR_DUP,Primary,brown spot_1337,Brown Spot,Primary,brown spot_1339,Brown Spot,hamming_dist_2,False
PERCEPTUAL_NEAR_DUP,Primary,brown spot_1337,Brown Spot,Primary,brown spot_1360,Brown Spot,hamming_dist_4,False
PERCEPTUAL_NEAR_DUP,Primary,brown spot_1337,Brown Spot,Primary,brown spot_1362,Brown Spot,hamming_dist_2,False
PERCEPTUAL_NEAR_DUP,Primary,brown spot_1337,Brown Spot,Primary,brown spot_1365,Brown Spot,hamming_dist_4,False
PERCEPTUAL_NEAR_DUP,Primary,brown spot_1338,Brown Spot,Primary,brown spot_1339,Brown Spot,hamming_dist_3,False
PERCEPTUAL_NEAR_DUP,Primary,brown spot_1338,Brown Spot,Primary,brown spot_1362,Brown Spot,hamming_dist_3,False
PERCEPTUAL_NEAR_DUP,Primary,brown spot_1338,Brown Spot,Primary,brown spot_1365,Brown Spot,hamming_dist_3,False
PERCEPTUAL_NEAR_DUP,Primary,brown spot_1339,Brown Spot,Primary,brown spot_1362,Brown Spot,hamming_dist_4,False
PERCEPTUAL_NEAR_DUP,Primary,brown spot_1340,Brown Spot,Primary,brown spot_1341,Brown Spot,hamming_dist_2,False
PERCEPTUAL_NEAR_DUP,Primary,brown spot_1340,Brown Spot,Primary,brown spot_1342,Brown Spot,hamming_dist_2,False
PERCEPTUAL_NEAR_DUP,Primary,brown spot_1340,Brown Spot,Primary,brown spot_1365,Brown Spot,hamming_dist_2,False
PERCEPTUAL_NEAR_DUP,Primary,brown spot_1341,Brown Spot,Primary,brown spot_1342,Brown Spot,hamming_dist_0,False
PERCEPTUAL_NEAR_DUP,Primary,brown spot_1341,Brown Spot,Primary,brown spot_1343,Brown Spot,hamming_dist_3,False
PERCEPTUAL_NEAR_DUP,Primary,brown spot_1341,Brown Spot,Primary,brown spot_1365,Brown Spot,hamming_dist_4,False
PERCEPTUAL_NEAR_DUP,Primary,brown spot_1342,Brown Spot,Primary,brown spot_1343,Brown Spot,hamming_dist_3,False
PERCEPTUAL_NEAR_DUP,Primary,brown spot_1342,Brown Spot,Primary,brown spot_1365,Brown Spot,hamming_dist_4,False
PERCEPTUAL_NEAR_DUP,Primary,brown spot_1344,Brown Spot,Primary,brown spot_1345,Brown Spot,hamming_dist_4,False
PERCEPTUAL_NEAR_DUP,Primary,brown spot_1346,Brown Spot,Primary,brown spot_1350,Brown Spot,hamming_dist_4,False
PERCEPTUAL_NEAR_DUP,Primary,brown spot_1348,Brown Spot,Primary,brown spot_1349,Brown Spot,hamming_dist_2,False
PERCEPTUAL_NEAR_DUP,Primary,brown spot_1358,Brown Spot,Primary,brown spot_1359,Brown Spot,hamming_dist_4,False
PERCEPTUAL_NEAR_DUP,Primary,brown spot_1370,Brown Spot,Primary,brown spot_1371,Brown Spot,hamming_dist_4,False
PERCEPTUAL_NEAR_DUP,Primary,brown spot_1372,Brown Spot,Primary,brown spot_1373,Brown Spot,hamming_dist_3,False
PERCEPTUAL_NEAR_DUP,Primary,brown spot_1376,Brown Spot,Primary,brown spot_1377,Brown Spot,hamming_dist_1,False
PERCEPTUAL_NEAR_DUP,Primary,brown spot_1377,Brown Spot,Primary,brown spot_1378,Brown Spot,hamming_dist_4,False
PERCEPTUAL_NEAR_DUP,Primary,brown spot_1378,Brown Spot,Primary,brown spot_1379,Brown Spot,hamming_dist_4,False
PERCEPTUAL_NEAR_DUP,Primary,brown spot_1383,Brown Spot,Primary,brown spot_1385,Brown Spot,hamming_dist_3,False
PERCEPTUAL_NEAR_DUP,Primary,brown spot_1383,Brown Spot,Primary,brown spot_1386,Brown Spot,hamming_dist_4,False
PERCEPTUAL_NEAR_DUP,Primary,brown spot_1383,Brown Spot,Primary,brown spot_1388,Brown Spot,hamming_dist_4,False
PERCEPTUAL_NEAR_DUP,Primary,brown spot_1383,Brown Spot,Primary,brown spot_1389,Brown Spot,hamming_dist_3,False
PERCEPTUAL_NEAR_DUP,Primary,brown spot_1384,Brown Spot,Primary,brown spot_1388,Brown Spot,hamming_dist_1,False
PERCEPTUAL_NEAR_DUP,Primary,brown spot_1385,Brown Spot,Primary,brown spot_1387,Brown Spot,hamming_dist_4,False
PERCEPTUAL_NEAR_DUP,Primary,brown spot_1385,Brown Spot,Primary,brown spot_1389,Brown Spot,hamming_dist_4,False
PERCEPTUAL_NEAR_DUP,Primary,brown spot_1386,Brown Spot,Primary,brown spot_1387,Brown Spot,hamming_dist_1,False
PERCEPTUAL_NEAR_DUP,Primary,brown spot_1389,Brown Spot,Primary,brown spot_1390,Brown Spot,hamming_dist_4,False
PERCEPTUAL_NEAR_DUP,Primary,brown spot_1397,Brown Spot,Primary,brown spot_1398,Brown Spot,hamming_dist_1,False
PERCEPTUAL_NEAR_DUP,Primary,brown spot_1399,Brown Spot,Primary,brown spot_1400,Brown Spot,hamming_dist_3,False
PERCEPTUAL_NEAR_DUP,Primary,brown spot_1404,Brown Spot,Primary,brown spot_1407,Brown Spot,hamming_dist_4,False
PERCEPTUAL_NEAR_DUP,Primary,brown spot_1405,Brown Spot,Primary,brown spot_1406,Brown Spot,hamming_dist_1,False
PERCEPTUAL_NEAR_DUP,Primary,brown spot_1408,Brown Spot,Primary,brown spot_1414,Brown Spot,hamming_dist_4,False
PERCEPTUAL_NEAR_DUP,Primary,brown spot_1409,Brown Spot,Primary,brown spot_1410,Brown Spot,hamming_dist_3,False
PERCEPTUAL_NEAR_DUP,Primary,brown spot_1409,Brown Spot,Primary,brown spot_1412,Brown Spot,hamming_dist_4,False
PERCEPTUAL_NEAR_DUP,Primary,brown spot_1410,Brown Spot,Primary,brown spot_1411,Brown Spot,hamming_dist_4,False
PERCEPTUAL_NEAR_DUP,Primary,brown spot_1410,Brown Spot,Primary,brown spot_1412,Brown Spot,hamming_dist_3,False
PERCEPTUAL_NEAR_DUP,Primary,brown spot_1410,Brown Spot,Primary,brown spot_1413,Brown Spot,hamming_dist_4,False
PERCEPTUAL_NEAR_DUP,Primary,brown spot_1411,Brown Spot,Primary,brown spot_1413,Brown Spot,hamming_dist_4,False
PERCEPTUAL_NEAR_DUP,Primary,brown spot_1412,Brown Spot,Primary,brown spot_1413,Brown Spot,hamming_dist_3,False
PERCEPTUAL_NEAR_DUP,Primary,brown spot_1415,Brown Spot,Primary,brown spot_1416,Brown Spot,hamming_dist_3,False
PERCEPTUAL_NEAR_DUP,Primary,brown spot_1418,Brown Spot,Primary,brown spot_1419,Brown Spot,hamming_dist_4,False
PERCEPTUAL_NEAR_DUP,Primary,brown spot_1419,Brown Spot,Primary,brown spot_1420,Brown Spot,hamming_dist_2,False
PERCEPTUAL_NEAR_DUP,Primary,brown spot_1422,Brown Spot,Primary,brown spot_1423,Brown Spot,hamming_dist_2,False
PERCEPTUAL_NEAR_DUP,Primary,brown spot_1427,Brown Spot,Primary,brown spot_1428,Brown Spot,hamming_dist_1,False
PERCEPTUAL_NEAR_DUP,Primary,brown spot_1437,Brown Spot,Primary,brown spot_1438,Brown Spot,hamming_dist_2,False
PERCEPTUAL_NEAR_DUP,Primary,brown spot_1437,Brown Spot,Primary,brown spot_1439,Brown Spot,hamming_dist_4,False
PERCEPTUAL_NEAR_DUP,Primary,brown spot_1438,Brown Spot,Primary,brown spot_1439,Brown Spot,hamming_dist_4,False
PERCEPTUAL_NEAR_DUP,Primary,brown spot_1439,Brown Spot,Primary,brown spot_1440,Brown Spot,hamming_dist_1,False
PERCEPTUAL_NEAR_DUP,Primary,brown spot_1439,Brown Spot,Primary,brown spot_1441,Brown Spot,hamming_dist_2,False
PERCEPTUAL_NEAR_DUP,Primary,brown spot_1440,Brown Spot,Primary,brown spot_1441,Brown Spot,hamming_dist_1,False
PERCEPTUAL_NEAR_DUP,Primary,brown spot_1449,Brown Spot,Primary,brown spot_1450,Brown Spot,hamming_dist_2,False
PERCEPTUAL_NEAR_DUP,Primary,brown spot_1449,Brown Spot,Primary,brown spot_1451,Brown Spot,hamming_dist_3,False
PERCEPTUAL_NEAR_DUP,Primary,brown spot_1449,Brown Spot,Primary,brown spot_1452,Brown Spot,hamming_dist_4,False
PERCEPTUAL_NEAR_DUP,Primary,brown spot_1450,Brown Spot,Primary,brown spot_1451,Brown Spot,hamming_dist_1,False
PERCEPTUAL_NEAR_DUP,Primary,brown spot_1450,Brown Spot,Primary,brown spot_1452,Brown Spot,hamming_dist_4,False
PERCEPTUAL_NEAR_DUP,Primary,brown spot_1451,Brown Spot,Primary,brown spot_1452,Brown Spot,hamming_dist_3,False
PERCEPTUAL_NEAR_DUP,Primary,brown spot_1452,Brown Spot,Primary,brown spot_1453,Brown Spot,hamming_dist_3,False
PERCEPTUAL_NEAR_DUP,Primary,brown spot_1452,Brown Spot,Primary,brown spot_1454,Brown Spot,hamming_dist_4,False
PERCEPTUAL_NEAR_DUP,Primary,brown spot_1452,Brown Spot,Primary,brown spot_1457,Brown Spot,hamming_dist_2,False
PERCEPTUAL_NEAR_DUP,Primary,brown spot_1452,Brown Spot,Primary,brown spot_1458,Brown Spot,hamming_dist_4,False
PERCEPTUAL_NEAR_DUP,Primary,brown spot_1452,Brown Spot,Primary,brown spot_1460,Brown Spot,hamming_dist_4,False
PERCEPTUAL_NEAR_DUP,Primary,brown spot_1452,Brown Spot,Primary,brown spot_1462,Brown Spot,hamming_dist_2,False
PERCEPTUAL_NEAR_DUP,Primary,brown spot_1453,Brown Spot,Primary,brown spot_1454,Brown Spot,hamming_dist_3,False
PERCEPTUAL_NEAR_DUP,Primary,brown spot_1453,Brown Spot,Primary,brown spot_1457,Brown Spot,hamming_dist_1,False
PERCEPTUAL_NEAR_DUP,Primary,brown spot_1453,Brown Spot,Primary,brown spot_1458,Brown Spot,hamming_dist_3,False
PERCEPTUAL_NEAR_DUP,Primary,brown spot_1453,Brown Spot,Primary,brown spot_1459,Brown Spot,hamming_dist_4,False
PERCEPTUAL_NEAR_DUP,Primary,brown spot_1453,Brown Spot,Primary,brown spot_1460,Brown Spot,hamming_dist_3,False
PERCEPTUAL_NEAR_DUP,Primary,brown spot_1453,Brown Spot,Primary,brown spot_1461,Brown Spot,hamming_dist_4,False
PERCEPTUAL_NEAR_DUP,Primary,brown spot_1453,Brown Spot,Primary,brown spot_1462,Brown Spot,hamming_dist_1,False
PERCEPTUAL_NEAR_DUP,Primary,brown spot_1454,Brown Spot,Primary,brown spot_1455,Brown Spot,hamming_dist_4,False
PERCEPTUAL_NEAR_DUP,Primary,brown spot_1454,Brown Spot,Primary,brown spot_1456,Brown Spot,hamming_dist_4,False
PERCEPTUAL_NEAR_DUP,Primary,brown spot_1454,Brown Spot,Primary,brown spot_1457,Brown Spot,hamming_dist_4,False
PERCEPTUAL_NEAR_DUP,Primary,brown spot_1454,Brown Spot,Primary,brown spot_1459,Brown Spot,hamming_dist_3,False
PERCEPTUAL_NEAR_DUP,Primary,brown spot_1454,Brown Spot,Primary,brown spot_1460,Brown Spot,hamming_dist_4,False
PERCEPTUAL_NEAR_DUP,Primary,brown spot_1454,Brown Spot,Primary,brown spot_1462,Brown Spot,hamming_dist_4,False
PERCEPTUAL_NEAR_DUP,Primary,brown spot_1455,Brown Spot,Primary,brown spot_1456,Brown Spot,hamming_dist_0,False
PERCEPTUAL_NEAR_DUP,Primary,brown spot_1455,Brown Spot,Primary,brown spot_1459,Brown Spot,hamming_dist_3,False
PERCEPTUAL_NEAR_DUP,Primary,brown spot_1455,Brown Spot,Primary,brown spot_1460,Brown Spot,hamming_dist_4,False
PERCEPTUAL_NEAR_DUP,Primary,brown spot_1456,Brown Spot,Primary,brown spot_1459,Brown Spot,hamming_dist_3,False
PERCEPTUAL_NEAR_DUP,Primary,brown spot_1456,Brown Spot,Primary,brown spot_1460,Brown Spot,hamming_dist_4,False
PERCEPTUAL_NEAR_DUP,Primary,brown spot_1457,Brown Spot,Primary,brown spot_1458,Brown Spot,hamming_dist_2,False
PERCEPTUAL_NEAR_DUP,Primary,brown spot_1457,Brown Spot,Primary,brown spot_1460,Brown Spot,hamming_dist_4,False
PERCEPTUAL_NEAR_DUP,Primary,brown spot_1457,Brown Spot,Primary,brown spot_1461,Brown Spot,hamming_dist_3,False
PERCEPTUAL_NEAR_DUP,Primary,brown spot_1457,Brown Spot,Primary,brown spot_1462,Brown Spot,hamming_dist_0,False
PERCEPTUAL_NEAR_DUP,Primary,brown spot_1458,Brown Spot,Primary,brown spot_1461,Brown Spot,hamming_dist_1,False
PERCEPTUAL_NEAR_DUP,Primary,brown spot_1458,Brown Spot,Primary,brown spot_1462,Brown Spot,hamming_dist_2,False
PERCEPTUAL_NEAR_DUP,Primary,brown spot_1458,Brown Spot,Primary,brown spot_1464,Brown Spot,hamming_dist_3,False
PERCEPTUAL_NEAR_DUP,Primary,brown spot_1459,Brown Spot,Primary,brown spot_1460,Brown Spot,hamming_dist_1,False
PERCEPTUAL_NEAR_DUP,Primary,brown spot_1459,Brown Spot,Primary,brown spot_1463,Brown Spot,hamming_dist_3,False
PERCEPTUAL_NEAR_DUP,Primary,brown spot_1460,Brown Spot,Primary,brown spot_1462,Brown Spot,hamming_dist_4,False
PERCEPTUAL_NEAR_DUP,Primary,brown spot_1460,Brown Spot,Primary,brown spot_1463,Brown Spot,hamming_dist_2,False
PERCEPTUAL_NEAR_DUP,Primary,brown spot_1461,Brown Spot,Primary,brown spot_1462,Brown Spot,hamming_dist_3,False
PERCEPTUAL_NEAR_DUP,Primary,brown spot_1461,Brown Spot,Primary,brown spot_1464,Brown Spot,hamming_dist_2,False
PERCEPTUAL_NEAR_DUP,Primary,brown spot_1472,Brown Spot,Primary,brown spot_1473,Brown Spot,hamming_dist_3,False
PERCEPTUAL_NEAR_DUP,Primary,brown spot_1487,Brown Spot,Primary,brown spot_1488,Brown Spot,hamming_dist_1,False
PERCEPTUAL_NEAR_DUP,Primary,brown spot_1499,Brown Spot,Primary,brown spot_1500,Brown Spot,hamming_dist_3,False
PERCEPTUAL_NEAR_DUP,Primary,brown spot_1499,Brown Spot,Primary,brown spot_1501,Brown Spot,hamming_dist_2,False
PERCEPTUAL_NEAR_DUP,Primary,brown spot_1500,Brown Spot,Primary,brown spot_1501,Brown Spot,hamming_dist_3,False
PERCEPTUAL_NEAR_DUP,Primary,brown spot_1506,Brown Spot,Primary,brown spot_1507,Brown Spot,hamming_dist_4,False
PERCEPTUAL_NEAR_DUP,Primary,brown spot_1509,Brown Spot,Primary,brown spot_1510,Brown Spot,hamming_dist_4,False
PERCEPTUAL_NEAR_DUP,Primary,brown spot_1509,Brown Spot,Primary,brown spot_1511,Brown Spot,hamming_dist_3,False
PERCEPTUAL_NEAR_DUP,Primary,brown spot_1510,Brown Spot,Primary,brown spot_1511,Brown Spot,hamming_dist_1,False
PERCEPTUAL_NEAR_DUP,Primary,brown spot_1516,Brown Spot,Primary,brown spot_1518,Brown Spot,hamming_dist_2,False
PERCEPTUAL_NEAR_DUP,Primary,brown spot_1519,Brown Spot,Primary,brown spot_1520,Brown Spot,hamming_dist_1,False
PERCEPTUAL_NEAR_DUP,Primary,brown spot_1519,Brown Spot,Primary,brown spot_1521,Brown Spot,hamming_dist_3,False
PERCEPTUAL_NEAR_DUP,Primary,brown spot_1520,Brown Spot,Primary,brown spot_1521,Brown Spot,hamming_dist_2,False
PERCEPTUAL_NEAR_DUP,Primary,brown spot_1521,Brown Spot,Primary,brown spot_1525,Brown Spot,hamming_dist_4,False
PERCEPTUAL_NEAR_DUP,Primary,brown spot_1523,Brown Spot,Primary,brown spot_1524,Brown Spot,hamming_dist_2,False
PERCEPTUAL_NEAR_DUP,Primary,brown spot_1527,Brown Spot,Primary,brown spot_1528,Brown Spot,hamming_dist_1,False
PERCEPTUAL_NEAR_DUP,Primary,brown spot_1529,Brown Spot,Primary,brown spot_1530,Brown Spot,hamming_dist_1,False
PERCEPTUAL_NEAR_DUP,Primary,brown spot_1530,Brown Spot,Primary,brown spot_1531,Brown Spot,hamming_dist_4,False
PERCEPTUAL_NEAR_DUP,Primary,brown spot_1534,Brown Spot,Primary,brown spot_1535,Brown Spot,hamming_dist_4,False
PERCEPTUAL_NEAR_DUP,Primary,brown spot_1535,Brown Spot,Primary,brown spot_1536,Brown Spot,hamming_dist_3,False
PERCEPTUAL_NEAR_DUP,Primary,brown spot_1535,Brown Spot,Primary,brown spot_1538,Brown Spot,hamming_dist_2,False
PERCEPTUAL_NEAR_DUP,Primary,brown spot_1536,Brown Spot,Primary,brown spot_1538,Brown Spot,hamming_dist_3,False
PERCEPTUAL_NEAR_DUP,Primary,brown spot_1536,Brown Spot,Primary,brown spot_1539,Brown Spot,hamming_dist_4,False
PERCEPTUAL_NEAR_DUP,Primary,brown spot_1538,Brown Spot,Primary,brown spot_1539,Brown Spot,hamming_dist_3,False
PERCEPTUAL_NEAR_DUP,Primary,brown spot_1544,Brown Spot,Primary,brown spot_1547,Brown Spot,hamming_dist_3,False
PERCEPTUAL_NEAR_DUP,Primary,brown spot_1550,Brown Spot,Primary,brown spot_1551,Brown Spot,hamming_dist_2,False
PERCEPTUAL_NEAR_DUP,Primary,brown spot_1557,Brown Spot,Primary,brown spot_1558,Brown Spot,hamming_dist_2,False
PERCEPTUAL_NEAR_DUP,Primary,brown spot_1561,Brown Spot,Primary,brown spot_1562,Brown Spot,hamming_dist_2,False
PERCEPTUAL_NEAR_DUP,Primary,brown spot_1561,Brown Spot,Primary,brown spot_1563,Brown Spot,hamming_dist_4,False
PERCEPTUAL_NEAR_DUP,Primary,brown spot_1562,Brown Spot,Primary,brown spot_1563,Brown Spot,hamming_dist_4,False
PERCEPTUAL_NEAR_DUP,Primary,brown spot_1566,Brown Spot,Primary,brown spot_1567,Brown Spot,hamming_dist_1,False
PERCEPTUAL_NEAR_DUP,Primary,brown spot_1574,Brown Spot,Primary,brown spot_1575,Brown Spot,hamming_dist_0,False
PERCEPTUAL_NEAR_DUP,Primary,brown spot_1576,Brown Spot,Primary,brown spot_1577,Brown Spot,hamming_dist_2,False
PERCEPTUAL_NEAR_DUP,Primary,brown spot_1578,Brown Spot,Primary,brown spot_1579,Brown Spot,hamming_dist_3,False
PERCEPTUAL_NEAR_DUP,Primary,brown spot_1578,Brown Spot,Primary,brown spot_1583,Brown Spot,hamming_dist_3,False
PERCEPTUAL_NEAR_DUP,Primary,brown spot_1580,Brown Spot,Primary,brown spot_1581,Brown Spot,hamming_dist_1,False
PERCEPTUAL_NEAR_DUP,Primary,brown spot_1580,Brown Spot,Primary,brown spot_1582,Brown Spot,hamming_dist_4,False
PERCEPTUAL_NEAR_DUP,Primary,brown spot_1581,Brown Spot,Primary,brown spot_1582,Brown Spot,hamming_dist_3,False
PERCEPTUAL_NEAR_DUP,Primary,brown spot_1587,Brown Spot,Primary,brown spot_1588,Brown Spot,hamming_dist_2,False
PERCEPTUAL_NEAR_DUP,Primary,brown spot_1587,Brown Spot,Primary,brown spot_1589,Brown Spot,hamming_dist_1,False
PERCEPTUAL_NEAR_DUP,Primary,brown spot_1588,Brown Spot,Primary,brown spot_1589,Brown Spot,hamming_dist_1,False
PERCEPTUAL_NEAR_DUP,Primary,brown spot_1596,Brown Spot,Primary,brown spot_1597,Brown Spot,hamming_dist_1,False
PERCEPTUAL_NEAR_DUP,Primary,brown spot_1602,Brown Spot,Primary,brown spot_1603,Brown Spot,hamming_dist_4,False
PERCEPTUAL_NEAR_DUP,Primary,brown spot_1605,Brown Spot,Primary,brown spot_1607,Brown Spot,hamming_dist_2,False
PERCEPTUAL_NEAR_DUP,Primary,brown spot_1611,Brown Spot,Primary,brown spot_1612,Brown Spot,hamming_dist_3,False
PERCEPTUAL_NEAR_DUP,Primary,brown spot_1616,Brown Spot,Primary,brown spot_1617,Brown Spot,hamming_dist_2,False
PERCEPTUAL_NEAR_DUP,Primary,brown spot_1616,Brown Spot,Primary,brown spot_1618,Brown Spot,hamming_dist_3,False
PERCEPTUAL_NEAR_DUP,Primary,brown spot_1618,Brown Spot,Primary,brown spot_1619,Brown Spot,hamming_dist_4,False
PERCEPTUAL_NEAR_DUP,Primary,brown spot_1619,Brown Spot,Primary,brown spot_1620,Brown Spot,hamming_dist_1,False
PERCEPTUAL_NEAR_DUP,Primary,brown spot_1619,Brown Spot,Primary,brown spot_1621,Brown Spot,hamming_dist_4,False
PERCEPTUAL_NEAR_DUP,Primary,brown spot_1619,Brown Spot,Primary,brown spot_1622,Brown Spot,hamming_dist_3,False
PERCEPTUAL_NEAR_DUP,Primary,brown spot_1619,Brown Spot,Primary,brown spot_1624,Brown Spot,hamming_dist_4,False
PERCEPTUAL_NEAR_DUP,Primary,brown spot_1620,Brown Spot,Primary,brown spot_1621,Brown Spot,hamming_dist_3,False
PERCEPTUAL_NEAR_DUP,Primary,brown spot_1620,Brown Spot,Primary,brown spot_1622,Brown Spot,hamming_dist_4,False
PERCEPTUAL_NEAR_DUP,Primary,brown spot_1620,Brown Spot,Primary,brown spot_1624,Brown Spot,hamming_dist_3,False
PERCEPTUAL_NEAR_DUP,Primary,brown spot_1621,Brown Spot,Primary,brown spot_1624,Brown Spot,hamming_dist_0,False
PERCEPTUAL_NEAR_DUP,Primary,brown spot_1625,Brown Spot,Primary,brown spot_1627,Brown Spot,hamming_dist_4,False
PERCEPTUAL_NEAR_DUP,Primary,brown spot_1625,Brown Spot,Primary,brown spot_1628,Brown Spot,hamming_dist_4,False
PERCEPTUAL_NEAR_DUP,Primary,brown spot_1626,Brown Spot,Primary,brown spot_1627,Brown Spot,hamming_dist_2,False
PERCEPTUAL_NEAR_DUP,Primary,brown spot_1627,Brown Spot,Primary,brown spot_1628,Brown Spot,hamming_dist_4,False
PERCEPTUAL_NEAR_DUP,Primary,brown spot_1630,Brown Spot,Primary,brown spot_1631,Brown Spot,hamming_dist_3,False
PERCEPTUAL_NEAR_DUP,Primary,brown spot_1630,Brown Spot,Primary,brown spot_1632,Brown Spot,hamming_dist_4,False
PERCEPTUAL_NEAR_DUP,Primary,brown spot_1635,Brown Spot,Primary,brown spot_1636,Brown Spot,hamming_dist_4,False
PERCEPTUAL_NEAR_DUP,Primary,brown spot_1636,Brown Spot,Primary,brown spot_1637,Brown Spot,hamming_dist_4,False
PERCEPTUAL_NEAR_DUP,Primary,brown spot_1636,Brown Spot,Primary,brown spot_1638,Brown Spot,hamming_dist_1,False
PERCEPTUAL_NEAR_DUP,Primary,brown spot_1636,Brown Spot,Primary,brown spot_1639,Brown Spot,hamming_dist_1,False
PERCEPTUAL_NEAR_DUP,Primary,brown spot_1636,Brown Spot,Primary,brown spot_1640,Brown Spot,hamming_dist_1,False
PERCEPTUAL_NEAR_DUP,Primary,brown spot_1636,Brown Spot,Primary,brown spot_1641,Brown Spot,hamming_dist_2,False
PERCEPTUAL_NEAR_DUP,Primary,brown spot_1637,Brown Spot,Primary,brown spot_1638,Brown Spot,hamming_dist_3,False
PERCEPTUAL_NEAR_DUP,Primary,brown spot_1638,Brown Spot,Primary,brown spot_1639,Brown Spot,hamming_dist_2,False
PERCEPTUAL_NEAR_DUP,Primary,brown spot_1638,Brown Spot,Primary,brown spot_1640,Brown Spot,hamming_dist_2,False
PERCEPTUAL_NEAR_DUP,Primary,brown spot_1638,Brown Spot,Primary,brown spot_1641,Brown Spot,hamming_dist_3,False
PERCEPTUAL_NEAR_DUP,Primary,brown spot_1639,Brown Spot,Primary,brown spot_1640,Brown Spot,hamming_dist_0,False
PERCEPTUAL_NEAR_DUP,Primary,brown spot_1639,Brown Spot,Primary,brown spot_1641,Brown Spot,hamming_dist_1,False
PERCEPTUAL_NEAR_DUP,Primary,brown spot_1640,Brown Spot,Primary,brown spot_1641,Brown Spot,hamming_dist_1,False
PERCEPTUAL_NEAR_DUP,Primary,brown spot_1643,Brown Spot,Primary,brown spot_1644,Brown Spot,hamming_dist_0,False
PERCEPTUAL_NEAR_DUP,Primary,brown spot_1643,Brown Spot,Primary,brown spot_1645,Brown Spot,hamming_dist_4,False
PERCEPTUAL_NEAR_DUP,Primary,brown spot_1643,Brown Spot,Primary,brown spot_1647,Brown Spot,hamming_dist_4,False
PERCEPTUAL_NEAR_DUP,Primary,brown spot_1644,Brown Spot,Primary,brown spot_1645,Brown Spot,hamming_dist_4,False
PERCEPTUAL_NEAR_DUP,Primary,brown spot_1644,Brown Spot,Primary,brown spot_1647,Brown Spot,hamming_dist_4,False
PERCEPTUAL_NEAR_DUP,Primary,brown spot_1648,Brown Spot,Primary,brown spot_1649,Brown Spot,hamming_dist_4,False
PERCEPTUAL_NEAR_DUP,Primary,brown spot_1649,Brown Spot,Primary,brown spot_1650,Brown Spot,hamming_dist_2,False
PERCEPTUAL_NEAR_DUP,Primary,brown spot_1651,Brown Spot,Primary,brown spot_1653,Brown Spot,hamming_dist_2,False
PERCEPTUAL_NEAR_DUP,Primary,brown spot_1652,Brown Spot,Primary,brown spot_1654,Brown Spot,hamming_dist_2,False
PERCEPTUAL_NEAR_DUP,Primary,brown spot_1653,Brown Spot,Primary,brown spot_1654,Brown Spot,hamming_dist_4,False
PERCEPTUAL_NEAR_DUP,Primary,brown spot_1660,Brown Spot,Primary,brown spot_1661,Brown Spot,hamming_dist_3,False
PERCEPTUAL_NEAR_DUP,Primary,brown spot_1675,Brown Spot,Primary,brown spot_1676,Brown Spot,hamming_dist_3,False
PERCEPTUAL_NEAR_DUP,Primary,brown spot_1676,Brown Spot,Primary,brown spot_1677,Brown Spot,hamming_dist_2,False
PERCEPTUAL_NEAR_DUP,Primary,brown spot_1679,Brown Spot,Primary,brown spot_1680,Brown Spot,hamming_dist_4,False
PERCEPTUAL_NEAR_DUP,Primary,brown spot_1690,Brown Spot,Primary,brown spot_1692,Brown Spot,hamming_dist_2,False
PERCEPTUAL_NEAR_DUP,Primary,brown spot_1694,Brown Spot,Primary,brown spot_1696,Brown Spot,hamming_dist_4,False
PERCEPTUAL_NEAR_DUP,Primary,brown spot_1698,Brown Spot,Primary,brown spot_1699,Brown Spot,hamming_dist_4,False
PERCEPTUAL_NEAR_DUP,Primary,brown spot_1707,Brown Spot,Primary,brown spot_1708,Brown Spot,hamming_dist_3,False
PERCEPTUAL_NEAR_DUP,Primary,brown spot_1709,Brown Spot,Primary,brown spot_1711,Brown Spot,hamming_dist_4,False
PERCEPTUAL_NEAR_DUP,Primary,brown spot_1738,Brown Spot,Primary,brown spot_1739,Brown Spot,hamming_dist_4,False
PERCEPTUAL_NEAR_DUP,Primary,brown spot_1738,Brown Spot,Primary,brown spot_1742,Brown Spot,hamming_dist_4,False
PERCEPTUAL_NEAR_DUP,Primary,brown spot_1739,Brown Spot,Primary,brown spot_1740,Brown Spot,hamming_dist_4,False
PERCEPTUAL_NEAR_DUP,Primary,brown spot_1740,Brown Spot,Primary,brown spot_1741,Brown Spot,hamming_dist_2,False
PERCEPTUAL_NEAR_DUP,Primary,brown spot_1740,Brown Spot,Primary,brown spot_1742,Brown Spot,hamming_dist_2,False
PERCEPTUAL_NEAR_DUP,Primary,brown spot_1740,Brown Spot,Primary,brown spot_1743,Brown Spot,hamming_dist_3,False
PERCEPTUAL_NEAR_DUP,Primary,brown spot_1741,Brown Spot,Primary,brown spot_1742,Brown Spot,hamming_dist_2,False
PERCEPTUAL_NEAR_DUP,Primary,brown spot_1741,Brown Spot,Primary,brown spot_1743,Brown Spot,hamming_dist_3,False
PERCEPTUAL_NEAR_DUP,Primary,brown spot_1742,Brown Spot,Primary,brown spot_1743,Brown Spot,hamming_dist_1,False
PERCEPTUAL_NEAR_DUP,Primary,brown spot_1747,Brown Spot,Primary,brown spot_1748,Brown Spot,hamming_dist_3,False
PERCEPTUAL_NEAR_DUP,Primary,brown spot_1747,Brown Spot,Primary,brown spot_1749,Brown Spot,hamming_dist_4,False
PERCEPTUAL_NEAR_DUP,Primary,brown spot_1748,Brown Spot,Primary,brown spot_1749,Brown Spot,hamming_dist_1,False
PERCEPTUAL_NEAR_DUP,Primary,brown spot_1774,Brown Spot,Primary,brown spot_1775,Brown Spot,hamming_dist_3,False
PERCEPTUAL_NEAR_DUP,Primary,brown spot_1774,Brown Spot,Primary,brown spot_1776,Brown Spot,hamming_dist_2,False
PERCEPTUAL_NEAR_DUP,Primary,brown spot_1775,Brown Spot,Primary,brown spot_1776,Brown Spot,hamming_dist_1,False
PERCEPTUAL_NEAR_DUP,Primary,brown spot_1783,Brown Spot,Primary,brown spot_1784,Brown Spot,hamming_dist_4,False
PERCEPTUAL_NEAR_DUP,Primary,brown spot_1801,Brown Spot,Primary,brown spot_1802,Brown Spot,hamming_dist_4,False
PERCEPTUAL_NEAR_DUP,Primary,brown spot_1802,Brown Spot,Primary,brown spot_1805,Brown Spot,hamming_dist_4,False
PERCEPTUAL_NEAR_DUP,Primary,brown spot_1803,Brown Spot,Primary,brown spot_1804,Brown Spot,hamming_dist_0,False
PERCEPTUAL_NEAR_DUP,Primary,brown spot_1803,Brown Spot,Primary,brown spot_1805,Brown Spot,hamming_dist_3,False
PERCEPTUAL_NEAR_DUP,Primary,brown spot_1804,Brown Spot,Primary,brown spot_1805,Brown Spot,hamming_dist_3,False
PERCEPTUAL_NEAR_DUP,Primary,brown spot_1806,Brown Spot,Primary,brown spot_1807,Brown Spot,hamming_dist_2,False
PERCEPTUAL_NEAR_DUP,Primary,brown spot_1806,Brown Spot,Primary,brown spot_1808,Brown Spot,hamming_dist_4,False
PERCEPTUAL_NEAR_DUP,Primary,brown spot_1807,Brown Spot,Primary,brown spot_1808,Brown Spot,hamming_dist_2,False
PERCEPTUAL_NEAR_DUP,Primary,brown spot_1809,Brown Spot,Primary,brown spot_1810,Brown Spot,hamming_dist_4,False
PERCEPTUAL_NEAR_DUP,Primary,brown spot_1810,Brown Spot,Primary,brown spot_1811,Brown Spot,hamming_dist_4,False
PERCEPTUAL_NEAR_DUP,Primary,brown spot_1813,Brown Spot,Primary,brown spot_1815,Brown Spot,hamming_dist_3,False
PERCEPTUAL_NEAR_DUP,Primary,brown spot_1813,Brown Spot,Primary,brown spot_1816,Brown Spot,hamming_dist_2,False
PERCEPTUAL_NEAR_DUP,Primary,brown spot_1814,Brown Spot,Primary,brown spot_1815,Brown Spot,hamming_dist_2,False
PERCEPTUAL_NEAR_DUP,Primary,brown spot_1814,Brown Spot,Primary,brown spot_1816,Brown Spot,hamming_dist_3,False
PERCEPTUAL_NEAR_DUP,Primary,brown spot_1814,Brown Spot,Primary,brown spot_1817,Brown Spot,hamming_dist_4,False
PERCEPTUAL_NEAR_DUP,Primary,brown spot_1814,Brown Spot,Primary,brown spot_1818,Brown Spot,hamming_dist_3,False
PERCEPTUAL_NEAR_DUP,Primary,brown spot_1815,Brown Spot,Primary,brown spot_1816,Brown Spot,hamming_dist_1,False
PERCEPTUAL_NEAR_DUP,Primary,brown spot_1815,Brown Spot,Primary,brown spot_1817,Brown Spot,hamming_dist_4,False
PERCEPTUAL_NEAR_DUP,Primary,brown spot_1820,Brown Spot,Primary,brown spot_1821,Brown Spot,hamming_dist_4,False
PERCEPTUAL_NEAR_DUP,Primary,brown spot_1822,Brown Spot,Primary,brown spot_1823,Brown Spot,hamming_dist_4,False
PERCEPTUAL_NEAR_DUP,Primary,brown spot_1822,Brown Spot,Primary,brown spot_1824,Brown Spot,hamming_dist_3,False
PERCEPTUAL_NEAR_DUP,Primary,brown spot_1823,Brown Spot,Primary,brown spot_1824,Brown Spot,hamming_dist_1,False
PERCEPTUAL_NEAR_DUP,Primary,brown spot_1823,Brown Spot,Primary,brown spot_1825,Brown Spot,hamming_dist_1,False
PERCEPTUAL_NEAR_DUP,Primary,brown spot_1823,Brown Spot,Primary,brown spot_1826,Brown Spot,hamming_dist_3,False
PERCEPTUAL_NEAR_DUP,Primary,brown spot_1823,Brown Spot,Primary,brown spot_1827,Brown Spot,hamming_dist_3,False
PERCEPTUAL_NEAR_DUP,Primary,brown spot_1823,Brown Spot,Primary,brown spot_1830,Brown Spot,hamming_dist_4,False
PERCEPTUAL_NEAR_DUP,Primary,brown spot_1823,Brown Spot,Primary,brown spot_1831,Brown Spot,hamming_dist_3,False
PERCEPTUAL_NEAR_DUP,Primary,brown spot_1823,Brown Spot,Primary,brown spot_1832,Brown Spot,hamming_dist_4,False
PERCEPTUAL_NEAR_DUP,Primary,brown spot_1824,Brown Spot,Primary,brown spot_1825,Brown Spot,hamming_dist_2,False
PERCEPTUAL_NEAR_DUP,Primary,brown spot_1824,Brown Spot,Primary,brown spot_1826,Brown Spot,hamming_dist_4,False
PERCEPTUAL_NEAR_DUP,Primary,brown spot_1824,Brown Spot,Primary,brown spot_1827,Brown Spot,hamming_dist_4,False
PERCEPTUAL_NEAR_DUP,Primary,brown spot_1824,Brown Spot,Primary,brown spot_1831,Brown Spot,hamming_dist_2,False
PERCEPTUAL_NEAR_DUP,Primary,brown spot_1825,Brown Spot,Primary,brown spot_1826,Brown Spot,hamming_dist_2,False
PERCEPTUAL_NEAR_DUP,Primary,brown spot_1825,Brown Spot,Primary,brown spot_1827,Brown Spot,hamming_dist_2,False
PERCEPTUAL_NEAR_DUP,Primary,brown spot_1825,Brown Spot,Primary,brown spot_1829,Brown Spot,hamming_dist_4,False
PERCEPTUAL_NEAR_DUP,Primary,brown spot_1825,Brown Spot,Primary,brown spot_1830,Brown Spot,hamming_dist_3,False
PERCEPTUAL_NEAR_DUP,Primary,brown spot_1825,Brown Spot,Primary,brown spot_1831,Brown Spot,hamming_dist_2,False
PERCEPTUAL_NEAR_DUP,Primary,brown spot_1825,Brown Spot,Primary,brown spot_1832,Brown Spot,hamming_dist_3,False
PERCEPTUAL_NEAR_DUP,Primary,brown spot_1826,Brown Spot,Primary,brown spot_1827,Brown Spot,hamming_dist_2,False
PERCEPTUAL_NEAR_DUP,Primary,brown spot_1826,Brown Spot,Primary,brown spot_1829,Brown Spot,hamming_dist_2,False
PERCEPTUAL_NEAR_DUP,Primary,brown spot_1826,Brown Spot,Primary,brown spot_1830,Brown Spot,hamming_dist_3,False
PERCEPTUAL_NEAR_DUP,Primary,brown spot_1826,Brown Spot,Primary,brown spot_1831,Brown Spot,hamming_dist_4,False
PERCEPTUAL_NEAR_DUP,Primary,brown spot_1826,Brown Spot,Primary,brown spot_1832,Brown Spot,hamming_dist_3,False
PERCEPTUAL_NEAR_DUP,Primary,brown spot_1827,Brown Spot,Primary,brown spot_1829,Brown Spot,hamming_dist_4,False
PERCEPTUAL_NEAR_DUP,Primary,brown spot_1827,Brown Spot,Primary,brown spot_1831,Brown Spot,hamming_dist_4,False
PERCEPTUAL_NEAR_DUP,Primary,brown spot_1827,Brown Spot,Primary,brown spot_1833,Brown Spot,hamming_dist_3,False
PERCEPTUAL_NEAR_DUP,Primary,brown spot_1829,Brown Spot,Primary,brown spot_1830,Brown Spot,hamming_dist_3,False
PERCEPTUAL_NEAR_DUP,Primary,brown spot_1829,Brown Spot,Primary,brown spot_1831,Brown Spot,hamming_dist_4,False
PERCEPTUAL_NEAR_DUP,Primary,brown spot_1829,Brown Spot,Primary,brown spot_1832,Brown Spot,hamming_dist_3,False
PERCEPTUAL_NEAR_DUP,Primary,brown spot_1830,Brown Spot,Primary,brown spot_1831,Brown Spot,hamming_dist_3,False
PERCEPTUAL_NEAR_DUP,Primary,brown spot_1830,Brown Spot,Primary,brown spot_1832,Brown Spot,hamming_dist_0,False
PERCEPTUAL_NEAR_DUP,Primary,brown spot_1831,Brown Spot,Primary,brown spot_1832,Brown Spot,hamming_dist_3,False
PERCEPTUAL_NEAR_DUP,Primary,brown spot_1833,Brown Spot,Primary,brown spot_1834,Brown Spot,hamming_dist_4,False
PERCEPTUAL_NEAR_DUP,Primary,brown spot_1836,Brown Spot,Primary,brown spot_1837,Brown Spot,hamming_dist_1,False
PERCEPTUAL_NEAR_DUP,Primary,brown spot_1840,Brown Spot,Primary,brown spot_1841,Brown Spot,hamming_dist_1,False
PERCEPTUAL_NEAR_DUP,Primary,brown spot_1852,Brown Spot,Primary,brown spot_1853,Brown Spot,hamming_dist_2,False
PERCEPTUAL_NEAR_DUP,Primary,brown spot_1858,Brown Spot,Primary,brown spot_1859,Brown Spot,hamming_dist_1,False
PERCEPTUAL_NEAR_DUP,Primary,brown spot_1869,Brown Spot,Primary,brown spot_1870,Brown Spot,hamming_dist_4,False
PERCEPTUAL_NEAR_DUP,Primary,brown spot_1878,Brown Spot,Primary,brown spot_1879,Brown Spot,hamming_dist_1,False
PERCEPTUAL_NEAR_DUP,Primary,brown spot_1880,Brown Spot,Primary,brown spot_1881,Brown Spot,hamming_dist_4,False
PERCEPTUAL_NEAR_DUP,Primary,brown spot_1886,Brown Spot,Primary,brown spot_1887,Brown Spot,hamming_dist_2,False
PERCEPTUAL_NEAR_DUP,Primary,brown spot_1886,Brown Spot,Primary,brown spot_1888,Brown Spot,hamming_dist_3,False
PERCEPTUAL_NEAR_DUP,Primary,brown spot_1887,Brown Spot,Primary,brown spot_1888,Brown Spot,hamming_dist_1,False
PERCEPTUAL_NEAR_DUP,Primary,brown spot_1887,Brown Spot,Primary,brown spot_1890,Brown Spot,hamming_dist_3,False
PERCEPTUAL_NEAR_DUP,Primary,brown spot_1888,Brown Spot,Primary,brown spot_1889,Brown Spot,hamming_dist_4,False
PERCEPTUAL_NEAR_DUP,Primary,brown spot_1888,Brown Spot,Primary,brown spot_1890,Brown Spot,hamming_dist_2,False
PERCEPTUAL_NEAR_DUP,Primary,brown spot_1889,Brown Spot,Primary,brown spot_1890,Brown Spot,hamming_dist_4,False
PERCEPTUAL_NEAR_DUP,Primary,brown spot_1899,Brown Spot,Primary,brown spot_1900,Brown Spot,hamming_dist_1,False
PERCEPTUAL_NEAR_DUP,Primary,brown spot_1906,Brown Spot,Primary,brown spot_1907,Brown Spot,hamming_dist_4,False
PERCEPTUAL_NEAR_DUP,Primary,brown spot_1907,Brown Spot,Primary,brown spot_1908,Brown Spot,hamming_dist_2,False
PERCEPTUAL_NEAR_DUP,Primary,brown spot_1909,Brown Spot,Primary,brown spot_1912,Brown Spot,hamming_dist_2,False
PERCEPTUAL_NEAR_DUP,Primary,brown spot_1919,Brown Spot,Primary,brown spot_1920,Brown Spot,hamming_dist_4,False
PERCEPTUAL_NEAR_DUP,Primary,brown spot_1928,Brown Spot,Primary,brown spot_1929,Brown Spot,hamming_dist_3,False
PERCEPTUAL_NEAR_DUP,Primary,brown spot_1931,Brown Spot,Primary,brown spot_1932,Brown Spot,hamming_dist_4,False
PERCEPTUAL_NEAR_DUP,Primary,brown spot_1931,Brown Spot,Primary,brown spot_1933,Brown Spot,hamming_dist_3,False
PERCEPTUAL_NEAR_DUP,Primary,brown spot_1931,Brown Spot,Primary,brown spot_1934,Brown Spot,hamming_dist_2,False
PERCEPTUAL_NEAR_DUP,Primary,brown spot_1932,Brown Spot,Primary,brown spot_1934,Brown Spot,hamming_dist_2,False
PERCEPTUAL_NEAR_DUP,Primary,brown spot_1933,Brown Spot,Primary,brown spot_1934,Brown Spot,hamming_dist_3,False
PERCEPTUAL_NEAR_DUP,Primary,brown spot_1940,Brown Spot,Primary,brown spot_1945,Brown Spot,hamming_dist_4,False
PERCEPTUAL_NEAR_DUP,Primary,brown spot_1947,Brown Spot,Primary,brown spot_1948,Brown Spot,hamming_dist_2,False
PERCEPTUAL_NEAR_DUP,Primary,brown spot_1984,Brown Spot,Primary,brown spot_1985,Brown Spot,hamming_dist_4,False
PERCEPTUAL_NEAR_DUP,Primary,brown spot_1984,Brown Spot,Primary,brown spot_1987,Brown Spot,hamming_dist_4,False
PERCEPTUAL_NEAR_DUP,Primary,brown spot_1985,Brown Spot,Primary,brown spot_1986,Brown Spot,hamming_dist_2,False
PERCEPTUAL_NEAR_DUP,Primary,brown spot_1985,Brown Spot,Primary,brown spot_1987,Brown Spot,hamming_dist_4,False
PERCEPTUAL_NEAR_DUP,Primary,brown spot_2002,Brown Spot,Primary,brown spot_2003,Brown Spot,hamming_dist_3,False
PERCEPTUAL_NEAR_DUP,Primary,brown spot_2002,Brown Spot,Primary,brown spot_2004,Brown Spot,hamming_dist_0,False
PERCEPTUAL_NEAR_DUP,Primary,brown spot_2002,Brown Spot,Primary,brown spot_2006,Brown Spot,hamming_dist_4,False
PERCEPTUAL_NEAR_DUP,Primary,brown spot_2003,Brown Spot,Primary,brown spot_2004,Brown Spot,hamming_dist_3,False
PERCEPTUAL_NEAR_DUP,Primary,brown spot_2004,Brown Spot,Primary,brown spot_2006,Brown Spot,hamming_dist_4,False
PERCEPTUAL_NEAR_DUP,Primary,brown spot_2005,Brown Spot,Primary,brown spot_2006,Brown Spot,hamming_dist_3,False
PERCEPTUAL_NEAR_DUP,Primary,brown spot_2020,Brown Spot,Primary,brown spot_2021,Brown Spot,hamming_dist_0,False
PERCEPTUAL_NEAR_DUP,Primary,brown spot_2031,Brown Spot,Primary,brown spot_2032,Brown Spot,hamming_dist_3,False
PERCEPTUAL_NEAR_DUP,Primary,brown spot_2036,Brown Spot,Primary,brown spot_2037,Brown Spot,hamming_dist_3,False
PERCEPTUAL_NEAR_DUP,Primary,brown spot_2036,Brown Spot,Primary,brown spot_2038,Brown Spot,hamming_dist_3,False
PERCEPTUAL_NEAR_DUP,Primary,brown spot_2037,Brown Spot,Primary,brown spot_2038,Brown Spot,hamming_dist_0,False
PERCEPTUAL_NEAR_DUP,Primary,brown spot_2047,Brown Spot,Primary,brown spot_2048,Brown Spot,hamming_dist_3,False
PERCEPTUAL_NEAR_DUP,Primary,brown spot_2049,Brown Spot,Primary,brown spot_2050,Brown Spot,hamming_dist_4,False
PERCEPTUAL_NEAR_DUP,Primary,brown spot_2059,Brown Spot,Primary,brown spot_2060,Brown Spot,hamming_dist_4,False
PERCEPTUAL_NEAR_DUP,Primary,brown spot_2059,Brown Spot,Primary,brown spot_2061,Brown Spot,hamming_dist_4,False
PERCEPTUAL_NEAR_DUP,Primary,brown spot_2060,Brown Spot,Primary,brown spot_2061,Brown Spot,hamming_dist_2,False
PERCEPTUAL_NEAR_DUP,Primary,brown spot_2060,Brown Spot,Primary,brown spot_2062,Brown Spot,hamming_dist_1,False
PERCEPTUAL_NEAR_DUP,Primary,brown spot_2061,Brown Spot,Primary,brown spot_2062,Brown Spot,hamming_dist_1,False
PERCEPTUAL_NEAR_DUP,Primary,brown spot_2067,Brown Spot,Primary,brown spot_2068,Brown Spot,hamming_dist_4,False
PERCEPTUAL_NEAR_DUP,Primary,brown spot_2068,Brown Spot,Primary,brown spot_2133,Brown Spot,hamming_dist_4,False
PERCEPTUAL_NEAR_DUP,Primary,brown spot_2070,Brown Spot,Primary,brown spot_2071,Brown Spot,hamming_dist_1,False
PERCEPTUAL_NEAR_DUP,Primary,brown spot_2073,Brown Spot,Primary,brown spot_2074,Brown Spot,hamming_dist_4,False
PERCEPTUAL_NEAR_DUP,Primary,brown spot_2077,Brown Spot,Primary,brown spot_2078,Brown Spot,hamming_dist_2,False
PERCEPTUAL_NEAR_DUP,Primary,brown spot_2081,Brown Spot,Primary,brown spot_2082,Brown Spot,hamming_dist_2,False
PERCEPTUAL_NEAR_DUP,Primary,brown spot_2093,Brown Spot,Primary,brown spot_2094,Brown Spot,hamming_dist_4,False
PERCEPTUAL_NEAR_DUP,Primary,brown spot_2095,Brown Spot,Primary,brown spot_2096,Brown Spot,hamming_dist_4,False
PERCEPTUAL_NEAR_DUP,Primary,brown spot_2095,Brown Spot,Primary,brown spot_2097,Brown Spot,hamming_dist_4,False
PERCEPTUAL_NEAR_DUP,Primary,brown spot_2107,Brown Spot,Primary,brown spot_2108,Brown Spot,hamming_dist_2,False
PERCEPTUAL_NEAR_DUP,Primary,brown spot_2108,Brown Spot,Primary,brown spot_2109,Brown Spot,hamming_dist_4,False
PERCEPTUAL_NEAR_DUP,Primary,brown spot_2108,Brown Spot,Primary,brown spot_2113,Brown Spot,hamming_dist_4,False
PERCEPTUAL_NEAR_DUP,Primary,brown spot_2108,Brown Spot,Primary,brown spot_2114,Brown Spot,hamming_dist_4,False
PERCEPTUAL_NEAR_DUP,Primary,brown spot_2109,Brown Spot,Primary,brown spot_2110,Brown Spot,hamming_dist_2,False
PERCEPTUAL_NEAR_DUP,Primary,brown spot_2109,Brown Spot,Primary,brown spot_2111,Brown Spot,hamming_dist_1,False
PERCEPTUAL_NEAR_DUP,Primary,brown spot_2109,Brown Spot,Primary,brown spot_2112,Brown Spot,hamming_dist_2,False
PERCEPTUAL_NEAR_DUP,Primary,brown spot_2109,Brown Spot,Primary,brown spot_2113,Brown Spot,hamming_dist_0,False
PERCEPTUAL_NEAR_DUP,Primary,brown spot_2109,Brown Spot,Primary,brown spot_2114,Brown Spot,hamming_dist_0,False
PERCEPTUAL_NEAR_DUP,Primary,brown spot_2110,Brown Spot,Primary,brown spot_2111,Brown Spot,hamming_dist_3,False
PERCEPTUAL_NEAR_DUP,Primary,brown spot_2110,Brown Spot,Primary,brown spot_2112,Brown Spot,hamming_dist_0,False
PERCEPTUAL_NEAR_DUP,Primary,brown spot_2110,Brown Spot,Primary,brown spot_2113,Brown Spot,hamming_dist_2,False
PERCEPTUAL_NEAR_DUP,Primary,brown spot_2110,Brown Spot,Primary,brown spot_2114,Brown Spot,hamming_dist_2,False
PERCEPTUAL_NEAR_DUP,Primary,brown spot_2111,Brown Spot,Primary,brown spot_2112,Brown Spot,hamming_dist_3,False
PERCEPTUAL_NEAR_DUP,Primary,brown spot_2111,Brown Spot,Primary,brown spot_2113,Brown Spot,hamming_dist_1,False
PERCEPTUAL_NEAR_DUP,Primary,brown spot_2111,Brown Spot,Primary,brown spot_2114,Brown Spot,hamming_dist_1,False
PERCEPTUAL_NEAR_DUP,Primary,brown spot_2112,Brown Spot,Primary,brown spot_2113,Brown Spot,hamming_dist_2,False
PERCEPTUAL_NEAR_DUP,Primary,brown spot_2112,Brown Spot,Primary,brown spot_2114,Brown Spot,hamming_dist_2,False
PERCEPTUAL_NEAR_DUP,Primary,brown spot_2113,Brown Spot,Primary,brown spot_2114,Brown Spot,hamming_dist_0,False
PERCEPTUAL_NEAR_DUP,Primary,brown spot_2115,Brown Spot,Primary,brown spot_2116,Brown Spot,hamming_dist_2,False
PERCEPTUAL_NEAR_DUP,Primary,brown spot_2117,Brown Spot,Primary,brown spot_2119,Brown Spot,hamming_dist_4,False
PERCEPTUAL_NEAR_DUP,Primary,brown spot_2120,Brown Spot,Primary,brown spot_2121,Brown Spot,hamming_dist_4,False
PERCEPTUAL_NEAR_DUP,Primary,brown spot_2120,Brown Spot,Primary,brown spot_2122,Brown Spot,hamming_dist_1,False
PERCEPTUAL_NEAR_DUP,Primary,brown spot_2120,Brown Spot,Primary,brown spot_2123,Brown Spot,hamming_dist_4,False
PERCEPTUAL_NEAR_DUP,Primary,brown spot_2120,Brown Spot,Primary,brown spot_2125,Brown Spot,hamming_dist_2,False
PERCEPTUAL_NEAR_DUP,Primary,brown spot_2120,Brown Spot,Primary,brown spot_2126,Brown Spot,hamming_dist_2,False
PERCEPTUAL_NEAR_DUP,Primary,brown spot_2121,Brown Spot,Primary,brown spot_2122,Brown Spot,hamming_dist_3,False
PERCEPTUAL_NEAR_DUP,Primary,brown spot_2121,Brown Spot,Primary,brown spot_2123,Brown Spot,hamming_dist_4,False
PERCEPTUAL_NEAR_DUP,Primary,brown spot_2122,Brown Spot,Primary,brown spot_2123,Brown Spot,hamming_dist_3,False
PERCEPTUAL_NEAR_DUP,Primary,brown spot_2122,Brown Spot,Primary,brown spot_2125,Brown Spot,hamming_dist_3,False
PERCEPTUAL_NEAR_DUP,Primary,brown spot_2122,Brown Spot,Primary,brown spot_2126,Brown Spot,hamming_dist_3,False
PERCEPTUAL_NEAR_DUP,Primary,brown spot_2122,Brown Spot,Primary,brown spot_2129,Brown Spot,hamming_dist_4,False
PERCEPTUAL_NEAR_DUP,Primary,brown spot_2123,Brown Spot,Primary,brown spot_2125,Brown Spot,hamming_dist_4,False
PERCEPTUAL_NEAR_DUP,Primary,brown spot_2123,Brown Spot,Primary,brown spot_2126,Brown Spot,hamming_dist_4,False
PERCEPTUAL_NEAR_DUP,Primary,brown spot_2123,Brown Spot,Primary,brown spot_2128,Brown Spot,hamming_dist_4,False
PERCEPTUAL_NEAR_DUP,Primary,brown spot_2123,Brown Spot,Primary,brown spot_2129,Brown Spot,hamming_dist_1,False
PERCEPTUAL_NEAR_DUP,Primary,brown spot_2124,Brown Spot,Primary,brown spot_2127,Brown Spot,hamming_dist_4,False
PERCEPTUAL_NEAR_DUP,Primary,brown spot_2125,Brown Spot,Primary,brown spot_2126,Brown Spot,hamming_dist_2,False
PERCEPTUAL_NEAR_DUP,Primary,brown spot_2126,Brown Spot,Primary,brown spot_2127,Brown Spot,hamming_dist_3,False
PERCEPTUAL_NEAR_DUP,Primary,brown spot_2126,Brown Spot,Primary,brown spot_2129,Brown Spot,hamming_dist_3,False
PERCEPTUAL_NEAR_DUP,Primary,brown spot_2126,Brown Spot,Primary,brown spot_2130,Brown Spot,hamming_dist_3,False
PERCEPTUAL_NEAR_DUP,Primary,brown spot_2127,Brown Spot,Primary,brown spot_2129,Brown Spot,hamming_dist_4,False
PERCEPTUAL_NEAR_DUP,Primary,brown spot_2128,Brown Spot,Primary,brown spot_2129,Brown Spot,hamming_dist_3,False
PERCEPTUAL_NEAR_DUP,Primary,brown spot_2129,Brown Spot,Primary,brown spot_2130,Brown Spot,hamming_dist_4,False
PERCEPTUAL_NEAR_DUP,Primary,brown spot_2132,Brown Spot,Primary,brown spot_2133,Brown Spot,hamming_dist_2,False
PERCEPTUAL_NEAR_DUP,Primary,brown spot_2132,Brown Spot,Primary,brown spot_2143,Brown Spot,hamming_dist_4,False
PERCEPTUAL_NEAR_DUP,Primary,brown spot_2132,Brown Spot,Primary,brown spot_2144,Brown Spot,hamming_dist_3,False
PERCEPTUAL_NEAR_DUP,Primary,brown spot_2140,Brown Spot,Primary,brown spot_2141,Brown Spot,hamming_dist_4,False
PERCEPTUAL_NEAR_DUP,Primary,brown spot_2143,Brown Spot,Primary,brown spot_2144,Brown Spot,hamming_dist_3,False
PERCEPTUAL_NEAR_DUP,Primary,brown spot_2148,Brown Spot,Primary,brown spot_2149,Brown Spot,hamming_dist_2,False
PERCEPTUAL_NEAR_DUP,Primary,brown spot_2157,Brown Spot,Primary,brown spot_2159,Brown Spot,hamming_dist_1,False
PERCEPTUAL_NEAR_DUP,Primary,brown spot_2157,Brown Spot,Primary,brown spot_2160,Brown Spot,hamming_dist_1,False
PERCEPTUAL_NEAR_DUP,Primary,brown spot_2157,Brown Spot,Primary,brown spot_2161,Brown Spot,hamming_dist_2,False
PERCEPTUAL_NEAR_DUP,Primary,brown spot_2159,Brown Spot,Primary,brown spot_2160,Brown Spot,hamming_dist_2,False
PERCEPTUAL_NEAR_DUP,Primary,brown spot_2159,Brown Spot,Primary,brown spot_2161,Brown Spot,hamming_dist_3,False
PERCEPTUAL_NEAR_DUP,Primary,brown spot_2160,Brown Spot,Primary,brown spot_2161,Brown Spot,hamming_dist_3,False
PERCEPTUAL_NEAR_DUP,Primary,brown spot_616,Brown Spot,Primary,brown spot_617,Brown Spot,hamming_dist_3,False
PERCEPTUAL_NEAR_DUP,Primary,brown spot_620,Brown Spot,Primary,brown spot_621,Brown Spot,hamming_dist_4,False
PERCEPTUAL_NEAR_DUP,Primary,brown spot_620,Brown Spot,Primary,brown spot_622,Brown Spot,hamming_dist_4,False
PERCEPTUAL_NEAR_DUP,Primary,brown spot_621,Brown Spot,Primary,brown spot_622,Brown Spot,hamming_dist_0,False
PERCEPTUAL_NEAR_DUP,Primary,brown spot_636,Brown Spot,Primary,brown spot_637,Brown Spot,hamming_dist_4,False
PERCEPTUAL_NEAR_DUP,Primary,brown spot_642,Brown Spot,Primary,brown spot_643,Brown Spot,hamming_dist_0,False
PERCEPTUAL_NEAR_DUP,Primary,brown spot_648,Brown Spot,Primary,brown spot_649,Brown Spot,hamming_dist_1,False
PERCEPTUAL_NEAR_DUP,Primary,brown spot_686,Brown Spot,Primary,brown spot_687,Brown Spot,hamming_dist_2,False
PERCEPTUAL_NEAR_DUP,Primary,brown spot_688,Brown Spot,Primary,brown spot_689,Brown Spot,hamming_dist_4,False
PERCEPTUAL_NEAR_DUP,Primary,brown spot_705,Brown Spot,Primary,brown spot_707,Brown Spot,hamming_dist_4,False
PERCEPTUAL_NEAR_DUP,Primary,brown spot_706,Brown Spot,Primary,brown spot_707,Brown Spot,hamming_dist_4,False
PERCEPTUAL_NEAR_DUP,Primary,brown spot_719,Brown Spot,Primary,brown spot_720,Brown Spot,hamming_dist_4,False
PERCEPTUAL_NEAR_DUP,Primary,brown spot_743,Brown Spot,Primary,brown spot_744,Brown Spot,hamming_dist_4,False
PERCEPTUAL_NEAR_DUP,Primary,brown spot_748,Brown Spot,Primary,brown spot_749,Brown Spot,hamming_dist_3,False
PERCEPTUAL_NEAR_DUP,Primary,brown spot_757,Brown Spot,Primary,brown spot_758,Brown Spot,hamming_dist_3,False
PERCEPTUAL_NEAR_DUP,Primary,brown spot_771,Brown Spot,Primary,brown spot_772,Brown Spot,hamming_dist_3,False
PERCEPTUAL_NEAR_DUP,Primary,brown spot_775,Brown Spot,Primary,brown spot_778,Brown Spot,hamming_dist_2,False
PERCEPTUAL_NEAR_DUP,Primary,brown spot_776,Brown Spot,Primary,brown spot_777,Brown Spot,hamming_dist_1,False
PERCEPTUAL_NEAR_DUP,Primary,brown spot_776,Brown Spot,Primary,brown spot_778,Brown Spot,hamming_dist_4,False
PERCEPTUAL_NEAR_DUP,Primary,brown spot_780,Brown Spot,Primary,brown spot_782,Brown Spot,hamming_dist_3,False
PERCEPTUAL_NEAR_DUP,Primary,brown spot_789,Brown Spot,Primary,brown spot_790,Brown Spot,hamming_dist_2,False
PERCEPTUAL_NEAR_DUP,Primary,brown spot_789,Brown Spot,Primary,brown spot_791,Brown Spot,hamming_dist_3,False
PERCEPTUAL_NEAR_DUP,Primary,brown spot_789,Brown Spot,Primary,brown spot_793,Brown Spot,hamming_dist_4,False
PERCEPTUAL_NEAR_DUP,Primary,brown spot_789,Brown Spot,Primary,brown spot_795,Brown Spot,hamming_dist_4,False
PERCEPTUAL_NEAR_DUP,Primary,brown spot_790,Brown Spot,Primary,brown spot_791,Brown Spot,hamming_dist_1,False
PERCEPTUAL_NEAR_DUP,Primary,brown spot_790,Brown Spot,Primary,brown spot_792,Brown Spot,hamming_dist_4,False
PERCEPTUAL_NEAR_DUP,Primary,brown spot_790,Brown Spot,Primary,brown spot_793,Brown Spot,hamming_dist_4,False
PERCEPTUAL_NEAR_DUP,Primary,brown spot_790,Brown Spot,Primary,brown spot_795,Brown Spot,hamming_dist_4,False
PERCEPTUAL_NEAR_DUP,Primary,brown spot_791,Brown Spot,Primary,brown spot_792,Brown Spot,hamming_dist_3,False
PERCEPTUAL_NEAR_DUP,Primary,brown spot_793,Brown Spot,Primary,brown spot_795,Brown Spot,hamming_dist_4,False
PERCEPTUAL_NEAR_DUP,Primary,brown spot_796,Brown Spot,Primary,brown spot_797,Brown Spot,hamming_dist_4,False
PERCEPTUAL_NEAR_DUP,Primary,brown spot_796,Brown Spot,Primary,brown spot_798,Brown Spot,hamming_dist_3,False
PERCEPTUAL_NEAR_DUP,Primary,brown spot_796,Brown Spot,Primary,brown spot_799,Brown Spot,hamming_dist_3,False
PERCEPTUAL_NEAR_DUP,Primary,brown spot_798,Brown Spot,Primary,brown spot_799,Brown Spot,hamming_dist_2,False
PERCEPTUAL_NEAR_DUP,Primary,brown spot_817,Brown Spot,Primary,brown spot_818,Brown Spot,hamming_dist_0,False
PERCEPTUAL_NEAR_DUP,Primary,brown spot_817,Brown Spot,Primary,brown spot_819,Brown Spot,hamming_dist_1,False
PERCEPTUAL_NEAR_DUP,Primary,brown spot_818,Brown Spot,Primary,brown spot_819,Brown Spot,hamming_dist_1,False
PERCEPTUAL_NEAR_DUP,Primary,brown spot_823,Brown Spot,Primary,brown spot_824,Brown Spot,hamming_dist_3,False
PERCEPTUAL_NEAR_DUP,Primary,brown spot_823,Brown Spot,Primary,brown spot_825,Brown Spot,hamming_dist_4,False
PERCEPTUAL_NEAR_DUP,Primary,brown spot_824,Brown Spot,Primary,brown spot_825,Brown Spot,hamming_dist_3,False
PERCEPTUAL_NEAR_DUP,Primary,brown spot_839,Brown Spot,Primary,brown spot_843,Brown Spot,hamming_dist_1,False
PERCEPTUAL_NEAR_DUP,Primary,brown spot_839,Brown Spot,Primary,brown spot_844,Brown Spot,hamming_dist_4,False
PERCEPTUAL_NEAR_DUP,Primary,brown spot_840,Brown Spot,Primary,brown spot_841,Brown Spot,hamming_dist_1,False
PERCEPTUAL_NEAR_DUP,Primary,brown spot_840,Brown Spot,Primary,brown spot_842,Brown Spot,hamming_dist_4,False
PERCEPTUAL_NEAR_DUP,Primary,brown spot_841,Brown Spot,Primary,brown spot_842,Brown Spot,hamming_dist_3,False
PERCEPTUAL_NEAR_DUP,Primary,brown spot_841,Brown Spot,Primary,brown spot_844,Brown Spot,hamming_dist_4,False
PERCEPTUAL_NEAR_DUP,Primary,brown spot_842,Brown Spot,Primary,brown spot_843,Brown Spot,hamming_dist_4,False
PERCEPTUAL_NEAR_DUP,Primary,brown spot_842,Brown Spot,Primary,brown spot_844,Brown Spot,hamming_dist_1,False
PERCEPTUAL_NEAR_DUP,Primary,brown spot_843,Brown Spot,Primary,brown spot_844,Brown Spot,hamming_dist_3,False
PERCEPTUAL_NEAR_DUP,Primary,brown spot_847,Brown Spot,Primary,brown spot_848,Brown Spot,hamming_dist_2,False
PERCEPTUAL_NEAR_DUP,Primary,brown spot_847,Brown Spot,Primary,brown spot_849,Brown Spot,hamming_dist_3,False
PERCEPTUAL_NEAR_DUP,Primary,brown spot_861,Brown Spot,Primary,brown spot_862,Brown Spot,hamming_dist_2,False
PERCEPTUAL_NEAR_DUP,Primary,brown spot_861,Brown Spot,Primary,brown spot_863,Brown Spot,hamming_dist_0,False
PERCEPTUAL_NEAR_DUP,Primary,brown spot_861,Brown Spot,Primary,brown spot_865,Brown Spot,hamming_dist_1,False
PERCEPTUAL_NEAR_DUP,Primary,brown spot_861,Brown Spot,Primary,brown spot_866,Brown Spot,hamming_dist_0,False
PERCEPTUAL_NEAR_DUP,Primary,brown spot_861,Brown Spot,Primary,brown spot_867,Brown Spot,hamming_dist_2,False
PERCEPTUAL_NEAR_DUP,Primary,brown spot_862,Brown Spot,Primary,brown spot_863,Brown Spot,hamming_dist_2,False
PERCEPTUAL_NEAR_DUP,Primary,brown spot_862,Brown Spot,Primary,brown spot_864,Brown Spot,hamming_dist_4,False
PERCEPTUAL_NEAR_DUP,Primary,brown spot_862,Brown Spot,Primary,brown spot_865,Brown Spot,hamming_dist_1,False
PERCEPTUAL_NEAR_DUP,Primary,brown spot_862,Brown Spot,Primary,brown spot_866,Brown Spot,hamming_dist_2,False
PERCEPTUAL_NEAR_DUP,Primary,brown spot_862,Brown Spot,Primary,brown spot_867,Brown Spot,hamming_dist_4,False
PERCEPTUAL_NEAR_DUP,Primary,brown spot_863,Brown Spot,Primary,brown spot_865,Brown Spot,hamming_dist_1,False
PERCEPTUAL_NEAR_DUP,Primary,brown spot_863,Brown Spot,Primary,brown spot_866,Brown Spot,hamming_dist_0,False
PERCEPTUAL_NEAR_DUP,Primary,brown spot_863,Brown Spot,Primary,brown spot_867,Brown Spot,hamming_dist_2,False
PERCEPTUAL_NEAR_DUP,Primary,brown spot_865,Brown Spot,Primary,brown spot_866,Brown Spot,hamming_dist_1,False
PERCEPTUAL_NEAR_DUP,Primary,brown spot_865,Brown Spot,Primary,brown spot_867,Brown Spot,hamming_dist_3,False
PERCEPTUAL_NEAR_DUP,Primary,brown spot_866,Brown Spot,Primary,brown spot_867,Brown Spot,hamming_dist_2,False
PERCEPTUAL_NEAR_DUP,Primary,brown spot_871,Brown Spot,Primary,brown spot_872,Brown Spot,hamming_dist_0,False
PERCEPTUAL_NEAR_DUP,Primary,brown spot_871,Brown Spot,Primary,brown spot_873,Brown Spot,hamming_dist_1,False
PERCEPTUAL_NEAR_DUP,Primary,brown spot_871,Brown Spot,Primary,brown spot_874,Brown Spot,hamming_dist_1,False
PERCEPTUAL_NEAR_DUP,Primary,brown spot_871,Brown Spot,Primary,brown spot_875,Brown Spot,hamming_dist_2,False
PERCEPTUAL_NEAR_DUP,Primary,brown spot_872,Brown Spot,Primary,brown spot_873,Brown Spot,hamming_dist_1,False
PERCEPTUAL_NEAR_DUP,Primary,brown spot_872,Brown Spot,Primary,brown spot_874,Brown Spot,hamming_dist_1,False
PERCEPTUAL_NEAR_DUP,Primary,brown spot_872,Brown Spot,Primary,brown spot_875,Brown Spot,hamming_dist_2,False
PERCEPTUAL_NEAR_DUP,Primary,brown spot_873,Brown Spot,Primary,brown spot_874,Brown Spot,hamming_dist_2,False
PERCEPTUAL_NEAR_DUP,Primary,brown spot_873,Brown Spot,Primary,brown spot_875,Brown Spot,hamming_dist_3,False
PERCEPTUAL_NEAR_DUP,Primary,brown spot_874,Brown Spot,Primary,brown spot_875,Brown Spot,hamming_dist_1,False
PERCEPTUAL_NEAR_DUP,Primary,brown spot_892,Brown Spot,Primary,brown spot_893,Brown Spot,hamming_dist_1,False
PERCEPTUAL_NEAR_DUP,Primary,brown spot_925,Brown Spot,Primary,brown spot_926,Brown Spot,hamming_dist_3,False
PERCEPTUAL_NEAR_DUP,Primary,brown spot_928,Brown Spot,Primary,brown spot_929,Brown Spot,hamming_dist_3,False
PERCEPTUAL_NEAR_DUP,Primary,brown spot_950,Brown Spot,Primary,brown spot_951,Brown Spot,hamming_dist_0,False
PERCEPTUAL_NEAR_DUP,Primary,brown spot_950,Brown Spot,Primary,brown spot_952,Brown Spot,hamming_dist_1,False
PERCEPTUAL_NEAR_DUP,Primary,brown spot_950,Brown Spot,Primary,brown spot_953,Brown Spot,hamming_dist_2,False
PERCEPTUAL_NEAR_DUP,Primary,brown spot_950,Brown Spot,Primary,brown spot_954,Brown Spot,hamming_dist_0,False
PERCEPTUAL_NEAR_DUP,Primary,brown spot_950,Brown Spot,Primary,brown spot_957,Brown Spot,hamming_dist_4,False
PERCEPTUAL_NEAR_DUP,Primary,brown spot_951,Brown Spot,Primary,brown spot_952,Brown Spot,hamming_dist_1,False
PERCEPTUAL_NEAR_DUP,Primary,brown spot_951,Brown Spot,Primary,brown spot_953,Brown Spot,hamming_dist_2,False
PERCEPTUAL_NEAR_DUP,Primary,brown spot_951,Brown Spot,Primary,brown spot_954,Brown Spot,hamming_dist_0,False
PERCEPTUAL_NEAR_DUP,Primary,brown spot_951,Brown Spot,Primary,brown spot_957,Brown Spot,hamming_dist_4,False
PERCEPTUAL_NEAR_DUP,Primary,brown spot_952,Brown Spot,Primary,brown spot_953,Brown Spot,hamming_dist_1,False
PERCEPTUAL_NEAR_DUP,Primary,brown spot_952,Brown Spot,Primary,brown spot_954,Brown Spot,hamming_dist_1,False
PERCEPTUAL_NEAR_DUP,Primary,brown spot_952,Brown Spot,Primary,brown spot_957,Brown Spot,hamming_dist_3,False
PERCEPTUAL_NEAR_DUP,Primary,brown spot_953,Brown Spot,Primary,brown spot_954,Brown Spot,hamming_dist_2,False
PERCEPTUAL_NEAR_DUP,Primary,brown spot_953,Brown Spot,Primary,brown spot_957,Brown Spot,hamming_dist_2,False
PERCEPTUAL_NEAR_DUP,Primary,brown spot_954,Brown Spot,Primary,brown spot_957,Brown Spot,hamming_dist_4,False
PERCEPTUAL_NEAR_DUP,Primary,brown spot_955,Brown Spot,Primary,brown spot_956,Brown Spot,hamming_dist_2,False
PERCEPTUAL_NEAR_DUP,Primary,brown spot_955,Brown Spot,Primary,brown spot_957,Brown Spot,hamming_dist_3,False
PERCEPTUAL_NEAR_DUP,Primary,brown spot_955,Brown Spot,Primary,brown spot_958,Brown Spot,hamming_dist_3,False
PERCEPTUAL_NEAR_DUP,Primary,brown spot_955,Brown Spot,Primary,brown spot_959,Brown Spot,hamming_dist_4,False
PERCEPTUAL_NEAR_DUP,Primary,brown spot_956,Brown Spot,Primary,brown spot_957,Brown Spot,hamming_dist_3,False
PERCEPTUAL_NEAR_DUP,Primary,brown spot_956,Brown Spot,Primary,brown spot_958,Brown Spot,hamming_dist_3,False
PERCEPTUAL_NEAR_DUP,Primary,brown spot_956,Brown Spot,Primary,brown spot_959,Brown Spot,hamming_dist_2,False
PERCEPTUAL_NEAR_DUP,Primary,brown spot_957,Brown Spot,Primary,brown spot_959,Brown Spot,hamming_dist_3,False
PERCEPTUAL_NEAR_DUP,Primary,brown spot_958,Brown Spot,Primary,brown spot_959,Brown Spot,hamming_dist_3,False
PERCEPTUAL_NEAR_DUP,Primary,brown spot_958,Brown Spot,Primary,brown spot_960,Brown Spot,hamming_dist_2,False
PERCEPTUAL_NEAR_DUP,Primary,brown spot_962,Brown Spot,Primary,brown spot_964,Brown Spot,hamming_dist_3,False
PERCEPTUAL_NEAR_DUP,Primary,brown spot_962,Brown Spot,Primary,brown spot_966,Brown Spot,hamming_dist_4,False
PERCEPTUAL_NEAR_DUP,Primary,brown spot_962,Brown Spot,Primary,brown spot_967,Brown Spot,hamming_dist_4,False
PERCEPTUAL_NEAR_DUP,Primary,brown spot_964,Brown Spot,Primary,brown spot_965,Brown Spot,hamming_dist_4,False
PERCEPTUAL_NEAR_DUP,Primary,brown spot_964,Brown Spot,Primary,brown spot_966,Brown Spot,hamming_dist_1,False
PERCEPTUAL_NEAR_DUP,Primary,brown spot_964,Brown Spot,Primary,brown spot_967,Brown Spot,hamming_dist_1,False
PERCEPTUAL_NEAR_DUP,Primary,brown spot_965,Brown Spot,Primary,brown spot_966,Brown Spot,hamming_dist_3,False
PERCEPTUAL_NEAR_DUP,Primary,brown spot_966,Brown Spot,Primary,brown spot_967,Brown Spot,hamming_dist_2,False
PERCEPTUAL_NEAR_DUP,Primary,brown spot_973,Brown Spot,Primary,brown spot_974,Brown Spot,hamming_dist_1,False
PERCEPTUAL_NEAR_DUP,Primary,brown spot_976,Brown Spot,Primary,brown spot_977,Brown Spot,hamming_dist_4,False
PERCEPTUAL_NEAR_DUP,Primary,brown spot_980,Brown Spot,Primary,brown spot_981,Brown Spot,hamming_dist_0,False
PERCEPTUAL_NEAR_DUP,Primary,brown spot_991,Brown Spot,Primary,brown spot_992,Brown Spot,hamming_dist_0,False
PERCEPTUAL_NEAR_DUP,Primary,Healthy_1021,Healthy,Primary,Healthy_1022,Healthy,hamming_dist_4,False
PERCEPTUAL_NEAR_DUP,Primary,Healthy_1024,Healthy,Primary,Healthy_1026,Healthy,hamming_dist_4,False
PERCEPTUAL_NEAR_DUP,Primary,Healthy_1025,Healthy,Primary,Healthy_1027,Healthy,hamming_dist_4,False
PERCEPTUAL_NEAR_DUP,Primary,Healthy_1026,Healthy,Primary,Healthy_1027,Healthy,hamming_dist_3,False
PERCEPTUAL_NEAR_DUP,Primary,Healthy_1027,Healthy,Primary,Healthy_1028,Healthy,hamming_dist_4,False
PERCEPTUAL_NEAR_DUP,Primary,Healthy_1042,Healthy,Primary,Healthy_1043,Healthy,hamming_dist_4,False
PERCEPTUAL_NEAR_DUP,Primary,Healthy_1052,Healthy,Primary,Healthy_1053,Healthy,hamming_dist_3,False
PERCEPTUAL_NEAR_DUP,Primary,Healthy_1052,Healthy,Primary,Healthy_1054,Healthy,hamming_dist_2,False
PERCEPTUAL_NEAR_DUP,Primary,Healthy_1053,Healthy,Primary,Healthy_1054,Healthy,hamming_dist_3,False
PERCEPTUAL_NEAR_DUP,Primary,Healthy_1058,Healthy,Primary,Healthy_1059,Healthy,hamming_dist_2,False
PERCEPTUAL_NEAR_DUP,Primary,Healthy_1058,Healthy,Primary,Healthy_1060,Healthy,hamming_dist_3,False
PERCEPTUAL_NEAR_DUP,Primary,Healthy_1058,Healthy,Primary,Healthy_1061,Healthy,hamming_dist_4,False
PERCEPTUAL_NEAR_DUP,Primary,Healthy_1059,Healthy,Primary,Healthy_1060,Healthy,hamming_dist_3,False
PERCEPTUAL_NEAR_DUP,Primary,Healthy_1059,Healthy,Primary,Healthy_1061,Healthy,hamming_dist_2,False
PERCEPTUAL_NEAR_DUP,Primary,Healthy_1060,Healthy,Primary,Healthy_1061,Healthy,hamming_dist_3,False
PERCEPTUAL_NEAR_DUP,Primary,Healthy_1066,Healthy,Primary,Healthy_1068,Healthy,hamming_dist_4,False
PERCEPTUAL_NEAR_DUP,Primary,Healthy_1068,Healthy,Primary,Healthy_1069,Healthy,hamming_dist_2,False
PERCEPTUAL_NEAR_DUP,Primary,Healthy_1100,Healthy,Primary,Healthy_1101,Healthy,hamming_dist_1,False
PERCEPTUAL_NEAR_DUP,Primary,Healthy_1151,Healthy,Primary,Healthy_1152,Healthy,hamming_dist_4,False
PERCEPTUAL_NEAR_DUP,Primary,Healthy_1152,Healthy,Primary,Healthy_1153,Healthy,hamming_dist_4,False
PERCEPTUAL_NEAR_DUP,Primary,Healthy_1154,Healthy,Primary,Healthy_1155,Healthy,hamming_dist_4,False
PERCEPTUAL_NEAR_DUP,Primary,Healthy_1246,Healthy,Primary,Healthy_1247,Healthy,hamming_dist_4,False
PERCEPTUAL_NEAR_DUP,Primary,Healthy_1249,Healthy,Primary,Healthy_1250,Healthy,hamming_dist_3,False
PERCEPTUAL_NEAR_DUP,Primary,Healthy_1270,Healthy,Primary,Healthy_1271,Healthy,hamming_dist_3,False
PERCEPTUAL_NEAR_DUP,Primary,Healthy_1270,Healthy,Primary,Healthy_1272,Healthy,hamming_dist_4,False
PERCEPTUAL_NEAR_DUP,Primary,Healthy_1275,Healthy,Primary,Healthy_1276,Healthy,hamming_dist_2,False
PERCEPTUAL_NEAR_DUP,Primary,Healthy_1285,Healthy,Primary,Healthy_1286,Healthy,hamming_dist_1,False
PERCEPTUAL_NEAR_DUP,Primary,Healthy_1287,Healthy,Primary,Healthy_1288,Healthy,hamming_dist_3,False
PERCEPTUAL_NEAR_DUP,Primary,Healthy_1299,Healthy,Primary,Healthy_1300,Healthy,hamming_dist_4,False
PERCEPTUAL_NEAR_DUP,Primary,Healthy_1300,Healthy,Primary,Healthy_1301,Healthy,hamming_dist_1,False
PERCEPTUAL_NEAR_DUP,Primary,Healthy_1300,Healthy,Primary,Healthy_1302,Healthy,hamming_dist_4,False
PERCEPTUAL_NEAR_DUP,Primary,Healthy_1305,Healthy,Primary,Healthy_1307,Healthy,hamming_dist_4,False
PERCEPTUAL_NEAR_DUP,Primary,Healthy_1305,Healthy,Primary,Healthy_1310,Healthy,hamming_dist_4,False
PERCEPTUAL_NEAR_DUP,Primary,Healthy_1306,Healthy,Primary,Healthy_1307,Healthy,hamming_dist_3,False
PERCEPTUAL_NEAR_DUP,Primary,Healthy_1306,Healthy,Primary,Healthy_1308,Healthy,hamming_dist_2,False
PERCEPTUAL_NEAR_DUP,Primary,Healthy_1306,Healthy,Primary,Healthy_1310,Healthy,hamming_dist_3,False
PERCEPTUAL_NEAR_DUP,Primary,Healthy_1307,Healthy,Primary,Healthy_1308,Healthy,hamming_dist_3,False
PERCEPTUAL_NEAR_DUP,Primary,Healthy_1307,Healthy,Primary,Healthy_1309,Healthy,hamming_dist_2,False
PERCEPTUAL_NEAR_DUP,Primary,Healthy_1307,Healthy,Primary,Healthy_1310,Healthy,hamming_dist_2,False
PERCEPTUAL_NEAR_DUP,Primary,Healthy_1308,Healthy,Primary,Healthy_1310,Healthy,hamming_dist_3,False
PERCEPTUAL_NEAR_DUP,Primary,Healthy_1309,Healthy,Primary,Healthy_1310,Healthy,hamming_dist_4,False
PERCEPTUAL_NEAR_DUP,Primary,Healthy_1311,Healthy,Primary,Healthy_1312,Healthy,hamming_dist_2,False
PERCEPTUAL_NEAR_DUP,Primary,Healthy_1317,Healthy,Primary,Healthy_1318,Healthy,hamming_dist_2,False
PERCEPTUAL_NEAR_DUP,Primary,Healthy_1317,Healthy,Primary,Healthy_1320,Healthy,hamming_dist_1,False
PERCEPTUAL_NEAR_DUP,Primary,Healthy_1317,Healthy,Primary,Healthy_1321,Healthy,hamming_dist_1,False
PERCEPTUAL_NEAR_DUP,Primary,Healthy_1317,Healthy,Primary,Healthy_1322,Healthy,hamming_dist_1,False
PERCEPTUAL_NEAR_DUP,Primary,Healthy_1317,Healthy,Primary,Healthy_1323,Healthy,hamming_dist_2,False
PERCEPTUAL_NEAR_DUP,Primary,Healthy_1317,Healthy,Primary,Healthy_1325,Healthy,hamming_dist_4,False
PERCEPTUAL_NEAR_DUP,Primary,Healthy_1318,Healthy,Primary,Healthy_1319,Healthy,hamming_dist_4,False
PERCEPTUAL_NEAR_DUP,Primary,Healthy_1318,Healthy,Primary,Healthy_1320,Healthy,hamming_dist_1,False
PERCEPTUAL_NEAR_DUP,Primary,Healthy_1318,Healthy,Primary,Healthy_1321,Healthy,hamming_dist_3,False
PERCEPTUAL_NEAR_DUP,Primary,Healthy_1318,Healthy,Primary,Healthy_1322,Healthy,hamming_dist_3,False
PERCEPTUAL_NEAR_DUP,Primary,Healthy_1318,Healthy,Primary,Healthy_1323,Healthy,hamming_dist_4,False
PERCEPTUAL_NEAR_DUP,Primary,Healthy_1320,Healthy,Primary,Healthy_1321,Healthy,hamming_dist_2,False
PERCEPTUAL_NEAR_DUP,Primary,Healthy_1320,Healthy,Primary,Healthy_1322,Healthy,hamming_dist_2,False
PERCEPTUAL_NEAR_DUP,Primary,Healthy_1320,Healthy,Primary,Healthy_1323,Healthy,hamming_dist_3,False
PERCEPTUAL_NEAR_DUP,Primary,Healthy_1321,Healthy,Primary,Healthy_1322,Healthy,hamming_dist_2,False
PERCEPTUAL_NEAR_DUP,Primary,Healthy_1321,Healthy,Primary,Healthy_1323,Healthy,hamming_dist_1,False
PERCEPTUAL_NEAR_DUP,Primary,Healthy_1321,Healthy,Primary,Healthy_1325,Healthy,hamming_dist_3,False
PERCEPTUAL_NEAR_DUP,Primary,Healthy_1322,Healthy,Primary,Healthy_1323,Healthy,hamming_dist_3,False
PERCEPTUAL_NEAR_DUP,Primary,Healthy_1322,Healthy,Primary,Healthy_1324,Healthy,hamming_dist_4,False
PERCEPTUAL_NEAR_DUP,Primary,Healthy_1323,Healthy,Primary,Healthy_1325,Healthy,hamming_dist_2,False
PERCEPTUAL_NEAR_DUP,Primary,Healthy_1331,Healthy,Primary,Healthy_1332,Healthy,hamming_dist_3,False
PERCEPTUAL_NEAR_DUP,Primary,Healthy_1333,Healthy,Primary,Healthy_1334,Healthy,hamming_dist_3,False
PERCEPTUAL_NEAR_DUP,Primary,Healthy_1333,Healthy,Primary,Healthy_1335,Healthy,hamming_dist_1,False
PERCEPTUAL_NEAR_DUP,Primary,Healthy_1334,Healthy,Primary,Healthy_1335,Healthy,hamming_dist_4,False
PERCEPTUAL_NEAR_DUP,Primary,Healthy_1338,Healthy,Primary,Healthy_1339,Healthy,hamming_dist_1,False
PERCEPTUAL_NEAR_DUP,Primary,Healthy_1342,Healthy,Primary,Healthy_1343,Healthy,hamming_dist_3,False
PERCEPTUAL_NEAR_DUP,Primary,Healthy_1342,Healthy,Primary,Healthy_1347,Healthy,hamming_dist_3,False
PERCEPTUAL_NEAR_DUP,Primary,Healthy_1343,Healthy,Primary,Healthy_1344,Healthy,hamming_dist_2,False
PERCEPTUAL_NEAR_DUP,Primary,Healthy_1343,Healthy,Primary,Healthy_1346,Healthy,hamming_dist_4,False
PERCEPTUAL_NEAR_DUP,Primary,Healthy_1343,Healthy,Primary,Healthy_1347,Healthy,hamming_dist_4,False
PERCEPTUAL_NEAR_DUP,Primary,Healthy_1344,Healthy,Primary,Healthy_1346,Healthy,hamming_dist_2,False
PERCEPTUAL_NEAR_DUP,Primary,Healthy_1344,Healthy,Primary,Healthy_1347,Healthy,hamming_dist_4,False
PERCEPTUAL_NEAR_DUP,Primary,Healthy_1346,Healthy,Primary,Healthy_1347,Healthy,hamming_dist_2,False
PERCEPTUAL_NEAR_DUP,Primary,Healthy_1350,Healthy,Primary,Healthy_1351,Healthy,hamming_dist_3,False
PERCEPTUAL_NEAR_DUP,Primary,Healthy_1360,Healthy,Primary,Healthy_1361,Healthy,hamming_dist_3,False
PERCEPTUAL_NEAR_DUP,Primary,Healthy_1362,Healthy,Primary,Healthy_1363,Healthy,hamming_dist_4,False
PERCEPTUAL_NEAR_DUP,Primary,Healthy_1363,Healthy,Primary,Healthy_1364,Healthy,hamming_dist_3,False
PERCEPTUAL_NEAR_DUP,Primary,Healthy_1363,Healthy,Primary,Healthy_1365,Healthy,hamming_dist_4,False
PERCEPTUAL_NEAR_DUP,Primary,Healthy_1363,Healthy,Primary,Healthy_1367,Healthy,hamming_dist_3,False
PERCEPTUAL_NEAR_DUP,Primary,Healthy_1364,Healthy,Primary,Healthy_1365,Healthy,hamming_dist_3,False
PERCEPTUAL_NEAR_DUP,Primary,Healthy_1364,Healthy,Primary,Healthy_1367,Healthy,hamming_dist_2,False
PERCEPTUAL_NEAR_DUP,Primary,Healthy_1364,Healthy,Primary,Healthy_1368,Healthy,hamming_dist_4,False
PERCEPTUAL_NEAR_DUP,Primary,Healthy_1365,Healthy,Primary,Healthy_1366,Healthy,hamming_dist_4,False
PERCEPTUAL_NEAR_DUP,Primary,Healthy_1365,Healthy,Primary,Healthy_1367,Healthy,hamming_dist_1,False
PERCEPTUAL_NEAR_DUP,Primary,Healthy_1365,Healthy,Primary,Healthy_1368,Healthy,hamming_dist_3,False
PERCEPTUAL_NEAR_DUP,Primary,Healthy_1367,Healthy,Primary,Healthy_1368,Healthy,hamming_dist_2,False
PERCEPTUAL_NEAR_DUP,Primary,Healthy_1367,Healthy,Primary,Healthy_1369,Healthy,hamming_dist_4,False
PERCEPTUAL_NEAR_DUP,Primary,Healthy_1368,Healthy,Primary,Healthy_1369,Healthy,hamming_dist_4,False
PERCEPTUAL_NEAR_DUP,Primary,Healthy_1369,Healthy,Primary,Healthy_1370,Healthy,hamming_dist_3,False
PERCEPTUAL_NEAR_DUP,Primary,Healthy_1372,Healthy,Primary,Healthy_1374,Healthy,hamming_dist_3,False
PERCEPTUAL_NEAR_DUP,Primary,Healthy_1375,Healthy,Primary,Healthy_1376,Healthy,hamming_dist_4,False
PERCEPTUAL_NEAR_DUP,Primary,Healthy_1393,Healthy,Primary,Healthy_1394,Healthy,hamming_dist_3,False
PERCEPTUAL_NEAR_DUP,Primary,Healthy_1444,Healthy,Primary,Healthy_1445,Healthy,hamming_dist_3,False
PERCEPTUAL_NEAR_DUP,Primary,Healthy_1453,Healthy,Primary,Healthy_1454,Healthy,hamming_dist_3,False
PERCEPTUAL_NEAR_DUP,Primary,Healthy_1463,Healthy,Primary,Healthy_1464,Healthy,hamming_dist_4,False
PERCEPTUAL_NEAR_DUP,Primary,Healthy_157,Healthy,Primary,Healthy_158,Healthy,hamming_dist_2,False
PERCEPTUAL_NEAR_DUP,Primary,Healthy_159,Healthy,Primary,Healthy_160,Healthy,hamming_dist_3,False
PERCEPTUAL_NEAR_DUP,Primary,Healthy_374,Healthy,Primary,Healthy_375,Healthy,hamming_dist_4,False
PERCEPTUAL_NEAR_DUP,Primary,Healthy_811,Healthy,Primary,Healthy_812,Healthy,hamming_dist_4,False
PERCEPTUAL_NEAR_DUP,Primary,Healthy_811,Healthy,Primary,Healthy_813,Healthy,hamming_dist_4,False
PERCEPTUAL_NEAR_DUP,Primary,Healthy_812,Healthy,Primary,Healthy_813,Healthy,hamming_dist_0,False
PERCEPTUAL_NEAR_DUP,Primary,Healthy_814,Healthy,Primary,Healthy_815,Healthy,hamming_dist_2,False
PERCEPTUAL_NEAR_DUP,Primary,Healthy_814,Healthy,Primary,Healthy_816,Healthy,hamming_dist_3,False
PERCEPTUAL_NEAR_DUP,Primary,Healthy_815,Healthy,Primary,Healthy_816,Healthy,hamming_dist_1,False
PERCEPTUAL_NEAR_DUP,Primary,Healthy_817,Healthy,Primary,Healthy_818,Healthy,hamming_dist_1,False
PERCEPTUAL_NEAR_DUP,Primary,Healthy_817,Healthy,Primary,Healthy_820,Healthy,hamming_dist_4,False
PERCEPTUAL_NEAR_DUP,Primary,Healthy_821,Healthy,Primary,Healthy_822,Healthy,hamming_dist_2,False
PERCEPTUAL_NEAR_DUP,Primary,Healthy_826,Healthy,Primary,Healthy_827,Healthy,hamming_dist_3,False
PERCEPTUAL_NEAR_DUP,Primary,Healthy_829,Healthy,Primary,Healthy_830,Healthy,hamming_dist_3,False
PERCEPTUAL_NEAR_DUP,Primary,Healthy_847,Healthy,Primary,Healthy_848,Healthy,hamming_dist_4,False
PERCEPTUAL_NEAR_DUP,Primary,Healthy_851,Healthy,Primary,Healthy_852,Healthy,hamming_dist_3,False
PERCEPTUAL_NEAR_DUP,Primary,Healthy_852,Healthy,Primary,Healthy_854,Healthy,hamming_dist_4,False
PERCEPTUAL_NEAR_DUP,Primary,Healthy_854,Healthy,Primary,Healthy_855,Healthy,hamming_dist_1,False
PERCEPTUAL_NEAR_DUP,Primary,Healthy_868,Healthy,Primary,Healthy_871,Healthy,hamming_dist_4,False
PERCEPTUAL_NEAR_DUP,Primary,Healthy_870,Healthy,Primary,Healthy_872,Healthy,hamming_dist_4,False
PERCEPTUAL_NEAR_DUP,Primary,Healthy_871,Healthy,Primary,Healthy_872,Healthy,hamming_dist_3,False
PERCEPTUAL_NEAR_DUP,Primary,Healthy_877,Healthy,Primary,Healthy_878,Healthy,hamming_dist_4,False
PERCEPTUAL_NEAR_DUP,Primary,Healthy_879,Healthy,Primary,Healthy_880,Healthy,hamming_dist_2,False
PERCEPTUAL_NEAR_DUP,Primary,Healthy_880,Healthy,Primary,Healthy_881,Healthy,hamming_dist_3,False
PERCEPTUAL_NEAR_DUP,Primary,Healthy_90,Healthy,Primary,Healthy_91,Healthy,hamming_dist_2,False
PERCEPTUAL_NEAR_DUP,Primary,Healthy_905,Healthy,Primary,Healthy_906,Healthy,hamming_dist_1,False
PERCEPTUAL_NEAR_DUP,Primary,Healthy_909,Healthy,Primary,Healthy_919,Healthy,hamming_dist_4,False
PERCEPTUAL_NEAR_DUP,Primary,Healthy_912,Healthy,Primary,Healthy_915,Healthy,hamming_dist_4,False
PERCEPTUAL_NEAR_DUP,Primary,Healthy_913,Healthy,Primary,Healthy_914,Healthy,hamming_dist_4,False
PERCEPTUAL_NEAR_DUP,Primary,Healthy_913,Healthy,Primary,Healthy_915,Healthy,hamming_dist_3,False
PERCEPTUAL_NEAR_DUP,Primary,Healthy_913,Healthy,Primary,Healthy_916,Healthy,hamming_dist_4,False
PERCEPTUAL_NEAR_DUP,Primary,Healthy_914,Healthy,Primary,Healthy_916,Healthy,hamming_dist_4,False
PERCEPTUAL_NEAR_DUP,Primary,Healthy_916,Healthy,Primary,Healthy_917,Healthy,hamming_dist_4,False
PERCEPTUAL_NEAR_DUP,Primary,Healthy_917,Healthy,Primary,Healthy_918,Healthy,hamming_dist_4,False
PERCEPTUAL_NEAR_DUP,Primary,Healthy_935,Healthy,Primary,Healthy_936,Healthy,hamming_dist_2,False
PERCEPTUAL_NEAR_DUP,Primary,Healthy_947,Healthy,Primary,Healthy_948,Healthy,hamming_dist_3,False
PERCEPTUAL_NEAR_DUP,Primary,Healthy_948,Healthy,Primary,Healthy_949,Healthy,hamming_dist_3,False
PERCEPTUAL_NEAR_DUP,Primary,Healthy_949,Healthy,Primary,Healthy_950,Healthy,hamming_dist_4,False
PERCEPTUAL_NEAR_DUP,Primary,Healthy_950,Healthy,Primary,Healthy_951,Healthy,hamming_dist_4,False
PERCEPTUAL_NEAR_DUP,Primary,Healthy_971,Healthy,Primary,Healthy_973,Healthy,hamming_dist_4,False
PERCEPTUAL_NEAR_DUP,Primary,Healthy_979,Healthy,Primary,Healthy_980,Healthy,hamming_dist_2,False
PERCEPTUAL_NEAR_DUP,Primary,Healthy_979,Healthy,Primary,Healthy_981,Healthy,hamming_dist_1,False
PERCEPTUAL_NEAR_DUP,Primary,Healthy_979,Healthy,Primary,Healthy_982,Healthy,hamming_dist_4,False
PERCEPTUAL_NEAR_DUP,Primary,Healthy_980,Healthy,Primary,Healthy_981,Healthy,hamming_dist_1,False
PERCEPTUAL_NEAR_DUP,Primary,Healthy_980,Healthy,Primary,Healthy_982,Healthy,hamming_dist_4,False
PERCEPTUAL_NEAR_DUP,Primary,Healthy_981,Healthy,Primary,Healthy_982,Healthy,hamming_dist_3,False
PERCEPTUAL_NEAR_DUP,Primary,Healthy_989,Healthy,Primary,Healthy_990,Healthy,hamming_dist_1,False
PERCEPTUAL_NEAR_DUP,Primary,Healthy_989,Healthy,Primary,Healthy_991,Healthy,hamming_dist_3,False
PERCEPTUAL_NEAR_DUP,Primary,Healthy_990,Healthy,Primary,Healthy_991,Healthy,hamming_dist_4,False
PERCEPTUAL_NEAR_DUP,Primary,Healthy_992,Healthy,Primary,Healthy_993,Healthy,hamming_dist_3,False
PERCEPTUAL_NEAR_DUP,Primary,Healthy_992,Healthy,Primary,Healthy_994,Healthy,hamming_dist_3,False
PERCEPTUAL_NEAR_DUP,Primary,Healthy_993,Healthy,Primary,Healthy_994,Healthy,hamming_dist_4,False
PERCEPTUAL_NEAR_DUP,Primary,Healthy_995,Healthy,Primary,Healthy_996,Healthy,hamming_dist_0,False
PERCEPTUAL_NEAR_DUP,Primary,Healthy_995,Healthy,Primary,Healthy_997,Healthy,hamming_dist_4,False
PERCEPTUAL_NEAR_DUP,Primary,Healthy_996,Healthy,Primary,Healthy_997,Healthy,hamming_dist_4,False
PERCEPTUAL_NEAR_DUP,Primary,Healthy_997,Healthy,Primary,Healthy_998,Healthy,hamming_dist_3,False
PERCEPTUAL_NEAR_DUP,Primary,Leaf smut_352,Leaf Smut,Primary,Leaf smut_353,Leaf Smut,hamming_dist_4,False
PERCEPTUAL_NEAR_DUP,Primary,Leaf smut_367,Leaf Smut,Primary,Leaf smut_368,Leaf Smut,hamming_dist_3,False
PERCEPTUAL_NEAR_DUP,Primary,Leaf smut_373,Leaf Smut,Primary,Leaf smut_374,Leaf Smut,hamming_dist_3,False
PERCEPTUAL_NEAR_DUP,Primary,Leaf smut_378,Leaf Smut,Primary,Leaf smut_379,Leaf Smut,hamming_dist_3,False
PERCEPTUAL_NEAR_DUP,Primary,Leaf smut_390,Leaf Smut,Primary,Leaf smut_393,Leaf Smut,hamming_dist_2,False
PERCEPTUAL_NEAR_DUP,Primary,Leaf smut_390,Leaf Smut,Primary,Leaf smut_394,Leaf Smut,hamming_dist_4,False
PERCEPTUAL_NEAR_DUP,Primary,Leaf smut_391,Leaf Smut,Primary,Leaf smut_392,Leaf Smut,hamming_dist_4,False
PERCEPTUAL_NEAR_DUP,Primary,Leaf smut_402,Leaf Smut,Primary,Leaf smut_409,Leaf Smut,hamming_dist_3,False
PERCEPTUAL_NEAR_DUP,Primary,Leaf smut_402,Leaf Smut,Primary,Leaf smut_410,Leaf Smut,hamming_dist_3,False
PERCEPTUAL_NEAR_DUP,Primary,Leaf smut_402,Leaf Smut,Primary,Leaf smut_411,Leaf Smut,hamming_dist_4,False
PERCEPTUAL_NEAR_DUP,Primary,Leaf smut_404,Leaf Smut,Primary,Leaf smut_405,Leaf Smut,hamming_dist_3,False
PERCEPTUAL_NEAR_DUP,Primary,Leaf smut_404,Leaf Smut,Primary,Leaf smut_406,Leaf Smut,hamming_dist_4,False
PERCEPTUAL_NEAR_DUP,Primary,Leaf smut_407,Leaf Smut,Primary,Leaf smut_408,Leaf Smut,hamming_dist_4,False
PERCEPTUAL_NEAR_DUP,Primary,Leaf smut_409,Leaf Smut,Primary,Leaf smut_410,Leaf Smut,hamming_dist_0,False
PERCEPTUAL_NEAR_DUP,Primary,Leaf smut_409,Leaf Smut,Primary,Leaf smut_411,Leaf Smut,hamming_dist_3,False
PERCEPTUAL_NEAR_DUP,Primary,Leaf smut_410,Leaf Smut,Primary,Leaf smut_411,Leaf Smut,hamming_dist_3,False
PERCEPTUAL_NEAR_DUP,Primary,Leaf smut_433,Leaf Smut,Primary,Leaf smut_436,Leaf Smut,hamming_dist_4,False
PERCEPTUAL_NEAR_DUP,Primary,Leaf smut_435,Leaf Smut,Primary,Leaf smut_436,Leaf Smut,hamming_dist_3,False
PERCEPTUAL_NEAR_DUP,Primary,Leaf smut_441,Leaf Smut,Primary,Leaf smut_442,Leaf Smut,hamming_dist_4,False
PERCEPTUAL_NEAR_DUP,Primary,Leaf smut_449,Leaf Smut,Primary,Leaf smut_450,Leaf Smut,hamming_dist_2,False
PERCEPTUAL_NEAR_DUP,Primary,Leaf smut_453,Leaf Smut,Primary,Leaf smut_454,Leaf Smut,hamming_dist_4,False
PERCEPTUAL_NEAR_DUP,Primary,Leaf smut_466,Leaf Smut,Primary,Leaf smut_467,Leaf Smut,hamming_dist_2,False
PERCEPTUAL_NEAR_DUP,Primary,Leaf smut_469,Leaf Smut,Primary,Leaf smut_470,Leaf Smut,hamming_dist_3,False
PERCEPTUAL_NEAR_DUP,Primary,Leaf smut_473,Leaf Smut,Primary,Leaf smut_474,Leaf Smut,hamming_dist_1,False
PERCEPTUAL_NEAR_DUP,Primary,Leaf smut_494,Leaf Smut,Primary,Leaf smut_496,Leaf Smut,hamming_dist_3,False
PERCEPTUAL_NEAR_DUP,Primary,Leaf smut_494,Leaf Smut,Primary,Leaf smut_501,Leaf Smut,hamming_dist_4,False
PERCEPTUAL_NEAR_DUP,Primary,Leaf smut_495,Leaf Smut,Primary,Leaf smut_497,Leaf Smut,hamming_dist_4,False
PERCEPTUAL_NEAR_DUP,Primary,Leaf smut_496,Leaf Smut,Primary,Leaf smut_497,Leaf Smut,hamming_dist_4,False
PERCEPTUAL_NEAR_DUP,Primary,Leaf smut_496,Leaf Smut,Primary,Leaf smut_498,Leaf Smut,hamming_dist_4,False
PERCEPTUAL_NEAR_DUP,Primary,Leaf smut_497,Leaf Smut,Primary,Leaf smut_499,Leaf Smut,hamming_dist_4,False
PERCEPTUAL_NEAR_DUP,Primary,Leaf smut_497,Leaf Smut,Primary,Leaf smut_510,Leaf Smut,hamming_dist_4,False
PERCEPTUAL_NEAR_DUP,Primary,Leaf smut_501,Leaf Smut,Primary,Leaf smut_504,Leaf Smut,hamming_dist_4,False
PERCEPTUAL_NEAR_DUP,Primary,Leaf smut_502,Leaf Smut,Primary,Leaf smut_503,Leaf Smut,hamming_dist_3,False
PERCEPTUAL_NEAR_DUP,Primary,Leaf smut_504,Leaf Smut,Primary,Leaf smut_510,Leaf Smut,hamming_dist_3,False
PERCEPTUAL_NEAR_DUP,Primary,Leaf smut_508,Leaf Smut,Primary,Leaf smut_509,Leaf Smut,hamming_dist_4,False
PERCEPTUAL_NEAR_DUP,Primary,Leaf smut_512,Leaf Smut,Primary,Leaf smut_513,Leaf Smut,hamming_dist_3,False
PERCEPTUAL_NEAR_DUP,Primary,Leaf smut_516,Leaf Smut,Primary,Leaf smut_517,Leaf Smut,hamming_dist_2,False
PERCEPTUAL_NEAR_DUP,Primary,Leaf smut_518,Leaf Smut,Primary,Leaf smut_519,Leaf Smut,hamming_dist_3,False
PERCEPTUAL_NEAR_DUP,Primary,Leaf smut_518,Leaf Smut,Primary,Leaf smut_521,Leaf Smut,hamming_dist_4,False
PERCEPTUAL_NEAR_DUP,Primary,Leaf smut_519,Leaf Smut,Primary,Leaf smut_520,Leaf Smut,hamming_dist_2,False
PERCEPTUAL_NEAR_DUP,Primary,Leaf smut_519,Leaf Smut,Primary,Leaf smut_521,Leaf Smut,hamming_dist_3,False
PERCEPTUAL_NEAR_DUP,Primary,Leaf smut_519,Leaf Smut,Primary,Leaf smut_525,Leaf Smut,hamming_dist_4,False
PERCEPTUAL_NEAR_DUP,Primary,Leaf smut_520,Leaf Smut,Primary,Leaf smut_521,Leaf Smut,hamming_dist_3,False
PERCEPTUAL_NEAR_DUP,Primary,Leaf smut_522,Leaf Smut,Primary,Leaf smut_525,Leaf Smut,hamming_dist_3,False
PERCEPTUAL_NEAR_DUP,Primary,Leaf smut_523,Leaf Smut,Primary,Leaf smut_524,Leaf Smut,hamming_dist_2,False
PERCEPTUAL_NEAR_DUP,Primary,Leaf smut_525,Leaf Smut,Primary,Leaf smut_526,Leaf Smut,hamming_dist_4,False
PERCEPTUAL_NEAR_DUP,Primary,Leaf smut_527,Leaf Smut,Primary,Leaf smut_528,Leaf Smut,hamming_dist_4,False
PERCEPTUAL_NEAR_DUP,Primary,Leaf smut_529,Leaf Smut,Primary,Leaf smut_530,Leaf Smut,hamming_dist_3,False
PERCEPTUAL_NEAR_DUP,Primary,Leaf smut_534,Leaf Smut,Primary,Leaf smut_535,Leaf Smut,hamming_dist_3,False
PERCEPTUAL_NEAR_DUP,Primary,Leaf smut_534,Leaf Smut,Primary,Leaf smut_536,Leaf Smut,hamming_dist_2,False
PERCEPTUAL_NEAR_DUP,Primary,Leaf smut_535,Leaf Smut,Primary,Leaf smut_536,Leaf Smut,hamming_dist_1,False
PERCEPTUAL_NEAR_DUP,Primary,Leaf smut_565,Leaf Smut,Primary,Leaf smut_566,Leaf Smut,hamming_dist_3,False
PERCEPTUAL_NEAR_DUP,Primary,Leaf smut_575,Leaf Smut,Primary,Leaf smut_576,Leaf Smut,hamming_dist_4,False
PERCEPTUAL_NEAR_DUP,Primary,Leaf smut_575,Leaf Smut,Primary,Leaf smut_583,Leaf Smut,hamming_dist_4,False
PERCEPTUAL_NEAR_DUP,Primary,Leaf smut_575,Leaf Smut,Primary,Leaf smut_584,Leaf Smut,hamming_dist_4,False
PERCEPTUAL_NEAR_DUP,Primary,Leaf smut_575,Leaf Smut,Primary,Leaf smut_585,Leaf Smut,hamming_dist_3,False
PERCEPTUAL_NEAR_DUP,Primary,Leaf smut_575,Leaf Smut,Primary,Leaf smut_587,Leaf Smut,hamming_dist_4,False
PERCEPTUAL_NEAR_DUP,Primary,Leaf smut_575,Leaf Smut,Primary,Leaf smut_598,Leaf Smut,hamming_dist_4,False
PERCEPTUAL_NEAR_DUP,Primary,Leaf smut_575,Leaf Smut,Primary,Leaf smut_601,Leaf Smut,hamming_dist_4,False
PERCEPTUAL_NEAR_DUP,Primary,Leaf smut_576,Leaf Smut,Primary,Leaf smut_583,Leaf Smut,hamming_dist_4,False
PERCEPTUAL_NEAR_DUP,Primary,Leaf smut_576,Leaf Smut,Primary,Leaf smut_584,Leaf Smut,hamming_dist_4,False
PERCEPTUAL_NEAR_DUP,Primary,Leaf smut_576,Leaf Smut,Primary,Leaf smut_585,Leaf Smut,hamming_dist_1,False
PERCEPTUAL_NEAR_DUP,Primary,Leaf smut_576,Leaf Smut,Primary,Leaf smut_587,Leaf Smut,hamming_dist_4,False
PERCEPTUAL_NEAR_DUP,Primary,Leaf smut_576,Leaf Smut,Primary,Leaf smut_597,Leaf Smut,hamming_dist_4,False
PERCEPTUAL_NEAR_DUP,Primary,Leaf smut_578,Leaf Smut,Primary,Leaf smut_581,Leaf Smut,hamming_dist_3,False
PERCEPTUAL_NEAR_DUP,Primary,Leaf smut_578,Leaf Smut,Primary,Leaf smut_583,Leaf Smut,hamming_dist_4,False
PERCEPTUAL_NEAR_DUP,Primary,Leaf smut_578,Leaf Smut,Primary,Leaf smut_587,Leaf Smut,hamming_dist_4,False
PERCEPTUAL_NEAR_DUP,Primary,Leaf smut_583,Leaf Smut,Primary,Leaf smut_585,Leaf Smut,hamming_dist_3,False
PERCEPTUAL_NEAR_DUP,Primary,Leaf smut_583,Leaf Smut,Primary,Leaf smut_586,Leaf Smut,hamming_dist_4,False
PERCEPTUAL_NEAR_DUP,Primary,Leaf smut_583,Leaf Smut,Primary,Leaf smut_587,Leaf Smut,hamming_dist_0,False
PERCEPTUAL_NEAR_DUP,Primary,Leaf smut_583,Leaf Smut,Primary,Leaf smut_595,Leaf Smut,hamming_dist_4,False
PERCEPTUAL_NEAR_DUP,Primary,Leaf smut_583,Leaf Smut,Primary,Leaf smut_597,Leaf Smut,hamming_dist_4,False
PERCEPTUAL_NEAR_DUP,Primary,Leaf smut_583,Leaf Smut,Primary,Leaf smut_598,Leaf Smut,hamming_dist_4,False
PERCEPTUAL_NEAR_DUP,Primary,Leaf smut_583,Leaf Smut,Primary,Leaf smut_600,Leaf Smut,hamming_dist_4,False
PERCEPTUAL_NEAR_DUP,Primary,Leaf smut_583,Leaf Smut,Primary,Leaf smut_601,Leaf Smut,hamming_dist_4,False
PERCEPTUAL_NEAR_DUP,Primary,Leaf smut_583,Leaf Smut,Primary,Leaf smut_602,Leaf Smut,hamming_dist_4,False
PERCEPTUAL_NEAR_DUP,Primary,Leaf smut_583,Leaf Smut,Primary,Leaf smut_604,Leaf Smut,hamming_dist_4,False
PERCEPTUAL_NEAR_DUP,Primary,Leaf smut_583,Leaf Smut,Primary,Leaf smut_605,Leaf Smut,hamming_dist_1,False
PERCEPTUAL_NEAR_DUP,Primary,Leaf smut_584,Leaf Smut,Primary,Leaf smut_595,Leaf Smut,hamming_dist_4,False
PERCEPTUAL_NEAR_DUP,Primary,Leaf smut_584,Leaf Smut,Primary,Leaf smut_598,Leaf Smut,hamming_dist_4,False
PERCEPTUAL_NEAR_DUP,Primary,Leaf smut_584,Leaf Smut,Primary,Leaf smut_604,Leaf Smut,hamming_dist_4,False
PERCEPTUAL_NEAR_DUP,Primary,Leaf smut_585,Leaf Smut,Primary,Leaf smut_587,Leaf Smut,hamming_dist_3,False
PERCEPTUAL_NEAR_DUP,Primary,Leaf smut_585,Leaf Smut,Primary,Leaf smut_594,Leaf Smut,hamming_dist_4,False
PERCEPTUAL_NEAR_DUP,Primary,Leaf smut_585,Leaf Smut,Primary,Leaf smut_605,Leaf Smut,hamming_dist_4,False
PERCEPTUAL_NEAR_DUP,Primary,Leaf smut_586,Leaf Smut,Primary,Leaf smut_587,Leaf Smut,hamming_dist_4,False
PERCEPTUAL_NEAR_DUP,Primary,Leaf smut_586,Leaf Smut,Primary,Leaf smut_595,Leaf Smut,hamming_dist_4,False
PERCEPTUAL_NEAR_DUP,Primary,Leaf smut_586,Leaf Smut,Primary,Leaf smut_597,Leaf Smut,hamming_dist_4,False
PERCEPTUAL_NEAR_DUP,Primary,Leaf smut_586,Leaf Smut,Primary,Leaf smut_601,Leaf Smut,hamming_dist_4,False
PERCEPTUAL_NEAR_DUP,Primary,Leaf smut_586,Leaf Smut,Primary,Leaf smut_602,Leaf Smut,hamming_dist_4,False
PERCEPTUAL_NEAR_DUP,Primary,Leaf smut_586,Leaf Smut,Primary,Leaf smut_604,Leaf Smut,hamming_dist_4,False
PERCEPTUAL_NEAR_DUP,Primary,Leaf smut_587,Leaf Smut,Primary,Leaf smut_595,Leaf Smut,hamming_dist_4,False
PERCEPTUAL_NEAR_DUP,Primary,Leaf smut_587,Leaf Smut,Primary,Leaf smut_597,Leaf Smut,hamming_dist_4,False
PERCEPTUAL_NEAR_DUP,Primary,Leaf smut_587,Leaf Smut,Primary,Leaf smut_598,Leaf Smut,hamming_dist_4,False
PERCEPTUAL_NEAR_DUP,Primary,Leaf smut_587,Leaf Smut,Primary,Leaf smut_600,Leaf Smut,hamming_dist_4,False
PERCEPTUAL_NEAR_DUP,Primary,Leaf smut_587,Leaf Smut,Primary,Leaf smut_601,Leaf Smut,hamming_dist_4,False
PERCEPTUAL_NEAR_DUP,Primary,Leaf smut_587,Leaf Smut,Primary,Leaf smut_602,Leaf Smut,hamming_dist_4,False
PERCEPTUAL_NEAR_DUP,Primary,Leaf smut_587,Leaf Smut,Primary,Leaf smut_604,Leaf Smut,hamming_dist_4,False
PERCEPTUAL_NEAR_DUP,Primary,Leaf smut_587,Leaf Smut,Primary,Leaf smut_605,Leaf Smut,hamming_dist_1,False
PERCEPTUAL_NEAR_DUP,Primary,Leaf smut_595,Leaf Smut,Primary,Leaf smut_596,Leaf Smut,hamming_dist_1,False
PERCEPTUAL_NEAR_DUP,Primary,Leaf smut_595,Leaf Smut,Primary,Leaf smut_598,Leaf Smut,hamming_dist_4,False
PERCEPTUAL_NEAR_DUP,Primary,Leaf smut_595,Leaf Smut,Primary,Leaf smut_601,Leaf Smut,hamming_dist_4,False
PERCEPTUAL_NEAR_DUP,Primary,Leaf smut_595,Leaf Smut,Primary,Leaf smut_602,Leaf Smut,hamming_dist_2,False
PERCEPTUAL_NEAR_DUP,Primary,Leaf smut_595,Leaf Smut,Primary,Leaf smut_604,Leaf Smut,hamming_dist_0,False
PERCEPTUAL_NEAR_DUP,Primary,Leaf smut_595,Leaf Smut,Primary,Leaf smut_605,Leaf Smut,hamming_dist_3,False
PERCEPTUAL_NEAR_DUP,Primary,Leaf smut_596,Leaf Smut,Primary,Leaf smut_602,Leaf Smut,hamming_dist_3,False
PERCEPTUAL_NEAR_DUP,Primary,Leaf smut_596,Leaf Smut,Primary,Leaf smut_604,Leaf Smut,hamming_dist_1,False
PERCEPTUAL_NEAR_DUP,Primary,Leaf smut_596,Leaf Smut,Primary,Leaf smut_605,Leaf Smut,hamming_dist_4,False
PERCEPTUAL_NEAR_DUP,Primary,Leaf smut_598,Leaf Smut,Primary,Leaf smut_600,Leaf Smut,hamming_dist_4,False
PERCEPTUAL_NEAR_DUP,Primary,Leaf smut_598,Leaf Smut,Primary,Leaf smut_601,Leaf Smut,hamming_dist_4,False
PERCEPTUAL_NEAR_DUP,Primary,Leaf smut_598,Leaf Smut,Primary,Leaf smut_602,Leaf Smut,hamming_dist_2,False
PERCEPTUAL_NEAR_DUP,Primary,Leaf smut_598,Leaf Smut,Primary,Leaf smut_604,Leaf Smut,hamming_dist_4,False
PERCEPTUAL_NEAR_DUP,Primary,Leaf smut_600,Leaf Smut,Primary,Leaf smut_601,Leaf Smut,hamming_dist_4,False
PERCEPTUAL_NEAR_DUP,Primary,Leaf smut_600,Leaf Smut,Primary,Leaf smut_602,Leaf Smut,hamming_dist_4,False
PERCEPTUAL_NEAR_DUP,Primary,Leaf smut_601,Leaf Smut,Primary,Leaf smut_602,Leaf Smut,hamming_dist_4,False
PERCEPTUAL_NEAR_DUP,Primary,Leaf smut_601,Leaf Smut,Primary,Leaf smut_604,Leaf Smut,hamming_dist_4,False
PERCEPTUAL_NEAR_DUP,Primary,Leaf smut_602,Leaf Smut,Primary,Leaf smut_604,Leaf Smut,hamming_dist_2,False
PERCEPTUAL_NEAR_DUP,Primary,Leaf smut_604,Leaf Smut,Primary,Leaf smut_605,Leaf Smut,hamming_dist_3,False
PERCEPTUAL_NEAR_DUP,Primary,Leaf smut_606,Leaf Smut,Primary,Leaf smut_607,Leaf Smut,hamming_dist_2,False
PERCEPTUAL_NEAR_DUP,Primary,Leaf smut_609,Leaf Smut,Primary,Leaf smut_610,Leaf Smut,hamming_dist_4,False
PERCEPTUAL_NEAR_DUP,Primary,Leaf smut_609,Leaf Smut,Primary,Leaf smut_611,Leaf Smut,hamming_dist_1,False
PERCEPTUAL_NEAR_DUP,Primary,Leaf smut_609,Leaf Smut,Primary,Leaf smut_612,Leaf Smut,hamming_dist_3,False
PERCEPTUAL_NEAR_DUP,Primary,Leaf smut_609,Leaf Smut,Primary,Leaf smut_613,Leaf Smut,hamming_dist_3,False
PERCEPTUAL_NEAR_DUP,Primary,Leaf smut_609,Leaf Smut,Primary,Leaf smut_614,Leaf Smut,hamming_dist_2,False
PERCEPTUAL_NEAR_DUP,Primary,Leaf smut_610,Leaf Smut,Primary,Leaf smut_611,Leaf Smut,hamming_dist_3,False
PERCEPTUAL_NEAR_DUP,Primary,Leaf smut_610,Leaf Smut,Primary,Leaf smut_612,Leaf Smut,hamming_dist_1,False
PERCEPTUAL_NEAR_DUP,Primary,Leaf smut_610,Leaf Smut,Primary,Leaf smut_613,Leaf Smut,hamming_dist_3,False
PERCEPTUAL_NEAR_DUP,Primary,Leaf smut_610,Leaf Smut,Primary,Leaf smut_614,Leaf Smut,hamming_dist_2,False
PERCEPTUAL_NEAR_DUP,Primary,Leaf smut_611,Leaf Smut,Primary,Leaf smut_612,Leaf Smut,hamming_dist_2,False
PERCEPTUAL_NEAR_DUP,Primary,Leaf smut_611,Leaf Smut,Primary,Leaf smut_613,Leaf Smut,hamming_dist_2,False
PERCEPTUAL_NEAR_DUP,Primary,Leaf smut_611,Leaf Smut,Primary,Leaf smut_614,Leaf Smut,hamming_dist_1,False
PERCEPTUAL_NEAR_DUP,Primary,Leaf smut_612,Leaf Smut,Primary,Leaf smut_613,Leaf Smut,hamming_dist_2,False
PERCEPTUAL_NEAR_DUP,Primary,Leaf smut_612,Leaf Smut,Primary,Leaf smut_614,Leaf Smut,hamming_dist_1,False
PERCEPTUAL_NEAR_DUP,Primary,Leaf smut_613,Leaf Smut,Primary,Leaf smut_614,Leaf Smut,hamming_dist_1,False
PERCEPTUAL_NEAR_DUP,Primary,Leaf smut_618,Leaf Smut,Primary,Leaf smut_620,Leaf Smut,hamming_dist_4,False
PERCEPTUAL_NEAR_DUP,Primary,Leaf smut_620,Leaf Smut,Primary,Leaf smut_621,Leaf Smut,hamming_dist_2,False
PERCEPTUAL_NEAR_DUP,Primary,Leaf smut_621,Leaf Smut,Primary,Leaf smut_622,Leaf Smut,hamming_dist_4,False
PERCEPTUAL_NEAR_DUP,Primary,Leaf smut_624,Leaf Smut,Primary,Leaf smut_625,Leaf Smut,hamming_dist_3,False
PERCEPTUAL_NEAR_DUP,Primary,Leaf smut_624,Leaf Smut,Primary,Leaf smut_627,Leaf Smut,hamming_dist_4,False
PERCEPTUAL_NEAR_DUP,Primary,Leaf smut_625,Leaf Smut,Primary,Leaf smut_626,Leaf Smut,hamming_dist_4,False
PERCEPTUAL_NEAR_DUP,Primary,Leaf smut_625,Leaf Smut,Primary,Leaf smut_627,Leaf Smut,hamming_dist_3,False
PERCEPTUAL_NEAR_DUP,Primary,Leaf smut_627,Leaf Smut,Primary,Leaf smut_628,Leaf Smut,hamming_dist_2,False
PERCEPTUAL_NEAR_DUP,Primary,Leaf smut_629,Leaf Smut,Primary,Leaf smut_630,Leaf Smut,hamming_dist_0,False
PERCEPTUAL_NEAR_DUP,Primary,Leaf smut_629,Leaf Smut,Primary,Leaf smut_631,Leaf Smut,hamming_dist_2,False
PERCEPTUAL_NEAR_DUP,Primary,Leaf smut_630,Leaf Smut,Primary,Leaf smut_631,Leaf Smut,hamming_dist_2,False
PERCEPTUAL_NEAR_DUP,Primary,Leaf smut_632,Leaf Smut,Primary,Leaf smut_633,Leaf Smut,hamming_dist_3,False
PERCEPTUAL_NEAR_DUP,Primary,Leaf smut_632,Leaf Smut,Primary,Leaf smut_634,Leaf Smut,hamming_dist_2,False
PERCEPTUAL_NEAR_DUP,Primary,Leaf smut_633,Leaf Smut,Primary,Leaf smut_634,Leaf Smut,hamming_dist_3,False
PERCEPTUAL_NEAR_DUP,Primary,Leaf smut_638,Leaf Smut,Primary,Leaf smut_639,Leaf Smut,hamming_dist_3,False
PERCEPTUAL_NEAR_DUP,Primary,Leaf smut_638,Leaf Smut,Primary,Leaf smut_640,Leaf Smut,hamming_dist_3,False
PERCEPTUAL_NEAR_DUP,Primary,Leaf smut_638,Leaf Smut,Primary,Leaf smut_641,Leaf Smut,hamming_dist_3,False
PERCEPTUAL_NEAR_DUP,Primary,Leaf smut_638,Leaf Smut,Primary,Leaf smut_642,Leaf Smut,hamming_dist_2,False
PERCEPTUAL_NEAR_DUP,Primary,Leaf smut_638,Leaf Smut,Primary,Leaf smut_643,Leaf Smut,hamming_dist_4,False
PERCEPTUAL_NEAR_DUP,Primary,Leaf smut_639,Leaf Smut,Primary,Leaf smut_640,Leaf Smut,hamming_dist_2,False
PERCEPTUAL_NEAR_DUP,Primary,Leaf smut_639,Leaf Smut,Primary,Leaf smut_641,Leaf Smut,hamming_dist_2,False
PERCEPTUAL_NEAR_DUP,Primary,Leaf smut_639,Leaf Smut,Primary,Leaf smut_642,Leaf Smut,hamming_dist_1,False
PERCEPTUAL_NEAR_DUP,Primary,Leaf smut_639,Leaf Smut,Primary,Leaf smut_643,Leaf Smut,hamming_dist_3,False
PERCEPTUAL_NEAR_DUP,Primary,Leaf smut_640,Leaf Smut,Primary,Leaf smut_641,Leaf Smut,hamming_dist_2,False
PERCEPTUAL_NEAR_DUP,Primary,Leaf smut_640,Leaf Smut,Primary,Leaf smut_642,Leaf Smut,hamming_dist_1,False
PERCEPTUAL_NEAR_DUP,Primary,Leaf smut_640,Leaf Smut,Primary,Leaf smut_643,Leaf Smut,hamming_dist_3,False
PERCEPTUAL_NEAR_DUP,Primary,Leaf smut_641,Leaf Smut,Primary,Leaf smut_642,Leaf Smut,hamming_dist_1,False
PERCEPTUAL_NEAR_DUP,Primary,Leaf smut_641,Leaf Smut,Primary,Leaf smut_643,Leaf Smut,hamming_dist_3,False
PERCEPTUAL_NEAR_DUP,Primary,Leaf smut_642,Leaf Smut,Primary,Leaf smut_643,Leaf Smut,hamming_dist_2,False
PERCEPTUAL_NEAR_DUP,Primary,Leaf smut_656,Leaf Smut,Primary,Leaf smut_657,Leaf Smut,hamming_dist_1,False
PERCEPTUAL_NEAR_DUP,Primary,Leaf smut_661,Leaf Smut,Primary,Leaf smut_662,Leaf Smut,hamming_dist_2,False
PERCEPTUAL_NEAR_DUP,Primary,Leaf smut_661,Leaf Smut,Primary,Leaf smut_663,Leaf Smut,hamming_dist_3,False
PERCEPTUAL_NEAR_DUP,Primary,Leaf smut_662,Leaf Smut,Primary,Leaf smut_663,Leaf Smut,hamming_dist_1,False
PERCEPTUAL_NEAR_DUP,Primary,Leaf smut_662,Leaf Smut,Primary,Leaf smut_664,Leaf Smut,hamming_dist_3,False
PERCEPTUAL_NEAR_DUP,Primary,Leaf smut_663,Leaf Smut,Primary,Leaf smut_664,Leaf Smut,hamming_dist_2,False
PERCEPTUAL_NEAR_DUP,Primary,Leaf smut_667,Leaf Smut,Primary,Leaf smut_668,Leaf Smut,hamming_dist_2,False
PERCEPTUAL_NEAR_DUP,Primary,Leaf smut_673,Leaf Smut,Primary,Leaf smut_674,Leaf Smut,hamming_dist_4,False
PERCEPTUAL_NEAR_DUP,Primary,Leaf smut_673,Leaf Smut,Primary,Leaf smut_675,Leaf Smut,hamming_dist_3,False
PERCEPTUAL_NEAR_DUP,Primary,Leaf smut_674,Leaf Smut,Primary,Leaf smut_675,Leaf Smut,hamming_dist_3,False
PERCEPTUAL_NEAR_DUP,Primary,Leaf smut_674,Leaf Smut,Primary,Leaf smut_679,Leaf Smut,hamming_dist_3,False
PERCEPTUAL_NEAR_DUP,Primary,Leaf smut_675,Leaf Smut,Primary,Leaf smut_676,Leaf Smut,hamming_dist_4,False
PERCEPTUAL_NEAR_DUP,Primary,Leaf smut_675,Leaf Smut,Primary,Leaf smut_677,Leaf Smut,hamming_dist_4,False
PERCEPTUAL_NEAR_DUP,Primary,Leaf smut_676,Leaf Smut,Primary,Leaf smut_677,Leaf Smut,hamming_dist_2,False
PERCEPTUAL_NEAR_DUP,Primary,Leaf smut_680,Leaf Smut,Primary,Leaf smut_683,Leaf Smut,hamming_dist_4,False
PERCEPTUAL_NEAR_DUP,Primary,Leaf smut_681,Leaf Smut,Primary,Leaf smut_682,Leaf Smut,hamming_dist_4,False
PERCEPTUAL_NEAR_DUP,Primary,Leaf smut_682,Leaf Smut,Primary,Leaf smut_683,Leaf Smut,hamming_dist_3,False
PERCEPTUAL_NEAR_DUP,Primary,Leaf smut_686,Leaf Smut,Primary,Leaf smut_687,Leaf Smut,hamming_dist_4,False
PERCEPTUAL_NEAR_DUP,Primary,Leaf smut_702,Leaf Smut,Primary,Leaf smut_704,Leaf Smut,hamming_dist_4,False
PERCEPTUAL_NEAR_DUP,Primary,Leaf smut_702,Leaf Smut,Primary,Leaf smut_705,Leaf Smut,hamming_dist_3,False
PERCEPTUAL_NEAR_DUP,Primary,Leaf smut_702,Leaf Smut,Primary,Leaf smut_707,Leaf Smut,hamming_dist_4,False
PERCEPTUAL_NEAR_DUP,Primary,Leaf smut_702,Leaf Smut,Primary,Leaf smut_708,Leaf Smut,hamming_dist_4,False
PERCEPTUAL_NEAR_DUP,Primary,Leaf smut_703,Leaf Smut,Primary,Leaf smut_704,Leaf Smut,hamming_dist_1,False
PERCEPTUAL_NEAR_DUP,Primary,Leaf smut_703,Leaf Smut,Primary,Leaf smut_705,Leaf Smut,hamming_dist_2,False
PERCEPTUAL_NEAR_DUP,Primary,Leaf smut_703,Leaf Smut,Primary,Leaf smut_706,Leaf Smut,hamming_dist_2,False
PERCEPTUAL_NEAR_DUP,Primary,Leaf smut_704,Leaf Smut,Primary,Leaf smut_705,Leaf Smut,hamming_dist_1,False
PERCEPTUAL_NEAR_DUP,Primary,Leaf smut_704,Leaf Smut,Primary,Leaf smut_706,Leaf Smut,hamming_dist_1,False
PERCEPTUAL_NEAR_DUP,Primary,Leaf smut_705,Leaf Smut,Primary,Leaf smut_706,Leaf Smut,hamming_dist_2,False
PERCEPTUAL_NEAR_DUP,Primary,Leaf smut_707,Leaf Smut,Primary,Leaf smut_708,Leaf Smut,hamming_dist_4,False
PERCEPTUAL_NEAR_DUP,Primary,Leaf smut_715,Leaf Smut,Primary,Leaf smut_717,Leaf Smut,hamming_dist_4,False
PERCEPTUAL_NEAR_DUP,Primary,Leaf smut_716,Leaf Smut,Primary,Leaf smut_717,Leaf Smut,hamming_dist_4,False
PERCEPTUAL_NEAR_DUP,Primary,Leaf smut_716,Leaf Smut,Primary,Leaf smut_718,Leaf Smut,hamming_dist_3,False
PERCEPTUAL_NEAR_DUP,Primary,Leaf smut_719,Leaf Smut,Primary,Leaf smut_720,Leaf Smut,hamming_dist_2,False
PERCEPTUAL_NEAR_DUP,Primary,Leaf smut_721,Leaf Smut,Primary,Leaf smut_722,Leaf Smut,hamming_dist_0,False
PERCEPTUAL_NEAR_DUP,Primary,Leaf smut_721,Leaf Smut,Primary,Leaf smut_723,Leaf Smut,hamming_dist_0,False
PERCEPTUAL_NEAR_DUP,Primary,Leaf smut_722,Leaf Smut,Primary,Leaf smut_723,Leaf Smut,hamming_dist_0,False
PERCEPTUAL_NEAR_DUP,Primary,Rice Tungro_1032,Tungro,Primary,Rice Tungro_1033,Tungro,hamming_dist_4,False
PERCEPTUAL_NEAR_DUP,Primary,Rice Tungro_1041,Tungro,Primary,Rice Tungro_1042,Tungro,hamming_dist_4,False
PERCEPTUAL_NEAR_DUP,Primary,Rice Tungro_1051,Tungro,Primary,Rice Tungro_1052,Tungro,hamming_dist_4,False
PERCEPTUAL_NEAR_DUP,Primary,Rice Tungro_1071,Tungro,Primary,Rice Tungro_1073,Tungro,hamming_dist_4,False
PERCEPTUAL_NEAR_DUP,Primary,Rice Tungro_1073,Tungro,Primary,Rice Tungro_1074,Tungro,hamming_dist_2,False
PERCEPTUAL_NEAR_DUP,Primary,Rice Tungro_1078,Tungro,Primary,Rice Tungro_1079,Tungro,hamming_dist_4,False
PERCEPTUAL_NEAR_DUP,Primary,Rice Tungro_1078,Tungro,Primary,Rice Tungro_1080,Tungro,hamming_dist_3,False
PERCEPTUAL_NEAR_DUP,Primary,Rice Tungro_1079,Tungro,Primary,Rice Tungro_1080,Tungro,hamming_dist_3,False
PERCEPTUAL_NEAR_DUP,Primary,Rice Tungro_1079,Tungro,Primary,Rice Tungro_1085,Tungro,hamming_dist_4,False
PERCEPTUAL_NEAR_DUP,Primary,Rice Tungro_1080,Tungro,Primary,Rice Tungro_1085,Tungro,hamming_dist_3,False
PERCEPTUAL_NEAR_DUP,Primary,Rice Tungro_1080,Tungro,Primary,Rice Tungro_1087,Tungro,hamming_dist_4,False
PERCEPTUAL_NEAR_DUP,Primary,Rice Tungro_1081,Tungro,Primary,Rice Tungro_1085,Tungro,hamming_dist_4,False
PERCEPTUAL_NEAR_DUP,Primary,Rice Tungro_1082,Tungro,Primary,Rice Tungro_1083,Tungro,hamming_dist_3,False
PERCEPTUAL_NEAR_DUP,Primary,Rice Tungro_1082,Tungro,Primary,Rice Tungro_1084,Tungro,hamming_dist_4,False
PERCEPTUAL_NEAR_DUP,Primary,Rice Tungro_1082,Tungro,Primary,Rice Tungro_1085,Tungro,hamming_dist_4,False
PERCEPTUAL_NEAR_DUP,Primary,Rice Tungro_1082,Tungro,Primary,Rice Tungro_1086,Tungro,hamming_dist_4,False
PERCEPTUAL_NEAR_DUP,Primary,Rice Tungro_1082,Tungro,Primary,Rice Tungro_1087,Tungro,hamming_dist_3,False
PERCEPTUAL_NEAR_DUP,Primary,Rice Tungro_1083,Tungro,Primary,Rice Tungro_1088,Tungro,hamming_dist_4,False
PERCEPTUAL_NEAR_DUP,Primary,Rice Tungro_1084,Tungro,Primary,Rice Tungro_1085,Tungro,hamming_dist_2,False
PERCEPTUAL_NEAR_DUP,Primary,Rice Tungro_1084,Tungro,Primary,Rice Tungro_1086,Tungro,hamming_dist_4,False
PERCEPTUAL_NEAR_DUP,Primary,Rice Tungro_1084,Tungro,Primary,Rice Tungro_1087,Tungro,hamming_dist_1,False
PERCEPTUAL_NEAR_DUP,Primary,Rice Tungro_1085,Tungro,Primary,Rice Tungro_1086,Tungro,hamming_dist_4,False
PERCEPTUAL_NEAR_DUP,Primary,Rice Tungro_1085,Tungro,Primary,Rice Tungro_1087,Tungro,hamming_dist_1,False
PERCEPTUAL_NEAR_DUP,Primary,Rice Tungro_1086,Tungro,Primary,Rice Tungro_1087,Tungro,hamming_dist_3,False
PERCEPTUAL_NEAR_DUP,Primary,Rice Tungro_1086,Tungro,Primary,Rice Tungro_1088,Tungro,hamming_dist_1,False
PERCEPTUAL_NEAR_DUP,Primary,Rice Tungro_1087,Tungro,Primary,Rice Tungro_1088,Tungro,hamming_dist_4,False
PERCEPTUAL_NEAR_DUP,Primary,Rice Tungro_1124,Tungro,Primary,Rice Tungro_1126,Tungro,hamming_dist_3,False
PERCEPTUAL_NEAR_DUP,Primary,Rice Tungro_1125,Tungro,Primary,Rice Tungro_1126,Tungro,hamming_dist_3,False
PERCEPTUAL_NEAR_DUP,Primary,Rice Tungro_1125,Tungro,Primary,Rice Tungro_1128,Tungro,hamming_dist_3,False
PERCEPTUAL_NEAR_DUP,Primary,Rice Tungro_1125,Tungro,Primary,Rice Tungro_1129,Tungro,hamming_dist_4,False
PERCEPTUAL_NEAR_DUP,Primary,Rice Tungro_1127,Tungro,Primary,Rice Tungro_1128,Tungro,hamming_dist_3,False
PERCEPTUAL_NEAR_DUP,Primary,Rice Tungro_1137,Tungro,Primary,Rice Tungro_1139,Tungro,hamming_dist_3,False
PERCEPTUAL_NEAR_DUP,Primary,Rice Tungro_1141,Tungro,Primary,Rice Tungro_1142,Tungro,hamming_dist_1,False
PERCEPTUAL_NEAR_DUP,Primary,Rice Tungro_1143,Tungro,Primary,Rice Tungro_1144,Tungro,hamming_dist_1,False
PERCEPTUAL_NEAR_DUP,Primary,Rice Tungro_1143,Tungro,Primary,Rice Tungro_1145,Tungro,hamming_dist_2,False
PERCEPTUAL_NEAR_DUP,Primary,Rice Tungro_1144,Tungro,Primary,Rice Tungro_1145,Tungro,hamming_dist_3,False
PERCEPTUAL_NEAR_DUP,Primary,Rice Tungro_1146,Tungro,Primary,Rice Tungro_1147,Tungro,hamming_dist_3,False
PERCEPTUAL_NEAR_DUP,Primary,Rice Tungro_1146,Tungro,Primary,Rice Tungro_1148,Tungro,hamming_dist_1,False
PERCEPTUAL_NEAR_DUP,Primary,Rice Tungro_1146,Tungro,Primary,Rice Tungro_1149,Tungro,hamming_dist_3,False
PERCEPTUAL_NEAR_DUP,Primary,Rice Tungro_1147,Tungro,Primary,Rice Tungro_1148,Tungro,hamming_dist_2,False
PERCEPTUAL_NEAR_DUP,Primary,Rice Tungro_1147,Tungro,Primary,Rice Tungro_1149,Tungro,hamming_dist_2,False
PERCEPTUAL_NEAR_DUP,Primary,Rice Tungro_1147,Tungro,Primary,Rice Tungro_1150,Tungro,hamming_dist_2,False
PERCEPTUAL_NEAR_DUP,Primary,Rice Tungro_1147,Tungro,Primary,Rice Tungro_1151,Tungro,hamming_dist_3,False
PERCEPTUAL_NEAR_DUP,Primary,Rice Tungro_1148,Tungro,Primary,Rice Tungro_1149,Tungro,hamming_dist_2,False
PERCEPTUAL_NEAR_DUP,Primary,Rice Tungro_1148,Tungro,Primary,Rice Tungro_1150,Tungro,hamming_dist_4,False
PERCEPTUAL_NEAR_DUP,Primary,Rice Tungro_1149,Tungro,Primary,Rice Tungro_1150,Tungro,hamming_dist_4,False
PERCEPTUAL_NEAR_DUP,Primary,Rice Tungro_1150,Tungro,Primary,Rice Tungro_1151,Tungro,hamming_dist_1,False
PERCEPTUAL_NEAR_DUP,Primary,Rice Tungro_1174,Tungro,Primary,Rice Tungro_1175,Tungro,hamming_dist_4,False
PERCEPTUAL_NEAR_DUP,Primary,Rice Tungro_1183,Tungro,Primary,Rice Tungro_1184,Tungro,hamming_dist_2,False
PERCEPTUAL_NEAR_DUP,Primary,Rice Tungro_1185,Tungro,Primary,Rice Tungro_1186,Tungro,hamming_dist_0,False
PERCEPTUAL_NEAR_DUP,Primary,Rice Tungro_1185,Tungro,Primary,Rice Tungro_1187,Tungro,hamming_dist_0,False
PERCEPTUAL_NEAR_DUP,Primary,Rice Tungro_1186,Tungro,Primary,Rice Tungro_1187,Tungro,hamming_dist_0,False
PERCEPTUAL_NEAR_DUP,Primary,Rice Tungro_1193,Tungro,Primary,Rice Tungro_1197,Tungro,hamming_dist_3,False
PERCEPTUAL_NEAR_DUP,Primary,Rice Tungro_1194,Tungro,Primary,Rice Tungro_1195,Tungro,hamming_dist_1,False
PERCEPTUAL_NEAR_DUP,Primary,Rice Tungro_1194,Tungro,Primary,Rice Tungro_1196,Tungro,hamming_dist_2,False
PERCEPTUAL_NEAR_DUP,Primary,Rice Tungro_1195,Tungro,Primary,Rice Tungro_1196,Tungro,hamming_dist_1,False
PERCEPTUAL_NEAR_DUP,Primary,Rice Tungro_1199,Tungro,Primary,Rice Tungro_1200,Tungro,hamming_dist_4,False
PERCEPTUAL_NEAR_DUP,Primary,Rice Tungro_1202,Tungro,Primary,Rice Tungro_1203,Tungro,hamming_dist_3,False
PERCEPTUAL_NEAR_DUP,Primary,Rice Tungro_1202,Tungro,Primary,Rice Tungro_1204,Tungro,hamming_dist_3,False
PERCEPTUAL_NEAR_DUP,Primary,Rice Tungro_1202,Tungro,Primary,Rice Tungro_1205,Tungro,hamming_dist_2,False
PERCEPTUAL_NEAR_DUP,Primary,Rice Tungro_1202,Tungro,Primary,Rice Tungro_1206,Tungro,hamming_dist_4,False
PERCEPTUAL_NEAR_DUP,Primary,Rice Tungro_1202,Tungro,Primary,Rice Tungro_1207,Tungro,hamming_dist_4,False
PERCEPTUAL_NEAR_DUP,Primary,Rice Tungro_1202,Tungro,Primary,Rice Tungro_1208,Tungro,hamming_dist_4,False
PERCEPTUAL_NEAR_DUP,Primary,Rice Tungro_1202,Tungro,Primary,Rice Tungro_1209,Tungro,hamming_dist_3,False
PERCEPTUAL_NEAR_DUP,Primary,Rice Tungro_1203,Tungro,Primary,Rice Tungro_1204,Tungro,hamming_dist_4,False
PERCEPTUAL_NEAR_DUP,Primary,Rice Tungro_1203,Tungro,Primary,Rice Tungro_1205,Tungro,hamming_dist_3,False
PERCEPTUAL_NEAR_DUP,Primary,Rice Tungro_1203,Tungro,Primary,Rice Tungro_1206,Tungro,hamming_dist_3,False
PERCEPTUAL_NEAR_DUP,Primary,Rice Tungro_1203,Tungro,Primary,Rice Tungro_1209,Tungro,hamming_dist_4,False
PERCEPTUAL_NEAR_DUP,Primary,Rice Tungro_1204,Tungro,Primary,Rice Tungro_1205,Tungro,hamming_dist_1,False
PERCEPTUAL_NEAR_DUP,Primary,Rice Tungro_1204,Tungro,Primary,Rice Tungro_1206,Tungro,hamming_dist_3,False
PERCEPTUAL_NEAR_DUP,Primary,Rice Tungro_1205,Tungro,Primary,Rice Tungro_1206,Tungro,hamming_dist_4,False
PERCEPTUAL_NEAR_DUP,Primary,Rice Tungro_1205,Tungro,Primary,Rice Tungro_1208,Tungro,hamming_dist_4,False
PERCEPTUAL_NEAR_DUP,Primary,Rice Tungro_1206,Tungro,Primary,Rice Tungro_1207,Tungro,hamming_dist_4,False
PERCEPTUAL_NEAR_DUP,Primary,Rice Tungro_1206,Tungro,Primary,Rice Tungro_1208,Tungro,hamming_dist_4,False
PERCEPTUAL_NEAR_DUP,Primary,Rice Tungro_1206,Tungro,Primary,Rice Tungro_1209,Tungro,hamming_dist_3,False
PERCEPTUAL_NEAR_DUP,Primary,Rice Tungro_1207,Tungro,Primary,Rice Tungro_1208,Tungro,hamming_dist_4,False
PERCEPTUAL_NEAR_DUP,Primary,Rice Tungro_1207,Tungro,Primary,Rice Tungro_1209,Tungro,hamming_dist_1,False
PERCEPTUAL_NEAR_DUP,Primary,Rice Tungro_1208,Tungro,Primary,Rice Tungro_1209,Tungro,hamming_dist_3,False
PERCEPTUAL_NEAR_DUP,Primary,Rice Tungro_1225,Tungro,Primary,Rice Tungro_1226,Tungro,hamming_dist_0,False
PERCEPTUAL_NEAR_DUP,Primary,Rice Tungro_1225,Tungro,Primary,Rice Tungro_1227,Tungro,hamming_dist_1,False
PERCEPTUAL_NEAR_DUP,Primary,Rice Tungro_1225,Tungro,Primary,Rice Tungro_1228,Tungro,hamming_dist_0,False
PERCEPTUAL_NEAR_DUP,Primary,Rice Tungro_1225,Tungro,Primary,Rice Tungro_1229,Tungro,hamming_dist_2,False
PERCEPTUAL_NEAR_DUP,Primary,Rice Tungro_1226,Tungro,Primary,Rice Tungro_1227,Tungro,hamming_dist_1,False
PERCEPTUAL_NEAR_DUP,Primary,Rice Tungro_1226,Tungro,Primary,Rice Tungro_1228,Tungro,hamming_dist_0,False
PERCEPTUAL_NEAR_DUP,Primary,Rice Tungro_1226,Tungro,Primary,Rice Tungro_1229,Tungro,hamming_dist_2,False
PERCEPTUAL_NEAR_DUP,Primary,Rice Tungro_1227,Tungro,Primary,Rice Tungro_1228,Tungro,hamming_dist_1,False
PERCEPTUAL_NEAR_DUP,Primary,Rice Tungro_1227,Tungro,Primary,Rice Tungro_1229,Tungro,hamming_dist_3,False
PERCEPTUAL_NEAR_DUP,Primary,Rice Tungro_1228,Tungro,Primary,Rice Tungro_1229,Tungro,hamming_dist_2,False
PERCEPTUAL_NEAR_DUP,Primary,Rice Tungro_1229,Tungro,Primary,Rice Tungro_1230,Tungro,hamming_dist_3,False
PERCEPTUAL_NEAR_DUP,Primary,Rice Tungro_1229,Tungro,Primary,Rice Tungro_1231,Tungro,hamming_dist_3,False
PERCEPTUAL_NEAR_DUP,Primary,Rice Tungro_1229,Tungro,Primary,Rice Tungro_1232,Tungro,hamming_dist_4,False
PERCEPTUAL_NEAR_DUP,Primary,Rice Tungro_1230,Tungro,Primary,Rice Tungro_1231,Tungro,hamming_dist_0,False
PERCEPTUAL_NEAR_DUP,Primary,Rice Tungro_1230,Tungro,Primary,Rice Tungro_1232,Tungro,hamming_dist_1,False
PERCEPTUAL_NEAR_DUP,Primary,Rice Tungro_1231,Tungro,Primary,Rice Tungro_1232,Tungro,hamming_dist_1,False
PERCEPTUAL_NEAR_DUP,Primary,Rice Tungro_1235,Tungro,Primary,Rice Tungro_1236,Tungro,hamming_dist_2,False
PERCEPTUAL_NEAR_DUP,Primary,Rice Tungro_1235,Tungro,Primary,Rice Tungro_1237,Tungro,hamming_dist_3,False
PERCEPTUAL_NEAR_DUP,Primary,Rice Tungro_1236,Tungro,Primary,Rice Tungro_1237,Tungro,hamming_dist_3,False
PERCEPTUAL_NEAR_DUP,Primary,Rice Tungro_1239,Tungro,Primary,Rice Tungro_1240,Tungro,hamming_dist_4,False
PERCEPTUAL_NEAR_DUP,Primary,Rice Tungro_1240,Tungro,Primary,Rice Tungro_1241,Tungro,hamming_dist_4,False
PERCEPTUAL_NEAR_DUP,Primary,Rice Tungro_1242,Tungro,Primary,Rice Tungro_1243,Tungro,hamming_dist_3,False
PERCEPTUAL_NEAR_DUP,Primary,Rice Tungro_1242,Tungro,Primary,Rice Tungro_1249,Tungro,hamming_dist_4,False
PERCEPTUAL_NEAR_DUP,Primary,Rice Tungro_1243,Tungro,Primary,Rice Tungro_1249,Tungro,hamming_dist_3,False
PERCEPTUAL_NEAR_DUP,Primary,Rice Tungro_1244,Tungro,Primary,Rice Tungro_1248,Tungro,hamming_dist_3,False
PERCEPTUAL_NEAR_DUP,Primary,Rice Tungro_1244,Tungro,Primary,Rice Tungro_1249,Tungro,hamming_dist_3,False
PERCEPTUAL_NEAR_DUP,Primary,Rice Tungro_1248,Tungro,Primary,Rice Tungro_1249,Tungro,hamming_dist_4,False
PERCEPTUAL_NEAR_DUP,Primary,Rice Tungro_1254,Tungro,Primary,Rice Tungro_1255,Tungro,hamming_dist_1,False
PERCEPTUAL_NEAR_DUP,Primary,Rice Tungro_1254,Tungro,Primary,Rice Tungro_1256,Tungro,hamming_dist_2,False
PERCEPTUAL_NEAR_DUP,Primary,Rice Tungro_1255,Tungro,Primary,Rice Tungro_1256,Tungro,hamming_dist_1,False
PERCEPTUAL_NEAR_DUP,Primary,Rice Tungro_1261,Tungro,Primary,Rice Tungro_1262,Tungro,hamming_dist_4,False
PERCEPTUAL_NEAR_DUP,Primary,Rice Tungro_1261,Tungro,Primary,Rice Tungro_1263,Tungro,hamming_dist_3,False
PERCEPTUAL_NEAR_DUP,Primary,Rice Tungro_1262,Tungro,Primary,Rice Tungro_1263,Tungro,hamming_dist_1,False
PERCEPTUAL_NEAR_DUP,Primary,Rice Tungro_1268,Tungro,Primary,Rice Tungro_1269,Tungro,hamming_dist_3,False
PERCEPTUAL_NEAR_DUP,Primary,Rice Tungro_1270,Tungro,Primary,Rice Tungro_1272,Tungro,hamming_dist_4,False
PERCEPTUAL_NEAR_DUP,Primary,Rice Tungro_1270,Tungro,Primary,Rice Tungro_1273,Tungro,hamming_dist_4,False
PERCEPTUAL_NEAR_DUP,Primary,Rice Tungro_1271,Tungro,Primary,Rice Tungro_1274,Tungro,hamming_dist_4,False
PERCEPTUAL_NEAR_DUP,Primary,Rice Tungro_1272,Tungro,Primary,Rice Tungro_1273,Tungro,hamming_dist_2,False
PERCEPTUAL_NEAR_DUP,Primary,Rice Tungro_1272,Tungro,Primary,Rice Tungro_1274,Tungro,hamming_dist_1,False
PERCEPTUAL_NEAR_DUP,Primary,Rice Tungro_1272,Tungro,Primary,Rice Tungro_1275,Tungro,hamming_dist_4,False
PERCEPTUAL_NEAR_DUP,Primary,Rice Tungro_1272,Tungro,Primary,Rice Tungro_1276,Tungro,hamming_dist_2,False
PERCEPTUAL_NEAR_DUP,Primary,Rice Tungro_1272,Tungro,Primary,Rice Tungro_1277,Tungro,hamming_dist_4,False
PERCEPTUAL_NEAR_DUP,Primary,Rice Tungro_1273,Tungro,Primary,Rice Tungro_1274,Tungro,hamming_dist_1,False
PERCEPTUAL_NEAR_DUP,Primary,Rice Tungro_1273,Tungro,Primary,Rice Tungro_1275,Tungro,hamming_dist_4,False
PERCEPTUAL_NEAR_DUP,Primary,Rice Tungro_1273,Tungro,Primary,Rice Tungro_1276,Tungro,hamming_dist_2,False
PERCEPTUAL_NEAR_DUP,Primary,Rice Tungro_1273,Tungro,Primary,Rice Tungro_1277,Tungro,hamming_dist_4,False
PERCEPTUAL_NEAR_DUP,Primary,Rice Tungro_1274,Tungro,Primary,Rice Tungro_1275,Tungro,hamming_dist_3,False
PERCEPTUAL_NEAR_DUP,Primary,Rice Tungro_1274,Tungro,Primary,Rice Tungro_1276,Tungro,hamming_dist_1,False
PERCEPTUAL_NEAR_DUP,Primary,Rice Tungro_1274,Tungro,Primary,Rice Tungro_1277,Tungro,hamming_dist_3,False
PERCEPTUAL_NEAR_DUP,Primary,Rice Tungro_1274,Tungro,Primary,Rice Tungro_1278,Tungro,hamming_dist_4,False
PERCEPTUAL_NEAR_DUP,Primary,Rice Tungro_1275,Tungro,Primary,Rice Tungro_1276,Tungro,hamming_dist_2,False
PERCEPTUAL_NEAR_DUP,Primary,Rice Tungro_1275,Tungro,Primary,Rice Tungro_1277,Tungro,hamming_dist_4,False
PERCEPTUAL_NEAR_DUP,Primary,Rice Tungro_1275,Tungro,Primary,Rice Tungro_1279,Tungro,hamming_dist_4,False
PERCEPTUAL_NEAR_DUP,Primary,Rice Tungro_1276,Tungro,Primary,Rice Tungro_1277,Tungro,hamming_dist_2,False
PERCEPTUAL_NEAR_DUP,Primary,Rice Tungro_1276,Tungro,Primary,Rice Tungro_1278,Tungro,hamming_dist_3,False
PERCEPTUAL_NEAR_DUP,Primary,Rice Tungro_1276,Tungro,Primary,Rice Tungro_1279,Tungro,hamming_dist_4,False
PERCEPTUAL_NEAR_DUP,Primary,Rice Tungro_1277,Tungro,Primary,Rice Tungro_1278,Tungro,hamming_dist_1,False
PERCEPTUAL_NEAR_DUP,Primary,Rice Tungro_1277,Tungro,Primary,Rice Tungro_1279,Tungro,hamming_dist_2,False
PERCEPTUAL_NEAR_DUP,Primary,Rice Tungro_1278,Tungro,Primary,Rice Tungro_1279,Tungro,hamming_dist_1,False
PERCEPTUAL_NEAR_DUP,Primary,Rice Tungro_1280,Tungro,Primary,Rice Tungro_1281,Tungro,hamming_dist_4,False
PERCEPTUAL_NEAR_DUP,Primary,Rice Tungro_1284,Tungro,Primary,Rice Tungro_1285,Tungro,hamming_dist_4,False
PERCEPTUAL_NEAR_DUP,Primary,Rice Tungro_1289,Tungro,Primary,Rice Tungro_1290,Tungro,hamming_dist_3,False
PERCEPTUAL_NEAR_DUP,Primary,Rice Tungro_1289,Tungro,Primary,Rice Tungro_1291,Tungro,hamming_dist_4,False
PERCEPTUAL_NEAR_DUP,Primary,Rice Tungro_1289,Tungro,Primary,Rice Tungro_1293,Tungro,hamming_dist_3,False
PERCEPTUAL_NEAR_DUP,Primary,Rice Tungro_1290,Tungro,Primary,Rice Tungro_1291,Tungro,hamming_dist_3,False
PERCEPTUAL_NEAR_DUP,Primary,Rice Tungro_1290,Tungro,Primary,Rice Tungro_1293,Tungro,hamming_dist_2,False
PERCEPTUAL_NEAR_DUP,Primary,Rice Tungro_1290,Tungro,Primary,Rice Tungro_1294,Tungro,hamming_dist_3,False
PERCEPTUAL_NEAR_DUP,Primary,Rice Tungro_1297,Tungro,Primary,Rice Tungro_1298,Tungro,hamming_dist_3,False
PERCEPTUAL_NEAR_DUP,Primary,Rice Tungro_1322,Tungro,Primary,Rice Tungro_1323,Tungro,hamming_dist_3,False
PERCEPTUAL_NEAR_DUP,Primary,Rice Tungro_1328,Tungro,Primary,Rice Tungro_1329,Tungro,hamming_dist_0,False
PERCEPTUAL_NEAR_DUP,Primary,Rice Tungro_1333,Tungro,Primary,Rice Tungro_1334,Tungro,hamming_dist_4,False
PERCEPTUAL_NEAR_DUP,Primary,Rice Tungro_1337,Tungro,Primary,Rice Tungro_1339,Tungro,hamming_dist_4,False
PERCEPTUAL_NEAR_DUP,Primary,Rice Tungro_1338,Tungro,Primary,Rice Tungro_1344,Tungro,hamming_dist_3,False
PERCEPTUAL_NEAR_DUP,Primary,Rice Tungro_1339,Tungro,Primary,Rice Tungro_1341,Tungro,hamming_dist_4,False
PERCEPTUAL_NEAR_DUP,Primary,Rice Tungro_1340,Tungro,Primary,Rice Tungro_1341,Tungro,hamming_dist_4,False
PERCEPTUAL_NEAR_DUP,Primary,Rice Tungro_1341,Tungro,Primary,Rice Tungro_1342,Tungro,hamming_dist_4,False
PERCEPTUAL_NEAR_DUP,Primary,Rice Tungro_1342,Tungro,Primary,Rice Tungro_1343,Tungro,hamming_dist_4,False
PERCEPTUAL_NEAR_DUP,Primary,Rice Tungro_1347,Tungro,Primary,Rice Tungro_1348,Tungro,hamming_dist_3,False
PERCEPTUAL_NEAR_DUP,Primary,Rice Tungro_1353,Tungro,Primary,Rice Tungro_1354,Tungro,hamming_dist_2,False
PERCEPTUAL_NEAR_DUP,Primary,Rice Tungro_1354,Tungro,Primary,Rice Tungro_1355,Tungro,hamming_dist_4,False
PERCEPTUAL_NEAR_DUP,Primary,Rice Tungro_1357,Tungro,Primary,Rice Tungro_1359,Tungro,hamming_dist_4,False
PERCEPTUAL_NEAR_DUP,Primary,Rice Tungro_1358,Tungro,Primary,Rice Tungro_1359,Tungro,hamming_dist_2,False
PERCEPTUAL_NEAR_DUP,Primary,Rice Tungro_1359,Tungro,Primary,Rice Tungro_1360,Tungro,hamming_dist_3,False
PERCEPTUAL_NEAR_DUP,Primary,Rice Tungro_1367,Tungro,Primary,Rice Tungro_1369,Tungro,hamming_dist_4,False
PERCEPTUAL_NEAR_DUP,Primary,Rice Tungro_1367,Tungro,Primary,Rice Tungro_1372,Tungro,hamming_dist_4,False
PERCEPTUAL_NEAR_DUP,Primary,Rice Tungro_1368,Tungro,Primary,Rice Tungro_1369,Tungro,hamming_dist_1,False
PERCEPTUAL_NEAR_DUP,Primary,Rice Tungro_1368,Tungro,Primary,Rice Tungro_1370,Tungro,hamming_dist_1,False
PERCEPTUAL_NEAR_DUP,Primary,Rice Tungro_1368,Tungro,Primary,Rice Tungro_1372,Tungro,hamming_dist_1,False
PERCEPTUAL_NEAR_DUP,Primary,Rice Tungro_1368,Tungro,Primary,Rice Tungro_1373,Tungro,hamming_dist_2,False
PERCEPTUAL_NEAR_DUP,Primary,Rice Tungro_1368,Tungro,Primary,Rice Tungro_1379,Tungro,hamming_dist_4,False
PERCEPTUAL_NEAR_DUP,Primary,Rice Tungro_1369,Tungro,Primary,Rice Tungro_1370,Tungro,hamming_dist_2,False
PERCEPTUAL_NEAR_DUP,Primary,Rice Tungro_1369,Tungro,Primary,Rice Tungro_1372,Tungro,hamming_dist_2,False
PERCEPTUAL_NEAR_DUP,Primary,Rice Tungro_1369,Tungro,Primary,Rice Tungro_1373,Tungro,hamming_dist_3,False
PERCEPTUAL_NEAR_DUP,Primary,Rice Tungro_1369,Tungro,Primary,Rice Tungro_1378,Tungro,hamming_dist_4,False
PERCEPTUAL_NEAR_DUP,Primary,Rice Tungro_1370,Tungro,Primary,Rice Tungro_1372,Tungro,hamming_dist_2,False
PERCEPTUAL_NEAR_DUP,Primary,Rice Tungro_1370,Tungro,Primary,Rice Tungro_1373,Tungro,hamming_dist_1,False
PERCEPTUAL_NEAR_DUP,Primary,Rice Tungro_1372,Tungro,Primary,Rice Tungro_1373,Tungro,hamming_dist_3,False
PERCEPTUAL_NEAR_DUP,Primary,Rice Tungro_1373,Tungro,Primary,Rice Tungro_1379,Tungro,hamming_dist_4,False
PERCEPTUAL_NEAR_DUP,Primary,Rice Tungro_1374,Tungro,Primary,Rice Tungro_1375,Tungro,hamming_dist_2,False
PERCEPTUAL_NEAR_DUP,Primary,Rice Tungro_1374,Tungro,Primary,Rice Tungro_1376,Tungro,hamming_dist_3,False
PERCEPTUAL_NEAR_DUP,Primary,Rice Tungro_1374,Tungro,Primary,Rice Tungro_1377,Tungro,hamming_dist_4,False
PERCEPTUAL_NEAR_DUP,Primary,Rice Tungro_1374,Tungro,Primary,Rice Tungro_1380,Tungro,hamming_dist_2,False
PERCEPTUAL_NEAR_DUP,Primary,Rice Tungro_1374,Tungro,Primary,Rice Tungro_1381,Tungro,hamming_dist_4,False
PERCEPTUAL_NEAR_DUP,Primary,Rice Tungro_1375,Tungro,Primary,Rice Tungro_1376,Tungro,hamming_dist_1,False
PERCEPTUAL_NEAR_DUP,Primary,Rice Tungro_1375,Tungro,Primary,Rice Tungro_1377,Tungro,hamming_dist_2,False
PERCEPTUAL_NEAR_DUP,Primary,Rice Tungro_1375,Tungro,Primary,Rice Tungro_1380,Tungro,hamming_dist_4,False
PERCEPTUAL_NEAR_DUP,Primary,Rice Tungro_1376,Tungro,Primary,Rice Tungro_1377,Tungro,hamming_dist_3,False
PERCEPTUAL_NEAR_DUP,Primary,Rice Tungro_1378,Tungro,Primary,Rice Tungro_1379,Tungro,hamming_dist_1,False
PERCEPTUAL_NEAR_DUP,Primary,Rice Tungro_1378,Tungro,Primary,Rice Tungro_1381,Tungro,hamming_dist_4,False
PERCEPTUAL_NEAR_DUP,Primary,Rice Tungro_1378,Tungro,Primary,Rice Tungro_1382,Tungro,hamming_dist_3,False
PERCEPTUAL_NEAR_DUP,Primary,Rice Tungro_1379,Tungro,Primary,Rice Tungro_1381,Tungro,hamming_dist_3,False
PERCEPTUAL_NEAR_DUP,Primary,Rice Tungro_1379,Tungro,Primary,Rice Tungro_1382,Tungro,hamming_dist_2,False
PERCEPTUAL_NEAR_DUP,Primary,Rice Tungro_1380,Tungro,Primary,Rice Tungro_1381,Tungro,hamming_dist_2,False
PERCEPTUAL_NEAR_DUP,Primary,Rice Tungro_1380,Tungro,Primary,Rice Tungro_1383,Tungro,hamming_dist_4,False
PERCEPTUAL_NEAR_DUP,Primary,Rice Tungro_1380,Tungro,Primary,Rice Tungro_1384,Tungro,hamming_dist_3,False
PERCEPTUAL_NEAR_DUP,Primary,Rice Tungro_1381,Tungro,Primary,Rice Tungro_1382,Tungro,hamming_dist_3,False
PERCEPTUAL_NEAR_DUP,Primary,Rice Tungro_1386,Tungro,Primary,Rice Tungro_1388,Tungro,hamming_dist_3,False
PERCEPTUAL_NEAR_DUP,Primary,Rice Tungro_1388,Tungro,Primary,Rice Tungro_1391,Tungro,hamming_dist_3,False
PERCEPTUAL_NEAR_DUP,Primary,Rice Tungro_1388,Tungro,Primary,Rice Tungro_1392,Tungro,hamming_dist_4,False
PERCEPTUAL_NEAR_DUP,Primary,Rice Tungro_1388,Tungro,Primary,Rice Tungro_1393,Tungro,hamming_dist_3,False
PERCEPTUAL_NEAR_DUP,Primary,Rice Tungro_1388,Tungro,Primary,Rice Tungro_1395,Tungro,hamming_dist_2,False
PERCEPTUAL_NEAR_DUP,Primary,Rice Tungro_1389,Tungro,Primary,Rice Tungro_1390,Tungro,hamming_dist_1,False
PERCEPTUAL_NEAR_DUP,Primary,Rice Tungro_1389,Tungro,Primary,Rice Tungro_1391,Tungro,hamming_dist_4,False
PERCEPTUAL_NEAR_DUP,Primary,Rice Tungro_1389,Tungro,Primary,Rice Tungro_1392,Tungro,hamming_dist_3,False
PERCEPTUAL_NEAR_DUP,Primary,Rice Tungro_1389,Tungro,Primary,Rice Tungro_1393,Tungro,hamming_dist_4,False
PERCEPTUAL_NEAR_DUP,Primary,Rice Tungro_1390,Tungro,Primary,Rice Tungro_1391,Tungro,hamming_dist_3,False
PERCEPTUAL_NEAR_DUP,Primary,Rice Tungro_1390,Tungro,Primary,Rice Tungro_1392,Tungro,hamming_dist_2,False
PERCEPTUAL_NEAR_DUP,Primary,Rice Tungro_1390,Tungro,Primary,Rice Tungro_1393,Tungro,hamming_dist_3,False
PERCEPTUAL_NEAR_DUP,Primary,Rice Tungro_1390,Tungro,Primary,Rice Tungro_1395,Tungro,hamming_dist_4,False
PERCEPTUAL_NEAR_DUP,Primary,Rice Tungro_1391,Tungro,Primary,Rice Tungro_1392,Tungro,hamming_dist_3,False
PERCEPTUAL_NEAR_DUP,Primary,Rice Tungro_1391,Tungro,Primary,Rice Tungro_1393,Tungro,hamming_dist_2,False
PERCEPTUAL_NEAR_DUP,Primary,Rice Tungro_1391,Tungro,Primary,Rice Tungro_1394,Tungro,hamming_dist_4,False
PERCEPTUAL_NEAR_DUP,Primary,Rice Tungro_1391,Tungro,Primary,Rice Tungro_1395,Tungro,hamming_dist_1,False
PERCEPTUAL_NEAR_DUP,Primary,Rice Tungro_1392,Tungro,Primary,Rice Tungro_1393,Tungro,hamming_dist_1,False
PERCEPTUAL_NEAR_DUP,Primary,Rice Tungro_1392,Tungro,Primary,Rice Tungro_1394,Tungro,hamming_dist_3,False
PERCEPTUAL_NEAR_DUP,Primary,Rice Tungro_1392,Tungro,Primary,Rice Tungro_1395,Tungro,hamming_dist_2,False
PERCEPTUAL_NEAR_DUP,Primary,Rice Tungro_1393,Tungro,Primary,Rice Tungro_1394,Tungro,hamming_dist_2,False
PERCEPTUAL_NEAR_DUP,Primary,Rice Tungro_1393,Tungro,Primary,Rice Tungro_1395,Tungro,hamming_dist_1,False
PERCEPTUAL_NEAR_DUP,Primary,Rice Tungro_1394,Tungro,Primary,Rice Tungro_1395,Tungro,hamming_dist_3,False
PERCEPTUAL_NEAR_DUP,Primary,Rice Tungro_1397,Tungro,Primary,Rice Tungro_1398,Tungro,hamming_dist_3,False
PERCEPTUAL_NEAR_DUP,Primary,Rice Tungro_1397,Tungro,Primary,Rice Tungro_1399,Tungro,hamming_dist_4,False
PERCEPTUAL_NEAR_DUP,Primary,Rice Tungro_1398,Tungro,Primary,Rice Tungro_1399,Tungro,hamming_dist_1,False
PERCEPTUAL_NEAR_DUP,Primary,Rice Tungro_1398,Tungro,Primary,Rice Tungro_1400,Tungro,hamming_dist_2,False
PERCEPTUAL_NEAR_DUP,Primary,Rice Tungro_1399,Tungro,Primary,Rice Tungro_1400,Tungro,hamming_dist_1,False
PERCEPTUAL_NEAR_DUP,Primary,Rice Tungro_1402,Tungro,Primary,Rice Tungro_1403,Tungro,hamming_dist_3,False
PERCEPTUAL_NEAR_DUP,Primary,Rice Tungro_1403,Tungro,Primary,Rice Tungro_1404,Tungro,hamming_dist_4,False
PERCEPTUAL_NEAR_DUP,Primary,Rice Tungro_1405,Tungro,Primary,Rice Tungro_1406,Tungro,hamming_dist_3,False
PERCEPTUAL_NEAR_DUP,Primary,Rice Tungro_1405,Tungro,Primary,Rice Tungro_1407,Tungro,hamming_dist_4,False
PERCEPTUAL_NEAR_DUP,Primary,Rice Tungro_1409,Tungro,Primary,Rice Tungro_1410,Tungro,hamming_dist_4,False
PERCEPTUAL_NEAR_DUP,Primary,Rice Tungro_1411,Tungro,Primary,Rice Tungro_1412,Tungro,hamming_dist_4,False
PERCEPTUAL_NEAR_DUP,Primary,Rice Tungro_1415,Tungro,Primary,Rice Tungro_1416,Tungro,hamming_dist_3,False
PERCEPTUAL_NEAR_DUP,Primary,Rice Tungro_1415,Tungro,Primary,Rice Tungro_1417,Tungro,hamming_dist_4,False
PERCEPTUAL_NEAR_DUP,Primary,Rice Tungro_1416,Tungro,Primary,Rice Tungro_1417,Tungro,hamming_dist_1,False
PERCEPTUAL_NEAR_DUP,Primary,Rice Tungro_1419,Tungro,Primary,Rice Tungro_1420,Tungro,hamming_dist_4,False
PERCEPTUAL_NEAR_DUP,Primary,Rice Tungro_1426,Tungro,Primary,Rice Tungro_1428,Tungro,hamming_dist_3,False
PERCEPTUAL_NEAR_DUP,Primary,Rice Tungro_1426,Tungro,Primary,Rice Tungro_1429,Tungro,hamming_dist_1,False
PERCEPTUAL_NEAR_DUP,Primary,Rice Tungro_1427,Tungro,Primary,Rice Tungro_1428,Tungro,hamming_dist_2,False
PERCEPTUAL_NEAR_DUP,Primary,Rice Tungro_1428,Tungro,Primary,Rice Tungro_1429,Tungro,hamming_dist_4,False
PERCEPTUAL_NEAR_DUP,Primary,Rice Tungro_1436,Tungro,Primary,Rice Tungro_1437,Tungro,hamming_dist_4,False
PERCEPTUAL_NEAR_DUP,Primary,Rice Tungro_1438,Tungro,Primary,Rice Tungro_1448,Tungro,hamming_dist_3,False
PERCEPTUAL_NEAR_DUP,Primary,Rice Tungro_1443,Tungro,Primary,Rice Tungro_1444,Tungro,hamming_dist_4,False
PERCEPTUAL_NEAR_DUP,Primary,Rice Tungro_1449,Tungro,Primary,Rice Tungro_1450,Tungro,hamming_dist_2,False
PERCEPTUAL_NEAR_DUP,Primary,Rice Tungro_1449,Tungro,Primary,Rice Tungro_1451,Tungro,hamming_dist_1,False
PERCEPTUAL_NEAR_DUP,Primary,Rice Tungro_1450,Tungro,Primary,Rice Tungro_1451,Tungro,hamming_dist_1,False
PERCEPTUAL_NEAR_DUP,Primary,Rice Tungro_1452,Tungro,Primary,Rice Tungro_1453,Tungro,hamming_dist_4,False
PERCEPTUAL_NEAR_DUP,Primary,Rice Tungro_1452,Tungro,Primary,Rice Tungro_1454,Tungro,hamming_dist_4,False
PERCEPTUAL_NEAR_DUP,Primary,Rice Tungro_1453,Tungro,Primary,Rice Tungro_1454,Tungro,hamming_dist_2,False
PERCEPTUAL_NEAR_DUP,Primary,Rice Tungro_1455,Tungro,Primary,Rice Tungro_1456,Tungro,hamming_dist_4,False
PERCEPTUAL_NEAR_DUP,Primary,Rice Tungro_1465,Tungro,Primary,Rice Tungro_1467,Tungro,hamming_dist_4,False
PERCEPTUAL_NEAR_DUP,Primary,Rice Tungro_1466,Tungro,Primary,Rice Tungro_1467,Tungro,hamming_dist_3,False
PERCEPTUAL_NEAR_DUP,Primary,Rice Tungro_1466,Tungro,Primary,Rice Tungro_1468,Tungro,hamming_dist_2,False
PERCEPTUAL_NEAR_DUP,Primary,Rice Tungro_1466,Tungro,Primary,Rice Tungro_1469,Tungro,hamming_dist_4,False
PERCEPTUAL_NEAR_DUP,Primary,Rice Tungro_1467,Tungro,Primary,Rice Tungro_1468,Tungro,hamming_dist_3,False
PERCEPTUAL_NEAR_DUP,Primary,Rice Tungro_1467,Tungro,Primary,Rice Tungro_1469,Tungro,hamming_dist_3,False
PERCEPTUAL_NEAR_DUP,Primary,Rice Tungro_1467,Tungro,Primary,Rice Tungro_1470,Tungro,hamming_dist_4,False
PERCEPTUAL_NEAR_DUP,Primary,Rice Tungro_1467,Tungro,Primary,Rice Tungro_1471,Tungro,hamming_dist_4,False
PERCEPTUAL_NEAR_DUP,Primary,Rice Tungro_1468,Tungro,Primary,Rice Tungro_1469,Tungro,hamming_dist_4,False
PERCEPTUAL_NEAR_DUP,Primary,Rice Tungro_1468,Tungro,Primary,Rice Tungro_1470,Tungro,hamming_dist_3,False
PERCEPTUAL_NEAR_DUP,Primary,Rice Tungro_1468,Tungro,Primary,Rice Tungro_1471,Tungro,hamming_dist_3,False
PERCEPTUAL_NEAR_DUP,Primary,Rice Tungro_1469,Tungro,Primary,Rice Tungro_1470,Tungro,hamming_dist_1,False
PERCEPTUAL_NEAR_DUP,Primary,Rice Tungro_1470,Tungro,Primary,Rice Tungro_1471,Tungro,hamming_dist_4,False
PERCEPTUAL_NEAR_DUP,Primary,Rice Tungro_1481,Tungro,Primary,Rice Tungro_1482,Tungro,hamming_dist_2,False
PERCEPTUAL_NEAR_DUP,Primary,Rice Tungro_1484,Tungro,Primary,Rice Tungro_1485,Tungro,hamming_dist_4,False
PERCEPTUAL_NEAR_DUP,Primary,Rice Tungro_1486,Tungro,Primary,Rice Tungro_1487,Tungro,hamming_dist_2,False
PERCEPTUAL_NEAR_DUP,Primary,Rice Tungro_1489,Tungro,Primary,Rice Tungro_1490,Tungro,hamming_dist_4,False
PERCEPTUAL_NEAR_DUP,Primary,Rice Tungro_1500,Tungro,Primary,Rice Tungro_1501,Tungro,hamming_dist_2,False
PERCEPTUAL_NEAR_DUP,Primary,Rice Tungro_1509,Tungro,Primary,Rice Tungro_1510,Tungro,hamming_dist_2,False
PERCEPTUAL_NEAR_DUP,Primary,Rice Tungro_1513,Tungro,Primary,Rice Tungro_1514,Tungro,hamming_dist_2,False
PERCEPTUAL_NEAR_DUP,Primary,Rice Tungro_1518,Tungro,Primary,Rice Tungro_1519,Tungro,hamming_dist_3,False
PERCEPTUAL_NEAR_DUP,Primary,Rice Tungro_1519,Tungro,Primary,Rice Tungro_1520,Tungro,hamming_dist_2,False
PERCEPTUAL_NEAR_DUP,Primary,Rice Tungro_1533,Tungro,Primary,Rice Tungro_1536,Tungro,hamming_dist_3,False
PERCEPTUAL_NEAR_DUP,Primary,Rice Tungro_1533,Tungro,Primary,Rice Tungro_1537,Tungro,hamming_dist_3,False
PERCEPTUAL_NEAR_DUP,Primary,Rice Tungro_1536,Tungro,Primary,Rice Tungro_1537,Tungro,hamming_dist_4,False
PERCEPTUAL_NEAR_DUP,Primary,Rice Tungro_1540,Tungro,Primary,Rice Tungro_1541,Tungro,hamming_dist_3,False
PERCEPTUAL_NEAR_DUP,Primary,Rice Tungro_1540,Tungro,Primary,Rice Tungro_1542,Tungro,hamming_dist_3,False
PERCEPTUAL_NEAR_DUP,Primary,Rice Tungro_1541,Tungro,Primary,Rice Tungro_1542,Tungro,hamming_dist_0,False
PERCEPTUAL_NEAR_DUP,Primary,Rice Tungro_1546,Tungro,Primary,Rice Tungro_1547,Tungro,hamming_dist_4,False
PERCEPTUAL_NEAR_DUP,Primary,Rice Tungro_1560,Tungro,Primary,Rice Tungro_1561,Tungro,hamming_dist_3,False
PERCEPTUAL_NEAR_DUP,Primary,Rice Tungro_1565,Tungro,Primary,Rice Tungro_1566,Tungro,hamming_dist_4,False
PERCEPTUAL_NEAR_DUP,Primary,Rice Tungro_1566,Tungro,Primary,Rice Tungro_1567,Tungro,hamming_dist_3,False
PERCEPTUAL_NEAR_DUP,Primary,Rice Tungro_1566,Tungro,Primary,Rice Tungro_1570,Tungro,hamming_dist_4,False
PERCEPTUAL_NEAR_DUP,Primary,Rice Tungro_1567,Tungro,Primary,Rice Tungro_1570,Tungro,hamming_dist_1,False
PERCEPTUAL_NEAR_DUP,Primary,Rice Tungro_1572,Tungro,Primary,Rice Tungro_1573,Tungro,hamming_dist_4,False
PERCEPTUAL_NEAR_DUP,Primary,Rice Tungro_1591,Tungro,Primary,Rice Tungro_1592,Tungro,hamming_dist_4,False
PERCEPTUAL_NEAR_DUP,Primary,Rice Tungro_1591,Tungro,Primary,Rice Tungro_1593,Tungro,hamming_dist_2,False
PERCEPTUAL_NEAR_DUP,Primary,Rice Tungro_1592,Tungro,Primary,Rice Tungro_1593,Tungro,hamming_dist_2,False
PERCEPTUAL_NEAR_DUP,Primary,Rice Tungro_1594,Tungro,Primary,Rice Tungro_1595,Tungro,hamming_dist_4,False
PERCEPTUAL_NEAR_DUP,Primary,Rice Tungro_1594,Tungro,Primary,Rice Tungro_1596,Tungro,hamming_dist_3,False
PERCEPTUAL_NEAR_DUP,Primary,Rice Tungro_1595,Tungro,Primary,Rice Tungro_1596,Tungro,hamming_dist_3,False
PERCEPTUAL_NEAR_DUP,Primary,Rice Tungro_1597,Tungro,Primary,Rice Tungro_1598,Tungro,hamming_dist_4,False
PERCEPTUAL_NEAR_DUP,Primary,Rice Tungro_1598,Tungro,Primary,Rice Tungro_1599,Tungro,hamming_dist_1,False
PERCEPTUAL_NEAR_DUP,Primary,Rice Tungro_1598,Tungro,Primary,Rice Tungro_1600,Tungro,hamming_dist_3,False
PERCEPTUAL_NEAR_DUP,Primary,Rice Tungro_1598,Tungro,Primary,Rice Tungro_1601,Tungro,hamming_dist_2,False
PERCEPTUAL_NEAR_DUP,Primary,Rice Tungro_1598,Tungro,Primary,Rice Tungro_1602,Tungro,hamming_dist_3,False
PERCEPTUAL_NEAR_DUP,Primary,Rice Tungro_1598,Tungro,Primary,Rice Tungro_1603,Tungro,hamming_dist_4,False
PERCEPTUAL_NEAR_DUP,Primary,Rice Tungro_1599,Tungro,Primary,Rice Tungro_1600,Tungro,hamming_dist_2,False
PERCEPTUAL_NEAR_DUP,Primary,Rice Tungro_1599,Tungro,Primary,Rice Tungro_1601,Tungro,hamming_dist_1,False
PERCEPTUAL_NEAR_DUP,Primary,Rice Tungro_1599,Tungro,Primary,Rice Tungro_1602,Tungro,hamming_dist_2,False
PERCEPTUAL_NEAR_DUP,Primary,Rice Tungro_1599,Tungro,Primary,Rice Tungro_1603,Tungro,hamming_dist_3,False
PERCEPTUAL_NEAR_DUP,Primary,Rice Tungro_1600,Tungro,Primary,Rice Tungro_1601,Tungro,hamming_dist_3,False
PERCEPTUAL_NEAR_DUP,Primary,Rice Tungro_1600,Tungro,Primary,Rice Tungro_1602,Tungro,hamming_dist_2,False
PERCEPTUAL_NEAR_DUP,Primary,Rice Tungro_1601,Tungro,Primary,Rice Tungro_1602,Tungro,hamming_dist_1,False
PERCEPTUAL_NEAR_DUP,Primary,Rice Tungro_1601,Tungro,Primary,Rice Tungro_1603,Tungro,hamming_dist_2,False
PERCEPTUAL_NEAR_DUP,Primary,Rice Tungro_1602,Tungro,Primary,Rice Tungro_1603,Tungro,hamming_dist_3,False
PERCEPTUAL_NEAR_DUP,Primary,Rice Tungro_1604,Tungro,Primary,Rice Tungro_1609,Tungro,hamming_dist_4,False
PERCEPTUAL_NEAR_DUP,Primary,Rice Tungro_1605,Tungro,Primary,Rice Tungro_1606,Tungro,hamming_dist_2,False
PERCEPTUAL_NEAR_DUP,Primary,Rice Tungro_1605,Tungro,Primary,Rice Tungro_1607,Tungro,hamming_dist_4,False
PERCEPTUAL_NEAR_DUP,Primary,Rice Tungro_1606,Tungro,Primary,Rice Tungro_1607,Tungro,hamming_dist_4,False
PERCEPTUAL_NEAR_DUP,Primary,Rice Tungro_1607,Tungro,Primary,Rice Tungro_1608,Tungro,hamming_dist_4,False
PERCEPTUAL_NEAR_DUP,Primary,Rice Tungro_1607,Tungro,Primary,Rice Tungro_1609,Tungro,hamming_dist_3,False
PERCEPTUAL_NEAR_DUP,Primary,Rice Tungro_1608,Tungro,Primary,Rice Tungro_1609,Tungro,hamming_dist_1,False
PERCEPTUAL_NEAR_DUP,Primary,Rice Tungro_1610,Tungro,Primary,Rice Tungro_1611,Tungro,hamming_dist_3,False
PERCEPTUAL_NEAR_DUP,Primary,Rice Tungro_1610,Tungro,Primary,Rice Tungro_1612,Tungro,hamming_dist_2,False
PERCEPTUAL_NEAR_DUP,Primary,Rice Tungro_1613,Tungro,Primary,Rice Tungro_1614,Tungro,hamming_dist_4,False
PERCEPTUAL_NEAR_DUP,Primary,Rice Tungro_1613,Tungro,Primary,Rice Tungro_1615,Tungro,hamming_dist_4,False
PERCEPTUAL_NEAR_DUP,Primary,Rice Tungro_1613,Tungro,Primary,Rice Tungro_1616,Tungro,hamming_dist_4,False
PERCEPTUAL_NEAR_DUP,Primary,Rice Tungro_1615,Tungro,Primary,Rice Tungro_1616,Tungro,hamming_dist_0,False
PERCEPTUAL_NEAR_DUP,Primary,Rice Tungro_1615,Tungro,Primary,Rice Tungro_1617,Tungro,hamming_dist_3,False
PERCEPTUAL_NEAR_DUP,Primary,Rice Tungro_1616,Tungro,Primary,Rice Tungro_1617,Tungro,hamming_dist_3,False
PERCEPTUAL_NEAR_DUP,Primary,Rice Tungro_1618,Tungro,Primary,Rice Tungro_1619,Tungro,hamming_dist_4,False
PERCEPTUAL_NEAR_DUP,Primary,Rice Tungro_1618,Tungro,Primary,Rice Tungro_1620,Tungro,hamming_dist_3,False
PERCEPTUAL_NEAR_DUP,Primary,Rice Tungro_1619,Tungro,Primary,Rice Tungro_1620,Tungro,hamming_dist_3,False
PERCEPTUAL_NEAR_DUP,Primary,Rice Tungro_1620,Tungro,Primary,Rice Tungro_1621,Tungro,hamming_dist_4,False
PERCEPTUAL_NEAR_DUP,Primary,Rice Tungro_1634,Tungro,Primary,Rice Tungro_1635,Tungro,hamming_dist_2,False
PERCEPTUAL_NEAR_DUP,Primary,Rice Tungro_1636,Tungro,Primary,Rice Tungro_1637,Tungro,hamming_dist_1,False
PERCEPTUAL_NEAR_DUP,Primary,Rice Tungro_1642,Tungro,Primary,Rice Tungro_1643,Tungro,hamming_dist_3,False
PERCEPTUAL_NEAR_DUP,Primary,Rice Tungro_1645,Tungro,Primary,Rice Tungro_1646,Tungro,hamming_dist_3,False
PERCEPTUAL_NEAR_DUP,Primary,Rice Tungro_1645,Tungro,Primary,Rice Tungro_1649,Tungro,hamming_dist_4,False
PERCEPTUAL_NEAR_DUP,Primary,Rice Tungro_1646,Tungro,Primary,Rice Tungro_1648,Tungro,hamming_dist_4,False
PERCEPTUAL_NEAR_DUP,Primary,Rice Tungro_1646,Tungro,Primary,Rice Tungro_1649,Tungro,hamming_dist_3,False
PERCEPTUAL_NEAR_DUP,Primary,Rice Tungro_1646,Tungro,Primary,Rice Tungro_1650,Tungro,hamming_dist_2,False
PERCEPTUAL_NEAR_DUP,Primary,Rice Tungro_1647,Tungro,Primary,Rice Tungro_1648,Tungro,hamming_dist_1,False
PERCEPTUAL_NEAR_DUP,Primary,Rice Tungro_1647,Tungro,Primary,Rice Tungro_1649,Tungro,hamming_dist_2,False
PERCEPTUAL_NEAR_DUP,Primary,Rice Tungro_1647,Tungro,Primary,Rice Tungro_1650,Tungro,hamming_dist_3,False
PERCEPTUAL_NEAR_DUP,Primary,Rice Tungro_1648,Tungro,Primary,Rice Tungro_1649,Tungro,hamming_dist_3,False
PERCEPTUAL_NEAR_DUP,Primary,Rice Tungro_1648,Tungro,Primary,Rice Tungro_1650,Tungro,hamming_dist_2,False
PERCEPTUAL_NEAR_DUP,Primary,Rice Tungro_1649,Tungro,Primary,Rice Tungro_1650,Tungro,hamming_dist_3,False
PERCEPTUAL_NEAR_DUP,Primary,Rice Tungro_1657,Tungro,Primary,Rice Tungro_1658,Tungro,hamming_dist_3,False
PERCEPTUAL_NEAR_DUP,Primary,Rice Tungro_1657,Tungro,Primary,Rice Tungro_1659,Tungro,hamming_dist_2,False
PERCEPTUAL_NEAR_DUP,Primary,Rice Tungro_1658,Tungro,Primary,Rice Tungro_1659,Tungro,hamming_dist_3,False
PERCEPTUAL_NEAR_DUP,Primary,Rice Tungro_1658,Tungro,Primary,Rice Tungro_1667,Tungro,hamming_dist_4,False
PERCEPTUAL_NEAR_DUP,Primary,Rice Tungro_1658,Tungro,Primary,Rice Tungro_1668,Tungro,hamming_dist_4,False
PERCEPTUAL_NEAR_DUP,Primary,Rice Tungro_1659,Tungro,Primary,Rice Tungro_1660,Tungro,hamming_dist_3,False
PERCEPTUAL_NEAR_DUP,Primary,Rice Tungro_1659,Tungro,Primary,Rice Tungro_1661,Tungro,hamming_dist_4,False
PERCEPTUAL_NEAR_DUP,Primary,Rice Tungro_1659,Tungro,Primary,Rice Tungro_1663,Tungro,hamming_dist_4,False
PERCEPTUAL_NEAR_DUP,Primary,Rice Tungro_1660,Tungro,Primary,Rice Tungro_1661,Tungro,hamming_dist_3,False
PERCEPTUAL_NEAR_DUP,Primary,Rice Tungro_1660,Tungro,Primary,Rice Tungro_1662,Tungro,hamming_dist_4,False
PERCEPTUAL_NEAR_DUP,Primary,Rice Tungro_1661,Tungro,Primary,Rice Tungro_1662,Tungro,hamming_dist_3,False
PERCEPTUAL_NEAR_DUP,Primary,Rice Tungro_1661,Tungro,Primary,Rice Tungro_1663,Tungro,hamming_dist_2,False
PERCEPTUAL_NEAR_DUP,Primary,Rice Tungro_1661,Tungro,Primary,Rice Tungro_1664,Tungro,hamming_dist_3,False
PERCEPTUAL_NEAR_DUP,Primary,Rice Tungro_1661,Tungro,Primary,Rice Tungro_1665,Tungro,hamming_dist_4,False
PERCEPTUAL_NEAR_DUP,Primary,Rice Tungro_1662,Tungro,Primary,Rice Tungro_1663,Tungro,hamming_dist_3,False
PERCEPTUAL_NEAR_DUP,Primary,Rice Tungro_1662,Tungro,Primary,Rice Tungro_1664,Tungro,hamming_dist_4,False
PERCEPTUAL_NEAR_DUP,Primary,Rice Tungro_1663,Tungro,Primary,Rice Tungro_1664,Tungro,hamming_dist_1,False
PERCEPTUAL_NEAR_DUP,Primary,Rice Tungro_1663,Tungro,Primary,Rice Tungro_1665,Tungro,hamming_dist_2,False
PERCEPTUAL_NEAR_DUP,Primary,Rice Tungro_1664,Tungro,Primary,Rice Tungro_1665,Tungro,hamming_dist_1,False
PERCEPTUAL_NEAR_DUP,Primary,Rice Tungro_1664,Tungro,Primary,Rice Tungro_1667,Tungro,hamming_dist_4,False
PERCEPTUAL_NEAR_DUP,Primary,Rice Tungro_1664,Tungro,Primary,Rice Tungro_1668,Tungro,hamming_dist_4,False
PERCEPTUAL_NEAR_DUP,Primary,Rice Tungro_1665,Tungro,Primary,Rice Tungro_1666,Tungro,hamming_dist_4,False
PERCEPTUAL_NEAR_DUP,Primary,Rice Tungro_1665,Tungro,Primary,Rice Tungro_1667,Tungro,hamming_dist_3,False
PERCEPTUAL_NEAR_DUP,Primary,Rice Tungro_1665,Tungro,Primary,Rice Tungro_1668,Tungro,hamming_dist_3,False
PERCEPTUAL_NEAR_DUP,Primary,Rice Tungro_1666,Tungro,Primary,Rice Tungro_1667,Tungro,hamming_dist_1,False
PERCEPTUAL_NEAR_DUP,Primary,Rice Tungro_1666,Tungro,Primary,Rice Tungro_1668,Tungro,hamming_dist_1,False
PERCEPTUAL_NEAR_DUP,Primary,Rice Tungro_1667,Tungro,Primary,Rice Tungro_1668,Tungro,hamming_dist_0,False
PERCEPTUAL_NEAR_DUP,Primary,Rice Tungro_1671,Tungro,Primary,Rice Tungro_1672,Tungro,hamming_dist_0,False
PERCEPTUAL_NEAR_DUP,Primary,Rice Tungro_1671,Tungro,Primary,Rice Tungro_1673,Tungro,hamming_dist_1,False
PERCEPTUAL_NEAR_DUP,Primary,Rice Tungro_1672,Tungro,Primary,Rice Tungro_1673,Tungro,hamming_dist_1,False
PERCEPTUAL_NEAR_DUP,Primary,Rice Tungro_1674,Tungro,Primary,Rice Tungro_1675,Tungro,hamming_dist_1,False
PERCEPTUAL_NEAR_DUP,Primary,Rice Tungro_1674,Tungro,Primary,Rice Tungro_1676,Tungro,hamming_dist_4,False
PERCEPTUAL_NEAR_DUP,Primary,Rice Tungro_1674,Tungro,Primary,Rice Tungro_1677,Tungro,hamming_dist_4,False
PERCEPTUAL_NEAR_DUP,Primary,Rice Tungro_1674,Tungro,Primary,Rice Tungro_1678,Tungro,hamming_dist_4,False
PERCEPTUAL_NEAR_DUP,Primary,Rice Tungro_1676,Tungro,Primary,Rice Tungro_1677,Tungro,hamming_dist_0,False
PERCEPTUAL_NEAR_DUP,Primary,Rice Tungro_1676,Tungro,Primary,Rice Tungro_1678,Tungro,hamming_dist_0,False
PERCEPTUAL_NEAR_DUP,Primary,Rice Tungro_1677,Tungro,Primary,Rice Tungro_1678,Tungro,hamming_dist_0,False
PERCEPTUAL_NEAR_DUP,Primary,Rice Tungro_1688,Tungro,Primary,Rice Tungro_1689,Tungro,hamming_dist_3,False
PERCEPTUAL_NEAR_DUP,Primary,Rice Tungro_1694,Tungro,Primary,Rice Tungro_1695,Tungro,hamming_dist_1,False
PERCEPTUAL_NEAR_DUP,Primary,Rice Tungro_1694,Tungro,Primary,Rice Tungro_1696,Tungro,hamming_dist_0,False
PERCEPTUAL_NEAR_DUP,Primary,Rice Tungro_1695,Tungro,Primary,Rice Tungro_1696,Tungro,hamming_dist_1,False
PERCEPTUAL_NEAR_DUP,Primary,Rice Tungro_1710,Tungro,Primary,Rice Tungro_1711,Tungro,hamming_dist_3,False
PERCEPTUAL_NEAR_DUP,Primary,Rice Tungro_1711,Tungro,Primary,Rice Tungro_1712,Tungro,hamming_dist_2,False
PERCEPTUAL_NEAR_DUP,Primary,Rice Tungro_1728,Tungro,Primary,Rice Tungro_1729,Tungro,hamming_dist_4,False
PERCEPTUAL_NEAR_DUP,Primary,Rice Tungro_1729,Tungro,Primary,Rice Tungro_1730,Tungro,hamming_dist_3,False
PERCEPTUAL_NEAR_DUP,Primary,Rice Tungro_1746,Tungro,Primary,Rice Tungro_1747,Tungro,hamming_dist_3,False
PERCEPTUAL_NEAR_DUP,Primary,Rice Tungro_1747,Tungro,Primary,Rice Tungro_1748,Tungro,hamming_dist_4,False
PERCEPTUAL_NEAR_DUP,Primary,Rice Tungro_1748,Tungro,Primary,Rice Tungro_1749,Tungro,hamming_dist_3,False
PERCEPTUAL_NEAR_DUP,Primary,Rice Tungro_1749,Tungro,Primary,Rice Tungro_1750,Tungro,hamming_dist_4,False
PERCEPTUAL_NEAR_DUP,Primary,Rice Tungro_1749,Tungro,Primary,Rice Tungro_1752,Tungro,hamming_dist_4,False
PERCEPTUAL_NEAR_DUP,Primary,Rice Tungro_1750,Tungro,Primary,Rice Tungro_1752,Tungro,hamming_dist_4,False
PERCEPTUAL_NEAR_DUP,Primary,Rice Tungro_1750,Tungro,Primary,Rice Tungro_1756,Tungro,hamming_dist_2,False
PERCEPTUAL_NEAR_DUP,Primary,Rice Tungro_1750,Tungro,Primary,Rice Tungro_1757,Tungro,hamming_dist_3,False
PERCEPTUAL_NEAR_DUP,Primary,Rice Tungro_1752,Tungro,Primary,Rice Tungro_1756,Tungro,hamming_dist_2,False
PERCEPTUAL_NEAR_DUP,Primary,Rice Tungro_1753,Tungro,Primary,Rice Tungro_1757,Tungro,hamming_dist_4,False
PERCEPTUAL_NEAR_DUP,Primary,Rice Tungro_1754,Tungro,Primary,Rice Tungro_1758,Tungro,hamming_dist_4,False
PERCEPTUAL_NEAR_DUP,Primary,Rice Tungro_1756,Tungro,Primary,Rice Tungro_1757,Tungro,hamming_dist_3,False
PERCEPTUAL_NEAR_DUP,Primary,Rice Tungro_1762,Tungro,Primary,Rice Tungro_1766,Tungro,hamming_dist_2,False
PERCEPTUAL_NEAR_DUP,Primary,Rice Tungro_1763,Tungro,Primary,Rice Tungro_1764,Tungro,hamming_dist_3,False
PERCEPTUAL_NEAR_DUP,Primary,Rice Tungro_1767,Tungro,Primary,Rice Tungro_1768,Tungro,hamming_dist_1,False
PERCEPTUAL_NEAR_DUP,Primary,Rice Tungro_1772,Tungro,Primary,Rice Tungro_1773,Tungro,hamming_dist_3,False
PERCEPTUAL_NEAR_DUP,Primary,Rice Tungro_1772,Tungro,Primary,Rice Tungro_1774,Tungro,hamming_dist_4,False
PERCEPTUAL_NEAR_DUP,Primary,Rice Tungro_1774,Tungro,Primary,Rice Tungro_1775,Tungro,hamming_dist_1,False
PERCEPTUAL_NEAR_DUP,Primary,Rice Tungro_1774,Tungro,Primary,Rice Tungro_1776,Tungro,hamming_dist_2,False
PERCEPTUAL_NEAR_DUP,Primary,Rice Tungro_1775,Tungro,Primary,Rice Tungro_1776,Tungro,hamming_dist_1,False
PERCEPTUAL_NEAR_DUP,Primary,Rice Tungro_1785,Tungro,Primary,Rice Tungro_1787,Tungro,hamming_dist_4,False
PERCEPTUAL_NEAR_DUP,Primary,Rice Tungro_1786,Tungro,Primary,Rice Tungro_1787,Tungro,hamming_dist_3,False
PERCEPTUAL_NEAR_DUP,Primary,Rice Tungro_1789,Tungro,Primary,Rice Tungro_1790,Tungro,hamming_dist_0,False
PERCEPTUAL_NEAR_DUP,Primary,Rice Tungro_1789,Tungro,Primary,Rice Tungro_1791,Tungro,hamming_dist_2,False
PERCEPTUAL_NEAR_DUP,Primary,Rice Tungro_1789,Tungro,Primary,Rice Tungro_1792,Tungro,hamming_dist_3,False
PERCEPTUAL_NEAR_DUP,Primary,Rice Tungro_1789,Tungro,Primary,Rice Tungro_1793,Tungro,hamming_dist_3,False
PERCEPTUAL_NEAR_DUP,Primary,Rice Tungro_1790,Tungro,Primary,Rice Tungro_1791,Tungro,hamming_dist_2,False
PERCEPTUAL_NEAR_DUP,Primary,Rice Tungro_1790,Tungro,Primary,Rice Tungro_1792,Tungro,hamming_dist_3,False
PERCEPTUAL_NEAR_DUP,Primary,Rice Tungro_1790,Tungro,Primary,Rice Tungro_1793,Tungro,hamming_dist_3,False
PERCEPTUAL_NEAR_DUP,Primary,Rice Tungro_1791,Tungro,Primary,Rice Tungro_1792,Tungro,hamming_dist_1,False
PERCEPTUAL_NEAR_DUP,Primary,Rice Tungro_1791,Tungro,Primary,Rice Tungro_1793,Tungro,hamming_dist_1,False
PERCEPTUAL_NEAR_DUP,Primary,Rice Tungro_1791,Tungro,Primary,Rice Tungro_1794,Tungro,hamming_dist_4,False
PERCEPTUAL_NEAR_DUP,Primary,Rice Tungro_1792,Tungro,Primary,Rice Tungro_1793,Tungro,hamming_dist_0,False
PERCEPTUAL_NEAR_DUP,Primary,Rice Tungro_1792,Tungro,Primary,Rice Tungro_1794,Tungro,hamming_dist_3,False
PERCEPTUAL_NEAR_DUP,Primary,Rice Tungro_1793,Tungro,Primary,Rice Tungro_1794,Tungro,hamming_dist_3,False
PERCEPTUAL_NEAR_DUP,Primary,Rice Tungro_1795,Tungro,Primary,Rice Tungro_1797,Tungro,hamming_dist_3,False
PERCEPTUAL_NEAR_DUP,Primary,Rice Tungro_1795,Tungro,Primary,Rice Tungro_1798,Tungro,hamming_dist_4,False
PERCEPTUAL_NEAR_DUP,Primary,Rice Tungro_1795,Tungro,Primary,Rice Tungro_1800,Tungro,hamming_dist_2,False
PERCEPTUAL_NEAR_DUP,Primary,Rice Tungro_1795,Tungro,Primary,Rice Tungro_1801,Tungro,hamming_dist_4,False
PERCEPTUAL_NEAR_DUP,Primary,Rice Tungro_1795,Tungro,Primary,Rice Tungro_1802,Tungro,hamming_dist_2,False
PERCEPTUAL_NEAR_DUP,Primary,Rice Tungro_1797,Tungro,Primary,Rice Tungro_1798,Tungro,hamming_dist_3,False
PERCEPTUAL_NEAR_DUP,Primary,Rice Tungro_1797,Tungro,Primary,Rice Tungro_1800,Tungro,hamming_dist_1,False
PERCEPTUAL_NEAR_DUP,Primary,Rice Tungro_1797,Tungro,Primary,Rice Tungro_1801,Tungro,hamming_dist_1,False
PERCEPTUAL_NEAR_DUP,Primary,Rice Tungro_1797,Tungro,Primary,Rice Tungro_1802,Tungro,hamming_dist_1,False
PERCEPTUAL_NEAR_DUP,Primary,Rice Tungro_1797,Tungro,Primary,Rice Tungro_1805,Tungro,hamming_dist_4,False
PERCEPTUAL_NEAR_DUP,Primary,Rice Tungro_1798,Tungro,Primary,Rice Tungro_1800,Tungro,hamming_dist_4,False
PERCEPTUAL_NEAR_DUP,Primary,Rice Tungro_1798,Tungro,Primary,Rice Tungro_1801,Tungro,hamming_dist_4,False
PERCEPTUAL_NEAR_DUP,Primary,Rice Tungro_1798,Tungro,Primary,Rice Tungro_1802,Tungro,hamming_dist_2,False
PERCEPTUAL_NEAR_DUP,Primary,Rice Tungro_1799,Tungro,Primary,Rice Tungro_1803,Tungro,hamming_dist_4,False
PERCEPTUAL_NEAR_DUP,Primary,Rice Tungro_1800,Tungro,Primary,Rice Tungro_1801,Tungro,hamming_dist_2,False
PERCEPTUAL_NEAR_DUP,Primary,Rice Tungro_1800,Tungro,Primary,Rice Tungro_1802,Tungro,hamming_dist_2,False
PERCEPTUAL_NEAR_DUP,Primary,Rice Tungro_1800,Tungro,Primary,Rice Tungro_1805,Tungro,hamming_dist_3,False
PERCEPTUAL_NEAR_DUP,Primary,Rice Tungro_1801,Tungro,Primary,Rice Tungro_1802,Tungro,hamming_dist_2,False
PERCEPTUAL_NEAR_DUP,Primary,Rice Tungro_1803,Tungro,Primary,Rice Tungro_1804,Tungro,hamming_dist_4,False
PERCEPTUAL_NEAR_DUP,Primary,Rice Tungro_1804,Tungro,Primary,Rice Tungro_1805,Tungro,hamming_dist_2,False
PERCEPTUAL_NEAR_DUP,Primary,Rice Tungro_1809,Tungro,Primary,Rice Tungro_1810,Tungro,hamming_dist_3,False
PERCEPTUAL_NEAR_DUP,Primary,Rice Tungro_1809,Tungro,Primary,Rice Tungro_1811,Tungro,hamming_dist_2,False
PERCEPTUAL_NEAR_DUP,Primary,Rice Tungro_1810,Tungro,Primary,Rice Tungro_1811,Tungro,hamming_dist_1,False
PERCEPTUAL_NEAR_DUP,Primary,Rice Tungro_1812,Tungro,Primary,Rice Tungro_1818,Tungro,hamming_dist_4,False
PERCEPTUAL_NEAR_DUP,Primary,Rice Tungro_1813,Tungro,Primary,Rice Tungro_1818,Tungro,hamming_dist_3,False
PERCEPTUAL_NEAR_DUP,Primary,Rice Tungro_1815,Tungro,Primary,Rice Tungro_1816,Tungro,hamming_dist_3,False
PERCEPTUAL_NEAR_DUP,Primary,Rice Tungro_1816,Tungro,Primary,Rice Tungro_1818,Tungro,hamming_dist_4,False
PERCEPTUAL_NEAR_DUP,Primary,Rice Tungro_1843,Tungro,Primary,Rice Tungro_1844,Tungro,hamming_dist_1,False
PERCEPTUAL_NEAR_DUP,Primary,Rice Tungro_1856,Tungro,Primary,Rice Tungro_1857,Tungro,hamming_dist_4,False
PERCEPTUAL_NEAR_DUP,Primary,Rice Tungro_1860,Tungro,Primary,Rice Tungro_1861,Tungro,hamming_dist_3,False
PERCEPTUAL_NEAR_DUP,Primary,Rice Tungro_1871,Tungro,Primary,Rice Tungro_1872,Tungro,hamming_dist_4,False
PERCEPTUAL_NEAR_DUP,Primary,Rice Tungro_1873,Tungro,Primary,Rice Tungro_1874,Tungro,hamming_dist_3,False
PERCEPTUAL_NEAR_DUP,Primary,Rice Tungro_1873,Tungro,Primary,Rice Tungro_1875,Tungro,hamming_dist_2,False
PERCEPTUAL_NEAR_DUP,Primary,Rice Tungro_1873,Tungro,Primary,Rice Tungro_1876,Tungro,hamming_dist_3,False
PERCEPTUAL_NEAR_DUP,Primary,Rice Tungro_1873,Tungro,Primary,Rice Tungro_1877,Tungro,hamming_dist_2,False
PERCEPTUAL_NEAR_DUP,Primary,Rice Tungro_1873,Tungro,Primary,Rice Tungro_1878,Tungro,hamming_dist_3,False
PERCEPTUAL_NEAR_DUP,Primary,Rice Tungro_1874,Tungro,Primary,Rice Tungro_1876,Tungro,hamming_dist_4,False
PERCEPTUAL_NEAR_DUP,Primary,Rice Tungro_1874,Tungro,Primary,Rice Tungro_1878,Tungro,hamming_dist_4,False
PERCEPTUAL_NEAR_DUP,Primary,Rice Tungro_1875,Tungro,Primary,Rice Tungro_1877,Tungro,hamming_dist_2,False
PERCEPTUAL_NEAR_DUP,Primary,Rice Tungro_1875,Tungro,Primary,Rice Tungro_1878,Tungro,hamming_dist_3,False
PERCEPTUAL_NEAR_DUP,Primary,Rice Tungro_1876,Tungro,Primary,Rice Tungro_1877,Tungro,hamming_dist_3,False
PERCEPTUAL_NEAR_DUP,Primary,Rice Tungro_1886,Tungro,Primary,Rice Tungro_1887,Tungro,hamming_dist_2,False
PERCEPTUAL_NEAR_DUP,Primary,Rice Tungro_1886,Tungro,Primary,Rice Tungro_1888,Tungro,hamming_dist_2,False
PERCEPTUAL_NEAR_DUP,Primary,Rice Tungro_1887,Tungro,Primary,Rice Tungro_1888,Tungro,hamming_dist_2,False
PERCEPTUAL_NEAR_DUP,Primary,Rice Tungro_1891,Tungro,Primary,Rice Tungro_1892,Tungro,hamming_dist_3,False
PERCEPTUAL_NEAR_DUP,Primary,Rice Tungro_1893,Tungro,Primary,Rice Tungro_1894,Tungro,hamming_dist_3,False
PERCEPTUAL_NEAR_DUP,Primary,Rice Tungro_1893,Tungro,Primary,Rice Tungro_1895,Tungro,hamming_dist_4,False
PERCEPTUAL_NEAR_DUP,Primary,Rice Tungro_1893,Tungro,Primary,Rice Tungro_1896,Tungro,hamming_dist_3,False
PERCEPTUAL_NEAR_DUP,Primary,Rice Tungro_1894,Tungro,Primary,Rice Tungro_1896,Tungro,hamming_dist_4,False
PERCEPTUAL_NEAR_DUP,Primary,Rice Tungro_1895,Tungro,Primary,Rice Tungro_1896,Tungro,hamming_dist_1,False
PERCEPTUAL_NEAR_DUP,Primary,Rice Tungro_1895,Tungro,Primary,Rice Tungro_1897,Tungro,hamming_dist_1,False
PERCEPTUAL_NEAR_DUP,Primary,Rice Tungro_1895,Tungro,Primary,Rice Tungro_1898,Tungro,hamming_dist_4,False
PERCEPTUAL_NEAR_DUP,Primary,Rice Tungro_1895,Tungro,Primary,Rice Tungro_1899,Tungro,hamming_dist_4,False
PERCEPTUAL_NEAR_DUP,Primary,Rice Tungro_1895,Tungro,Primary,Rice Tungro_1900,Tungro,hamming_dist_3,False
PERCEPTUAL_NEAR_DUP,Primary,Rice Tungro_1895,Tungro,Primary,Rice Tungro_1901,Tungro,hamming_dist_2,False
PERCEPTUAL_NEAR_DUP,Primary,Rice Tungro_1895,Tungro,Primary,Rice Tungro_1902,Tungro,hamming_dist_4,False
PERCEPTUAL_NEAR_DUP,Primary,Rice Tungro_1896,Tungro,Primary,Rice Tungro_1897,Tungro,hamming_dist_2,False
PERCEPTUAL_NEAR_DUP,Primary,Rice Tungro_1896,Tungro,Primary,Rice Tungro_1900,Tungro,hamming_dist_4,False
PERCEPTUAL_NEAR_DUP,Primary,Rice Tungro_1896,Tungro,Primary,Rice Tungro_1901,Tungro,hamming_dist_3,False
PERCEPTUAL_NEAR_DUP,Primary,Rice Tungro_1897,Tungro,Primary,Rice Tungro_1898,Tungro,hamming_dist_3,False
PERCEPTUAL_NEAR_DUP,Primary,Rice Tungro_1897,Tungro,Primary,Rice Tungro_1899,Tungro,hamming_dist_3,False
PERCEPTUAL_NEAR_DUP,Primary,Rice Tungro_1897,Tungro,Primary,Rice Tungro_1900,Tungro,hamming_dist_2,False
PERCEPTUAL_NEAR_DUP,Primary,Rice Tungro_1897,Tungro,Primary,Rice Tungro_1901,Tungro,hamming_dist_1,False
PERCEPTUAL_NEAR_DUP,Primary,Rice Tungro_1897,Tungro,Primary,Rice Tungro_1902,Tungro,hamming_dist_3,False
PERCEPTUAL_NEAR_DUP,Primary,Rice Tungro_1898,Tungro,Primary,Rice Tungro_1899,Tungro,hamming_dist_2,False
PERCEPTUAL_NEAR_DUP,Primary,Rice Tungro_1898,Tungro,Primary,Rice Tungro_1900,Tungro,hamming_dist_1,False
PERCEPTUAL_NEAR_DUP,Primary,Rice Tungro_1898,Tungro,Primary,Rice Tungro_1901,Tungro,hamming_dist_2,False
PERCEPTUAL_NEAR_DUP,Primary,Rice Tungro_1898,Tungro,Primary,Rice Tungro_1902,Tungro,hamming_dist_2,False
PERCEPTUAL_NEAR_DUP,Primary,Rice Tungro_1899,Tungro,Primary,Rice Tungro_1900,Tungro,hamming_dist_1,False
PERCEPTUAL_NEAR_DUP,Primary,Rice Tungro_1899,Tungro,Primary,Rice Tungro_1901,Tungro,hamming_dist_2,False
PERCEPTUAL_NEAR_DUP,Primary,Rice Tungro_1899,Tungro,Primary,Rice Tungro_1902,Tungro,hamming_dist_0,False
PERCEPTUAL_NEAR_DUP,Primary,Rice Tungro_1900,Tungro,Primary,Rice Tungro_1901,Tungro,hamming_dist_1,False
PERCEPTUAL_NEAR_DUP,Primary,Rice Tungro_1900,Tungro,Primary,Rice Tungro_1902,Tungro,hamming_dist_1,False
PERCEPTUAL_NEAR_DUP,Primary,Rice Tungro_1901,Tungro,Primary,Rice Tungro_1902,Tungro,hamming_dist_2,False
PERCEPTUAL_NEAR_DUP,Primary,Rice Tungro_1903,Tungro,Primary,Rice Tungro_1907,Tungro,hamming_dist_4,False
PERCEPTUAL_NEAR_DUP,Primary,Rice Tungro_1904,Tungro,Primary,Rice Tungro_1905,Tungro,hamming_dist_3,False
PERCEPTUAL_NEAR_DUP,Primary,Rice Tungro_1904,Tungro,Primary,Rice Tungro_1906,Tungro,hamming_dist_3,False
PERCEPTUAL_NEAR_DUP,Primary,Rice Tungro_1905,Tungro,Primary,Rice Tungro_1906,Tungro,hamming_dist_4,False
PERCEPTUAL_NEAR_DUP,Primary,Rice Tungro_1915,Tungro,Primary,Rice Tungro_1916,Tungro,hamming_dist_4,False
PERCEPTUAL_NEAR_DUP,Primary,Rice Tungro_1921,Tungro,Primary,Rice Tungro_1922,Tungro,hamming_dist_2,False
PERCEPTUAL_NEAR_DUP,Primary,Rice Tungro_1923,Tungro,Primary,Rice Tungro_1924,Tungro,hamming_dist_1,False
PERCEPTUAL_NEAR_DUP,Primary,Rice Tungro_1925,Tungro,Primary,Rice Tungro_1926,Tungro,hamming_dist_0,False
PERCEPTUAL_NEAR_DUP,Primary,Rice Tungro_1925,Tungro,Primary,Rice Tungro_1927,Tungro,hamming_dist_3,False
PERCEPTUAL_NEAR_DUP,Primary,Rice Tungro_1925,Tungro,Primary,Rice Tungro_1928,Tungro,hamming_dist_3,False
PERCEPTUAL_NEAR_DUP,Primary,Rice Tungro_1926,Tungro,Primary,Rice Tungro_1927,Tungro,hamming_dist_3,False
PERCEPTUAL_NEAR_DUP,Primary,Rice Tungro_1926,Tungro,Primary,Rice Tungro_1928,Tungro,hamming_dist_3,False
PERCEPTUAL_NEAR_DUP,Primary,Rice Tungro_1927,Tungro,Primary,Rice Tungro_1928,Tungro,hamming_dist_2,False
PERCEPTUAL_NEAR_DUP,Primary,Rice Tungro_1932,Tungro,Primary,Rice Tungro_1933,Tungro,hamming_dist_3,False
PERCEPTUAL_NEAR_DUP,Primary,Rice Tungro_1933,Tungro,Primary,Rice Tungro_1934,Tungro,hamming_dist_2,False
PERCEPTUAL_NEAR_DUP,Primary,Rice Tungro_1936,Tungro,Primary,Rice Tungro_1938,Tungro,hamming_dist_4,False
PERCEPTUAL_NEAR_DUP,Primary,Rice Tungro_1940,Tungro,Primary,Rice Tungro_1941,Tungro,hamming_dist_1,False
PERCEPTUAL_NEAR_DUP,Primary,Rice Tungro_1940,Tungro,Primary,Rice Tungro_1942,Tungro,hamming_dist_1,False
PERCEPTUAL_NEAR_DUP,Primary,Rice Tungro_1940,Tungro,Primary,Rice Tungro_1943,Tungro,hamming_dist_4,False
PERCEPTUAL_NEAR_DUP,Primary,Rice Tungro_1941,Tungro,Primary,Rice Tungro_1942,Tungro,hamming_dist_0,False
PERCEPTUAL_NEAR_DUP,Primary,Rice Tungro_1941,Tungro,Primary,Rice Tungro_1943,Tungro,hamming_dist_3,False
PERCEPTUAL_NEAR_DUP,Primary,Rice Tungro_1942,Tungro,Primary,Rice Tungro_1943,Tungro,hamming_dist_3,False
PERCEPTUAL_NEAR_DUP,Primary,Rice Tungro_1944,Tungro,Primary,Rice Tungro_1945,Tungro,hamming_dist_3,False
PERCEPTUAL_NEAR_DUP,Primary,Rice Tungro_1944,Tungro,Primary,Rice Tungro_1948,Tungro,hamming_dist_3,False
PERCEPTUAL_NEAR_DUP,Primary,Rice Tungro_1953,Tungro,Primary,Rice Tungro_1957,Tungro,hamming_dist_4,False
PERCEPTUAL_NEAR_DUP,Primary,Rice Tungro_1953,Tungro,Primary,Rice Tungro_1958,Tungro,hamming_dist_4,False
PERCEPTUAL_NEAR_DUP,Primary,Rice Tungro_1953,Tungro,Primary,Rice Tungro_1959,Tungro,hamming_dist_4,False
PERCEPTUAL_NEAR_DUP,Primary,Rice Tungro_1953,Tungro,Primary,Rice Tungro_1960,Tungro,hamming_dist_4,False
PERCEPTUAL_NEAR_DUP,Primary,Rice Tungro_1953,Tungro,Primary,Rice Tungro_1961,Tungro,hamming_dist_3,False
PERCEPTUAL_NEAR_DUP,Primary,Rice Tungro_1953,Tungro,Primary,Rice Tungro_1963,Tungro,hamming_dist_4,False
PERCEPTUAL_NEAR_DUP,Primary,Rice Tungro_1954,Tungro,Primary,Rice Tungro_1955,Tungro,hamming_dist_4,False
PERCEPTUAL_NEAR_DUP,Primary,Rice Tungro_1956,Tungro,Primary,Rice Tungro_1957,Tungro,hamming_dist_1,False
PERCEPTUAL_NEAR_DUP,Primary,Rice Tungro_1956,Tungro,Primary,Rice Tungro_1958,Tungro,hamming_dist_1,False
PERCEPTUAL_NEAR_DUP,Primary,Rice Tungro_1956,Tungro,Primary,Rice Tungro_1959,Tungro,hamming_dist_3,False
PERCEPTUAL_NEAR_DUP,Primary,Rice Tungro_1956,Tungro,Primary,Rice Tungro_1961,Tungro,hamming_dist_4,False
PERCEPTUAL_NEAR_DUP,Primary,Rice Tungro_1957,Tungro,Primary,Rice Tungro_1958,Tungro,hamming_dist_0,False
PERCEPTUAL_NEAR_DUP,Primary,Rice Tungro_1957,Tungro,Primary,Rice Tungro_1959,Tungro,hamming_dist_2,False
PERCEPTUAL_NEAR_DUP,Primary,Rice Tungro_1957,Tungro,Primary,Rice Tungro_1960,Tungro,hamming_dist_4,False
PERCEPTUAL_NEAR_DUP,Primary,Rice Tungro_1957,Tungro,Primary,Rice Tungro_1961,Tungro,hamming_dist_3,False
PERCEPTUAL_NEAR_DUP,Primary,Rice Tungro_1958,Tungro,Primary,Rice Tungro_1959,Tungro,hamming_dist_2,False
PERCEPTUAL_NEAR_DUP,Primary,Rice Tungro_1958,Tungro,Primary,Rice Tungro_1960,Tungro,hamming_dist_4,False
PERCEPTUAL_NEAR_DUP,Primary,Rice Tungro_1958,Tungro,Primary,Rice Tungro_1961,Tungro,hamming_dist_3,False
PERCEPTUAL_NEAR_DUP,Primary,Rice Tungro_1959,Tungro,Primary,Rice Tungro_1960,Tungro,hamming_dist_2,False
PERCEPTUAL_NEAR_DUP,Primary,Rice Tungro_1959,Tungro,Primary,Rice Tungro_1961,Tungro,hamming_dist_3,False
PERCEPTUAL_NEAR_DUP,Primary,Rice Tungro_1959,Tungro,Primary,Rice Tungro_1963,Tungro,hamming_dist_4,False
PERCEPTUAL_NEAR_DUP,Primary,Rice Tungro_1960,Tungro,Primary,Rice Tungro_1961,Tungro,hamming_dist_1,False
PERCEPTUAL_NEAR_DUP,Primary,Rice Tungro_1960,Tungro,Primary,Rice Tungro_1962,Tungro,hamming_dist_3,False
PERCEPTUAL_NEAR_DUP,Primary,Rice Tungro_1960,Tungro,Primary,Rice Tungro_1963,Tungro,hamming_dist_2,False
PERCEPTUAL_NEAR_DUP,Primary,Rice Tungro_1961,Tungro,Primary,Rice Tungro_1962,Tungro,hamming_dist_4,False
PERCEPTUAL_NEAR_DUP,Primary,Rice Tungro_1961,Tungro,Primary,Rice Tungro_1963,Tungro,hamming_dist_3,False
PERCEPTUAL_NEAR_DUP,Primary,Rice Tungro_1962,Tungro,Primary,Rice Tungro_1963,Tungro,hamming_dist_1,False
PERCEPTUAL_NEAR_DUP,Primary,Rice Tungro_1962,Tungro,Primary,Rice Tungro_1964,Tungro,hamming_dist_3,False
PERCEPTUAL_NEAR_DUP,Primary,Rice Tungro_1963,Tungro,Primary,Rice Tungro_1964,Tungro,hamming_dist_4,False
PERCEPTUAL_NEAR_DUP,Primary,Rice Tungro_1965,Tungro,Primary,Rice Tungro_1966,Tungro,hamming_dist_0,False
PERCEPTUAL_NEAR_DUP,Primary,Rice Tungro_1965,Tungro,Primary,Rice Tungro_1967,Tungro,hamming_dist_0,False
PERCEPTUAL_NEAR_DUP,Primary,Rice Tungro_1966,Tungro,Primary,Rice Tungro_1967,Tungro,hamming_dist_0,False
PERCEPTUAL_NEAR_DUP,Primary,Rice Tungro_1968,Tungro,Primary,Rice Tungro_1969,Tungro,hamming_dist_1,False
PERCEPTUAL_NEAR_DUP,Primary,Rice Tungro_1968,Tungro,Primary,Rice Tungro_1970,Tungro,hamming_dist_1,False
PERCEPTUAL_NEAR_DUP,Primary,Rice Tungro_1969,Tungro,Primary,Rice Tungro_1970,Tungro,hamming_dist_2,False
PERCEPTUAL_NEAR_DUP,Primary,Rice Tungro_1971,Tungro,Primary,Rice Tungro_1972,Tungro,hamming_dist_3,False
PERCEPTUAL_NEAR_DUP,Primary,Rice Tungro_1977,Tungro,Primary,Rice Tungro_1978,Tungro,hamming_dist_4,False
PERCEPTUAL_NEAR_DUP,Primary,Rice Tungro_1981,Tungro,Primary,Rice Tungro_1982,Tungro,hamming_dist_3,False
PERCEPTUAL_NEAR_DUP,Primary,Rice Tungro_1981,Tungro,Primary,Rice Tungro_1983,Tungro,hamming_dist_3,False
PERCEPTUAL_NEAR_DUP,Primary,Rice Tungro_1982,Tungro,Primary,Rice Tungro_1983,Tungro,hamming_dist_2,False
PERCEPTUAL_NEAR_DUP,Primary,Rice Tungro_1985,Tungro,Primary,Rice Tungro_1986,Tungro,hamming_dist_4,False
PERCEPTUAL_NEAR_DUP,Primary,Rice Tungro_1986,Tungro,Primary,Rice Tungro_1992,Tungro,hamming_dist_4,False
PERCEPTUAL_NEAR_DUP,Primary,Rice Tungro_1986,Tungro,Primary,Rice Tungro_1994,Tungro,hamming_dist_4,False
PERCEPTUAL_NEAR_DUP,Primary,Rice Tungro_1987,Tungro,Primary,Rice Tungro_1988,Tungro,hamming_dist_4,False
PERCEPTUAL_NEAR_DUP,Primary,Rice Tungro_1989,Tungro,Primary,Rice Tungro_1990,Tungro,hamming_dist_2,False
PERCEPTUAL_NEAR_DUP,Primary,Rice Tungro_1989,Tungro,Primary,Rice Tungro_1992,Tungro,hamming_dist_4,False
PERCEPTUAL_NEAR_DUP,Primary,Rice Tungro_1989,Tungro,Primary,Rice Tungro_1994,Tungro,hamming_dist_4,False
PERCEPTUAL_NEAR_DUP,Primary,Rice Tungro_1990,Tungro,Primary,Rice Tungro_1991,Tungro,hamming_dist_3,False
PERCEPTUAL_NEAR_DUP,Primary,Rice Tungro_1990,Tungro,Primary,Rice Tungro_1992,Tungro,hamming_dist_2,False
PERCEPTUAL_NEAR_DUP,Primary,Rice Tungro_1990,Tungro,Primary,Rice Tungro_1993,Tungro,hamming_dist_3,False
PERCEPTUAL_NEAR_DUP,Primary,Rice Tungro_1990,Tungro,Primary,Rice Tungro_1994,Tungro,hamming_dist_2,False
PERCEPTUAL_NEAR_DUP,Primary,Rice Tungro_1991,Tungro,Primary,Rice Tungro_1992,Tungro,hamming_dist_1,False
PERCEPTUAL_NEAR_DUP,Primary,Rice Tungro_1991,Tungro,Primary,Rice Tungro_1993,Tungro,hamming_dist_0,False
PERCEPTUAL_NEAR_DUP,Primary,Rice Tungro_1991,Tungro,Primary,Rice Tungro_1994,Tungro,hamming_dist_1,False
PERCEPTUAL_NEAR_DUP,Primary,Rice Tungro_1992,Tungro,Primary,Rice Tungro_1993,Tungro,hamming_dist_1,False
PERCEPTUAL_NEAR_DUP,Primary,Rice Tungro_1992,Tungro,Primary,Rice Tungro_1994,Tungro,hamming_dist_0,False
PERCEPTUAL_NEAR_DUP,Primary,Rice Tungro_1993,Tungro,Primary,Rice Tungro_1994,Tungro,hamming_dist_1,False
PERCEPTUAL_NEAR_DUP,Primary,Rice Tungro_1997,Tungro,Primary,Rice Tungro_1999,Tungro,hamming_dist_3,False
PERCEPTUAL_NEAR_DUP,Primary,Rice Tungro_1998,Tungro,Primary,Rice Tungro_1999,Tungro,hamming_dist_4,False
PERCEPTUAL_NEAR_DUP,Primary,Rice Tungro_2002,Tungro,Primary,Rice Tungro_2003,Tungro,hamming_dist_3,False
PERCEPTUAL_NEAR_DUP,Primary,Rice Tungro_2004,Tungro,Primary,Rice Tungro_2005,Tungro,hamming_dist_2,False
PERCEPTUAL_NEAR_DUP,Primary,Rice Tungro_2013,Tungro,Primary,Rice Tungro_2018,Tungro,hamming_dist_3,False
PERCEPTUAL_NEAR_DUP,Primary,Rice Tungro_2013,Tungro,Primary,Rice Tungro_2019,Tungro,hamming_dist_4,False
PERCEPTUAL_NEAR_DUP,Primary,Rice Tungro_2014,Tungro,Primary,Rice Tungro_2017,Tungro,hamming_dist_1,False
PERCEPTUAL_NEAR_DUP,Primary,Rice Tungro_2014,Tungro,Primary,Rice Tungro_2018,Tungro,hamming_dist_4,False
PERCEPTUAL_NEAR_DUP,Primary,Rice Tungro_2015,Tungro,Primary,Rice Tungro_2016,Tungro,hamming_dist_2,False
PERCEPTUAL_NEAR_DUP,Primary,Rice Tungro_2018,Tungro,Primary,Rice Tungro_2019,Tungro,hamming_dist_1,False
PERCEPTUAL_NEAR_DUP,Primary,Rice Tungro_2032,Tungro,Primary,Rice Tungro_2033,Tungro,hamming_dist_2,False
PERCEPTUAL_NEAR_DUP,Primary,Rice Tungro_2032,Tungro,Primary,Rice Tungro_2034,Tungro,hamming_dist_4,False
PERCEPTUAL_NEAR_DUP,Primary,Rice Tungro_2033,Tungro,Primary,Rice Tungro_2034,Tungro,hamming_dist_2,False
PERCEPTUAL_NEAR_DUP,Primary,Rice Tungro_2035,Tungro,Primary,Rice Tungro_2036,Tungro,hamming_dist_4,False
PERCEPTUAL_NEAR_DUP,Primary,Rice Tungro_2038,Tungro,Primary,Rice Tungro_2041,Tungro,hamming_dist_4,False
PERCEPTUAL_NEAR_DUP,Primary,Rice Tungro_2042,Tungro,Primary,Rice Tungro_2043,Tungro,hamming_dist_3,False
PERCEPTUAL_NEAR_DUP,Primary,Rice Tungro_2042,Tungro,Primary,Rice Tungro_2044,Tungro,hamming_dist_4,False
PERCEPTUAL_NEAR_DUP,Primary,Rice Tungro_2043,Tungro,Primary,Rice Tungro_2044,Tungro,hamming_dist_3,False
PERCEPTUAL_NEAR_DUP,Primary,Rice Tungro_2047,Tungro,Primary,Rice Tungro_2048,Tungro,hamming_dist_4,False
PERCEPTUAL_NEAR_DUP,Primary,Rice Tungro_2047,Tungro,Primary,Rice Tungro_2049,Tungro,hamming_dist_4,False
PERCEPTUAL_NEAR_DUP,Primary,Rice Tungro_2047,Tungro,Primary,Rice Tungro_2050,Tungro,hamming_dist_1,False
PERCEPTUAL_NEAR_DUP,Primary,Rice Tungro_2048,Tungro,Primary,Rice Tungro_2049,Tungro,hamming_dist_0,False
PERCEPTUAL_NEAR_DUP,Primary,Rice Tungro_2048,Tungro,Primary,Rice Tungro_2050,Tungro,hamming_dist_3,False
PERCEPTUAL_NEAR_DUP,Primary,Rice Tungro_2049,Tungro,Primary,Rice Tungro_2050,Tungro,hamming_dist_3,False
PERCEPTUAL_NEAR_DUP,Primary,Rice Tungro_2050,Tungro,Primary,Rice Tungro_2051,Tungro,hamming_dist_4,False
PERCEPTUAL_NEAR_DUP,Primary,Rice Tungro_2052,Tungro,Primary,Rice Tungro_2054,Tungro,hamming_dist_4,False
PERCEPTUAL_NEAR_DUP,Primary,Rice Tungro_2052,Tungro,Primary,Rice Tungro_2055,Tungro,hamming_dist_4,False
PERCEPTUAL_NEAR_DUP,Primary,Rice Tungro_2053,Tungro,Primary,Rice Tungro_2054,Tungro,hamming_dist_3,False
PERCEPTUAL_NEAR_DUP,Primary,Rice Tungro_2053,Tungro,Primary,Rice Tungro_2055,Tungro,hamming_dist_3,False
PERCEPTUAL_NEAR_DUP,Primary,Rice Tungro_2054,Tungro,Primary,Rice Tungro_2055,Tungro,hamming_dist_2,False
PERCEPTUAL_NEAR_DUP,Primary,Rice Tungro_2061,Tungro,Primary,Rice Tungro_2064,Tungro,hamming_dist_2,False
PERCEPTUAL_NEAR_DUP,Primary,Rice Tungro_2062,Tungro,Primary,Rice Tungro_2063,Tungro,hamming_dist_3,False
PERCEPTUAL_NEAR_DUP,Primary,Rice Tungro_2062,Tungro,Primary,Rice Tungro_2064,Tungro,hamming_dist_4,False
PERCEPTUAL_NEAR_DUP,Primary,Rice Tungro_2063,Tungro,Primary,Rice Tungro_2064,Tungro,hamming_dist_3,False
PERCEPTUAL_NEAR_DUP,Primary,Rice Tungro_2066,Tungro,Primary,Rice Tungro_2067,Tungro,hamming_dist_2,False
PERCEPTUAL_NEAR_DUP,Primary,Rice Tungro_2066,Tungro,Primary,Rice Tungro_2068,Tungro,hamming_dist_4,False
PERCEPTUAL_NEAR_DUP,Primary,Rice Tungro_2067,Tungro,Primary,Rice Tungro_2068,Tungro,hamming_dist_2,False
PERCEPTUAL_NEAR_DUP,Primary,Rice Tungro_2068,Tungro,Primary,Rice Tungro_2069,Tungro,hamming_dist_4,False
PERCEPTUAL_NEAR_DUP,Primary,Rice Tungro_2068,Tungro,Primary,Rice Tungro_2070,Tungro,hamming_dist_3,False
PERCEPTUAL_NEAR_DUP,Primary,Rice Tungro_2068,Tungro,Primary,Rice Tungro_2086,Tungro,hamming_dist_4,False
PERCEPTUAL_NEAR_DUP,Primary,Rice Tungro_2069,Tungro,Primary,Rice Tungro_2071,Tungro,hamming_dist_3,False
PERCEPTUAL_NEAR_DUP,Primary,Rice Tungro_2069,Tungro,Primary,Rice Tungro_2075,Tungro,hamming_dist_4,False
PERCEPTUAL_NEAR_DUP,Primary,Rice Tungro_2069,Tungro,Primary,Rice Tungro_2076,Tungro,hamming_dist_3,False
PERCEPTUAL_NEAR_DUP,Primary,Rice Tungro_2070,Tungro,Primary,Rice Tungro_2071,Tungro,hamming_dist_4,False
PERCEPTUAL_NEAR_DUP,Primary,Rice Tungro_2070,Tungro,Primary,Rice Tungro_2086,Tungro,hamming_dist_3,False
PERCEPTUAL_NEAR_DUP,Primary,Rice Tungro_2071,Tungro,Primary,Rice Tungro_2074,Tungro,hamming_dist_4,False
PERCEPTUAL_NEAR_DUP,Primary,Rice Tungro_2071,Tungro,Primary,Rice Tungro_2076,Tungro,hamming_dist_4,False
PERCEPTUAL_NEAR_DUP,Primary,Rice Tungro_2071,Tungro,Primary,Rice Tungro_2077,Tungro,hamming_dist_4,False
PERCEPTUAL_NEAR_DUP,Primary,Rice Tungro_2071,Tungro,Primary,Rice Tungro_2078,Tungro,hamming_dist_4,False
PERCEPTUAL_NEAR_DUP,Primary,Rice Tungro_2072,Tungro,Primary,Rice Tungro_2073,Tungro,hamming_dist_1,False
PERCEPTUAL_NEAR_DUP,Primary,Rice Tungro_2072,Tungro,Primary,Rice Tungro_2074,Tungro,hamming_dist_4,False
PERCEPTUAL_NEAR_DUP,Primary,Rice Tungro_2072,Tungro,Primary,Rice Tungro_2076,Tungro,hamming_dist_4,False
PERCEPTUAL_NEAR_DUP,Primary,Rice Tungro_2072,Tungro,Primary,Rice Tungro_2083,Tungro,hamming_dist_4,False
PERCEPTUAL_NEAR_DUP,Primary,Rice Tungro_2073,Tungro,Primary,Rice Tungro_2082,Tungro,hamming_dist_4,False
PERCEPTUAL_NEAR_DUP,Primary,Rice Tungro_2073,Tungro,Primary,Rice Tungro_2083,Tungro,hamming_dist_3,False
PERCEPTUAL_NEAR_DUP,Primary,Rice Tungro_2074,Tungro,Primary,Rice Tungro_2077,Tungro,hamming_dist_4,False
PERCEPTUAL_NEAR_DUP,Primary,Rice Tungro_2074,Tungro,Primary,Rice Tungro_2078,Tungro,hamming_dist_4,False
PERCEPTUAL_NEAR_DUP,Primary,Rice Tungro_2074,Tungro,Primary,Rice Tungro_2079,Tungro,hamming_dist_1,False
PERCEPTUAL_NEAR_DUP,Primary,Rice Tungro_2074,Tungro,Primary,Rice Tungro_2080,Tungro,hamming_dist_4,False
PERCEPTUAL_NEAR_DUP,Primary,Rice Tungro_2075,Tungro,Primary,Rice Tungro_2076,Tungro,hamming_dist_1,False
PERCEPTUAL_NEAR_DUP,Primary,Rice Tungro_2076,Tungro,Primary,Rice Tungro_2077,Tungro,hamming_dist_4,False
PERCEPTUAL_NEAR_DUP,Primary,Rice Tungro_2076,Tungro,Primary,Rice Tungro_2078,Tungro,hamming_dist_4,False
PERCEPTUAL_NEAR_DUP,Primary,Rice Tungro_2077,Tungro,Primary,Rice Tungro_2078,Tungro,hamming_dist_0,False
PERCEPTUAL_NEAR_DUP,Primary,Rice Tungro_2077,Tungro,Primary,Rice Tungro_2079,Tungro,hamming_dist_3,False
PERCEPTUAL_NEAR_DUP,Primary,Rice Tungro_2077,Tungro,Primary,Rice Tungro_2080,Tungro,hamming_dist_4,False
PERCEPTUAL_NEAR_DUP,Primary,Rice Tungro_2078,Tungro,Primary,Rice Tungro_2079,Tungro,hamming_dist_3,False
PERCEPTUAL_NEAR_DUP,Primary,Rice Tungro_2078,Tungro,Primary,Rice Tungro_2080,Tungro,hamming_dist_4,False
PERCEPTUAL_NEAR_DUP,Primary,Rice Tungro_2079,Tungro,Primary,Rice Tungro_2080,Tungro,hamming_dist_3,False
PERCEPTUAL_NEAR_DUP,Primary,Rice Tungro_2080,Tungro,Primary,Rice Tungro_2082,Tungro,hamming_dist_3,False
PERCEPTUAL_NEAR_DUP,Primary,Rice Tungro_2081,Tungro,Primary,Rice Tungro_2082,Tungro,hamming_dist_4,False
PERCEPTUAL_NEAR_DUP,Primary,Rice Tungro_2081,Tungro,Primary,Rice Tungro_2083,Tungro,hamming_dist_3,False
PERCEPTUAL_NEAR_DUP,Primary,Rice Tungro_2082,Tungro,Primary,Rice Tungro_2083,Tungro,hamming_dist_3,False
PERCEPTUAL_NEAR_DUP,Primary,Rice Tungro_2088,Tungro,Primary,Rice Tungro_2089,Tungro,hamming_dist_3,False
PERCEPTUAL_NEAR_DUP,Primary,Rice Tungro_2088,Tungro,Primary,Rice Tungro_2090,Tungro,hamming_dist_3,False
PERCEPTUAL_NEAR_DUP,Primary,Rice Tungro_2088,Tungro,Primary,Rice Tungro_2092,Tungro,hamming_dist_3,False
PERCEPTUAL_NEAR_DUP,Primary,Rice Tungro_2089,Tungro,Primary,Rice Tungro_2090,Tungro,hamming_dist_2,False
PERCEPTUAL_NEAR_DUP,Primary,Rice Tungro_2089,Tungro,Primary,Rice Tungro_2091,Tungro,hamming_dist_4,False
PERCEPTUAL_NEAR_DUP,Primary,Rice Tungro_2089,Tungro,Primary,Rice Tungro_2092,Tungro,hamming_dist_4,False
PERCEPTUAL_NEAR_DUP,Primary,Rice Tungro_2090,Tungro,Primary,Rice Tungro_2091,Tungro,hamming_dist_2,False
PERCEPTUAL_NEAR_DUP,Primary,Rice Tungro_2090,Tungro,Primary,Rice Tungro_2092,Tungro,hamming_dist_4,False
PERCEPTUAL_NEAR_DUP,Primary,Rice Tungro_2091,Tungro,Primary,Rice Tungro_2092,Tungro,hamming_dist_2,False
PERCEPTUAL_NEAR_DUP,Primary,Rice Tungro_2094,Tungro,Primary,Rice Tungro_2095,Tungro,hamming_dist_3,False
PERCEPTUAL_NEAR_DUP,Primary,Rice Tungro_2096,Tungro,Primary,Rice Tungro_2097,Tungro,hamming_dist_4,False
PERCEPTUAL_NEAR_DUP,Primary,Rice Tungro_2099,Tungro,Primary,Rice Tungro_2106,Tungro,hamming_dist_3,False
PERCEPTUAL_NEAR_DUP,Primary,Rice Tungro_2100,Tungro,Primary,Rice Tungro_2103,Tungro,hamming_dist_2,False
PERCEPTUAL_NEAR_DUP,Primary,Rice Tungro_2106,Tungro,Primary,Rice Tungro_2107,Tungro,hamming_dist_3,False
PERCEPTUAL_NEAR_DUP,Primary,Rice Tungro_2117,Tungro,Primary,Rice Tungro_2118,Tungro,hamming_dist_2,False
PERCEPTUAL_NEAR_DUP,Primary,Rice Tungro_2122,Tungro,Primary,Rice Tungro_2123,Tungro,hamming_dist_3,False
PERCEPTUAL_NEAR_DUP,Primary,Rice Tungro_2124,Tungro,Primary,Rice Tungro_2125,Tungro,hamming_dist_4,False
PERCEPTUAL_NEAR_DUP,Primary,Rice Tungro_2133,Tungro,Primary,Rice Tungro_2136,Tungro,hamming_dist_3,False
PERCEPTUAL_NEAR_DUP,Primary,Rice Tungro_2133,Tungro,Primary,Rice Tungro_2137,Tungro,hamming_dist_3,False
PERCEPTUAL_NEAR_DUP,Primary,Rice Tungro_2135,Tungro,Primary,Rice Tungro_2136,Tungro,hamming_dist_3,False
PERCEPTUAL_NEAR_DUP,Primary,Rice Tungro_2135,Tungro,Primary,Rice Tungro_2137,Tungro,hamming_dist_3,False
PERCEPTUAL_NEAR_DUP,Primary,Rice Tungro_2136,Tungro,Primary,Rice Tungro_2137,Tungro,hamming_dist_0,False
PERCEPTUAL_NEAR_DUP,Primary,Rice Tungro_2136,Tungro,Primary,Rice Tungro_2138,Tungro,hamming_dist_3,False
PERCEPTUAL_NEAR_DUP,Primary,Rice Tungro_2137,Tungro,Primary,Rice Tungro_2138,Tungro,hamming_dist_3,False
PERCEPTUAL_NEAR_DUP,Primary,Rice Tungro_2140,Tungro,Primary,Rice Tungro_2141,Tungro,hamming_dist_4,False
PERCEPTUAL_NEAR_DUP,Primary,Rice Tungro_2142,Tungro,Primary,Rice Tungro_2143,Tungro,hamming_dist_4,False
PERCEPTUAL_NEAR_DUP,Primary,Rice Tungro_2142,Tungro,Primary,Rice Tungro_2145,Tungro,hamming_dist_3,False
PERCEPTUAL_NEAR_DUP,Primary,Rice Tungro_2143,Tungro,Primary,Rice Tungro_2144,Tungro,hamming_dist_4,False
PERCEPTUAL_NEAR_DUP,Primary,Rice Tungro_2145,Tungro,Primary,Rice Tungro_2148,Tungro,hamming_dist_4,False
PERCEPTUAL_NEAR_DUP,Primary,Rice Tungro_2146,Tungro,Primary,Rice Tungro_2147,Tungro,hamming_dist_2,False
PERCEPTUAL_NEAR_DUP,Primary,Rice Tungro_2146,Tungro,Primary,Rice Tungro_2148,Tungro,hamming_dist_4,False
PERCEPTUAL_NEAR_DUP,Primary,Rice Tungro_2147,Tungro,Primary,Rice Tungro_2148,Tungro,hamming_dist_4,False
PERCEPTUAL_NEAR_DUP,Primary,Rice Tungro_2166,Tungro,Primary,Rice Tungro_2167,Tungro,hamming_dist_3,False
PERCEPTUAL_NEAR_DUP,Primary,Rice Tungro_2170,Tungro,Primary,Rice Tungro_2171,Tungro,hamming_dist_3,False
PERCEPTUAL_NEAR_DUP,Primary,Rice Tungro_2170,Tungro,Primary,Rice Tungro_2173,Tungro,hamming_dist_2,False
PERCEPTUAL_NEAR_DUP,Primary,Rice Tungro_2170,Tungro,Primary,Rice Tungro_2175,Tungro,hamming_dist_4,False
PERCEPTUAL_NEAR_DUP,Primary,Rice Tungro_2170,Tungro,Primary,Rice Tungro_2176,Tungro,hamming_dist_4,False
PERCEPTUAL_NEAR_DUP,Primary,Rice Tungro_2171,Tungro,Primary,Rice Tungro_2172,Tungro,hamming_dist_4,False
PERCEPTUAL_NEAR_DUP,Primary,Rice Tungro_2171,Tungro,Primary,Rice Tungro_2173,Tungro,hamming_dist_3,False
PERCEPTUAL_NEAR_DUP,Primary,Rice Tungro_2172,Tungro,Primary,Rice Tungro_2174,Tungro,hamming_dist_2,False
PERCEPTUAL_NEAR_DUP,Primary,Rice Tungro_2175,Tungro,Primary,Rice Tungro_2176,Tungro,hamming_dist_4,False
PERCEPTUAL_NEAR_DUP,Primary,Rice Tungro_2177,Tungro,Primary,Rice Tungro_2178,Tungro,hamming_dist_4,False
PERCEPTUAL_NEAR_DUP,Primary,Rice Tungro_2182,Tungro,Primary,Rice Tungro_2183,Tungro,hamming_dist_3,False
PERCEPTUAL_NEAR_DUP,Primary,Rice Tungro_2198,Tungro,Primary,Rice Tungro_2199,Tungro,hamming_dist_3,False
PERCEPTUAL_NEAR_DUP,Primary,Rice Tungro_2217,Tungro,Primary,Rice Tungro_2218,Tungro,hamming_dist_2,False
PERCEPTUAL_NEAR_DUP,Primary,Rice Tungro_2217,Tungro,Primary,Rice Tungro_2219,Tungro,hamming_dist_3,False
PERCEPTUAL_NEAR_DUP,Primary,Rice Tungro_2218,Tungro,Primary,Rice Tungro_2219,Tungro,hamming_dist_1,False
PERCEPTUAL_NEAR_DUP,Primary,Rice Tungro_2218,Tungro,Primary,Rice Tungro_2220,Tungro,hamming_dist_4,False
PERCEPTUAL_NEAR_DUP,Primary,Rice Tungro_2220,Tungro,Primary,Rice Tungro_2221,Tungro,hamming_dist_2,False
PERCEPTUAL_NEAR_DUP,Primary,Rice Tungro_2222,Tungro,Primary,Rice Tungro_2223,Tungro,hamming_dist_3,False
PERCEPTUAL_NEAR_DUP,Primary,Rice Tungro_2222,Tungro,Primary,Rice Tungro_2224,Tungro,hamming_dist_3,False
PERCEPTUAL_NEAR_DUP,Primary,Rice Tungro_2222,Tungro,Primary,Rice Tungro_2225,Tungro,hamming_dist_4,False
PERCEPTUAL_NEAR_DUP,Primary,Rice Tungro_2222,Tungro,Primary,Rice Tungro_2226,Tungro,hamming_dist_3,False
PERCEPTUAL_NEAR_DUP,Primary,Rice Tungro_2223,Tungro,Primary,Rice Tungro_2224,Tungro,hamming_dist_2,False
PERCEPTUAL_NEAR_DUP,Primary,Rice Tungro_2223,Tungro,Primary,Rice Tungro_2226,Tungro,hamming_dist_2,False
PERCEPTUAL_NEAR_DUP,Primary,Rice Tungro_2224,Tungro,Primary,Rice Tungro_2225,Tungro,hamming_dist_3,False
PERCEPTUAL_NEAR_DUP,Primary,Rice Tungro_2224,Tungro,Primary,Rice Tungro_2226,Tungro,hamming_dist_0,False
PERCEPTUAL_NEAR_DUP,Primary,Rice Tungro_2225,Tungro,Primary,Rice Tungro_2226,Tungro,hamming_dist_3,False
PERCEPTUAL_NEAR_DUP,Primary,Rice Tungro_2229,Tungro,Primary,Rice Tungro_2230,Tungro,hamming_dist_2,False
PERCEPTUAL_NEAR_DUP,Primary,Rice Tungro_2236,Tungro,Primary,Rice Tungro_2237,Tungro,hamming_dist_0,False
PERCEPTUAL_NEAR_DUP,Primary,Rice Tungro_2240,Tungro,Primary,Rice Tungro_2241,Tungro,hamming_dist_4,False
PERCEPTUAL_NEAR_DUP,Primary,Rice Tungro_2241,Tungro,Primary,Rice Tungro_2242,Tungro,hamming_dist_2,False
PERCEPTUAL_NEAR_DUP,Primary,Rice Tungro_966,Tungro,Primary,Rice Tungro_967,Tungro,hamming_dist_4,False
PERCEPTUAL_NEAR_DUP,Primary,Rice Tungro_966,Tungro,Primary,Rice Tungro_968,Tungro,hamming_dist_2,False
PERCEPTUAL_NEAR_DUP,Primary,Rice Tungro_966,Tungro,Primary,Rice Tungro_970,Tungro,hamming_dist_3,False
PERCEPTUAL_NEAR_DUP,Primary,Rice Tungro_967,Tungro,Primary,Rice Tungro_968,Tungro,hamming_dist_2,False
PERCEPTUAL_NEAR_DUP,Primary,Rice Tungro_971,Tungro,Primary,Rice Tungro_972,Tungro,hamming_dist_3,False
PERCEPTUAL_NEAR_DUP,Primary,Rice Tungro_978,Tungro,Primary,Rice Tungro_979,Tungro,hamming_dist_4,False
PERCEPTUAL_NEAR_DUP,Primary,Sheath blight_1494,Sheath Blight,Primary,Sheath blight_1495,Sheath Blight,hamming_dist_3,False
PERCEPTUAL_NEAR_DUP,Primary,Sheath blight_1494,Sheath Blight,Primary,Sheath blight_1497,Sheath Blight,hamming_dist_4,False
PERCEPTUAL_NEAR_DUP,Primary,Sheath blight_1494,Sheath Blight,Primary,Sheath blight_1501,Sheath Blight,hamming_dist_4,False
PERCEPTUAL_NEAR_DUP,Primary,Sheath blight_1495,Sheath Blight,Primary,Sheath blight_1496,Sheath Blight,hamming_dist_2,False
PERCEPTUAL_NEAR_DUP,Primary,Sheath blight_1495,Sheath Blight,Primary,Sheath blight_1497,Sheath Blight,hamming_dist_3,False
PERCEPTUAL_NEAR_DUP,Primary,Sheath blight_1495,Sheath Blight,Primary,Sheath blight_1501,Sheath Blight,hamming_dist_3,False
PERCEPTUAL_NEAR_DUP,Primary,Sheath blight_1496,Sheath Blight,Primary,Sheath blight_1497,Sheath Blight,hamming_dist_3,False
PERCEPTUAL_NEAR_DUP,Primary,Sheath blight_1497,Sheath Blight,Primary,Sheath blight_1498,Sheath Blight,hamming_dist_2,False
PERCEPTUAL_NEAR_DUP,Primary,Sheath blight_1497,Sheath Blight,Primary,Sheath blight_1499,Sheath Blight,hamming_dist_4,False
PERCEPTUAL_NEAR_DUP,Primary,Sheath blight_1497,Sheath Blight,Primary,Sheath blight_1501,Sheath Blight,hamming_dist_4,False
PERCEPTUAL_NEAR_DUP,Primary,Sheath blight_1498,Sheath Blight,Primary,Sheath blight_1499,Sheath Blight,hamming_dist_2,False
PERCEPTUAL_NEAR_DUP,Primary,Sheath blight_1501,Sheath Blight,Primary,Sheath blight_1502,Sheath Blight,hamming_dist_4,False
PERCEPTUAL_NEAR_DUP,Primary,Sheath blight_1505,Sheath Blight,Primary,Sheath blight_1506,Sheath Blight,hamming_dist_4,False
PERCEPTUAL_NEAR_DUP,Primary,Sheath blight_1507,Sheath Blight,Primary,Sheath blight_1508,Sheath Blight,hamming_dist_1,False
PERCEPTUAL_NEAR_DUP,Primary,Sheath blight_1507,Sheath Blight,Primary,Sheath blight_1509,Sheath Blight,hamming_dist_3,False
PERCEPTUAL_NEAR_DUP,Primary,Sheath blight_1508,Sheath Blight,Primary,Sheath blight_1509,Sheath Blight,hamming_dist_4,False
PERCEPTUAL_NEAR_DUP,Primary,Sheath blight_1514,Sheath Blight,Primary,Sheath blight_1515,Sheath Blight,hamming_dist_1,False
PERCEPTUAL_NEAR_DUP,Primary,Sheath blight_1515,Sheath Blight,Primary,Sheath blight_1518,Sheath Blight,hamming_dist_4,False
PERCEPTUAL_NEAR_DUP,Primary,Sheath blight_1516,Sheath Blight,Primary,Sheath blight_1517,Sheath Blight,hamming_dist_3,False
PERCEPTUAL_NEAR_DUP,Primary,Sheath blight_1518,Sheath Blight,Primary,Sheath blight_1519,Sheath Blight,hamming_dist_4,False
PERCEPTUAL_NEAR_DUP,Primary,Sheath blight_1519,Sheath Blight,Primary,Sheath blight_1520,Sheath Blight,hamming_dist_1,False
PERCEPTUAL_NEAR_DUP,Primary,Sheath blight_1521,Sheath Blight,Primary,Sheath blight_1522,Sheath Blight,hamming_dist_2,False
PERCEPTUAL_NEAR_DUP,Primary,Sheath blight_1527,Sheath Blight,Primary,Sheath blight_1528,Sheath Blight,hamming_dist_4,False
PERCEPTUAL_NEAR_DUP,Primary,Sheath blight_1531,Sheath Blight,Primary,Sheath blight_1533,Sheath Blight,hamming_dist_4,False
PERCEPTUAL_NEAR_DUP,Primary,Sheath blight_1537,Sheath Blight,Primary,Sheath blight_1538,Sheath Blight,hamming_dist_4,False
PERCEPTUAL_NEAR_DUP,Primary,Sheath blight_1545,Sheath Blight,Primary,Sheath blight_1546,Sheath Blight,hamming_dist_3,False
PERCEPTUAL_NEAR_DUP,Primary,Sheath blight_1548,Sheath Blight,Primary,Sheath blight_1549,Sheath Blight,hamming_dist_4,False
PERCEPTUAL_NEAR_DUP,Primary,Sheath blight_1550,Sheath Blight,Primary,Sheath blight_1552,Sheath Blight,hamming_dist_3,False
PERCEPTUAL_NEAR_DUP,Primary,Sheath blight_1551,Sheath Blight,Primary,Sheath blight_1552,Sheath Blight,hamming_dist_2,False
PERCEPTUAL_NEAR_DUP,Primary,Sheath blight_1551,Sheath Blight,Primary,Sheath blight_1553,Sheath Blight,hamming_dist_3,False
PERCEPTUAL_NEAR_DUP,Primary,Sheath blight_1551,Sheath Blight,Primary,Sheath blight_1554,Sheath Blight,hamming_dist_3,False
PERCEPTUAL_NEAR_DUP,Primary,Sheath blight_1553,Sheath Blight,Primary,Sheath blight_1554,Sheath Blight,hamming_dist_2,False
PERCEPTUAL_NEAR_DUP,Primary,Sheath blight_1553,Sheath Blight,Primary,Sheath blight_1555,Sheath Blight,hamming_dist_4,False
PERCEPTUAL_NEAR_DUP,Primary,Sheath blight_1554,Sheath Blight,Primary,Sheath blight_1555,Sheath Blight,hamming_dist_4,False
PERCEPTUAL_NEAR_DUP,Primary,Sheath blight_1580,Sheath Blight,Primary,Sheath blight_1581,Sheath Blight,hamming_dist_4,False
PERCEPTUAL_NEAR_DUP,Primary,Sheath blight_1655,Sheath Blight,Primary,Sheath blight_1657,Sheath Blight,hamming_dist_3,False
PERCEPTUAL_NEAR_DUP,Primary,Sheath blight_1657,Sheath Blight,Primary,Sheath blight_1658,Sheath Blight,hamming_dist_4,False
PERCEPTUAL_NEAR_DUP,Primary,Sheath blight_1658,Sheath Blight,Primary,Sheath blight_1659,Sheath Blight,hamming_dist_3,False
PERCEPTUAL_NEAR_DUP,Primary,Sheath blight_1661,Sheath Blight,Primary,Sheath blight_1662,Sheath Blight,hamming_dist_3,False
PERCEPTUAL_NEAR_DUP,Primary,Sheath blight_1663,Sheath Blight,Primary,Sheath blight_1664,Sheath Blight,hamming_dist_2,False
PERCEPTUAL_NEAR_DUP,Primary,Sheath blight_1664,Sheath Blight,Primary,Sheath blight_1665,Sheath Blight,hamming_dist_3,False
PERCEPTUAL_NEAR_DUP,Primary,Sheath blight_1666,Sheath Blight,Primary,Sheath blight_1667,Sheath Blight,hamming_dist_3,False
PERCEPTUAL_NEAR_DUP,Primary,Sheath blight_1672,Sheath Blight,Primary,Sheath blight_1673,Sheath Blight,hamming_dist_2,False
PERCEPTUAL_NEAR_DUP,Primary,Sheath blight_1673,Sheath Blight,Primary,Sheath blight_1674,Sheath Blight,hamming_dist_3,False
PERCEPTUAL_NEAR_DUP,Primary,Sheath blight_1675,Sheath Blight,Primary,Sheath blight_1676,Sheath Blight,hamming_dist_4,False
PERCEPTUAL_NEAR_DUP,Primary,Sheath blight_1676,Sheath Blight,Primary,Sheath blight_1677,Sheath Blight,hamming_dist_4,False
PERCEPTUAL_NEAR_DUP,Primary,Sheath blight_1697,Sheath Blight,Primary,Sheath blight_1698,Sheath Blight,hamming_dist_1,False
PERCEPTUAL_NEAR_DUP,Primary,Sheath blight_1702,Sheath Blight,Primary,Sheath blight_1703,Sheath Blight,hamming_dist_2,False
PERCEPTUAL_NEAR_DUP,Primary,Sheath blight_1702,Sheath Blight,Primary,Sheath blight_1705,Sheath Blight,hamming_dist_3,False
PERCEPTUAL_NEAR_DUP,Primary,Sheath blight_1703,Sheath Blight,Primary,Sheath blight_1705,Sheath Blight,hamming_dist_1,False
PERCEPTUAL_NEAR_DUP,Primary,Sheath blight_1713,Sheath Blight,Primary,Sheath blight_1716,Sheath Blight,hamming_dist_4,False
PERCEPTUAL_NEAR_DUP,Primary,Sheath blight_1720,Sheath Blight,Primary,Sheath blight_1721,Sheath Blight,hamming_dist_3,False
PERCEPTUAL_NEAR_DUP,Primary,Sheath blight_1721,Sheath Blight,Primary,Sheath blight_1722,Sheath Blight,hamming_dist_4,False
PERCEPTUAL_NEAR_DUP,Primary,Sheath blight_578,Sheath Blight,Primary,Sheath blight_7,Sheath Blight,hamming_dist_4,False
PERCEPTUAL_NEAR_DUP,Primary,Sheath blight_627,Sheath Blight,Primary,Sheath blight_628,Sheath Blight,hamming_dist_4,False
PERCEPTUAL_NEAR_DUP,Primary,Sheath blight_712,Sheath Blight,Primary,Sheath blight_713,Sheath Blight,hamming_dist_1,False
PERCEPTUAL_NEAR_DUP,Sethy,BACTERAILBLIGHT3_001,Bacterial Blight,Sethy,BACTERAILBLIGHT3_015,Bacterial Blight,hamming_dist_0,False
PERCEPTUAL_NEAR_DUP,Sethy,BACTERAILBLIGHT3_002,Bacterial Blight,Sethy,BACTERAILBLIGHT3_016,Bacterial Blight,hamming_dist_0,False
PERCEPTUAL_NEAR_DUP,Sethy,BACTERAILBLIGHT3_003,Bacterial Blight,Sethy,BACTERAILBLIGHT3_018,Bacterial Blight,hamming_dist_0,False
PERCEPTUAL_NEAR_DUP,Sethy,BACTERAILBLIGHT3_004,Bacterial Blight,Sethy,BACTERAILBLIGHT3_017,Bacterial Blight,hamming_dist_0,False
PERCEPTUAL_NEAR_DUP,Sethy,BACTERAILBLIGHT3_005,Bacterial Blight,Sethy,BACTERAILBLIGHT3_019,Bacterial Blight,hamming_dist_0,False
PERCEPTUAL_NEAR_DUP,Sethy,BACTERAILBLIGHT3_006,Bacterial Blight,Sethy,BACTERAILBLIGHT3_020,Bacterial Blight,hamming_dist_0,False
PERCEPTUAL_NEAR_DUP,Sethy,BACTERAILBLIGHT3_011,Bacterial Blight,Sethy,BACTERAILBLIGHT3_013,Bacterial Blight,hamming_dist_0,False
PERCEPTUAL_NEAR_DUP,Sethy,BACTERAILBLIGHT3_012,Bacterial Blight,Sethy,BACTERAILBLIGHT3_014,Bacterial Blight,hamming_dist_0,False
PERCEPTUAL_NEAR_DUP,Sethy,BACTERAILBLIGHT3_029,Bacterial Blight,Sethy,BACTERAILBLIGHT3_101,Bacterial Blight,hamming_dist_0,False
PERCEPTUAL_NEAR_DUP,Sethy,BACTERAILBLIGHT3_036,Bacterial Blight,Sethy,BACTERAILBLIGHT3_109,Bacterial Blight,hamming_dist_0,False
PERCEPTUAL_NEAR_DUP,Sethy,BACTERAILBLIGHT3_041,Bacterial Blight,Sethy,BACTERAILBLIGHT3_113,Bacterial Blight,hamming_dist_0,False
PERCEPTUAL_NEAR_DUP,Sethy,BACTERAILBLIGHT3_064,Bacterial Blight,Sethy,BACTERAILBLIGHT3_066,Bacterial Blight,hamming_dist_0,False
PERCEPTUAL_NEAR_DUP,Sethy,BACTERAILBLIGHT3_075,Bacterial Blight,Sethy,BACTERAILBLIGHT3_185,Bacterial Blight,hamming_dist_0,False
PERCEPTUAL_NEAR_DUP,Sethy,BACTERAILBLIGHT3_154,Bacterial Blight,Sethy,BACTERAILBLIGHT3_213,Bacterial Blight,hamming_dist_2,False
PERCEPTUAL_NEAR_DUP,Sethy,BACTERAILBLIGHT3_219,Bacterial Blight,Sethy,BACTERAILBLIGHT3_257,Bacterial Blight,hamming_dist_1,False
PERCEPTUAL_NEAR_DUP,Sethy,BACTERAILBLIGHT4_001,Bacterial Blight,Sethy,BACTERAILBLIGHT4_015,Bacterial Blight,hamming_dist_0,False
PERCEPTUAL_NEAR_DUP,Sethy,BACTERAILBLIGHT4_001,Bacterial Blight,Sethy,BACTERAILBLIGHT5_002,Bacterial Blight,hamming_dist_1,False
PERCEPTUAL_NEAR_DUP,Sethy,BACTERAILBLIGHT4_001,Bacterial Blight,Sethy,BACTERAILBLIGHT5_016,Bacterial Blight,hamming_dist_1,False
PERCEPTUAL_NEAR_DUP,Sethy,BACTERAILBLIGHT4_002,Bacterial Blight,Sethy,BACTERAILBLIGHT4_016,Bacterial Blight,hamming_dist_0,False
PERCEPTUAL_NEAR_DUP,Sethy,BACTERAILBLIGHT4_002,Bacterial Blight,Sethy,BACTERAILBLIGHT5_001,Bacterial Blight,hamming_dist_0,False
PERCEPTUAL_NEAR_DUP,Sethy,BACTERAILBLIGHT4_002,Bacterial Blight,Sethy,BACTERAILBLIGHT5_015,Bacterial Blight,hamming_dist_0,False
PERCEPTUAL_NEAR_DUP,Sethy,BACTERAILBLIGHT4_003,Bacterial Blight,Sethy,BACTERAILBLIGHT4_018,Bacterial Blight,hamming_dist_0,False
PERCEPTUAL_NEAR_DUP,Sethy,BACTERAILBLIGHT4_003,Bacterial Blight,Sethy,BACTERAILBLIGHT5_004,Bacterial Blight,hamming_dist_0,False
PERCEPTUAL_NEAR_DUP,Sethy,BACTERAILBLIGHT4_003,Bacterial Blight,Sethy,BACTERAILBLIGHT5_017,Bacterial Blight,hamming_dist_0,False
PERCEPTUAL_NEAR_DUP,Sethy,BACTERAILBLIGHT4_004,Bacterial Blight,Sethy,BACTERAILBLIGHT4_017,Bacterial Blight,hamming_dist_0,False
PERCEPTUAL_NEAR_DUP,Sethy,BACTERAILBLIGHT4_004,Bacterial Blight,Sethy,BACTERAILBLIGHT5_003,Bacterial Blight,hamming_dist_0,False
PERCEPTUAL_NEAR_DUP,Sethy,BACTERAILBLIGHT4_004,Bacterial Blight,Sethy,BACTERAILBLIGHT5_018,Bacterial Blight,hamming_dist_0,False
PERCEPTUAL_NEAR_DUP,Sethy,BACTERAILBLIGHT4_005,Bacterial Blight,Sethy,BACTERAILBLIGHT4_019,Bacterial Blight,hamming_dist_0,False
PERCEPTUAL_NEAR_DUP,Sethy,BACTERAILBLIGHT4_005,Bacterial Blight,Sethy,BACTERAILBLIGHT5_006,Bacterial Blight,hamming_dist_0,False
PERCEPTUAL_NEAR_DUP,Sethy,BACTERAILBLIGHT4_005,Bacterial Blight,Sethy,BACTERAILBLIGHT5_020,Bacterial Blight,hamming_dist_0,False
PERCEPTUAL_NEAR_DUP,Sethy,BACTERAILBLIGHT4_006,Bacterial Blight,Sethy,BACTERAILBLIGHT4_020,Bacterial Blight,hamming_dist_0,False
PERCEPTUAL_NEAR_DUP,Sethy,BACTERAILBLIGHT4_006,Bacterial Blight,Sethy,BACTERAILBLIGHT5_005,Bacterial Blight,hamming_dist_0,False
PERCEPTUAL_NEAR_DUP,Sethy,BACTERAILBLIGHT4_006,Bacterial Blight,Sethy,BACTERAILBLIGHT5_019,Bacterial Blight,hamming_dist_0,False
PERCEPTUAL_NEAR_DUP,Sethy,BACTERAILBLIGHT4_007,Bacterial Blight,Sethy,BACTERAILBLIGHT5_008,Bacterial Blight,hamming_dist_0,False
PERCEPTUAL_NEAR_DUP,Sethy,BACTERAILBLIGHT4_008,Bacterial Blight,Sethy,BACTERAILBLIGHT5_007,Bacterial Blight,hamming_dist_0,False
PERCEPTUAL_NEAR_DUP,Sethy,BACTERAILBLIGHT4_009,Bacterial Blight,Sethy,BACTERAILBLIGHT5_010,Bacterial Blight,hamming_dist_0,False
PERCEPTUAL_NEAR_DUP,Sethy,BACTERAILBLIGHT4_010,Bacterial Blight,Sethy,BACTERAILBLIGHT5_009,Bacterial Blight,hamming_dist_0,False
PERCEPTUAL_NEAR_DUP,Sethy,BACTERAILBLIGHT4_011,Bacterial Blight,Sethy,BACTERAILBLIGHT4_013,Bacterial Blight,hamming_dist_0,False
PERCEPTUAL_NEAR_DUP,Sethy,BACTERAILBLIGHT4_011,Bacterial Blight,Sethy,BACTERAILBLIGHT5_012,Bacterial Blight,hamming_dist_0,False
PERCEPTUAL_NEAR_DUP,Sethy,BACTERAILBLIGHT4_011,Bacterial Blight,Sethy,BACTERAILBLIGHT5_014,Bacterial Blight,hamming_dist_0,False
PERCEPTUAL_NEAR_DUP,Sethy,BACTERAILBLIGHT4_012,Bacterial Blight,Sethy,BACTERAILBLIGHT4_014,Bacterial Blight,hamming_dist_0,False
PERCEPTUAL_NEAR_DUP,Sethy,BACTERAILBLIGHT4_012,Bacterial Blight,Sethy,BACTERAILBLIGHT5_011,Bacterial Blight,hamming_dist_0,False
PERCEPTUAL_NEAR_DUP,Sethy,BACTERAILBLIGHT4_012,Bacterial Blight,Sethy,BACTERAILBLIGHT5_013,Bacterial Blight,hamming_dist_0,False
PERCEPTUAL_NEAR_DUP,Sethy,BACTERAILBLIGHT4_013,Bacterial Blight,Sethy,BACTERAILBLIGHT5_012,Bacterial Blight,hamming_dist_0,False
PERCEPTUAL_NEAR_DUP,Sethy,BACTERAILBLIGHT4_013,Bacterial Blight,Sethy,BACTERAILBLIGHT5_014,Bacterial Blight,hamming_dist_0,False
PERCEPTUAL_NEAR_DUP,Sethy,BACTERAILBLIGHT4_014,Bacterial Blight,Sethy,BACTERAILBLIGHT5_011,Bacterial Blight,hamming_dist_0,False
PERCEPTUAL_NEAR_DUP,Sethy,BACTERAILBLIGHT4_014,Bacterial Blight,Sethy,BACTERAILBLIGHT5_013,Bacterial Blight,hamming_dist_0,False
PERCEPTUAL_NEAR_DUP,Sethy,BACTERAILBLIGHT4_015,Bacterial Blight,Sethy,BACTERAILBLIGHT5_002,Bacterial Blight,hamming_dist_1,False
PERCEPTUAL_NEAR_DUP,Sethy,BACTERAILBLIGHT4_015,Bacterial Blight,Sethy,BACTERAILBLIGHT5_016,Bacterial Blight,hamming_dist_1,False
PERCEPTUAL_NEAR_DUP,Sethy,BACTERAILBLIGHT4_016,Bacterial Blight,Sethy,BACTERAILBLIGHT5_001,Bacterial Blight,hamming_dist_0,False
PERCEPTUAL_NEAR_DUP,Sethy,BACTERAILBLIGHT4_016,Bacterial Blight,Sethy,BACTERAILBLIGHT5_015,Bacterial Blight,hamming_dist_0,False
PERCEPTUAL_NEAR_DUP,Sethy,BACTERAILBLIGHT4_017,Bacterial Blight,Sethy,BACTERAILBLIGHT5_003,Bacterial Blight,hamming_dist_0,False
PERCEPTUAL_NEAR_DUP,Sethy,BACTERAILBLIGHT4_017,Bacterial Blight,Sethy,BACTERAILBLIGHT5_018,Bacterial Blight,hamming_dist_0,False
PERCEPTUAL_NEAR_DUP,Sethy,BACTERAILBLIGHT4_018,Bacterial Blight,Sethy,BACTERAILBLIGHT5_004,Bacterial Blight,hamming_dist_0,False
PERCEPTUAL_NEAR_DUP,Sethy,BACTERAILBLIGHT4_018,Bacterial Blight,Sethy,BACTERAILBLIGHT5_017,Bacterial Blight,hamming_dist_0,False
PERCEPTUAL_NEAR_DUP,Sethy,BACTERAILBLIGHT4_019,Bacterial Blight,Sethy,BACTERAILBLIGHT5_006,Bacterial Blight,hamming_dist_0,False
PERCEPTUAL_NEAR_DUP,Sethy,BACTERAILBLIGHT4_019,Bacterial Blight,Sethy,BACTERAILBLIGHT5_020,Bacterial Blight,hamming_dist_0,False
PERCEPTUAL_NEAR_DUP,Sethy,BACTERAILBLIGHT4_020,Bacterial Blight,Sethy,BACTERAILBLIGHT5_005,Bacterial Blight,hamming_dist_0,False
PERCEPTUAL_NEAR_DUP,Sethy,BACTERAILBLIGHT4_020,Bacterial Blight,Sethy,BACTERAILBLIGHT5_019,Bacterial Blight,hamming_dist_0,False
PERCEPTUAL_NEAR_DUP,Sethy,BACTERAILBLIGHT4_021,Bacterial Blight,Sethy,BACTERAILBLIGHT5_022,Bacterial Blight,hamming_dist_0,False
PERCEPTUAL_NEAR_DUP,Sethy,BACTERAILBLIGHT4_022,Bacterial Blight,Sethy,BACTERAILBLIGHT5_021,Bacterial Blight,hamming_dist_0,False
PERCEPTUAL_NEAR_DUP,Sethy,BACTERAILBLIGHT4_023,Bacterial Blight,Sethy,BACTERAILBLIGHT5_024,Bacterial Blight,hamming_dist_0,False
PERCEPTUAL_NEAR_DUP,Sethy,BACTERAILBLIGHT4_024,Bacterial Blight,Sethy,BACTERAILBLIGHT5_023,Bacterial Blight,hamming_dist_1,False
PERCEPTUAL_NEAR_DUP,Sethy,BACTERAILBLIGHT4_026,Bacterial Blight,Sethy,BACTERAILBLIGHT5_027,Bacterial Blight,hamming_dist_1,False
PERCEPTUAL_NEAR_DUP,Sethy,BACTERAILBLIGHT4_027,Bacterial Blight,Sethy,BACTERAILBLIGHT5_026,Bacterial Blight,hamming_dist_0,False
PERCEPTUAL_NEAR_DUP,Sethy,BACTERAILBLIGHT4_029,Bacterial Blight,Sethy,BACTERAILBLIGHT4_101,Bacterial Blight,hamming_dist_0,False
PERCEPTUAL_NEAR_DUP,Sethy,BACTERAILBLIGHT4_029,Bacterial Blight,Sethy,BACTERAILBLIGHT5_197,Bacterial Blight,hamming_dist_0,False
PERCEPTUAL_NEAR_DUP,Sethy,BACTERAILBLIGHT4_030,Bacterial Blight,Sethy,BACTERAILBLIGHT5_031,Bacterial Blight,hamming_dist_0,False
PERCEPTUAL_NEAR_DUP,Sethy,BACTERAILBLIGHT4_031,Bacterial Blight,Sethy,BACTERAILBLIGHT5_030,Bacterial Blight,hamming_dist_0,False
PERCEPTUAL_NEAR_DUP,Sethy,BACTERAILBLIGHT4_032,Bacterial Blight,Sethy,BACTERAILBLIGHT5_033,Bacterial Blight,hamming_dist_1,False
PERCEPTUAL_NEAR_DUP,Sethy,BACTERAILBLIGHT4_033,Bacterial Blight,Sethy,BACTERAILBLIGHT5_032,Bacterial Blight,hamming_dist_0,False
PERCEPTUAL_NEAR_DUP,Sethy,BACTERAILBLIGHT4_034,Bacterial Blight,Sethy,BACTERAILBLIGHT5_035,Bacterial Blight,hamming_dist_1,False
PERCEPTUAL_NEAR_DUP,Sethy,BACTERAILBLIGHT4_035,Bacterial Blight,Sethy,BACTERAILBLIGHT5_034,Bacterial Blight,hamming_dist_0,False
PERCEPTUAL_NEAR_DUP,Sethy,BACTERAILBLIGHT4_036,Bacterial Blight,Sethy,BACTERAILBLIGHT4_109,Bacterial Blight,hamming_dist_0,False
PERCEPTUAL_NEAR_DUP,Sethy,BACTERAILBLIGHT4_036,Bacterial Blight,Sethy,BACTERAILBLIGHT5_205,Bacterial Blight,hamming_dist_0,False
PERCEPTUAL_NEAR_DUP,Sethy,BACTERAILBLIGHT4_038,Bacterial Blight,Sethy,BACTERAILBLIGHT5_039,Bacterial Blight,hamming_dist_0,False
PERCEPTUAL_NEAR_DUP,Sethy,BACTERAILBLIGHT4_039,Bacterial Blight,Sethy,BACTERAILBLIGHT5_038,Bacterial Blight,hamming_dist_0,False
PERCEPTUAL_NEAR_DUP,Sethy,BACTERAILBLIGHT4_041,Bacterial Blight,Sethy,BACTERAILBLIGHT4_113,Bacterial Blight,hamming_dist_1,False
PERCEPTUAL_NEAR_DUP,Sethy,BACTERAILBLIGHT4_041,Bacterial Blight,Sethy,BACTERAILBLIGHT5_209,Bacterial Blight,hamming_dist_1,False
PERCEPTUAL_NEAR_DUP,Sethy,BACTERAILBLIGHT4_042,Bacterial Blight,Sethy,BACTERAILBLIGHT5_043,Bacterial Blight,hamming_dist_1,False
PERCEPTUAL_NEAR_DUP,Sethy,BACTERAILBLIGHT4_043,Bacterial Blight,Sethy,BACTERAILBLIGHT5_042,Bacterial Blight,hamming_dist_2,False
PERCEPTUAL_NEAR_DUP,Sethy,BACTERAILBLIGHT4_044,Bacterial Blight,Sethy,BACTERAILBLIGHT5_045,Bacterial Blight,hamming_dist_0,False
PERCEPTUAL_NEAR_DUP,Sethy,BACTERAILBLIGHT4_045,Bacterial Blight,Sethy,BACTERAILBLIGHT5_044,Bacterial Blight,hamming_dist_0,False
PERCEPTUAL_NEAR_DUP,Sethy,BACTERAILBLIGHT4_046,Bacterial Blight,Sethy,BACTERAILBLIGHT5_047,Bacterial Blight,hamming_dist_0,False
PERCEPTUAL_NEAR_DUP,Sethy,BACTERAILBLIGHT4_047,Bacterial Blight,Sethy,BACTERAILBLIGHT5_046,Bacterial Blight,hamming_dist_0,False
PERCEPTUAL_NEAR_DUP,Sethy,BACTERAILBLIGHT4_048,Bacterial Blight,Sethy,BACTERAILBLIGHT5_049,Bacterial Blight,hamming_dist_0,False
PERCEPTUAL_NEAR_DUP,Sethy,BACTERAILBLIGHT4_049,Bacterial Blight,Sethy,BACTERAILBLIGHT5_048,Bacterial Blight,hamming_dist_1,False
PERCEPTUAL_NEAR_DUP,Sethy,BACTERAILBLIGHT4_050,Bacterial Blight,Sethy,BACTERAILBLIGHT5_051,Bacterial Blight,hamming_dist_0,False
PERCEPTUAL_NEAR_DUP,Sethy,BACTERAILBLIGHT4_051,Bacterial Blight,Sethy,BACTERAILBLIGHT5_050,Bacterial Blight,hamming_dist_0,False
PERCEPTUAL_NEAR_DUP,Sethy,BACTERAILBLIGHT4_052,Bacterial Blight,Sethy,BACTERAILBLIGHT5_053,Bacterial Blight,hamming_dist_0,False
PERCEPTUAL_NEAR_DUP,Sethy,BACTERAILBLIGHT4_053,Bacterial Blight,Sethy,BACTERAILBLIGHT5_052,Bacterial Blight,hamming_dist_0,False
PERCEPTUAL_NEAR_DUP,Sethy,BACTERAILBLIGHT4_054,Bacterial Blight,Sethy,BACTERAILBLIGHT5_055,Bacterial Blight,hamming_dist_0,False
PERCEPTUAL_NEAR_DUP,Sethy,BACTERAILBLIGHT4_055,Bacterial Blight,Sethy,BACTERAILBLIGHT5_054,Bacterial Blight,hamming_dist_0,False
PERCEPTUAL_NEAR_DUP,Sethy,BACTERAILBLIGHT4_056,Bacterial Blight,Sethy,BACTERAILBLIGHT5_057,Bacterial Blight,hamming_dist_0,False
PERCEPTUAL_NEAR_DUP,Sethy,BACTERAILBLIGHT4_057,Bacterial Blight,Sethy,BACTERAILBLIGHT5_056,Bacterial Blight,hamming_dist_0,False
PERCEPTUAL_NEAR_DUP,Sethy,BACTERAILBLIGHT4_058,Bacterial Blight,Sethy,BACTERAILBLIGHT5_059,Bacterial Blight,hamming_dist_0,False
PERCEPTUAL_NEAR_DUP,Sethy,BACTERAILBLIGHT4_059,Bacterial Blight,Sethy,BACTERAILBLIGHT5_058,Bacterial Blight,hamming_dist_1,False
PERCEPTUAL_NEAR_DUP,Sethy,BACTERAILBLIGHT4_060,Bacterial Blight,Sethy,BACTERAILBLIGHT5_061,Bacterial Blight,hamming_dist_0,False
PERCEPTUAL_NEAR_DUP,Sethy,BACTERAILBLIGHT4_061,Bacterial Blight,Sethy,BACTERAILBLIGHT5_060,Bacterial Blight,hamming_dist_1,False
PERCEPTUAL_NEAR_DUP,Sethy,BACTERAILBLIGHT4_062,Bacterial Blight,Sethy,BACTERAILBLIGHT5_063,Bacterial Blight,hamming_dist_0,False
PERCEPTUAL_NEAR_DUP,Sethy,BACTERAILBLIGHT4_063,Bacterial Blight,Sethy,BACTERAILBLIGHT5_062,Bacterial Blight,hamming_dist_0,False
PERCEPTUAL_NEAR_DUP,Sethy,BACTERAILBLIGHT4_064,Bacterial Blight,Sethy,BACTERAILBLIGHT4_066,Bacterial Blight,hamming_dist_0,False
PERCEPTUAL_NEAR_DUP,Sethy,BACTERAILBLIGHT4_064,Bacterial Blight,Sethy,BACTERAILBLIGHT5_065,Bacterial Blight,hamming_dist_0,False
PERCEPTUAL_NEAR_DUP,Sethy,BACTERAILBLIGHT4_065,Bacterial Blight,Sethy,BACTERAILBLIGHT5_064,Bacterial Blight,hamming_dist_0,False
PERCEPTUAL_NEAR_DUP,Sethy,BACTERAILBLIGHT4_065,Bacterial Blight,Sethy,BACTERAILBLIGHT5_066,Bacterial Blight,hamming_dist_0,False
PERCEPTUAL_NEAR_DUP,Sethy,BACTERAILBLIGHT4_066,Bacterial Blight,Sethy,BACTERAILBLIGHT5_065,Bacterial Blight,hamming_dist_0,False
PERCEPTUAL_NEAR_DUP,Sethy,BACTERAILBLIGHT4_067,Bacterial Blight,Sethy,BACTERAILBLIGHT5_068,Bacterial Blight,hamming_dist_0,False
PERCEPTUAL_NEAR_DUP,Sethy,BACTERAILBLIGHT4_068,Bacterial Blight,Sethy,BACTERAILBLIGHT5_067,Bacterial Blight,hamming_dist_0,False
PERCEPTUAL_NEAR_DUP,Sethy,BACTERAILBLIGHT4_069,Bacterial Blight,Sethy,BACTERAILBLIGHT5_070,Bacterial Blight,hamming_dist_0,False
PERCEPTUAL_NEAR_DUP,Sethy,BACTERAILBLIGHT4_070,Bacterial Blight,Sethy,BACTERAILBLIGHT5_069,Bacterial Blight,hamming_dist_0,False
PERCEPTUAL_NEAR_DUP,Sethy,BACTERAILBLIGHT4_071,Bacterial Blight,Sethy,BACTERAILBLIGHT5_072,Bacterial Blight,hamming_dist_1,False
PERCEPTUAL_NEAR_DUP,Sethy,BACTERAILBLIGHT4_072,Bacterial Blight,Sethy,BACTERAILBLIGHT5_071,Bacterial Blight,hamming_dist_0,False
PERCEPTUAL_NEAR_DUP,Sethy,BACTERAILBLIGHT4_073,Bacterial Blight,Sethy,BACTERAILBLIGHT5_171,Bacterial Blight,hamming_dist_0,False
PERCEPTUAL_NEAR_DUP,Sethy,BACTERAILBLIGHT4_073,Bacterial Blight,Sethy,BACTERAILBLIGHT5_183,Bacterial Blight,hamming_dist_0,False
PERCEPTUAL_NEAR_DUP,Sethy,BACTERAILBLIGHT4_074,Bacterial Blight,Sethy,BACTERAILBLIGHT5_170,Bacterial Blight,hamming_dist_0,False
PERCEPTUAL_NEAR_DUP,Sethy,BACTERAILBLIGHT4_074,Bacterial Blight,Sethy,BACTERAILBLIGHT5_180,Bacterial Blight,hamming_dist_0,False
PERCEPTUAL_NEAR_DUP,Sethy,BACTERAILBLIGHT4_074,Bacterial Blight,Sethy,BACTERAILBLIGHT5_182,Bacterial Blight,hamming_dist_0,False
PERCEPTUAL_NEAR_DUP,Sethy,BACTERAILBLIGHT4_074,Bacterial Blight,Sethy,BACTERAILBLIGHT5_184,Bacterial Blight,hamming_dist_0,False
PERCEPTUAL_NEAR_DUP,Sethy,BACTERAILBLIGHT4_074,Bacterial Blight,Sethy,BACTERAILBLIGHT5_186,Bacterial Blight,hamming_dist_0,False
PERCEPTUAL_NEAR_DUP,Sethy,BACTERAILBLIGHT4_075,Bacterial Blight,Sethy,BACTERAILBLIGHT4_185,Bacterial Blight,hamming_dist_0,False
PERCEPTUAL_NEAR_DUP,Sethy,BACTERAILBLIGHT4_075,Bacterial Blight,Sethy,BACTERAILBLIGHT5_089,Bacterial Blight,hamming_dist_0,False
PERCEPTUAL_NEAR_DUP,Sethy,BACTERAILBLIGHT4_075,Bacterial Blight,Sethy,BACTERAILBLIGHT5_173,Bacterial Blight,hamming_dist_0,False
PERCEPTUAL_NEAR_DUP,Sethy,BACTERAILBLIGHT4_076,Bacterial Blight,Sethy,BACTERAILBLIGHT5_172,Bacterial Blight,hamming_dist_0,False
PERCEPTUAL_NEAR_DUP,Sethy,BACTERAILBLIGHT4_077,Bacterial Blight,Sethy,BACTERAILBLIGHT5_175,Bacterial Blight,hamming_dist_0,False
PERCEPTUAL_NEAR_DUP,Sethy,BACTERAILBLIGHT4_077,Bacterial Blight,Sethy,BACTERAILBLIGHT5_187,Bacterial Blight,hamming_dist_0,False
PERCEPTUAL_NEAR_DUP,Sethy,BACTERAILBLIGHT4_078,Bacterial Blight,Sethy,BACTERAILBLIGHT5_174,Bacterial Blight,hamming_dist_0,False
PERCEPTUAL_NEAR_DUP,Sethy,BACTERAILBLIGHT4_079,Bacterial Blight,Sethy,BACTERAILBLIGHT5_177,Bacterial Blight,hamming_dist_0,False
PERCEPTUAL_NEAR_DUP,Sethy,BACTERAILBLIGHT4_080,Bacterial Blight,Sethy,BACTERAILBLIGHT5_176,Bacterial Blight,hamming_dist_1,False
PERCEPTUAL_NEAR_DUP,Sethy,BACTERAILBLIGHT4_081,Bacterial Blight,Sethy,BACTERAILBLIGHT5_179,Bacterial Blight,hamming_dist_0,False
PERCEPTUAL_NEAR_DUP,Sethy,BACTERAILBLIGHT4_082,Bacterial Blight,Sethy,BACTERAILBLIGHT5_178,Bacterial Blight,hamming_dist_0,False
PERCEPTUAL_NEAR_DUP,Sethy,BACTERAILBLIGHT4_083,Bacterial Blight,Sethy,BACTERAILBLIGHT5_169,Bacterial Blight,hamming_dist_0,False
PERCEPTUAL_NEAR_DUP,Sethy,BACTERAILBLIGHT4_083,Bacterial Blight,Sethy,BACTERAILBLIGHT5_181,Bacterial Blight,hamming_dist_0,False
PERCEPTUAL_NEAR_DUP,Sethy,BACTERAILBLIGHT4_084,Bacterial Blight,Sethy,BACTERAILBLIGHT5_170,Bacterial Blight,hamming_dist_0,False
PERCEPTUAL_NEAR_DUP,Sethy,BACTERAILBLIGHT4_084,Bacterial Blight,Sethy,BACTERAILBLIGHT5_180,Bacterial Blight,hamming_dist_0,False
PERCEPTUAL_NEAR_DUP,Sethy,BACTERAILBLIGHT4_084,Bacterial Blight,Sethy,BACTERAILBLIGHT5_182,Bacterial Blight,hamming_dist_0,False
PERCEPTUAL_NEAR_DUP,Sethy,BACTERAILBLIGHT4_084,Bacterial Blight,Sethy,BACTERAILBLIGHT5_184,Bacterial Blight,hamming_dist_0,False
PERCEPTUAL_NEAR_DUP,Sethy,BACTERAILBLIGHT4_084,Bacterial Blight,Sethy,BACTERAILBLIGHT5_186,Bacterial Blight,hamming_dist_0,False
PERCEPTUAL_NEAR_DUP,Sethy,BACTERAILBLIGHT4_085,Bacterial Blight,Sethy,BACTERAILBLIGHT5_169,Bacterial Blight,hamming_dist_0,False
PERCEPTUAL_NEAR_DUP,Sethy,BACTERAILBLIGHT4_085,Bacterial Blight,Sethy,BACTERAILBLIGHT5_181,Bacterial Blight,hamming_dist_0,False
PERCEPTUAL_NEAR_DUP,Sethy,BACTERAILBLIGHT4_086,Bacterial Blight,Sethy,BACTERAILBLIGHT5_170,Bacterial Blight,hamming_dist_0,False
PERCEPTUAL_NEAR_DUP,Sethy,BACTERAILBLIGHT4_086,Bacterial Blight,Sethy,BACTERAILBLIGHT5_180,Bacterial Blight,hamming_dist_0,False
PERCEPTUAL_NEAR_DUP,Sethy,BACTERAILBLIGHT4_086,Bacterial Blight,Sethy,BACTERAILBLIGHT5_182,Bacterial Blight,hamming_dist_0,False
PERCEPTUAL_NEAR_DUP,Sethy,BACTERAILBLIGHT4_086,Bacterial Blight,Sethy,BACTERAILBLIGHT5_184,Bacterial Blight,hamming_dist_0,False
PERCEPTUAL_NEAR_DUP,Sethy,BACTERAILBLIGHT4_086,Bacterial Blight,Sethy,BACTERAILBLIGHT5_186,Bacterial Blight,hamming_dist_0,False
PERCEPTUAL_NEAR_DUP,Sethy,BACTERAILBLIGHT4_087,Bacterial Blight,Sethy,BACTERAILBLIGHT5_171,Bacterial Blight,hamming_dist_0,False
PERCEPTUAL_NEAR_DUP,Sethy,BACTERAILBLIGHT4_087,Bacterial Blight,Sethy,BACTERAILBLIGHT5_183,Bacterial Blight,hamming_dist_0,False
PERCEPTUAL_NEAR_DUP,Sethy,BACTERAILBLIGHT4_088,Bacterial Blight,Sethy,BACTERAILBLIGHT5_170,Bacterial Blight,hamming_dist_0,False
PERCEPTUAL_NEAR_DUP,Sethy,BACTERAILBLIGHT4_088,Bacterial Blight,Sethy,BACTERAILBLIGHT5_180,Bacterial Blight,hamming_dist_0,False
PERCEPTUAL_NEAR_DUP,Sethy,BACTERAILBLIGHT4_088,Bacterial Blight,Sethy,BACTERAILBLIGHT5_182,Bacterial Blight,hamming_dist_0,False
PERCEPTUAL_NEAR_DUP,Sethy,BACTERAILBLIGHT4_088,Bacterial Blight,Sethy,BACTERAILBLIGHT5_184,Bacterial Blight,hamming_dist_0,False
PERCEPTUAL_NEAR_DUP,Sethy,BACTERAILBLIGHT4_088,Bacterial Blight,Sethy,BACTERAILBLIGHT5_186,Bacterial Blight,hamming_dist_0,False
PERCEPTUAL_NEAR_DUP,Sethy,BACTERAILBLIGHT4_089,Bacterial Blight,Sethy,BACTERAILBLIGHT5_075,Bacterial Blight,hamming_dist_0,False
PERCEPTUAL_NEAR_DUP,Sethy,BACTERAILBLIGHT4_089,Bacterial Blight,Sethy,BACTERAILBLIGHT5_185,Bacterial Blight,hamming_dist_0,False
PERCEPTUAL_NEAR_DUP,Sethy,BACTERAILBLIGHT4_090,Bacterial Blight,Sethy,BACTERAILBLIGHT5_170,Bacterial Blight,hamming_dist_0,False
PERCEPTUAL_NEAR_DUP,Sethy,BACTERAILBLIGHT4_090,Bacterial Blight,Sethy,BACTERAILBLIGHT5_180,Bacterial Blight,hamming_dist_0,False
PERCEPTUAL_NEAR_DUP,Sethy,BACTERAILBLIGHT4_090,Bacterial Blight,Sethy,BACTERAILBLIGHT5_182,Bacterial Blight,hamming_dist_0,False
PERCEPTUAL_NEAR_DUP,Sethy,BACTERAILBLIGHT4_090,Bacterial Blight,Sethy,BACTERAILBLIGHT5_184,Bacterial Blight,hamming_dist_0,False
PERCEPTUAL_NEAR_DUP,Sethy,BACTERAILBLIGHT4_090,Bacterial Blight,Sethy,BACTERAILBLIGHT5_186,Bacterial Blight,hamming_dist_0,False
PERCEPTUAL_NEAR_DUP,Sethy,BACTERAILBLIGHT4_091,Bacterial Blight,Sethy,BACTERAILBLIGHT5_175,Bacterial Blight,hamming_dist_0,False
PERCEPTUAL_NEAR_DUP,Sethy,BACTERAILBLIGHT4_091,Bacterial Blight,Sethy,BACTERAILBLIGHT5_187,Bacterial Blight,hamming_dist_0,False
PERCEPTUAL_NEAR_DUP,Sethy,BACTERAILBLIGHT4_092,Bacterial Blight,Sethy,BACTERAILBLIGHT5_188,Bacterial Blight,hamming_dist_0,False
PERCEPTUAL_NEAR_DUP,Sethy,BACTERAILBLIGHT4_093,Bacterial Blight,Sethy,BACTERAILBLIGHT5_189,Bacterial Blight,hamming_dist_0,False
PERCEPTUAL_NEAR_DUP,Sethy,BACTERAILBLIGHT4_094,Bacterial Blight,Sethy,BACTERAILBLIGHT5_190,Bacterial Blight,hamming_dist_0,False
PERCEPTUAL_NEAR_DUP,Sethy,BACTERAILBLIGHT4_095,Bacterial Blight,Sethy,BACTERAILBLIGHT5_191,Bacterial Blight,hamming_dist_1,False
PERCEPTUAL_NEAR_DUP,Sethy,BACTERAILBLIGHT4_096,Bacterial Blight,Sethy,BACTERAILBLIGHT5_192,Bacterial Blight,hamming_dist_0,False
PERCEPTUAL_NEAR_DUP,Sethy,BACTERAILBLIGHT4_097,Bacterial Blight,Sethy,BACTERAILBLIGHT5_193,Bacterial Blight,hamming_dist_1,False
PERCEPTUAL_NEAR_DUP,Sethy,BACTERAILBLIGHT4_098,Bacterial Blight,Sethy,BACTERAILBLIGHT5_194,Bacterial Blight,hamming_dist_0,False
PERCEPTUAL_NEAR_DUP,Sethy,BACTERAILBLIGHT4_099,Bacterial Blight,Sethy,BACTERAILBLIGHT5_195,Bacterial Blight,hamming_dist_0,False
PERCEPTUAL_NEAR_DUP,Sethy,BACTERAILBLIGHT4_100,Bacterial Blight,Sethy,BACTERAILBLIGHT5_196,Bacterial Blight,hamming_dist_0,False
PERCEPTUAL_NEAR_DUP,Sethy,BACTERAILBLIGHT4_101,Bacterial Blight,Sethy,BACTERAILBLIGHT5_197,Bacterial Blight,hamming_dist_0,False
PERCEPTUAL_NEAR_DUP,Sethy,BACTERAILBLIGHT4_102,Bacterial Blight,Sethy,BACTERAILBLIGHT5_198,Bacterial Blight,hamming_dist_0,False
PERCEPTUAL_NEAR_DUP,Sethy,BACTERAILBLIGHT4_103,Bacterial Blight,Sethy,BACTERAILBLIGHT5_199,Bacterial Blight,hamming_dist_0,False
PERCEPTUAL_NEAR_DUP,Sethy,BACTERAILBLIGHT4_104,Bacterial Blight,Sethy,BACTERAILBLIGHT5_200,Bacterial Blight,hamming_dist_0,False
PERCEPTUAL_NEAR_DUP,Sethy,BACTERAILBLIGHT4_105,Bacterial Blight,Sethy,BACTERAILBLIGHT5_201,Bacterial Blight,hamming_dist_1,False
PERCEPTUAL_NEAR_DUP,Sethy,BACTERAILBLIGHT4_107,Bacterial Blight,Sethy,BACTERAILBLIGHT5_203,Bacterial Blight,hamming_dist_1,False
PERCEPTUAL_NEAR_DUP,Sethy,BACTERAILBLIGHT4_108,Bacterial Blight,Sethy,BACTERAILBLIGHT5_204,Bacterial Blight,hamming_dist_0,False
PERCEPTUAL_NEAR_DUP,Sethy,BACTERAILBLIGHT4_109,Bacterial Blight,Sethy,BACTERAILBLIGHT5_205,Bacterial Blight,hamming_dist_0,False
PERCEPTUAL_NEAR_DUP,Sethy,BACTERAILBLIGHT4_110,Bacterial Blight,Sethy,BACTERAILBLIGHT5_206,Bacterial Blight,hamming_dist_0,False
PERCEPTUAL_NEAR_DUP,Sethy,BACTERAILBLIGHT4_111,Bacterial Blight,Sethy,BACTERAILBLIGHT5_207,Bacterial Blight,hamming_dist_0,False
PERCEPTUAL_NEAR_DUP,Sethy,BACTERAILBLIGHT4_112,Bacterial Blight,Sethy,BACTERAILBLIGHT5_208,Bacterial Blight,hamming_dist_0,False
PERCEPTUAL_NEAR_DUP,Sethy,BACTERAILBLIGHT4_113,Bacterial Blight,Sethy,BACTERAILBLIGHT5_209,Bacterial Blight,hamming_dist_0,False
PERCEPTUAL_NEAR_DUP,Sethy,BACTERAILBLIGHT4_114,Bacterial Blight,Sethy,BACTERAILBLIGHT5_210,Bacterial Blight,hamming_dist_1,False
PERCEPTUAL_NEAR_DUP,Sethy,BACTERAILBLIGHT4_115,Bacterial Blight,Sethy,BACTERAILBLIGHT5_211,Bacterial Blight,hamming_dist_2,False
PERCEPTUAL_NEAR_DUP,Sethy,BACTERAILBLIGHT4_115,Bacterial Blight,Sethy,BACTERAILBLIGHT5_249,Bacterial Blight,hamming_dist_2,False
PERCEPTUAL_NEAR_DUP,Sethy,BACTERAILBLIGHT4_116,Bacterial Blight,Sethy,BACTERAILBLIGHT5_212,Bacterial Blight,hamming_dist_0,False
PERCEPTUAL_NEAR_DUP,Sethy,BACTERAILBLIGHT4_116,Bacterial Blight,Sethy,BACTERAILBLIGHT5_250,Bacterial Blight,hamming_dist_0,False
PERCEPTUAL_NEAR_DUP,Sethy,BACTERAILBLIGHT4_117,Bacterial Blight,Sethy,BACTERAILBLIGHT5_154,Bacterial Blight,hamming_dist_0,False
PERCEPTUAL_NEAR_DUP,Sethy,BACTERAILBLIGHT4_117,Bacterial Blight,Sethy,BACTERAILBLIGHT5_213,Bacterial Blight,hamming_dist_0,False
PERCEPTUAL_NEAR_DUP,Sethy,BACTERAILBLIGHT4_118,Bacterial Blight,Sethy,BACTERAILBLIGHT5_214,Bacterial Blight,hamming_dist_0,False
PERCEPTUAL_NEAR_DUP,Sethy,BACTERAILBLIGHT4_118,Bacterial Blight,Sethy,BACTERAILBLIGHT5_252,Bacterial Blight,hamming_dist_0,False
PERCEPTUAL_NEAR_DUP,Sethy,BACTERAILBLIGHT4_119,Bacterial Blight,Sethy,BACTERAILBLIGHT5_215,Bacterial Blight,hamming_dist_0,False
PERCEPTUAL_NEAR_DUP,Sethy,BACTERAILBLIGHT4_119,Bacterial Blight,Sethy,BACTERAILBLIGHT5_253,Bacterial Blight,hamming_dist_0,False
PERCEPTUAL_NEAR_DUP,Sethy,BACTERAILBLIGHT4_120,Bacterial Blight,Sethy,BACTERAILBLIGHT5_216,Bacterial Blight,hamming_dist_1,False
PERCEPTUAL_NEAR_DUP,Sethy,BACTERAILBLIGHT4_120,Bacterial Blight,Sethy,BACTERAILBLIGHT5_254,Bacterial Blight,hamming_dist_1,False
PERCEPTUAL_NEAR_DUP,Sethy,BACTERAILBLIGHT4_121,Bacterial Blight,Sethy,BACTERAILBLIGHT5_217,Bacterial Blight,hamming_dist_0,False
PERCEPTUAL_NEAR_DUP,Sethy,BACTERAILBLIGHT4_121,Bacterial Blight,Sethy,BACTERAILBLIGHT5_255,Bacterial Blight,hamming_dist_0,False
PERCEPTUAL_NEAR_DUP,Sethy,BACTERAILBLIGHT4_122,Bacterial Blight,Sethy,BACTERAILBLIGHT5_218,Bacterial Blight,hamming_dist_0,False
PERCEPTUAL_NEAR_DUP,Sethy,BACTERAILBLIGHT4_122,Bacterial Blight,Sethy,BACTERAILBLIGHT5_256,Bacterial Blight,hamming_dist_0,False
PERCEPTUAL_NEAR_DUP,Sethy,BACTERAILBLIGHT4_123,Bacterial Blight,Sethy,BACTERAILBLIGHT5_219,Bacterial Blight,hamming_dist_0,False
PERCEPTUAL_NEAR_DUP,Sethy,BACTERAILBLIGHT4_123,Bacterial Blight,Sethy,BACTERAILBLIGHT5_257,Bacterial Blight,hamming_dist_0,False
PERCEPTUAL_NEAR_DUP,Sethy,BACTERAILBLIGHT4_124,Bacterial Blight,Sethy,BACTERAILBLIGHT5_220,Bacterial Blight,hamming_dist_0,False
PERCEPTUAL_NEAR_DUP,Sethy,BACTERAILBLIGHT4_124,Bacterial Blight,Sethy,BACTERAILBLIGHT5_258,Bacterial Blight,hamming_dist_0,False
PERCEPTUAL_NEAR_DUP,Sethy,BACTERAILBLIGHT4_125,Bacterial Blight,Sethy,BACTERAILBLIGHT5_221,Bacterial Blight,hamming_dist_0,False
PERCEPTUAL_NEAR_DUP,Sethy,BACTERAILBLIGHT4_126,Bacterial Blight,Sethy,BACTERAILBLIGHT5_222,Bacterial Blight,hamming_dist_0,False
PERCEPTUAL_NEAR_DUP,Sethy,BACTERAILBLIGHT4_126,Bacterial Blight,Sethy,BACTERAILBLIGHT5_259,Bacterial Blight,hamming_dist_0,False
PERCEPTUAL_NEAR_DUP,Sethy,BACTERAILBLIGHT4_127,Bacterial Blight,Sethy,BACTERAILBLIGHT5_223,Bacterial Blight,hamming_dist_0,False
PERCEPTUAL_NEAR_DUP,Sethy,BACTERAILBLIGHT4_127,Bacterial Blight,Sethy,BACTERAILBLIGHT5_260,Bacterial Blight,hamming_dist_0,False
PERCEPTUAL_NEAR_DUP,Sethy,BACTERAILBLIGHT4_128,Bacterial Blight,Sethy,BACTERAILBLIGHT5_224,Bacterial Blight,hamming_dist_0,False
PERCEPTUAL_NEAR_DUP,Sethy,BACTERAILBLIGHT4_128,Bacterial Blight,Sethy,BACTERAILBLIGHT5_263,Bacterial Blight,hamming_dist_0,False
PERCEPTUAL_NEAR_DUP,Sethy,BACTERAILBLIGHT4_129,Bacterial Blight,Sethy,BACTERAILBLIGHT5_225,Bacterial Blight,hamming_dist_1,False
PERCEPTUAL_NEAR_DUP,Sethy,BACTERAILBLIGHT4_130,Bacterial Blight,Sethy,BACTERAILBLIGHT5_226,Bacterial Blight,hamming_dist_0,False
PERCEPTUAL_NEAR_DUP,Sethy,BACTERAILBLIGHT4_130,Bacterial Blight,Sethy,BACTERAILBLIGHT5_264,Bacterial Blight,hamming_dist_0,False
PERCEPTUAL_NEAR_DUP,Sethy,BACTERAILBLIGHT4_131,Bacterial Blight,Sethy,BACTERAILBLIGHT5_227,Bacterial Blight,hamming_dist_1,False
PERCEPTUAL_NEAR_DUP,Sethy,BACTERAILBLIGHT4_132,Bacterial Blight,Sethy,BACTERAILBLIGHT5_228,Bacterial Blight,hamming_dist_0,False
PERCEPTUAL_NEAR_DUP,Sethy,BACTERAILBLIGHT4_133,Bacterial Blight,Sethy,BACTERAILBLIGHT5_229,Bacterial Blight,hamming_dist_2,False
PERCEPTUAL_NEAR_DUP,Sethy,BACTERAILBLIGHT4_134,Bacterial Blight,Sethy,BACTERAILBLIGHT5_230,Bacterial Blight,hamming_dist_0,False
PERCEPTUAL_NEAR_DUP,Sethy,BACTERAILBLIGHT4_135,Bacterial Blight,Sethy,BACTERAILBLIGHT5_231,Bacterial Blight,hamming_dist_0,False
PERCEPTUAL_NEAR_DUP,Sethy,BACTERAILBLIGHT4_136,Bacterial Blight,Sethy,BACTERAILBLIGHT5_232,Bacterial Blight,hamming_dist_0,False
PERCEPTUAL_NEAR_DUP,Sethy,BACTERAILBLIGHT4_137,Bacterial Blight,Sethy,BACTERAILBLIGHT5_233,Bacterial Blight,hamming_dist_0,False
PERCEPTUAL_NEAR_DUP,Sethy,BACTERAILBLIGHT4_138,Bacterial Blight,Sethy,BACTERAILBLIGHT5_234,Bacterial Blight,hamming_dist_0,False
PERCEPTUAL_NEAR_DUP,Sethy,BACTERAILBLIGHT4_139,Bacterial Blight,Sethy,BACTERAILBLIGHT5_235,Bacterial Blight,hamming_dist_0,False
PERCEPTUAL_NEAR_DUP,Sethy,BACTERAILBLIGHT4_140,Bacterial Blight,Sethy,BACTERAILBLIGHT5_236,Bacterial Blight,hamming_dist_0,False
PERCEPTUAL_NEAR_DUP,Sethy,BACTERAILBLIGHT4_141,Bacterial Blight,Sethy,BACTERAILBLIGHT5_238,Bacterial Blight,hamming_dist_0,False
PERCEPTUAL_NEAR_DUP,Sethy,BACTERAILBLIGHT4_142,Bacterial Blight,Sethy,BACTERAILBLIGHT5_239,Bacterial Blight,hamming_dist_0,False
PERCEPTUAL_NEAR_DUP,Sethy,BACTERAILBLIGHT4_143,Bacterial Blight,Sethy,BACTERAILBLIGHT5_240,Bacterial Blight,hamming_dist_0,False
PERCEPTUAL_NEAR_DUP,Sethy,BACTERAILBLIGHT4_144,Bacterial Blight,Sethy,BACTERAILBLIGHT5_241,Bacterial Blight,hamming_dist_0,False
PERCEPTUAL_NEAR_DUP,Sethy,BACTERAILBLIGHT4_145,Bacterial Blight,Sethy,BACTERAILBLIGHT5_242,Bacterial Blight,hamming_dist_0,False
PERCEPTUAL_NEAR_DUP,Sethy,BACTERAILBLIGHT4_146,Bacterial Blight,Sethy,BACTERAILBLIGHT5_243,Bacterial Blight,hamming_dist_0,False
PERCEPTUAL_NEAR_DUP,Sethy,BACTERAILBLIGHT4_147,Bacterial Blight,Sethy,BACTERAILBLIGHT5_244,Bacterial Blight,hamming_dist_2,False
PERCEPTUAL_NEAR_DUP,Sethy,BACTERAILBLIGHT4_148,Bacterial Blight,Sethy,BACTERAILBLIGHT5_245,Bacterial Blight,hamming_dist_0,False
PERCEPTUAL_NEAR_DUP,Sethy,BACTERAILBLIGHT4_150,Bacterial Blight,Sethy,BACTERAILBLIGHT5_247,Bacterial Blight,hamming_dist_0,False
PERCEPTUAL_NEAR_DUP,Sethy,BACTERAILBLIGHT4_151,Bacterial Blight,Sethy,BACTERAILBLIGHT5_248,Bacterial Blight,hamming_dist_0,False
PERCEPTUAL_NEAR_DUP,Sethy,BACTERAILBLIGHT4_152,Bacterial Blight,Sethy,BACTERAILBLIGHT5_211,Bacterial Blight,hamming_dist_2,False
PERCEPTUAL_NEAR_DUP,Sethy,BACTERAILBLIGHT4_152,Bacterial Blight,Sethy,BACTERAILBLIGHT5_249,Bacterial Blight,hamming_dist_2,False
PERCEPTUAL_NEAR_DUP,Sethy,BACTERAILBLIGHT4_153,Bacterial Blight,Sethy,BACTERAILBLIGHT5_212,Bacterial Blight,hamming_dist_0,False
PERCEPTUAL_NEAR_DUP,Sethy,BACTERAILBLIGHT4_153,Bacterial Blight,Sethy,BACTERAILBLIGHT5_250,Bacterial Blight,hamming_dist_0,False
PERCEPTUAL_NEAR_DUP,Sethy,BACTERAILBLIGHT4_154,Bacterial Blight,Sethy,BACTERAILBLIGHT4_213,Bacterial Blight,hamming_dist_0,False
PERCEPTUAL_NEAR_DUP,Sethy,BACTERAILBLIGHT4_154,Bacterial Blight,Sethy,BACTERAILBLIGHT5_117,Bacterial Blight,hamming_dist_0,False
PERCEPTUAL_NEAR_DUP,Sethy,BACTERAILBLIGHT4_154,Bacterial Blight,Sethy,BACTERAILBLIGHT5_251,Bacterial Blight,hamming_dist_0,False
PERCEPTUAL_NEAR_DUP,Sethy,BACTERAILBLIGHT4_155,Bacterial Blight,Sethy,BACTERAILBLIGHT5_214,Bacterial Blight,hamming_dist_0,False
PERCEPTUAL_NEAR_DUP,Sethy,BACTERAILBLIGHT4_155,Bacterial Blight,Sethy,BACTERAILBLIGHT5_252,Bacterial Blight,hamming_dist_0,False
PERCEPTUAL_NEAR_DUP,Sethy,BACTERAILBLIGHT4_156,Bacterial Blight,Sethy,BACTERAILBLIGHT5_215,Bacterial Blight,hamming_dist_0,False
PERCEPTUAL_NEAR_DUP,Sethy,BACTERAILBLIGHT4_156,Bacterial Blight,Sethy,BACTERAILBLIGHT5_253,Bacterial Blight,hamming_dist_0,False
PERCEPTUAL_NEAR_DUP,Sethy,BACTERAILBLIGHT4_157,Bacterial Blight,Sethy,BACTERAILBLIGHT5_216,Bacterial Blight,hamming_dist_1,False
PERCEPTUAL_NEAR_DUP,Sethy,BACTERAILBLIGHT4_157,Bacterial Blight,Sethy,BACTERAILBLIGHT5_254,Bacterial Blight,hamming_dist_1,False
PERCEPTUAL_NEAR_DUP,Sethy,BACTERAILBLIGHT4_158,Bacterial Blight,Sethy,BACTERAILBLIGHT5_217,Bacterial Blight,hamming_dist_0,False
PERCEPTUAL_NEAR_DUP,Sethy,BACTERAILBLIGHT4_158,Bacterial Blight,Sethy,BACTERAILBLIGHT5_255,Bacterial Blight,hamming_dist_0,False
PERCEPTUAL_NEAR_DUP,Sethy,BACTERAILBLIGHT4_159,Bacterial Blight,Sethy,BACTERAILBLIGHT5_218,Bacterial Blight,hamming_dist_0,False
PERCEPTUAL_NEAR_DUP,Sethy,BACTERAILBLIGHT4_159,Bacterial Blight,Sethy,BACTERAILBLIGHT5_256,Bacterial Blight,hamming_dist_0,False
PERCEPTUAL_NEAR_DUP,Sethy,BACTERAILBLIGHT4_160,Bacterial Blight,Sethy,BACTERAILBLIGHT5_219,Bacterial Blight,hamming_dist_0,False
PERCEPTUAL_NEAR_DUP,Sethy,BACTERAILBLIGHT4_160,Bacterial Blight,Sethy,BACTERAILBLIGHT5_257,Bacterial Blight,hamming_dist_0,False
PERCEPTUAL_NEAR_DUP,Sethy,BACTERAILBLIGHT4_161,Bacterial Blight,Sethy,BACTERAILBLIGHT5_220,Bacterial Blight,hamming_dist_0,False
PERCEPTUAL_NEAR_DUP,Sethy,BACTERAILBLIGHT4_161,Bacterial Blight,Sethy,BACTERAILBLIGHT5_258,Bacterial Blight,hamming_dist_0,False
PERCEPTUAL_NEAR_DUP,Sethy,BACTERAILBLIGHT4_162,Bacterial Blight,Sethy,BACTERAILBLIGHT5_222,Bacterial Blight,hamming_dist_0,False
PERCEPTUAL_NEAR_DUP,Sethy,BACTERAILBLIGHT4_162,Bacterial Blight,Sethy,BACTERAILBLIGHT5_259,Bacterial Blight,hamming_dist_0,False
PERCEPTUAL_NEAR_DUP,Sethy,BACTERAILBLIGHT4_163,Bacterial Blight,Sethy,BACTERAILBLIGHT5_223,Bacterial Blight,hamming_dist_0,False
PERCEPTUAL_NEAR_DUP,Sethy,BACTERAILBLIGHT4_163,Bacterial Blight,Sethy,BACTERAILBLIGHT5_260,Bacterial Blight,hamming_dist_0,False
PERCEPTUAL_NEAR_DUP,Sethy,BACTERAILBLIGHT4_164,Bacterial Blight,Sethy,BACTERAILBLIGHT5_261,Bacterial Blight,hamming_dist_0,False
PERCEPTUAL_NEAR_DUP,Sethy,BACTERAILBLIGHT4_165,Bacterial Blight,Sethy,BACTERAILBLIGHT5_262,Bacterial Blight,hamming_dist_0,False
PERCEPTUAL_NEAR_DUP,Sethy,BACTERAILBLIGHT4_166,Bacterial Blight,Sethy,BACTERAILBLIGHT5_224,Bacterial Blight,hamming_dist_0,False
PERCEPTUAL_NEAR_DUP,Sethy,BACTERAILBLIGHT4_166,Bacterial Blight,Sethy,BACTERAILBLIGHT5_263,Bacterial Blight,hamming_dist_0,False
PERCEPTUAL_NEAR_DUP,Sethy,BACTERAILBLIGHT4_167,Bacterial Blight,Sethy,BACTERAILBLIGHT5_226,Bacterial Blight,hamming_dist_0,False
PERCEPTUAL_NEAR_DUP,Sethy,BACTERAILBLIGHT4_167,Bacterial Blight,Sethy,BACTERAILBLIGHT5_264,Bacterial Blight,hamming_dist_0,False
PERCEPTUAL_NEAR_DUP,Sethy,BACTERAILBLIGHT4_168,Bacterial Blight,Sethy,BACTERAILBLIGHT5_169,Bacterial Blight,hamming_dist_0,False
PERCEPTUAL_NEAR_DUP,Sethy,BACTERAILBLIGHT4_168,Bacterial Blight,Sethy,BACTERAILBLIGHT5_181,Bacterial Blight,hamming_dist_0,False
PERCEPTUAL_NEAR_DUP,Sethy,BACTERAILBLIGHT4_169,Bacterial Blight,Sethy,BACTERAILBLIGHT5_083,Bacterial Blight,hamming_dist_0,False
PERCEPTUAL_NEAR_DUP,Sethy,BACTERAILBLIGHT4_169,Bacterial Blight,Sethy,BACTERAILBLIGHT5_085,Bacterial Blight,hamming_dist_0,False
PERCEPTUAL_NEAR_DUP,Sethy,BACTERAILBLIGHT4_169,Bacterial Blight,Sethy,BACTERAILBLIGHT5_168,Bacterial Blight,hamming_dist_0,False
PERCEPTUAL_NEAR_DUP,Sethy,BACTERAILBLIGHT4_170,Bacterial Blight,Sethy,BACTERAILBLIGHT5_074,Bacterial Blight,hamming_dist_0,False
PERCEPTUAL_NEAR_DUP,Sethy,BACTERAILBLIGHT4_170,Bacterial Blight,Sethy,BACTERAILBLIGHT5_084,Bacterial Blight,hamming_dist_0,False
PERCEPTUAL_NEAR_DUP,Sethy,BACTERAILBLIGHT4_170,Bacterial Blight,Sethy,BACTERAILBLIGHT5_086,Bacterial Blight,hamming_dist_0,False
PERCEPTUAL_NEAR_DUP,Sethy,BACTERAILBLIGHT4_170,Bacterial Blight,Sethy,BACTERAILBLIGHT5_088,Bacterial Blight,hamming_dist_0,False
PERCEPTUAL_NEAR_DUP,Sethy,BACTERAILBLIGHT4_170,Bacterial Blight,Sethy,BACTERAILBLIGHT5_090,Bacterial Blight,hamming_dist_0,False
PERCEPTUAL_NEAR_DUP,Sethy,BACTERAILBLIGHT4_171,Bacterial Blight,Sethy,BACTERAILBLIGHT5_073,Bacterial Blight,hamming_dist_0,False
PERCEPTUAL_NEAR_DUP,Sethy,BACTERAILBLIGHT4_171,Bacterial Blight,Sethy,BACTERAILBLIGHT5_087,Bacterial Blight,hamming_dist_0,False
PERCEPTUAL_NEAR_DUP,Sethy,BACTERAILBLIGHT4_172,Bacterial Blight,Sethy,BACTERAILBLIGHT5_076,Bacterial Blight,hamming_dist_0,False
PERCEPTUAL_NEAR_DUP,Sethy,BACTERAILBLIGHT4_173,Bacterial Blight,Sethy,BACTERAILBLIGHT5_075,Bacterial Blight,hamming_dist_0,False
PERCEPTUAL_NEAR_DUP,Sethy,BACTERAILBLIGHT4_173,Bacterial Blight,Sethy,BACTERAILBLIGHT5_185,Bacterial Blight,hamming_dist_0,False
PERCEPTUAL_NEAR_DUP,Sethy,BACTERAILBLIGHT4_174,Bacterial Blight,Sethy,BACTERAILBLIGHT5_078,Bacterial Blight,hamming_dist_0,False
PERCEPTUAL_NEAR_DUP,Sethy,BACTERAILBLIGHT4_175,Bacterial Blight,Sethy,BACTERAILBLIGHT5_077,Bacterial Blight,hamming_dist_0,False
PERCEPTUAL_NEAR_DUP,Sethy,BACTERAILBLIGHT4_175,Bacterial Blight,Sethy,BACTERAILBLIGHT5_091,Bacterial Blight,hamming_dist_0,False
PERCEPTUAL_NEAR_DUP,Sethy,BACTERAILBLIGHT4_176,Bacterial Blight,Sethy,BACTERAILBLIGHT5_080,Bacterial Blight,hamming_dist_0,False
PERCEPTUAL_NEAR_DUP,Sethy,BACTERAILBLIGHT4_177,Bacterial Blight,Sethy,BACTERAILBLIGHT5_079,Bacterial Blight,hamming_dist_0,False
PERCEPTUAL_NEAR_DUP,Sethy,BACTERAILBLIGHT4_178,Bacterial Blight,Sethy,BACTERAILBLIGHT5_082,Bacterial Blight,hamming_dist_0,False
PERCEPTUAL_NEAR_DUP,Sethy,BACTERAILBLIGHT4_179,Bacterial Blight,Sethy,BACTERAILBLIGHT5_081,Bacterial Blight,hamming_dist_0,False
PERCEPTUAL_NEAR_DUP,Sethy,BACTERAILBLIGHT4_180,Bacterial Blight,Sethy,BACTERAILBLIGHT5_074,Bacterial Blight,hamming_dist_0,False
PERCEPTUAL_NEAR_DUP,Sethy,BACTERAILBLIGHT4_180,Bacterial Blight,Sethy,BACTERAILBLIGHT5_084,Bacterial Blight,hamming_dist_0,False
PERCEPTUAL_NEAR_DUP,Sethy,BACTERAILBLIGHT4_180,Bacterial Blight,Sethy,BACTERAILBLIGHT5_086,Bacterial Blight,hamming_dist_0,False
PERCEPTUAL_NEAR_DUP,Sethy,BACTERAILBLIGHT4_180,Bacterial Blight,Sethy,BACTERAILBLIGHT5_088,Bacterial Blight,hamming_dist_0,False
PERCEPTUAL_NEAR_DUP,Sethy,BACTERAILBLIGHT4_180,Bacterial Blight,Sethy,BACTERAILBLIGHT5_090,Bacterial Blight,hamming_dist_0,False
PERCEPTUAL_NEAR_DUP,Sethy,BACTERAILBLIGHT4_181,Bacterial Blight,Sethy,BACTERAILBLIGHT5_083,Bacterial Blight,hamming_dist_0,False
PERCEPTUAL_NEAR_DUP,Sethy,BACTERAILBLIGHT4_181,Bacterial Blight,Sethy,BACTERAILBLIGHT5_085,Bacterial Blight,hamming_dist_0,False
PERCEPTUAL_NEAR_DUP,Sethy,BACTERAILBLIGHT4_181,Bacterial Blight,Sethy,BACTERAILBLIGHT5_168,Bacterial Blight,hamming_dist_0,False
PERCEPTUAL_NEAR_DUP,Sethy,BACTERAILBLIGHT4_182,Bacterial Blight,Sethy,BACTERAILBLIGHT5_074,Bacterial Blight,hamming_dist_0,False
PERCEPTUAL_NEAR_DUP,Sethy,BACTERAILBLIGHT4_182,Bacterial Blight,Sethy,BACTERAILBLIGHT5_084,Bacterial Blight,hamming_dist_0,False
PERCEPTUAL_NEAR_DUP,Sethy,BACTERAILBLIGHT4_182,Bacterial Blight,Sethy,BACTERAILBLIGHT5_086,Bacterial Blight,hamming_dist_0,False
PERCEPTUAL_NEAR_DUP,Sethy,BACTERAILBLIGHT4_182,Bacterial Blight,Sethy,BACTERAILBLIGHT5_088,Bacterial Blight,hamming_dist_0,False
PERCEPTUAL_NEAR_DUP,Sethy,BACTERAILBLIGHT4_182,Bacterial Blight,Sethy,BACTERAILBLIGHT5_090,Bacterial Blight,hamming_dist_0,False
PERCEPTUAL_NEAR_DUP,Sethy,BACTERAILBLIGHT4_183,Bacterial Blight,Sethy,BACTERAILBLIGHT5_073,Bacterial Blight,hamming_dist_0,False
PERCEPTUAL_NEAR_DUP,Sethy,BACTERAILBLIGHT4_183,Bacterial Blight,Sethy,BACTERAILBLIGHT5_087,Bacterial Blight,hamming_dist_0,False
PERCEPTUAL_NEAR_DUP,Sethy,BACTERAILBLIGHT4_184,Bacterial Blight,Sethy,BACTERAILBLIGHT5_074,Bacterial Blight,hamming_dist_0,False
PERCEPTUAL_NEAR_DUP,Sethy,BACTERAILBLIGHT4_184,Bacterial Blight,Sethy,BACTERAILBLIGHT5_084,Bacterial Blight,hamming_dist_0,False
PERCEPTUAL_NEAR_DUP,Sethy,BACTERAILBLIGHT4_184,Bacterial Blight,Sethy,BACTERAILBLIGHT5_086,Bacterial Blight,hamming_dist_0,False
PERCEPTUAL_NEAR_DUP,Sethy,BACTERAILBLIGHT4_184,Bacterial Blight,Sethy,BACTERAILBLIGHT5_088,Bacterial Blight,hamming_dist_0,False
PERCEPTUAL_NEAR_DUP,Sethy,BACTERAILBLIGHT4_184,Bacterial Blight,Sethy,BACTERAILBLIGHT5_090,Bacterial Blight,hamming_dist_0,False
PERCEPTUAL_NEAR_DUP,Sethy,BACTERAILBLIGHT4_185,Bacterial Blight,Sethy,BACTERAILBLIGHT5_089,Bacterial Blight,hamming_dist_0,False
PERCEPTUAL_NEAR_DUP,Sethy,BACTERAILBLIGHT4_185,Bacterial Blight,Sethy,BACTERAILBLIGHT5_173,Bacterial Blight,hamming_dist_0,False
PERCEPTUAL_NEAR_DUP,Sethy,BACTERAILBLIGHT4_186,Bacterial Blight,Sethy,BACTERAILBLIGHT5_074,Bacterial Blight,hamming_dist_0,False
PERCEPTUAL_NEAR_DUP,Sethy,BACTERAILBLIGHT4_186,Bacterial Blight,Sethy,BACTERAILBLIGHT5_084,Bacterial Blight,hamming_dist_0,False
PERCEPTUAL_NEAR_DUP,Sethy,BACTERAILBLIGHT4_186,Bacterial Blight,Sethy,BACTERAILBLIGHT5_086,Bacterial Blight,hamming_dist_0,False
PERCEPTUAL_NEAR_DUP,Sethy,BACTERAILBLIGHT4_186,Bacterial Blight,Sethy,BACTERAILBLIGHT5_088,Bacterial Blight,hamming_dist_0,False
PERCEPTUAL_NEAR_DUP,Sethy,BACTERAILBLIGHT4_186,Bacterial Blight,Sethy,BACTERAILBLIGHT5_090,Bacterial Blight,hamming_dist_0,False
PERCEPTUAL_NEAR_DUP,Sethy,BACTERAILBLIGHT4_187,Bacterial Blight,Sethy,BACTERAILBLIGHT5_077,Bacterial Blight,hamming_dist_0,False
PERCEPTUAL_NEAR_DUP,Sethy,BACTERAILBLIGHT4_187,Bacterial Blight,Sethy,BACTERAILBLIGHT5_091,Bacterial Blight,hamming_dist_0,False
PERCEPTUAL_NEAR_DUP,Sethy,BACTERAILBLIGHT4_188,Bacterial Blight,Sethy,BACTERAILBLIGHT5_092,Bacterial Blight,hamming_dist_0,False
PERCEPTUAL_NEAR_DUP,Sethy,BACTERAILBLIGHT4_189,Bacterial Blight,Sethy,BACTERAILBLIGHT5_093,Bacterial Blight,hamming_dist_0,False
PERCEPTUAL_NEAR_DUP,Sethy,BACTERAILBLIGHT4_190,Bacterial Blight,Sethy,BACTERAILBLIGHT5_094,Bacterial Blight,hamming_dist_0,False
PERCEPTUAL_NEAR_DUP,Sethy,BACTERAILBLIGHT4_191,Bacterial Blight,Sethy,BACTERAILBLIGHT5_095,Bacterial Blight,hamming_dist_2,False
PERCEPTUAL_NEAR_DUP,Sethy,BACTERAILBLIGHT4_192,Bacterial Blight,Sethy,BACTERAILBLIGHT5_096,Bacterial Blight,hamming_dist_0,False
PERCEPTUAL_NEAR_DUP,Sethy,BACTERAILBLIGHT4_193,Bacterial Blight,Sethy,BACTERAILBLIGHT5_097,Bacterial Blight,hamming_dist_0,False
PERCEPTUAL_NEAR_DUP,Sethy,BACTERAILBLIGHT4_194,Bacterial Blight,Sethy,BACTERAILBLIGHT5_098,Bacterial Blight,hamming_dist_0,False
PERCEPTUAL_NEAR_DUP,Sethy,BACTERAILBLIGHT4_195,Bacterial Blight,Sethy,BACTERAILBLIGHT5_099,Bacterial Blight,hamming_dist_1,False
PERCEPTUAL_NEAR_DUP,Sethy,BACTERAILBLIGHT4_196,Bacterial Blight,Sethy,BACTERAILBLIGHT5_100,Bacterial Blight,hamming_dist_0,False
PERCEPTUAL_NEAR_DUP,Sethy,BACTERAILBLIGHT4_197,Bacterial Blight,Sethy,BACTERAILBLIGHT5_029,Bacterial Blight,hamming_dist_1,False
PERCEPTUAL_NEAR_DUP,Sethy,BACTERAILBLIGHT4_197,Bacterial Blight,Sethy,BACTERAILBLIGHT5_101,Bacterial Blight,hamming_dist_1,False
PERCEPTUAL_NEAR_DUP,Sethy,BACTERAILBLIGHT4_198,Bacterial Blight,Sethy,BACTERAILBLIGHT5_102,Bacterial Blight,hamming_dist_0,False
PERCEPTUAL_NEAR_DUP,Sethy,BACTERAILBLIGHT4_199,Bacterial Blight,Sethy,BACTERAILBLIGHT5_103,Bacterial Blight,hamming_dist_0,False
PERCEPTUAL_NEAR_DUP,Sethy,BACTERAILBLIGHT4_200,Bacterial Blight,Sethy,BACTERAILBLIGHT5_104,Bacterial Blight,hamming_dist_0,False
PERCEPTUAL_NEAR_DUP,Sethy,BACTERAILBLIGHT4_201,Bacterial Blight,Sethy,BACTERAILBLIGHT5_105,Bacterial Blight,hamming_dist_2,False
PERCEPTUAL_NEAR_DUP,Sethy,BACTERAILBLIGHT4_203,Bacterial Blight,Sethy,BACTERAILBLIGHT5_107,Bacterial Blight,hamming_dist_0,False
PERCEPTUAL_NEAR_DUP,Sethy,BACTERAILBLIGHT4_204,Bacterial Blight,Sethy,BACTERAILBLIGHT5_108,Bacterial Blight,hamming_dist_0,False
PERCEPTUAL_NEAR_DUP,Sethy,BACTERAILBLIGHT4_205,Bacterial Blight,Sethy,BACTERAILBLIGHT5_036,Bacterial Blight,hamming_dist_0,False
PERCEPTUAL_NEAR_DUP,Sethy,BACTERAILBLIGHT4_205,Bacterial Blight,Sethy,BACTERAILBLIGHT5_109,Bacterial Blight,hamming_dist_1,False
PERCEPTUAL_NEAR_DUP,Sethy,BACTERAILBLIGHT4_206,Bacterial Blight,Sethy,BACTERAILBLIGHT5_110,Bacterial Blight,hamming_dist_0,False
PERCEPTUAL_NEAR_DUP,Sethy,BACTERAILBLIGHT4_207,Bacterial Blight,Sethy,BACTERAILBLIGHT5_111,Bacterial Blight,hamming_dist_0,False
PERCEPTUAL_NEAR_DUP,Sethy,BACTERAILBLIGHT4_208,Bacterial Blight,Sethy,BACTERAILBLIGHT5_112,Bacterial Blight,hamming_dist_0,False
PERCEPTUAL_NEAR_DUP,Sethy,BACTERAILBLIGHT4_209,Bacterial Blight,Sethy,BACTERAILBLIGHT5_041,Bacterial Blight,hamming_dist_0,False
PERCEPTUAL_NEAR_DUP,Sethy,BACTERAILBLIGHT4_209,Bacterial Blight,Sethy,BACTERAILBLIGHT5_113,Bacterial Blight,hamming_dist_0,False
PERCEPTUAL_NEAR_DUP,Sethy,BACTERAILBLIGHT4_210,Bacterial Blight,Sethy,BACTERAILBLIGHT5_114,Bacterial Blight,hamming_dist_0,False
PERCEPTUAL_NEAR_DUP,Sethy,BACTERAILBLIGHT4_211,Bacterial Blight,Sethy,BACTERAILBLIGHT5_115,Bacterial Blight,hamming_dist_0,False
PERCEPTUAL_NEAR_DUP,Sethy,BACTERAILBLIGHT4_211,Bacterial Blight,Sethy,BACTERAILBLIGHT5_152,Bacterial Blight,hamming_dist_0,False
PERCEPTUAL_NEAR_DUP,Sethy,BACTERAILBLIGHT4_212,Bacterial Blight,Sethy,BACTERAILBLIGHT5_116,Bacterial Blight,hamming_dist_0,False
PERCEPTUAL_NEAR_DUP,Sethy,BACTERAILBLIGHT4_212,Bacterial Blight,Sethy,BACTERAILBLIGHT5_153,Bacterial Blight,hamming_dist_0,False
PERCEPTUAL_NEAR_DUP,Sethy,BACTERAILBLIGHT4_213,Bacterial Blight,Sethy,BACTERAILBLIGHT5_117,Bacterial Blight,hamming_dist_0,False
PERCEPTUAL_NEAR_DUP,Sethy,BACTERAILBLIGHT4_213,Bacterial Blight,Sethy,BACTERAILBLIGHT5_251,Bacterial Blight,hamming_dist_0,False
PERCEPTUAL_NEAR_DUP,Sethy,BACTERAILBLIGHT4_214,Bacterial Blight,Sethy,BACTERAILBLIGHT5_118,Bacterial Blight,hamming_dist_0,False
PERCEPTUAL_NEAR_DUP,Sethy,BACTERAILBLIGHT4_214,Bacterial Blight,Sethy,BACTERAILBLIGHT5_155,Bacterial Blight,hamming_dist_0,False
PERCEPTUAL_NEAR_DUP,Sethy,BACTERAILBLIGHT4_215,Bacterial Blight,Sethy,BACTERAILBLIGHT5_119,Bacterial Blight,hamming_dist_0,False
PERCEPTUAL_NEAR_DUP,Sethy,BACTERAILBLIGHT4_215,Bacterial Blight,Sethy,BACTERAILBLIGHT5_156,Bacterial Blight,hamming_dist_0,False
PERCEPTUAL_NEAR_DUP,Sethy,BACTERAILBLIGHT4_216,Bacterial Blight,Sethy,BACTERAILBLIGHT5_120,Bacterial Blight,hamming_dist_0,False
PERCEPTUAL_NEAR_DUP,Sethy,BACTERAILBLIGHT4_216,Bacterial Blight,Sethy,BACTERAILBLIGHT5_157,Bacterial Blight,hamming_dist_0,False
PERCEPTUAL_NEAR_DUP,Sethy,BACTERAILBLIGHT4_217,Bacterial Blight,Sethy,BACTERAILBLIGHT5_121,Bacterial Blight,hamming_dist_0,False
PERCEPTUAL_NEAR_DUP,Sethy,BACTERAILBLIGHT4_217,Bacterial Blight,Sethy,BACTERAILBLIGHT5_158,Bacterial Blight,hamming_dist_0,False
PERCEPTUAL_NEAR_DUP,Sethy,BACTERAILBLIGHT4_218,Bacterial Blight,Sethy,BACTERAILBLIGHT5_122,Bacterial Blight,hamming_dist_0,False
PERCEPTUAL_NEAR_DUP,Sethy,BACTERAILBLIGHT4_218,Bacterial Blight,Sethy,BACTERAILBLIGHT5_159,Bacterial Blight,hamming_dist_0,False
PERCEPTUAL_NEAR_DUP,Sethy,BACTERAILBLIGHT4_219,Bacterial Blight,Sethy,BACTERAILBLIGHT4_257,Bacterial Blight,hamming_dist_0,False
PERCEPTUAL_NEAR_DUP,Sethy,BACTERAILBLIGHT4_219,Bacterial Blight,Sethy,BACTERAILBLIGHT5_123,Bacterial Blight,hamming_dist_0,False
PERCEPTUAL_NEAR_DUP,Sethy,BACTERAILBLIGHT4_219,Bacterial Blight,Sethy,BACTERAILBLIGHT5_160,Bacterial Blight,hamming_dist_0,False
PERCEPTUAL_NEAR_DUP,Sethy,BACTERAILBLIGHT4_220,Bacterial Blight,Sethy,BACTERAILBLIGHT5_124,Bacterial Blight,hamming_dist_0,False
PERCEPTUAL_NEAR_DUP,Sethy,BACTERAILBLIGHT4_220,Bacterial Blight,Sethy,BACTERAILBLIGHT5_161,Bacterial Blight,hamming_dist_0,False
PERCEPTUAL_NEAR_DUP,Sethy,BACTERAILBLIGHT4_221,Bacterial Blight,Sethy,BACTERAILBLIGHT5_125,Bacterial Blight,hamming_dist_0,False
PERCEPTUAL_NEAR_DUP,Sethy,BACTERAILBLIGHT4_222,Bacterial Blight,Sethy,BACTERAILBLIGHT5_126,Bacterial Blight,hamming_dist_1,False
PERCEPTUAL_NEAR_DUP,Sethy,BACTERAILBLIGHT4_222,Bacterial Blight,Sethy,BACTERAILBLIGHT5_162,Bacterial Blight,hamming_dist_1,False
PERCEPTUAL_NEAR_DUP,Sethy,BACTERAILBLIGHT4_223,Bacterial Blight,Sethy,BACTERAILBLIGHT5_127,Bacterial Blight,hamming_dist_0,False
PERCEPTUAL_NEAR_DUP,Sethy,BACTERAILBLIGHT4_223,Bacterial Blight,Sethy,BACTERAILBLIGHT5_163,Bacterial Blight,hamming_dist_0,False
PERCEPTUAL_NEAR_DUP,Sethy,BACTERAILBLIGHT4_224,Bacterial Blight,Sethy,BACTERAILBLIGHT5_128,Bacterial Blight,hamming_dist_0,False
PERCEPTUAL_NEAR_DUP,Sethy,BACTERAILBLIGHT4_224,Bacterial Blight,Sethy,BACTERAILBLIGHT5_166,Bacterial Blight,hamming_dist_0,False
PERCEPTUAL_NEAR_DUP,Sethy,BACTERAILBLIGHT4_225,Bacterial Blight,Sethy,BACTERAILBLIGHT5_129,Bacterial Blight,hamming_dist_0,False
PERCEPTUAL_NEAR_DUP,Sethy,BACTERAILBLIGHT4_226,Bacterial Blight,Sethy,BACTERAILBLIGHT5_130,Bacterial Blight,hamming_dist_0,False
PERCEPTUAL_NEAR_DUP,Sethy,BACTERAILBLIGHT4_226,Bacterial Blight,Sethy,BACTERAILBLIGHT5_167,Bacterial Blight,hamming_dist_0,False
PERCEPTUAL_NEAR_DUP,Sethy,BACTERAILBLIGHT4_227,Bacterial Blight,Sethy,BACTERAILBLIGHT5_131,Bacterial Blight,hamming_dist_0,False
PERCEPTUAL_NEAR_DUP,Sethy,BACTERAILBLIGHT4_228,Bacterial Blight,Sethy,BACTERAILBLIGHT5_132,Bacterial Blight,hamming_dist_0,False
PERCEPTUAL_NEAR_DUP,Sethy,BACTERAILBLIGHT4_229,Bacterial Blight,Sethy,BACTERAILBLIGHT5_133,Bacterial Blight,hamming_dist_0,False
PERCEPTUAL_NEAR_DUP,Sethy,BACTERAILBLIGHT4_230,Bacterial Blight,Sethy,BACTERAILBLIGHT5_134,Bacterial Blight,hamming_dist_1,False
PERCEPTUAL_NEAR_DUP,Sethy,BACTERAILBLIGHT4_231,Bacterial Blight,Sethy,BACTERAILBLIGHT5_135,Bacterial Blight,hamming_dist_0,False
PERCEPTUAL_NEAR_DUP,Sethy,BACTERAILBLIGHT4_232,Bacterial Blight,Sethy,BACTERAILBLIGHT5_136,Bacterial Blight,hamming_dist_0,False
PERCEPTUAL_NEAR_DUP,Sethy,BACTERAILBLIGHT4_233,Bacterial Blight,Sethy,BACTERAILBLIGHT5_137,Bacterial Blight,hamming_dist_0,False
PERCEPTUAL_NEAR_DUP,Sethy,BACTERAILBLIGHT4_234,Bacterial Blight,Sethy,BACTERAILBLIGHT5_138,Bacterial Blight,hamming_dist_0,False
PERCEPTUAL_NEAR_DUP,Sethy,BACTERAILBLIGHT4_235,Bacterial Blight,Sethy,BACTERAILBLIGHT5_139,Bacterial Blight,hamming_dist_0,False
PERCEPTUAL_NEAR_DUP,Sethy,BACTERAILBLIGHT4_236,Bacterial Blight,Sethy,BACTERAILBLIGHT5_140,Bacterial Blight,hamming_dist_0,False
PERCEPTUAL_NEAR_DUP,Sethy,BACTERAILBLIGHT4_238,Bacterial Blight,Sethy,BACTERAILBLIGHT5_141,Bacterial Blight,hamming_dist_0,False
PERCEPTUAL_NEAR_DUP,Sethy,BACTERAILBLIGHT4_239,Bacterial Blight,Sethy,BACTERAILBLIGHT5_142,Bacterial Blight,hamming_dist_0,False
PERCEPTUAL_NEAR_DUP,Sethy,BACTERAILBLIGHT4_240,Bacterial Blight,Sethy,BACTERAILBLIGHT5_143,Bacterial Blight,hamming_dist_1,False
PERCEPTUAL_NEAR_DUP,Sethy,BACTERAILBLIGHT4_241,Bacterial Blight,Sethy,BACTERAILBLIGHT5_144,Bacterial Blight,hamming_dist_0,False
PERCEPTUAL_NEAR_DUP,Sethy,BACTERAILBLIGHT4_242,Bacterial Blight,Sethy,BACTERAILBLIGHT5_145,Bacterial Blight,hamming_dist_1,False
PERCEPTUAL_NEAR_DUP,Sethy,BACTERAILBLIGHT4_243,Bacterial Blight,Sethy,BACTERAILBLIGHT5_146,Bacterial Blight,hamming_dist_1,False
PERCEPTUAL_NEAR_DUP,Sethy,BACTERAILBLIGHT4_244,Bacterial Blight,Sethy,BACTERAILBLIGHT5_147,Bacterial Blight,hamming_dist_0,False
PERCEPTUAL_NEAR_DUP,Sethy,BACTERAILBLIGHT4_245,Bacterial Blight,Sethy,BACTERAILBLIGHT5_148,Bacterial Blight,hamming_dist_0,False
PERCEPTUAL_NEAR_DUP,Sethy,BACTERAILBLIGHT4_247,Bacterial Blight,Sethy,BACTERAILBLIGHT5_150,Bacterial Blight,hamming_dist_0,False
PERCEPTUAL_NEAR_DUP,Sethy,BACTERAILBLIGHT4_248,Bacterial Blight,Sethy,BACTERAILBLIGHT5_151,Bacterial Blight,hamming_dist_0,False
PERCEPTUAL_NEAR_DUP,Sethy,BACTERAILBLIGHT4_249,Bacterial Blight,Sethy,BACTERAILBLIGHT5_115,Bacterial Blight,hamming_dist_0,False
PERCEPTUAL_NEAR_DUP,Sethy,BACTERAILBLIGHT4_249,Bacterial Blight,Sethy,BACTERAILBLIGHT5_152,Bacterial Blight,hamming_dist_0,False
PERCEPTUAL_NEAR_DUP,Sethy,BACTERAILBLIGHT4_250,Bacterial Blight,Sethy,BACTERAILBLIGHT5_116,Bacterial Blight,hamming_dist_0,False
PERCEPTUAL_NEAR_DUP,Sethy,BACTERAILBLIGHT4_250,Bacterial Blight,Sethy,BACTERAILBLIGHT5_153,Bacterial Blight,hamming_dist_0,False
PERCEPTUAL_NEAR_DUP,Sethy,BACTERAILBLIGHT4_251,Bacterial Blight,Sethy,BACTERAILBLIGHT5_154,Bacterial Blight,hamming_dist_0,False
PERCEPTUAL_NEAR_DUP,Sethy,BACTERAILBLIGHT4_251,Bacterial Blight,Sethy,BACTERAILBLIGHT5_213,Bacterial Blight,hamming_dist_0,False
PERCEPTUAL_NEAR_DUP,Sethy,BACTERAILBLIGHT4_252,Bacterial Blight,Sethy,BACTERAILBLIGHT5_118,Bacterial Blight,hamming_dist_0,False
PERCEPTUAL_NEAR_DUP,Sethy,BACTERAILBLIGHT4_252,Bacterial Blight,Sethy,BACTERAILBLIGHT5_155,Bacterial Blight,hamming_dist_0,False
PERCEPTUAL_NEAR_DUP,Sethy,BACTERAILBLIGHT4_253,Bacterial Blight,Sethy,BACTERAILBLIGHT5_119,Bacterial Blight,hamming_dist_0,False
PERCEPTUAL_NEAR_DUP,Sethy,BACTERAILBLIGHT4_253,Bacterial Blight,Sethy,BACTERAILBLIGHT5_156,Bacterial Blight,hamming_dist_0,False
PERCEPTUAL_NEAR_DUP,Sethy,BACTERAILBLIGHT4_254,Bacterial Blight,Sethy,BACTERAILBLIGHT5_120,Bacterial Blight,hamming_dist_0,False
PERCEPTUAL_NEAR_DUP,Sethy,BACTERAILBLIGHT4_254,Bacterial Blight,Sethy,BACTERAILBLIGHT5_157,Bacterial Blight,hamming_dist_0,False
PERCEPTUAL_NEAR_DUP,Sethy,BACTERAILBLIGHT4_255,Bacterial Blight,Sethy,BACTERAILBLIGHT5_121,Bacterial Blight,hamming_dist_0,False
PERCEPTUAL_NEAR_DUP,Sethy,BACTERAILBLIGHT4_255,Bacterial Blight,Sethy,BACTERAILBLIGHT5_158,Bacterial Blight,hamming_dist_0,False
PERCEPTUAL_NEAR_DUP,Sethy,BACTERAILBLIGHT4_256,Bacterial Blight,Sethy,BACTERAILBLIGHT5_122,Bacterial Blight,hamming_dist_0,False
PERCEPTUAL_NEAR_DUP,Sethy,BACTERAILBLIGHT4_256,Bacterial Blight,Sethy,BACTERAILBLIGHT5_159,Bacterial Blight,hamming_dist_0,False
PERCEPTUAL_NEAR_DUP,Sethy,BACTERAILBLIGHT4_257,Bacterial Blight,Sethy,BACTERAILBLIGHT5_123,Bacterial Blight,hamming_dist_0,False
PERCEPTUAL_NEAR_DUP,Sethy,BACTERAILBLIGHT4_257,Bacterial Blight,Sethy,BACTERAILBLIGHT5_160,Bacterial Blight,hamming_dist_0,False
PERCEPTUAL_NEAR_DUP,Sethy,BACTERAILBLIGHT4_258,Bacterial Blight,Sethy,BACTERAILBLIGHT5_124,Bacterial Blight,hamming_dist_0,False
PERCEPTUAL_NEAR_DUP,Sethy,BACTERAILBLIGHT4_258,Bacterial Blight,Sethy,BACTERAILBLIGHT5_161,Bacterial Blight,hamming_dist_0,False
PERCEPTUAL_NEAR_DUP,Sethy,BACTERAILBLIGHT4_259,Bacterial Blight,Sethy,BACTERAILBLIGHT5_126,Bacterial Blight,hamming_dist_1,False
PERCEPTUAL_NEAR_DUP,Sethy,BACTERAILBLIGHT4_259,Bacterial Blight,Sethy,BACTERAILBLIGHT5_162,Bacterial Blight,hamming_dist_1,False
PERCEPTUAL_NEAR_DUP,Sethy,BACTERAILBLIGHT4_260,Bacterial Blight,Sethy,BACTERAILBLIGHT5_127,Bacterial Blight,hamming_dist_0,False
PERCEPTUAL_NEAR_DUP,Sethy,BACTERAILBLIGHT4_260,Bacterial Blight,Sethy,BACTERAILBLIGHT5_163,Bacterial Blight,hamming_dist_0,False
PERCEPTUAL_NEAR_DUP,Sethy,BACTERAILBLIGHT4_261,Bacterial Blight,Sethy,BACTERAILBLIGHT5_164,Bacterial Blight,hamming_dist_0,False
PERCEPTUAL_NEAR_DUP,Sethy,BACTERAILBLIGHT4_262,Bacterial Blight,Sethy,BACTERAILBLIGHT5_165,Bacterial Blight,hamming_dist_0,False
PERCEPTUAL_NEAR_DUP,Sethy,BACTERAILBLIGHT4_263,Bacterial Blight,Sethy,BACTERAILBLIGHT5_128,Bacterial Blight,hamming_dist_0,False
PERCEPTUAL_NEAR_DUP,Sethy,BACTERAILBLIGHT4_263,Bacterial Blight,Sethy,BACTERAILBLIGHT5_166,Bacterial Blight,hamming_dist_0,False
PERCEPTUAL_NEAR_DUP,Sethy,BACTERAILBLIGHT4_264,Bacterial Blight,Sethy,BACTERAILBLIGHT5_130,Bacterial Blight,hamming_dist_0,False
PERCEPTUAL_NEAR_DUP,Sethy,BACTERAILBLIGHT4_264,Bacterial Blight,Sethy,BACTERAILBLIGHT5_167,Bacterial Blight,hamming_dist_0,False
PERCEPTUAL_NEAR_DUP,Sethy,BACTERAILBLIGHT5_001,Bacterial Blight,Sethy,BACTERAILBLIGHT5_015,Bacterial Blight,hamming_dist_0,False
PERCEPTUAL_NEAR_DUP,Sethy,BACTERAILBLIGHT5_002,Bacterial Blight,Sethy,BACTERAILBLIGHT5_016,Bacterial Blight,hamming_dist_0,False
PERCEPTUAL_NEAR_DUP,Sethy,BACTERAILBLIGHT5_003,Bacterial Blight,Sethy,BACTERAILBLIGHT5_018,Bacterial Blight,hamming_dist_0,False
PERCEPTUAL_NEAR_DUP,Sethy,BACTERAILBLIGHT5_004,Bacterial Blight,Sethy,BACTERAILBLIGHT5_017,Bacterial Blight,hamming_dist_0,False
PERCEPTUAL_NEAR_DUP,Sethy,BACTERAILBLIGHT5_005,Bacterial Blight,Sethy,BACTERAILBLIGHT5_019,Bacterial Blight,hamming_dist_0,False
PERCEPTUAL_NEAR_DUP,Sethy,BACTERAILBLIGHT5_006,Bacterial Blight,Sethy,BACTERAILBLIGHT5_020,Bacterial Blight,hamming_dist_0,False
PERCEPTUAL_NEAR_DUP,Sethy,BACTERAILBLIGHT5_011,Bacterial Blight,Sethy,BACTERAILBLIGHT5_013,Bacterial Blight,hamming_dist_0,False
PERCEPTUAL_NEAR_DUP,Sethy,BACTERAILBLIGHT5_012,Bacterial Blight,Sethy,BACTERAILBLIGHT5_014,Bacterial Blight,hamming_dist_0,False
PERCEPTUAL_NEAR_DUP,Sethy,BACTERAILBLIGHT5_029,Bacterial Blight,Sethy,BACTERAILBLIGHT5_101,Bacterial Blight,hamming_dist_0,False
PERCEPTUAL_NEAR_DUP,Sethy,BACTERAILBLIGHT5_036,Bacterial Blight,Sethy,BACTERAILBLIGHT5_109,Bacterial Blight,hamming_dist_1,False
PERCEPTUAL_NEAR_DUP,Sethy,BACTERAILBLIGHT5_041,Bacterial Blight,Sethy,BACTERAILBLIGHT5_113,Bacterial Blight,hamming_dist_0,False
PERCEPTUAL_NEAR_DUP,Sethy,BACTERAILBLIGHT5_064,Bacterial Blight,Sethy,BACTERAILBLIGHT5_066,Bacterial Blight,hamming_dist_0,False
PERCEPTUAL_NEAR_DUP,Sethy,BACTERAILBLIGHT5_073,Bacterial Blight,Sethy,BACTERIALBLIGHT2_001,Bacterial Blight,hamming_dist_0,False
PERCEPTUAL_NEAR_DUP,Sethy,BACTERAILBLIGHT5_073,Bacterial Blight,Sethy,BACTERIALBLIGHT2_015,Bacterial Blight,hamming_dist_0,False
PERCEPTUAL_NEAR_DUP,Sethy,BACTERAILBLIGHT5_075,Bacterial Blight,Sethy,BACTERAILBLIGHT5_185,Bacterial Blight,hamming_dist_0,False
PERCEPTUAL_NEAR_DUP,Sethy,BACTERAILBLIGHT5_075,Bacterial Blight,Sethy,BACTERIALBLIGHT2_003,Bacterial Blight,hamming_dist_0,False
PERCEPTUAL_NEAR_DUP,Sethy,BACTERAILBLIGHT5_075,Bacterial Blight,Sethy,BACTERIALBLIGHT2_018,Bacterial Blight,hamming_dist_1,False
PERCEPTUAL_NEAR_DUP,Sethy,BACTERAILBLIGHT5_077,Bacterial Blight,Sethy,BACTERIALBLIGHT2_005,Bacterial Blight,hamming_dist_0,False
PERCEPTUAL_NEAR_DUP,Sethy,BACTERAILBLIGHT5_077,Bacterial Blight,Sethy,BACTERIALBLIGHT2_019,Bacterial Blight,hamming_dist_0,False
PERCEPTUAL_NEAR_DUP,Sethy,BACTERAILBLIGHT5_079,Bacterial Blight,Sethy,BACTERIALBLIGHT2_007,Bacterial Blight,hamming_dist_0,False
PERCEPTUAL_NEAR_DUP,Sethy,BACTERAILBLIGHT5_081,Bacterial Blight,Sethy,BACTERIALBLIGHT2_009,Bacterial Blight,hamming_dist_0,False
PERCEPTUAL_NEAR_DUP,Sethy,BACTERAILBLIGHT5_083,Bacterial Blight,Sethy,BACTERIALBLIGHT2_011,Bacterial Blight,hamming_dist_0,False
PERCEPTUAL_NEAR_DUP,Sethy,BACTERAILBLIGHT5_083,Bacterial Blight,Sethy,BACTERIALBLIGHT2_013,Bacterial Blight,hamming_dist_0,False
PERCEPTUAL_NEAR_DUP,Sethy,BACTERAILBLIGHT5_085,Bacterial Blight,Sethy,BACTERIALBLIGHT2_011,Bacterial Blight,hamming_dist_0,False
PERCEPTUAL_NEAR_DUP,Sethy,BACTERAILBLIGHT5_085,Bacterial Blight,Sethy,BACTERIALBLIGHT2_013,Bacterial Blight,hamming_dist_0,False
PERCEPTUAL_NEAR_DUP,Sethy,BACTERAILBLIGHT5_087,Bacterial Blight,Sethy,BACTERIALBLIGHT2_001,Bacterial Blight,hamming_dist_0,False
PERCEPTUAL_NEAR_DUP,Sethy,BACTERAILBLIGHT5_087,Bacterial Blight,Sethy,BACTERIALBLIGHT2_015,Bacterial Blight,hamming_dist_0,False
PERCEPTUAL_NEAR_DUP,Sethy,BACTERAILBLIGHT5_089,Bacterial Blight,Sethy,BACTERIALBLIGHT2_004,Bacterial Blight,hamming_dist_0,False
PERCEPTUAL_NEAR_DUP,Sethy,BACTERAILBLIGHT5_089,Bacterial Blight,Sethy,BACTERIALBLIGHT2_017,Bacterial Blight,hamming_dist_0,False
PERCEPTUAL_NEAR_DUP,Sethy,BACTERAILBLIGHT5_091,Bacterial Blight,Sethy,BACTERIALBLIGHT2_005,Bacterial Blight,hamming_dist_0,False
PERCEPTUAL_NEAR_DUP,Sethy,BACTERAILBLIGHT5_091,Bacterial Blight,Sethy,BACTERIALBLIGHT2_019,Bacterial Blight,hamming_dist_0,False
PERCEPTUAL_NEAR_DUP,Sethy,BACTERAILBLIGHT5_093,Bacterial Blight,Sethy,BACTERIALBLIGHT2_021,Bacterial Blight,hamming_dist_0,False
PERCEPTUAL_NEAR_DUP,Sethy,BACTERAILBLIGHT5_095,Bacterial Blight,Sethy,BACTERIALBLIGHT2_023,Bacterial Blight,hamming_dist_1,False
PERCEPTUAL_NEAR_DUP,Sethy,BACTERAILBLIGHT5_097,Bacterial Blight,Sethy,BACTERIALBLIGHT2_025,Bacterial Blight,hamming_dist_0,False
PERCEPTUAL_NEAR_DUP,Sethy,BACTERAILBLIGHT5_099,Bacterial Blight,Sethy,BACTERIALBLIGHT2_026,Bacterial Blight,hamming_dist_1,False
PERCEPTUAL_NEAR_DUP,Sethy,BACTERAILBLIGHT5_101,Bacterial Blight,Sethy,BACTERIALBLIGHT2_028,Bacterial Blight,hamming_dist_0,False
PERCEPTUAL_NEAR_DUP,Sethy,BACTERAILBLIGHT5_103,Bacterial Blight,Sethy,BACTERIALBLIGHT2_030,Bacterial Blight,hamming_dist_0,False
PERCEPTUAL_NEAR_DUP,Sethy,BACTERAILBLIGHT5_105,Bacterial Blight,Sethy,BACTERIALBLIGHT2_032,Bacterial Blight,hamming_dist_2,False
PERCEPTUAL_NEAR_DUP,Sethy,BACTERAILBLIGHT5_107,Bacterial Blight,Sethy,BACTERIALBLIGHT2_034,Bacterial Blight,hamming_dist_1,False
PERCEPTUAL_NEAR_DUP,Sethy,BACTERAILBLIGHT5_111,Bacterial Blight,Sethy,BACTERIALBLIGHT2_038,Bacterial Blight,hamming_dist_0,False
PERCEPTUAL_NEAR_DUP,Sethy,BACTERAILBLIGHT5_113,Bacterial Blight,Sethy,BACTERIALBLIGHT2_040,Bacterial Blight,hamming_dist_0,False
PERCEPTUAL_NEAR_DUP,Sethy,BACTERAILBLIGHT5_115,Bacterial Blight,Sethy,BACTERIALBLIGHT2_042,Bacterial Blight,hamming_dist_1,False
PERCEPTUAL_NEAR_DUP,Sethy,BACTERAILBLIGHT5_117,Bacterial Blight,Sethy,BACTERIALBLIGHT2_044,Bacterial Blight,hamming_dist_0,False
PERCEPTUAL_NEAR_DUP,Sethy,BACTERAILBLIGHT5_119,Bacterial Blight,Sethy,BACTERIALBLIGHT2_046,Bacterial Blight,hamming_dist_0,False
PERCEPTUAL_NEAR_DUP,Sethy,BACTERAILBLIGHT5_121,Bacterial Blight,Sethy,BACTERIALBLIGHT2_048,Bacterial Blight,hamming_dist_0,False
PERCEPTUAL_NEAR_DUP,Sethy,BACTERAILBLIGHT5_123,Bacterial Blight,Sethy,BACTERIALBLIGHT2_050,Bacterial Blight,hamming_dist_0,False
PERCEPTUAL_NEAR_DUP,Sethy,BACTERAILBLIGHT5_125,Bacterial Blight,Sethy,BACTERIALBLIGHT2_052,Bacterial Blight,hamming_dist_0,False
PERCEPTUAL_NEAR_DUP,Sethy,BACTERAILBLIGHT5_127,Bacterial Blight,Sethy,BACTERIALBLIGHT2_054,Bacterial Blight,hamming_dist_0,False
PERCEPTUAL_NEAR_DUP,Sethy,BACTERAILBLIGHT5_129,Bacterial Blight,Sethy,BACTERIALBLIGHT2_056,Bacterial Blight,hamming_dist_1,False
PERCEPTUAL_NEAR_DUP,Sethy,BACTERAILBLIGHT5_131,Bacterial Blight,Sethy,BACTERIALBLIGHT2_058,Bacterial Blight,hamming_dist_0,False
PERCEPTUAL_NEAR_DUP,Sethy,BACTERAILBLIGHT5_133,Bacterial Blight,Sethy,BACTERIALBLIGHT2_060,Bacterial Blight,hamming_dist_0,False
PERCEPTUAL_NEAR_DUP,Sethy,BACTERAILBLIGHT5_135,Bacterial Blight,Sethy,BACTERIALBLIGHT2_062,Bacterial Blight,hamming_dist_0,False
PERCEPTUAL_NEAR_DUP,Sethy,BACTERAILBLIGHT5_137,Bacterial Blight,Sethy,BACTERIALBLIGHT2_064,Bacterial Blight,hamming_dist_0,False
PERCEPTUAL_NEAR_DUP,Sethy,BACTERAILBLIGHT5_137,Bacterial Blight,Sethy,BACTERIALBLIGHT2_066,Bacterial Blight,hamming_dist_0,False
PERCEPTUAL_NEAR_DUP,Sethy,BACTERAILBLIGHT5_139,Bacterial Blight,Sethy,BACTERIALBLIGHT2_067,Bacterial Blight,hamming_dist_0,False
PERCEPTUAL_NEAR_DUP,Sethy,BACTERAILBLIGHT5_141,Bacterial Blight,Sethy,BACTERIALBLIGHT2_069,Bacterial Blight,hamming_dist_0,False
PERCEPTUAL_NEAR_DUP,Sethy,BACTERAILBLIGHT5_143,Bacterial Blight,Sethy,BACTERIALBLIGHT2_071,Bacterial Blight,hamming_dist_1,False
PERCEPTUAL_NEAR_DUP,Sethy,BACTERAILBLIGHT5_152,Bacterial Blight,Sethy,BACTERIALBLIGHT2_042,Bacterial Blight,hamming_dist_1,False
PERCEPTUAL_NEAR_DUP,Sethy,BACTERAILBLIGHT5_154,Bacterial Blight,Sethy,BACTERAILBLIGHT5_213,Bacterial Blight,hamming_dist_0,False
PERCEPTUAL_NEAR_DUP,Sethy,BACTERAILBLIGHT5_154,Bacterial Blight,Sethy,BACTERIALBLIGHT2_045,Bacterial Blight,hamming_dist_0,False
PERCEPTUAL_NEAR_DUP,Sethy,BACTERAILBLIGHT5_156,Bacterial Blight,Sethy,BACTERIALBLIGHT2_046,Bacterial Blight,hamming_dist_0,False
PERCEPTUAL_NEAR_DUP,Sethy,BACTERAILBLIGHT5_158,Bacterial Blight,Sethy,BACTERIALBLIGHT2_048,Bacterial Blight,hamming_dist_0,False
PERCEPTUAL_NEAR_DUP,Sethy,BACTERAILBLIGHT5_160,Bacterial Blight,Sethy,BACTERIALBLIGHT2_050,Bacterial Blight,hamming_dist_0,False
PERCEPTUAL_NEAR_DUP,Sethy,BACTERAILBLIGHT5_163,Bacterial Blight,Sethy,BACTERIALBLIGHT2_054,Bacterial Blight,hamming_dist_0,False
PERCEPTUAL_NEAR_DUP,Sethy,BACTERAILBLIGHT5_168,Bacterial Blight,Sethy,BACTERIALBLIGHT2_011,Bacterial Blight,hamming_dist_0,False
PERCEPTUAL_NEAR_DUP,Sethy,BACTERAILBLIGHT5_168,Bacterial Blight,Sethy,BACTERIALBLIGHT2_013,Bacterial Blight,hamming_dist_0,False
PERCEPTUAL_NEAR_DUP,Sethy,BACTERAILBLIGHT5_169,Bacterial Blight,Sethy,BACTERIALBLIGHT2_012,Bacterial Blight,hamming_dist_0,False
PERCEPTUAL_NEAR_DUP,Sethy,BACTERAILBLIGHT5_169,Bacterial Blight,Sethy,BACTERIALBLIGHT2_014,Bacterial Blight,hamming_dist_0,False
PERCEPTUAL_NEAR_DUP,Sethy,BACTERAILBLIGHT5_171,Bacterial Blight,Sethy,BACTERIALBLIGHT2_002,Bacterial Blight,hamming_dist_0,False
PERCEPTUAL_NEAR_DUP,Sethy,BACTERAILBLIGHT5_171,Bacterial Blight,Sethy,BACTERIALBLIGHT2_016,Bacterial Blight,hamming_dist_0,False
PERCEPTUAL_NEAR_DUP,Sethy,BACTERAILBLIGHT5_173,Bacterial Blight,Sethy,BACTERIALBLIGHT2_004,Bacterial Blight,hamming_dist_0,False
PERCEPTUAL_NEAR_DUP,Sethy,BACTERAILBLIGHT5_173,Bacterial Blight,Sethy,BACTERIALBLIGHT2_017,Bacterial Blight,hamming_dist_0,False
PERCEPTUAL_NEAR_DUP,Sethy,BACTERAILBLIGHT5_175,Bacterial Blight,Sethy,BACTERIALBLIGHT2_006,Bacterial Blight,hamming_dist_0,False
PERCEPTUAL_NEAR_DUP,Sethy,BACTERAILBLIGHT5_175,Bacterial Blight,Sethy,BACTERIALBLIGHT2_020,Bacterial Blight,hamming_dist_0,False
PERCEPTUAL_NEAR_DUP,Sethy,BACTERAILBLIGHT5_177,Bacterial Blight,Sethy,BACTERIALBLIGHT2_008,Bacterial Blight,hamming_dist_0,False
PERCEPTUAL_NEAR_DUP,Sethy,BACTERAILBLIGHT5_179,Bacterial Blight,Sethy,BACTERIALBLIGHT2_010,Bacterial Blight,hamming_dist_0,False
PERCEPTUAL_NEAR_DUP,Sethy,BACTERAILBLIGHT5_181,Bacterial Blight,Sethy,BACTERIALBLIGHT2_012,Bacterial Blight,hamming_dist_0,False
PERCEPTUAL_NEAR_DUP,Sethy,BACTERAILBLIGHT5_181,Bacterial Blight,Sethy,BACTERIALBLIGHT2_014,Bacterial Blight,hamming_dist_0,False
PERCEPTUAL_NEAR_DUP,Sethy,BACTERAILBLIGHT5_183,Bacterial Blight,Sethy,BACTERIALBLIGHT2_002,Bacterial Blight,hamming_dist_0,False
PERCEPTUAL_NEAR_DUP,Sethy,BACTERAILBLIGHT5_183,Bacterial Blight,Sethy,BACTERIALBLIGHT2_016,Bacterial Blight,hamming_dist_0,False
PERCEPTUAL_NEAR_DUP,Sethy,BACTERAILBLIGHT5_185,Bacterial Blight,Sethy,BACTERIALBLIGHT2_003,Bacterial Blight,hamming_dist_0,False
PERCEPTUAL_NEAR_DUP,Sethy,BACTERAILBLIGHT5_185,Bacterial Blight,Sethy,BACTERIALBLIGHT2_018,Bacterial Blight,hamming_dist_1,False
PERCEPTUAL_NEAR_DUP,Sethy,BACTERAILBLIGHT5_187,Bacterial Blight,Sethy,BACTERIALBLIGHT2_006,Bacterial Blight,hamming_dist_0,False
PERCEPTUAL_NEAR_DUP,Sethy,BACTERAILBLIGHT5_187,Bacterial Blight,Sethy,BACTERIALBLIGHT2_020,Bacterial Blight,hamming_dist_0,False
PERCEPTUAL_NEAR_DUP,Sethy,BACTERAILBLIGHT5_189,Bacterial Blight,Sethy,BACTERIALBLIGHT2_022,Bacterial Blight,hamming_dist_0,False
PERCEPTUAL_NEAR_DUP,Sethy,BACTERAILBLIGHT5_191,Bacterial Blight,Sethy,BACTERIALBLIGHT2_024,Bacterial Blight,hamming_dist_0,False
PERCEPTUAL_NEAR_DUP,Sethy,BACTERAILBLIGHT5_195,Bacterial Blight,Sethy,BACTERIALBLIGHT2_027,Bacterial Blight,hamming_dist_0,False
PERCEPTUAL_NEAR_DUP,Sethy,BACTERAILBLIGHT5_199,Bacterial Blight,Sethy,BACTERIALBLIGHT2_031,Bacterial Blight,hamming_dist_0,False
PERCEPTUAL_NEAR_DUP,Sethy,BACTERAILBLIGHT5_201,Bacterial Blight,Sethy,BACTERIALBLIGHT2_033,Bacterial Blight,hamming_dist_0,False
PERCEPTUAL_NEAR_DUP,Sethy,BACTERAILBLIGHT5_203,Bacterial Blight,Sethy,BACTERIALBLIGHT2_035,Bacterial Blight,hamming_dist_1,False
PERCEPTUAL_NEAR_DUP,Sethy,BACTERAILBLIGHT5_205,Bacterial Blight,Sethy,BACTERIALBLIGHT2_037,Bacterial Blight,hamming_dist_0,False
PERCEPTUAL_NEAR_DUP,Sethy,BACTERAILBLIGHT5_207,Bacterial Blight,Sethy,BACTERIALBLIGHT2_039,Bacterial Blight,hamming_dist_0,False
PERCEPTUAL_NEAR_DUP,Sethy,BACTERAILBLIGHT5_211,Bacterial Blight,Sethy,BACTERIALBLIGHT2_043,Bacterial Blight,hamming_dist_0,False
PERCEPTUAL_NEAR_DUP,Sethy,BACTERAILBLIGHT5_213,Bacterial Blight,Sethy,BACTERIALBLIGHT2_045,Bacterial Blight,hamming_dist_0,False
PERCEPTUAL_NEAR_DUP,Sethy,BACTERAILBLIGHT5_215,Bacterial Blight,Sethy,BACTERIALBLIGHT2_047,Bacterial Blight,hamming_dist_0,False
PERCEPTUAL_NEAR_DUP,Sethy,BACTERAILBLIGHT5_217,Bacterial Blight,Sethy,BACTERIALBLIGHT2_049,Bacterial Blight,hamming_dist_0,False
PERCEPTUAL_NEAR_DUP,Sethy,BACTERAILBLIGHT5_219,Bacterial Blight,Sethy,BACTERAILBLIGHT5_257,Bacterial Blight,hamming_dist_0,False
PERCEPTUAL_NEAR_DUP,Sethy,BACTERAILBLIGHT5_219,Bacterial Blight,Sethy,BACTERIALBLIGHT2_051,Bacterial Blight,hamming_dist_0,False
PERCEPTUAL_NEAR_DUP,Sethy,BACTERAILBLIGHT5_221,Bacterial Blight,Sethy,BACTERIALBLIGHT2_053,Bacterial Blight,hamming_dist_0,False
PERCEPTUAL_NEAR_DUP,Sethy,BACTERAILBLIGHT5_223,Bacterial Blight,Sethy,BACTERIALBLIGHT2_055,Bacterial Blight,hamming_dist_0,False
PERCEPTUAL_NEAR_DUP,Sethy,BACTERAILBLIGHT5_225,Bacterial Blight,Sethy,BACTERIALBLIGHT2_057,Bacterial Blight,hamming_dist_0,False
PERCEPTUAL_NEAR_DUP,Sethy,BACTERAILBLIGHT5_227,Bacterial Blight,Sethy,BACTERIALBLIGHT2_059,Bacterial Blight,hamming_dist_1,False
PERCEPTUAL_NEAR_DUP,Sethy,BACTERAILBLIGHT5_229,Bacterial Blight,Sethy,BACTERIALBLIGHT2_061,Bacterial Blight,hamming_dist_2,False
PERCEPTUAL_NEAR_DUP,Sethy,BACTERAILBLIGHT5_231,Bacterial Blight,Sethy,BACTERIALBLIGHT2_063,Bacterial Blight,hamming_dist_0,False
PERCEPTUAL_NEAR_DUP,Sethy,BACTERAILBLIGHT5_233,Bacterial Blight,Sethy,BACTERIALBLIGHT2_065,Bacterial Blight,hamming_dist_0,False
PERCEPTUAL_NEAR_DUP,Sethy,BACTERAILBLIGHT5_235,Bacterial Blight,Sethy,BACTERIALBLIGHT2_068,Bacterial Blight,hamming_dist_0,False
PERCEPTUAL_NEAR_DUP,Sethy,BACTERAILBLIGHT5_238,Bacterial Blight,Sethy,BACTERIALBLIGHT2_070,Bacterial Blight,hamming_dist_0,False
PERCEPTUAL_NEAR_DUP,Sethy,BACTERAILBLIGHT5_240,Bacterial Blight,Sethy,BACTERIALBLIGHT2_072,Bacterial Blight,hamming_dist_0,False
PERCEPTUAL_NEAR_DUP,Sethy,BACTERAILBLIGHT5_249,Bacterial Blight,Sethy,BACTERIALBLIGHT2_043,Bacterial Blight,hamming_dist_0,False
PERCEPTUAL_NEAR_DUP,Sethy,BACTERAILBLIGHT5_251,Bacterial Blight,Sethy,BACTERIALBLIGHT2_044,Bacterial Blight,hamming_dist_0,False
PERCEPTUAL_NEAR_DUP,Sethy,BACTERAILBLIGHT5_253,Bacterial Blight,Sethy,BACTERIALBLIGHT2_047,Bacterial Blight,hamming_dist_0,False
PERCEPTUAL_NEAR_DUP,Sethy,BACTERAILBLIGHT5_255,Bacterial Blight,Sethy,BACTERIALBLIGHT2_049,Bacterial Blight,hamming_dist_0,False
PERCEPTUAL_NEAR_DUP,Sethy,BACTERAILBLIGHT5_257,Bacterial Blight,Sethy,BACTERIALBLIGHT2_051,Bacterial Blight,hamming_dist_0,False
PERCEPTUAL_NEAR_DUP,Sethy,BACTERAILBLIGHT5_260,Bacterial Blight,Sethy,BACTERIALBLIGHT2_055,Bacterial Blight,hamming_dist_0,False
PERCEPTUAL_NEAR_DUP,Sethy,BACTERIALBLIGHT1_001,Bacterial Blight,Sethy,BACTERIALBLIGHT1_015,Bacterial Blight,hamming_dist_0,False
PERCEPTUAL_NEAR_DUP,Sethy,BACTERIALBLIGHT1_002,Bacterial Blight,Sethy,BACTERIALBLIGHT1_016,Bacterial Blight,hamming_dist_0,False
PERCEPTUAL_NEAR_DUP,Sethy,BACTERIALBLIGHT1_003,Bacterial Blight,Sethy,BACTERIALBLIGHT1_018,Bacterial Blight,hamming_dist_0,False
PERCEPTUAL_NEAR_DUP,Sethy,BACTERIALBLIGHT1_004,Bacterial Blight,Sethy,BACTERIALBLIGHT1_017,Bacterial Blight,hamming_dist_0,False
PERCEPTUAL_NEAR_DUP,Sethy,BACTERIALBLIGHT1_005,Bacterial Blight,Sethy,BACTERIALBLIGHT1_019,Bacterial Blight,hamming_dist_0,False
PERCEPTUAL_NEAR_DUP,Sethy,BACTERIALBLIGHT1_006,Bacterial Blight,Sethy,BACTERIALBLIGHT1_020,Bacterial Blight,hamming_dist_0,False
PERCEPTUAL_NEAR_DUP,Sethy,BACTERIALBLIGHT1_011,Bacterial Blight,Sethy,BACTERIALBLIGHT1_013,Bacterial Blight,hamming_dist_0,False
PERCEPTUAL_NEAR_DUP,Sethy,BACTERIALBLIGHT1_012,Bacterial Blight,Sethy,BACTERIALBLIGHT1_014,Bacterial Blight,hamming_dist_0,False
PERCEPTUAL_NEAR_DUP,Sethy,BACTERIALBLIGHT1_029,Bacterial Blight,Sethy,BACTERIALBLIGHT1_101,Bacterial Blight,hamming_dist_0,False
PERCEPTUAL_NEAR_DUP,Sethy,BACTERIALBLIGHT1_036,Bacterial Blight,Sethy,BACTERIALBLIGHT1_109,Bacterial Blight,hamming_dist_0,False
PERCEPTUAL_NEAR_DUP,Sethy,BACTERIALBLIGHT1_041,Bacterial Blight,Sethy,BACTERIALBLIGHT1_113,Bacterial Blight,hamming_dist_0,False
PERCEPTUAL_NEAR_DUP,Sethy,BACTERIALBLIGHT1_064,Bacterial Blight,Sethy,BACTERIALBLIGHT1_066,Bacterial Blight,hamming_dist_0,False
PERCEPTUAL_NEAR_DUP,Sethy,BACTERIALBLIGHT1_075,Bacterial Blight,Sethy,BACTERIALBLIGHT1_185,Bacterial Blight,hamming_dist_0,False
PERCEPTUAL_NEAR_DUP,Sethy,BACTERIALBLIGHT1_154,Bacterial Blight,Sethy,BACTERIALBLIGHT1_213,Bacterial Blight,hamming_dist_0,False
PERCEPTUAL_NEAR_DUP,Sethy,BACTERIALBLIGHT1_219,Bacterial Blight,Sethy,BACTERIALBLIGHT1_257,Bacterial Blight,hamming_dist_0,False
PERCEPTUAL_NEAR_DUP,Sethy,BACTERIALBLIGHT2_001,Bacterial Blight,Sethy,BACTERIALBLIGHT2_015,Bacterial Blight,hamming_dist_0,False
PERCEPTUAL_NEAR_DUP,Sethy,BACTERIALBLIGHT2_001,Bacterial Blight,Sethy,BACTERIALBLIGHT_002,Bacterial Blight,hamming_dist_1,False
PERCEPTUAL_NEAR_DUP,Sethy,BACTERIALBLIGHT2_001,Bacterial Blight,Sethy,BACTERIALBLIGHT_016,Bacterial Blight,hamming_dist_1,False
PERCEPTUAL_NEAR_DUP,Sethy,BACTERIALBLIGHT2_002,Bacterial Blight,Sethy,BACTERIALBLIGHT2_016,Bacterial Blight,hamming_dist_0,False
PERCEPTUAL_NEAR_DUP,Sethy,BACTERIALBLIGHT2_002,Bacterial Blight,Sethy,BACTERIALBLIGHT_001,Bacterial Blight,hamming_dist_0,False
PERCEPTUAL_NEAR_DUP,Sethy,BACTERIALBLIGHT2_002,Bacterial Blight,Sethy,BACTERIALBLIGHT_015,Bacterial Blight,hamming_dist_0,False
PERCEPTUAL_NEAR_DUP,Sethy,BACTERIALBLIGHT2_003,Bacterial Blight,Sethy,BACTERIALBLIGHT2_018,Bacterial Blight,hamming_dist_1,False
PERCEPTUAL_NEAR_DUP,Sethy,BACTERIALBLIGHT2_003,Bacterial Blight,Sethy,BACTERIALBLIGHT_004,Bacterial Blight,hamming_dist_0,False
PERCEPTUAL_NEAR_DUP,Sethy,BACTERIALBLIGHT2_003,Bacterial Blight,Sethy,BACTERIALBLIGHT_017,Bacterial Blight,hamming_dist_0,False
PERCEPTUAL_NEAR_DUP,Sethy,BACTERIALBLIGHT2_004,Bacterial Blight,Sethy,BACTERIALBLIGHT2_017,Bacterial Blight,hamming_dist_0,False
PERCEPTUAL_NEAR_DUP,Sethy,BACTERIALBLIGHT2_004,Bacterial Blight,Sethy,BACTERIALBLIGHT_003,Bacterial Blight,hamming_dist_0,False
PERCEPTUAL_NEAR_DUP,Sethy,BACTERIALBLIGHT2_004,Bacterial Blight,Sethy,BACTERIALBLIGHT_018,Bacterial Blight,hamming_dist_0,False
PERCEPTUAL_NEAR_DUP,Sethy,BACTERIALBLIGHT2_005,Bacterial Blight,Sethy,BACTERIALBLIGHT2_019,Bacterial Blight,hamming_dist_0,False
PERCEPTUAL_NEAR_DUP,Sethy,BACTERIALBLIGHT2_005,Bacterial Blight,Sethy,BACTERIALBLIGHT_006,Bacterial Blight,hamming_dist_0,False
PERCEPTUAL_NEAR_DUP,Sethy,BACTERIALBLIGHT2_005,Bacterial Blight,Sethy,BACTERIALBLIGHT_020,Bacterial Blight,hamming_dist_0,False
PERCEPTUAL_NEAR_DUP,Sethy,BACTERIALBLIGHT2_006,Bacterial Blight,Sethy,BACTERIALBLIGHT2_020,Bacterial Blight,hamming_dist_0,False
PERCEPTUAL_NEAR_DUP,Sethy,BACTERIALBLIGHT2_006,Bacterial Blight,Sethy,BACTERIALBLIGHT_005,Bacterial Blight,hamming_dist_0,False
PERCEPTUAL_NEAR_DUP,Sethy,BACTERIALBLIGHT2_006,Bacterial Blight,Sethy,BACTERIALBLIGHT_019,Bacterial Blight,hamming_dist_0,False
PERCEPTUAL_NEAR_DUP,Sethy,BACTERIALBLIGHT2_007,Bacterial Blight,Sethy,BACTERIALBLIGHT_008,Bacterial Blight,hamming_dist_0,False
PERCEPTUAL_NEAR_DUP,Sethy,BACTERIALBLIGHT2_008,Bacterial Blight,Sethy,BACTERIALBLIGHT_007,Bacterial Blight,hamming_dist_0,False
PERCEPTUAL_NEAR_DUP,Sethy,BACTERIALBLIGHT2_009,Bacterial Blight,Sethy,BACTERIALBLIGHT_010,Bacterial Blight,hamming_dist_0,False
PERCEPTUAL_NEAR_DUP,Sethy,BACTERIALBLIGHT2_010,Bacterial Blight,Sethy,BACTERIALBLIGHT_009,Bacterial Blight,hamming_dist_0,False
PERCEPTUAL_NEAR_DUP,Sethy,BACTERIALBLIGHT2_011,Bacterial Blight,Sethy,BACTERIALBLIGHT2_013,Bacterial Blight,hamming_dist_0,False
PERCEPTUAL_NEAR_DUP,Sethy,BACTERIALBLIGHT2_011,Bacterial Blight,Sethy,BACTERIALBLIGHT_012,Bacterial Blight,hamming_dist_0,False
PERCEPTUAL_NEAR_DUP,Sethy,BACTERIALBLIGHT2_011,Bacterial Blight,Sethy,BACTERIALBLIGHT_014,Bacterial Blight,hamming_dist_0,False
PERCEPTUAL_NEAR_DUP,Sethy,BACTERIALBLIGHT2_012,Bacterial Blight,Sethy,BACTERIALBLIGHT2_014,Bacterial Blight,hamming_dist_0,False
PERCEPTUAL_NEAR_DUP,Sethy,BACTERIALBLIGHT2_012,Bacterial Blight,Sethy,BACTERIALBLIGHT_011,Bacterial Blight,hamming_dist_0,False
PERCEPTUAL_NEAR_DUP,Sethy,BACTERIALBLIGHT2_012,Bacterial Blight,Sethy,BACTERIALBLIGHT_013,Bacterial Blight,hamming_dist_0,False
PERCEPTUAL_NEAR_DUP,Sethy,BACTERIALBLIGHT2_013,Bacterial Blight,Sethy,BACTERIALBLIGHT_012,Bacterial Blight,hamming_dist_0,False
PERCEPTUAL_NEAR_DUP,Sethy,BACTERIALBLIGHT2_013,Bacterial Blight,Sethy,BACTERIALBLIGHT_014,Bacterial Blight,hamming_dist_0,False
PERCEPTUAL_NEAR_DUP,Sethy,BACTERIALBLIGHT2_014,Bacterial Blight,Sethy,BACTERIALBLIGHT_011,Bacterial Blight,hamming_dist_0,False
PERCEPTUAL_NEAR_DUP,Sethy,BACTERIALBLIGHT2_014,Bacterial Blight,Sethy,BACTERIALBLIGHT_013,Bacterial Blight,hamming_dist_0,False
PERCEPTUAL_NEAR_DUP,Sethy,BACTERIALBLIGHT2_015,Bacterial Blight,Sethy,BACTERIALBLIGHT_002,Bacterial Blight,hamming_dist_1,False
PERCEPTUAL_NEAR_DUP,Sethy,BACTERIALBLIGHT2_015,Bacterial Blight,Sethy,BACTERIALBLIGHT_016,Bacterial Blight,hamming_dist_1,False
PERCEPTUAL_NEAR_DUP,Sethy,BACTERIALBLIGHT2_016,Bacterial Blight,Sethy,BACTERIALBLIGHT_001,Bacterial Blight,hamming_dist_0,False
PERCEPTUAL_NEAR_DUP,Sethy,BACTERIALBLIGHT2_016,Bacterial Blight,Sethy,BACTERIALBLIGHT_015,Bacterial Blight,hamming_dist_0,False
PERCEPTUAL_NEAR_DUP,Sethy,BACTERIALBLIGHT2_017,Bacterial Blight,Sethy,BACTERIALBLIGHT_003,Bacterial Blight,hamming_dist_0,False
PERCEPTUAL_NEAR_DUP,Sethy,BACTERIALBLIGHT2_017,Bacterial Blight,Sethy,BACTERIALBLIGHT_018,Bacterial Blight,hamming_dist_0,False
PERCEPTUAL_NEAR_DUP,Sethy,BACTERIALBLIGHT2_018,Bacterial Blight,Sethy,BACTERIALBLIGHT_004,Bacterial Blight,hamming_dist_1,False
PERCEPTUAL_NEAR_DUP,Sethy,BACTERIALBLIGHT2_018,Bacterial Blight,Sethy,BACTERIALBLIGHT_017,Bacterial Blight,hamming_dist_1,False
PERCEPTUAL_NEAR_DUP,Sethy,BACTERIALBLIGHT2_019,Bacterial Blight,Sethy,BACTERIALBLIGHT_006,Bacterial Blight,hamming_dist_0,False
PERCEPTUAL_NEAR_DUP,Sethy,BACTERIALBLIGHT2_019,Bacterial Blight,Sethy,BACTERIALBLIGHT_020,Bacterial Blight,hamming_dist_0,False
PERCEPTUAL_NEAR_DUP,Sethy,BACTERIALBLIGHT2_020,Bacterial Blight,Sethy,BACTERIALBLIGHT_005,Bacterial Blight,hamming_dist_0,False
PERCEPTUAL_NEAR_DUP,Sethy,BACTERIALBLIGHT2_020,Bacterial Blight,Sethy,BACTERIALBLIGHT_019,Bacterial Blight,hamming_dist_0,False
PERCEPTUAL_NEAR_DUP,Sethy,BACTERIALBLIGHT2_021,Bacterial Blight,Sethy,BACTERIALBLIGHT_022,Bacterial Blight,hamming_dist_0,False
PERCEPTUAL_NEAR_DUP,Sethy,BACTERIALBLIGHT2_022,Bacterial Blight,Sethy,BACTERIALBLIGHT_021,Bacterial Blight,hamming_dist_0,False
PERCEPTUAL_NEAR_DUP,Sethy,BACTERIALBLIGHT2_023,Bacterial Blight,Sethy,BACTERIALBLIGHT_024,Bacterial Blight,hamming_dist_1,False
PERCEPTUAL_NEAR_DUP,Sethy,BACTERIALBLIGHT2_024,Bacterial Blight,Sethy,BACTERIALBLIGHT_023,Bacterial Blight,hamming_dist_0,False
PERCEPTUAL_NEAR_DUP,Sethy,BACTERIALBLIGHT2_026,Bacterial Blight,Sethy,BACTERIALBLIGHT_027,Bacterial Blight,hamming_dist_1,False
PERCEPTUAL_NEAR_DUP,Sethy,BACTERIALBLIGHT2_027,Bacterial Blight,Sethy,BACTERIALBLIGHT_026,Bacterial Blight,hamming_dist_0,False
PERCEPTUAL_NEAR_DUP,Sethy,BACTERIALBLIGHT2_029,Bacterial Blight,Sethy,BACTERIALBLIGHT2_101,Bacterial Blight,hamming_dist_0,False
PERCEPTUAL_NEAR_DUP,Sethy,BACTERIALBLIGHT2_029,Bacterial Blight,Sethy,BACTERIALBLIGHT_197,Bacterial Blight,hamming_dist_0,False
PERCEPTUAL_NEAR_DUP,Sethy,BACTERIALBLIGHT2_030,Bacterial Blight,Sethy,BACTERIALBLIGHT_031,Bacterial Blight,hamming_dist_0,False
PERCEPTUAL_NEAR_DUP,Sethy,BACTERIALBLIGHT2_031,Bacterial Blight,Sethy,BACTERIALBLIGHT_030,Bacterial Blight,hamming_dist_0,False
PERCEPTUAL_NEAR_DUP,Sethy,BACTERIALBLIGHT2_032,Bacterial Blight,Sethy,BACTERIALBLIGHT_033,Bacterial Blight,hamming_dist_0,False
PERCEPTUAL_NEAR_DUP,Sethy,BACTERIALBLIGHT2_033,Bacterial Blight,Sethy,BACTERIALBLIGHT_032,Bacterial Blight,hamming_dist_0,False
PERCEPTUAL_NEAR_DUP,Sethy,BACTERIALBLIGHT2_034,Bacterial Blight,Sethy,BACTERIALBLIGHT_035,Bacterial Blight,hamming_dist_3,False
PERCEPTUAL_NEAR_DUP,Sethy,BACTERIALBLIGHT2_035,Bacterial Blight,Sethy,BACTERIALBLIGHT_034,Bacterial Blight,hamming_dist_0,False
PERCEPTUAL_NEAR_DUP,Sethy,BACTERIALBLIGHT2_036,Bacterial Blight,Sethy,BACTERIALBLIGHT2_109,Bacterial Blight,hamming_dist_0,False
PERCEPTUAL_NEAR_DUP,Sethy,BACTERIALBLIGHT2_036,Bacterial Blight,Sethy,BACTERIALBLIGHT_205,Bacterial Blight,hamming_dist_0,False
PERCEPTUAL_NEAR_DUP,Sethy,BACTERIALBLIGHT2_038,Bacterial Blight,Sethy,BACTERIALBLIGHT_039,Bacterial Blight,hamming_dist_0,False
PERCEPTUAL_NEAR_DUP,Sethy,BACTERIALBLIGHT2_039,Bacterial Blight,Sethy,BACTERIALBLIGHT_038,Bacterial Blight,hamming_dist_0,False
PERCEPTUAL_NEAR_DUP,Sethy,BACTERIALBLIGHT2_041,Bacterial Blight,Sethy,BACTERIALBLIGHT2_113,Bacterial Blight,hamming_dist_1,False
PERCEPTUAL_NEAR_DUP,Sethy,BACTERIALBLIGHT2_041,Bacterial Blight,Sethy,BACTERIALBLIGHT_209,Bacterial Blight,hamming_dist_1,False
PERCEPTUAL_NEAR_DUP,Sethy,BACTERIALBLIGHT2_042,Bacterial Blight,Sethy,BACTERIALBLIGHT_043,Bacterial Blight,hamming_dist_1,False
PERCEPTUAL_NEAR_DUP,Sethy,BACTERIALBLIGHT2_043,Bacterial Blight,Sethy,BACTERIALBLIGHT_042,Bacterial Blight,hamming_dist_1,False
PERCEPTUAL_NEAR_DUP,Sethy,BACTERIALBLIGHT2_044,Bacterial Blight,Sethy,BACTERIALBLIGHT_045,Bacterial Blight,hamming_dist_0,False
PERCEPTUAL_NEAR_DUP,Sethy,BACTERIALBLIGHT2_045,Bacterial Blight,Sethy,BACTERIALBLIGHT_044,Bacterial Blight,hamming_dist_0,False
PERCEPTUAL_NEAR_DUP,Sethy,BACTERIALBLIGHT2_046,Bacterial Blight,Sethy,BACTERIALBLIGHT_047,Bacterial Blight,hamming_dist_0,False
PERCEPTUAL_NEAR_DUP,Sethy,BACTERIALBLIGHT2_047,Bacterial Blight,Sethy,BACTERIALBLIGHT_046,Bacterial Blight,hamming_dist_0,False
PERCEPTUAL_NEAR_DUP,Sethy,BACTERIALBLIGHT2_048,Bacterial Blight,Sethy,BACTERIALBLIGHT_049,Bacterial Blight,hamming_dist_0,False
PERCEPTUAL_NEAR_DUP,Sethy,BACTERIALBLIGHT2_049,Bacterial Blight,Sethy,BACTERIALBLIGHT_048,Bacterial Blight,hamming_dist_0,False
PERCEPTUAL_NEAR_DUP,Sethy,BACTERIALBLIGHT2_050,Bacterial Blight,Sethy,BACTERIALBLIGHT_051,Bacterial Blight,hamming_dist_0,False
PERCEPTUAL_NEAR_DUP,Sethy,BACTERIALBLIGHT2_051,Bacterial Blight,Sethy,BACTERIALBLIGHT_050,Bacterial Blight,hamming_dist_0,False
PERCEPTUAL_NEAR_DUP,Sethy,BACTERIALBLIGHT2_052,Bacterial Blight,Sethy,BACTERIALBLIGHT_053,Bacterial Blight,hamming_dist_0,False
PERCEPTUAL_NEAR_DUP,Sethy,BACTERIALBLIGHT2_053,Bacterial Blight,Sethy,BACTERIALBLIGHT_052,Bacterial Blight,hamming_dist_0,False
PERCEPTUAL_NEAR_DUP,Sethy,BACTERIALBLIGHT2_054,Bacterial Blight,Sethy,BACTERIALBLIGHT_055,Bacterial Blight,hamming_dist_0,False
PERCEPTUAL_NEAR_DUP,Sethy,BACTERIALBLIGHT2_055,Bacterial Blight,Sethy,BACTERIALBLIGHT_054,Bacterial Blight,hamming_dist_0,False
PERCEPTUAL_NEAR_DUP,Sethy,BACTERIALBLIGHT2_056,Bacterial Blight,Sethy,BACTERIALBLIGHT_057,Bacterial Blight,hamming_dist_1,False
PERCEPTUAL_NEAR_DUP,Sethy,BACTERIALBLIGHT2_057,Bacterial Blight,Sethy,BACTERIALBLIGHT_056,Bacterial Blight,hamming_dist_0,False
PERCEPTUAL_NEAR_DUP,Sethy,BACTERIALBLIGHT2_058,Bacterial Blight,Sethy,BACTERIALBLIGHT_059,Bacterial Blight,hamming_dist_0,False
PERCEPTUAL_NEAR_DUP,Sethy,BACTERIALBLIGHT2_059,Bacterial Blight,Sethy,BACTERIALBLIGHT_058,Bacterial Blight,hamming_dist_0,False
PERCEPTUAL_NEAR_DUP,Sethy,BACTERIALBLIGHT2_060,Bacterial Blight,Sethy,BACTERIALBLIGHT_061,Bacterial Blight,hamming_dist_0,False
PERCEPTUAL_NEAR_DUP,Sethy,BACTERIALBLIGHT2_061,Bacterial Blight,Sethy,BACTERIALBLIGHT_060,Bacterial Blight,hamming_dist_0,False
PERCEPTUAL_NEAR_DUP,Sethy,BACTERIALBLIGHT2_062,Bacterial Blight,Sethy,BACTERIALBLIGHT_063,Bacterial Blight,hamming_dist_0,False
PERCEPTUAL_NEAR_DUP,Sethy,BACTERIALBLIGHT2_063,Bacterial Blight,Sethy,BACTERIALBLIGHT_062,Bacterial Blight,hamming_dist_0,False
PERCEPTUAL_NEAR_DUP,Sethy,BACTERIALBLIGHT2_064,Bacterial Blight,Sethy,BACTERIALBLIGHT2_066,Bacterial Blight,hamming_dist_0,False
PERCEPTUAL_NEAR_DUP,Sethy,BACTERIALBLIGHT2_064,Bacterial Blight,Sethy,BACTERIALBLIGHT_065,Bacterial Blight,hamming_dist_0,False
PERCEPTUAL_NEAR_DUP,Sethy,BACTERIALBLIGHT2_065,Bacterial Blight,Sethy,BACTERIALBLIGHT_064,Bacterial Blight,hamming_dist_0,False
PERCEPTUAL_NEAR_DUP,Sethy,BACTERIALBLIGHT2_065,Bacterial Blight,Sethy,BACTERIALBLIGHT_066,Bacterial Blight,hamming_dist_0,False
PERCEPTUAL_NEAR_DUP,Sethy,BACTERIALBLIGHT2_066,Bacterial Blight,Sethy,BACTERIALBLIGHT_065,Bacterial Blight,hamming_dist_0,False
PERCEPTUAL_NEAR_DUP,Sethy,BACTERIALBLIGHT2_067,Bacterial Blight,Sethy,BACTERIALBLIGHT_068,Bacterial Blight,hamming_dist_0,False
PERCEPTUAL_NEAR_DUP,Sethy,BACTERIALBLIGHT2_068,Bacterial Blight,Sethy,BACTERIALBLIGHT_067,Bacterial Blight,hamming_dist_0,False
PERCEPTUAL_NEAR_DUP,Sethy,BACTERIALBLIGHT2_069,Bacterial Blight,Sethy,BACTERIALBLIGHT_070,Bacterial Blight,hamming_dist_0,False
PERCEPTUAL_NEAR_DUP,Sethy,BACTERIALBLIGHT2_070,Bacterial Blight,Sethy,BACTERIALBLIGHT_069,Bacterial Blight,hamming_dist_0,False
PERCEPTUAL_NEAR_DUP,Sethy,BACTERIALBLIGHT2_071,Bacterial Blight,Sethy,BACTERIALBLIGHT_072,Bacterial Blight,hamming_dist_0,False
PERCEPTUAL_NEAR_DUP,Sethy,BACTERIALBLIGHT2_072,Bacterial Blight,Sethy,BACTERIALBLIGHT_071,Bacterial Blight,hamming_dist_0,False
PERCEPTUAL_NEAR_DUP,Sethy,BACTERIALBLIGHT2_073,Bacterial Blight,Sethy,BACTERIALBLIGHT_171,Bacterial Blight,hamming_dist_0,False
PERCEPTUAL_NEAR_DUP,Sethy,BACTERIALBLIGHT2_073,Bacterial Blight,Sethy,BACTERIALBLIGHT_183,Bacterial Blight,hamming_dist_0,False
PERCEPTUAL_NEAR_DUP,Sethy,BACTERIALBLIGHT2_074,Bacterial Blight,Sethy,BACTERIALBLIGHT_170,Bacterial Blight,hamming_dist_0,False
PERCEPTUAL_NEAR_DUP,Sethy,BACTERIALBLIGHT2_074,Bacterial Blight,Sethy,BACTERIALBLIGHT_180,Bacterial Blight,hamming_dist_0,False
PERCEPTUAL_NEAR_DUP,Sethy,BACTERIALBLIGHT2_074,Bacterial Blight,Sethy,BACTERIALBLIGHT_182,Bacterial Blight,hamming_dist_0,False
PERCEPTUAL_NEAR_DUP,Sethy,BACTERIALBLIGHT2_074,Bacterial Blight,Sethy,BACTERIALBLIGHT_184,Bacterial Blight,hamming_dist_0,False
PERCEPTUAL_NEAR_DUP,Sethy,BACTERIALBLIGHT2_074,Bacterial Blight,Sethy,BACTERIALBLIGHT_186,Bacterial Blight,hamming_dist_0,False
PERCEPTUAL_NEAR_DUP,Sethy,BACTERIALBLIGHT2_075,Bacterial Blight,Sethy,BACTERIALBLIGHT2_185,Bacterial Blight,hamming_dist_0,False
PERCEPTUAL_NEAR_DUP,Sethy,BACTERIALBLIGHT2_075,Bacterial Blight,Sethy,BACTERIALBLIGHT_089,Bacterial Blight,hamming_dist_0,False
PERCEPTUAL_NEAR_DUP,Sethy,BACTERIALBLIGHT2_075,Bacterial Blight,Sethy,BACTERIALBLIGHT_173,Bacterial Blight,hamming_dist_0,False
PERCEPTUAL_NEAR_DUP,Sethy,BACTERIALBLIGHT2_076,Bacterial Blight,Sethy,BACTERIALBLIGHT_172,Bacterial Blight,hamming_dist_0,False
PERCEPTUAL_NEAR_DUP,Sethy,BACTERIALBLIGHT2_077,Bacterial Blight,Sethy,BACTERIALBLIGHT_175,Bacterial Blight,hamming_dist_0,False
PERCEPTUAL_NEAR_DUP,Sethy,BACTERIALBLIGHT2_077,Bacterial Blight,Sethy,BACTERIALBLIGHT_187,Bacterial Blight,hamming_dist_0,False
PERCEPTUAL_NEAR_DUP,Sethy,BACTERIALBLIGHT2_078,Bacterial Blight,Sethy,BACTERIALBLIGHT_174,Bacterial Blight,hamming_dist_0,False
PERCEPTUAL_NEAR_DUP,Sethy,BACTERIALBLIGHT2_079,Bacterial Blight,Sethy,BACTERIALBLIGHT_177,Bacterial Blight,hamming_dist_0,False
PERCEPTUAL_NEAR_DUP,Sethy,BACTERIALBLIGHT2_080,Bacterial Blight,Sethy,BACTERIALBLIGHT_176,Bacterial Blight,hamming_dist_1,False
PERCEPTUAL_NEAR_DUP,Sethy,BACTERIALBLIGHT2_081,Bacterial Blight,Sethy,BACTERIALBLIGHT_179,Bacterial Blight,hamming_dist_0,False
PERCEPTUAL_NEAR_DUP,Sethy,BACTERIALBLIGHT2_082,Bacterial Blight,Sethy,BACTERIALBLIGHT_178,Bacterial Blight,hamming_dist_0,False
PERCEPTUAL_NEAR_DUP,Sethy,BACTERIALBLIGHT2_083,Bacterial Blight,Sethy,BACTERIALBLIGHT_169,Bacterial Blight,hamming_dist_0,False
PERCEPTUAL_NEAR_DUP,Sethy,BACTERIALBLIGHT2_083,Bacterial Blight,Sethy,BACTERIALBLIGHT_181,Bacterial Blight,hamming_dist_0,False
PERCEPTUAL_NEAR_DUP,Sethy,BACTERIALBLIGHT2_084,Bacterial Blight,Sethy,BACTERIALBLIGHT_170,Bacterial Blight,hamming_dist_0,False
PERCEPTUAL_NEAR_DUP,Sethy,BACTERIALBLIGHT2_084,Bacterial Blight,Sethy,BACTERIALBLIGHT_180,Bacterial Blight,hamming_dist_0,False
PERCEPTUAL_NEAR_DUP,Sethy,BACTERIALBLIGHT2_084,Bacterial Blight,Sethy,BACTERIALBLIGHT_182,Bacterial Blight,hamming_dist_0,False
PERCEPTUAL_NEAR_DUP,Sethy,BACTERIALBLIGHT2_084,Bacterial Blight,Sethy,BACTERIALBLIGHT_184,Bacterial Blight,hamming_dist_0,False
PERCEPTUAL_NEAR_DUP,Sethy,BACTERIALBLIGHT2_084,Bacterial Blight,Sethy,BACTERIALBLIGHT_186,Bacterial Blight,hamming_dist_0,False
PERCEPTUAL_NEAR_DUP,Sethy,BACTERIALBLIGHT2_085,Bacterial Blight,Sethy,BACTERIALBLIGHT_169,Bacterial Blight,hamming_dist_0,False
PERCEPTUAL_NEAR_DUP,Sethy,BACTERIALBLIGHT2_085,Bacterial Blight,Sethy,BACTERIALBLIGHT_181,Bacterial Blight,hamming_dist_0,False
PERCEPTUAL_NEAR_DUP,Sethy,BACTERIALBLIGHT2_086,Bacterial Blight,Sethy,BACTERIALBLIGHT_170,Bacterial Blight,hamming_dist_0,False
PERCEPTUAL_NEAR_DUP,Sethy,BACTERIALBLIGHT2_086,Bacterial Blight,Sethy,BACTERIALBLIGHT_180,Bacterial Blight,hamming_dist_0,False
PERCEPTUAL_NEAR_DUP,Sethy,BACTERIALBLIGHT2_086,Bacterial Blight,Sethy,BACTERIALBLIGHT_182,Bacterial Blight,hamming_dist_0,False
PERCEPTUAL_NEAR_DUP,Sethy,BACTERIALBLIGHT2_086,Bacterial Blight,Sethy,BACTERIALBLIGHT_184,Bacterial Blight,hamming_dist_0,False
PERCEPTUAL_NEAR_DUP,Sethy,BACTERIALBLIGHT2_086,Bacterial Blight,Sethy,BACTERIALBLIGHT_186,Bacterial Blight,hamming_dist_0,False
PERCEPTUAL_NEAR_DUP,Sethy,BACTERIALBLIGHT2_087,Bacterial Blight,Sethy,BACTERIALBLIGHT_171,Bacterial Blight,hamming_dist_0,False
PERCEPTUAL_NEAR_DUP,Sethy,BACTERIALBLIGHT2_087,Bacterial Blight,Sethy,BACTERIALBLIGHT_183,Bacterial Blight,hamming_dist_0,False
PERCEPTUAL_NEAR_DUP,Sethy,BACTERIALBLIGHT2_088,Bacterial Blight,Sethy,BACTERIALBLIGHT_170,Bacterial Blight,hamming_dist_0,False
PERCEPTUAL_NEAR_DUP,Sethy,BACTERIALBLIGHT2_088,Bacterial Blight,Sethy,BACTERIALBLIGHT_180,Bacterial Blight,hamming_dist_0,False
PERCEPTUAL_NEAR_DUP,Sethy,BACTERIALBLIGHT2_088,Bacterial Blight,Sethy,BACTERIALBLIGHT_182,Bacterial Blight,hamming_dist_0,False
PERCEPTUAL_NEAR_DUP,Sethy,BACTERIALBLIGHT2_088,Bacterial Blight,Sethy,BACTERIALBLIGHT_184,Bacterial Blight,hamming_dist_0,False
PERCEPTUAL_NEAR_DUP,Sethy,BACTERIALBLIGHT2_088,Bacterial Blight,Sethy,BACTERIALBLIGHT_186,Bacterial Blight,hamming_dist_0,False
PERCEPTUAL_NEAR_DUP,Sethy,BACTERIALBLIGHT2_089,Bacterial Blight,Sethy,BACTERIALBLIGHT_075,Bacterial Blight,hamming_dist_0,False
PERCEPTUAL_NEAR_DUP,Sethy,BACTERIALBLIGHT2_089,Bacterial Blight,Sethy,BACTERIALBLIGHT_185,Bacterial Blight,hamming_dist_1,False
PERCEPTUAL_NEAR_DUP,Sethy,BACTERIALBLIGHT2_090,Bacterial Blight,Sethy,BACTERIALBLIGHT_170,Bacterial Blight,hamming_dist_0,False
PERCEPTUAL_NEAR_DUP,Sethy,BACTERIALBLIGHT2_090,Bacterial Blight,Sethy,BACTERIALBLIGHT_180,Bacterial Blight,hamming_dist_0,False
PERCEPTUAL_NEAR_DUP,Sethy,BACTERIALBLIGHT2_090,Bacterial Blight,Sethy,BACTERIALBLIGHT_182,Bacterial Blight,hamming_dist_0,False
PERCEPTUAL_NEAR_DUP,Sethy,BACTERIALBLIGHT2_090,Bacterial Blight,Sethy,BACTERIALBLIGHT_184,Bacterial Blight,hamming_dist_0,False
PERCEPTUAL_NEAR_DUP,Sethy,BACTERIALBLIGHT2_090,Bacterial Blight,Sethy,BACTERIALBLIGHT_186,Bacterial Blight,hamming_dist_0,False
PERCEPTUAL_NEAR_DUP,Sethy,BACTERIALBLIGHT2_091,Bacterial Blight,Sethy,BACTERIALBLIGHT_175,Bacterial Blight,hamming_dist_0,False
PERCEPTUAL_NEAR_DUP,Sethy,BACTERIALBLIGHT2_091,Bacterial Blight,Sethy,BACTERIALBLIGHT_187,Bacterial Blight,hamming_dist_0,False
PERCEPTUAL_NEAR_DUP,Sethy,BACTERIALBLIGHT2_092,Bacterial Blight,Sethy,BACTERIALBLIGHT_188,Bacterial Blight,hamming_dist_0,False
PERCEPTUAL_NEAR_DUP,Sethy,BACTERIALBLIGHT2_093,Bacterial Blight,Sethy,BACTERIALBLIGHT_189,Bacterial Blight,hamming_dist_0,False
PERCEPTUAL_NEAR_DUP,Sethy,BACTERIALBLIGHT2_094,Bacterial Blight,Sethy,BACTERIALBLIGHT_190,Bacterial Blight,hamming_dist_0,False
PERCEPTUAL_NEAR_DUP,Sethy,BACTERIALBLIGHT2_095,Bacterial Blight,Sethy,BACTERIALBLIGHT_191,Bacterial Blight,hamming_dist_1,False
PERCEPTUAL_NEAR_DUP,Sethy,BACTERIALBLIGHT2_096,Bacterial Blight,Sethy,BACTERIALBLIGHT_192,Bacterial Blight,hamming_dist_0,False
PERCEPTUAL_NEAR_DUP,Sethy,BACTERIALBLIGHT2_097,Bacterial Blight,Sethy,BACTERIALBLIGHT_193,Bacterial Blight,hamming_dist_0,False
PERCEPTUAL_NEAR_DUP,Sethy,BACTERIALBLIGHT2_098,Bacterial Blight,Sethy,BACTERIALBLIGHT_194,Bacterial Blight,hamming_dist_0,False
PERCEPTUAL_NEAR_DUP,Sethy,BACTERIALBLIGHT2_099,Bacterial Blight,Sethy,BACTERIALBLIGHT_195,Bacterial Blight,hamming_dist_0,False
PERCEPTUAL_NEAR_DUP,Sethy,BACTERIALBLIGHT2_100,Bacterial Blight,Sethy,BACTERIALBLIGHT_196,Bacterial Blight,hamming_dist_0,False
PERCEPTUAL_NEAR_DUP,Sethy,BACTERIALBLIGHT2_101,Bacterial Blight,Sethy,BACTERIALBLIGHT_197,Bacterial Blight,hamming_dist_0,False
PERCEPTUAL_NEAR_DUP,Sethy,BACTERIALBLIGHT2_102,Bacterial Blight,Sethy,BACTERIALBLIGHT_198,Bacterial Blight,hamming_dist_0,False
PERCEPTUAL_NEAR_DUP,Sethy,BACTERIALBLIGHT2_103,Bacterial Blight,Sethy,BACTERIALBLIGHT_199,Bacterial Blight,hamming_dist_0,False
PERCEPTUAL_NEAR_DUP,Sethy,BACTERIALBLIGHT2_104,Bacterial Blight,Sethy,BACTERIALBLIGHT_200,Bacterial Blight,hamming_dist_0,False
PERCEPTUAL_NEAR_DUP,Sethy,BACTERIALBLIGHT2_105,Bacterial Blight,Sethy,BACTERIALBLIGHT_201,Bacterial Blight,hamming_dist_0,False
PERCEPTUAL_NEAR_DUP,Sethy,BACTERIALBLIGHT2_107,Bacterial Blight,Sethy,BACTERIALBLIGHT_203,Bacterial Blight,hamming_dist_1,False
PERCEPTUAL_NEAR_DUP,Sethy,BACTERIALBLIGHT2_108,Bacterial Blight,Sethy,BACTERIALBLIGHT_204,Bacterial Blight,hamming_dist_0,False
PERCEPTUAL_NEAR_DUP,Sethy,BACTERIALBLIGHT2_109,Bacterial Blight,Sethy,BACTERIALBLIGHT_205,Bacterial Blight,hamming_dist_0,False
PERCEPTUAL_NEAR_DUP,Sethy,BACTERIALBLIGHT2_110,Bacterial Blight,Sethy,BACTERIALBLIGHT_206,Bacterial Blight,hamming_dist_0,False
PERCEPTUAL_NEAR_DUP,Sethy,BACTERIALBLIGHT2_111,Bacterial Blight,Sethy,BACTERIALBLIGHT_207,Bacterial Blight,hamming_dist_0,False
PERCEPTUAL_NEAR_DUP,Sethy,BACTERIALBLIGHT2_112,Bacterial Blight,Sethy,BACTERIALBLIGHT_208,Bacterial Blight,hamming_dist_0,False
PERCEPTUAL_NEAR_DUP,Sethy,BACTERIALBLIGHT2_113,Bacterial Blight,Sethy,BACTERIALBLIGHT_209,Bacterial Blight,hamming_dist_0,False
PERCEPTUAL_NEAR_DUP,Sethy,BACTERIALBLIGHT2_114,Bacterial Blight,Sethy,BACTERIALBLIGHT_210,Bacterial Blight,hamming_dist_2,False
PERCEPTUAL_NEAR_DUP,Sethy,BACTERIALBLIGHT2_115,Bacterial Blight,Sethy,BACTERIALBLIGHT_211,Bacterial Blight,hamming_dist_0,False
PERCEPTUAL_NEAR_DUP,Sethy,BACTERIALBLIGHT2_115,Bacterial Blight,Sethy,BACTERIALBLIGHT_249,Bacterial Blight,hamming_dist_0,False
PERCEPTUAL_NEAR_DUP,Sethy,BACTERIALBLIGHT2_116,Bacterial Blight,Sethy,BACTERIALBLIGHT_212,Bacterial Blight,hamming_dist_0,False
PERCEPTUAL_NEAR_DUP,Sethy,BACTERIALBLIGHT2_116,Bacterial Blight,Sethy,BACTERIALBLIGHT_250,Bacterial Blight,hamming_dist_0,False
PERCEPTUAL_NEAR_DUP,Sethy,BACTERIALBLIGHT2_117,Bacterial Blight,Sethy,BACTERIALBLIGHT_154,Bacterial Blight,hamming_dist_0,False
PERCEPTUAL_NEAR_DUP,Sethy,BACTERIALBLIGHT2_117,Bacterial Blight,Sethy,BACTERIALBLIGHT_213,Bacterial Blight,hamming_dist_0,False
PERCEPTUAL_NEAR_DUP,Sethy,BACTERIALBLIGHT2_118,Bacterial Blight,Sethy,BACTERIALBLIGHT_214,Bacterial Blight,hamming_dist_0,False
PERCEPTUAL_NEAR_DUP,Sethy,BACTERIALBLIGHT2_118,Bacterial Blight,Sethy,BACTERIALBLIGHT_252,Bacterial Blight,hamming_dist_0,False
PERCEPTUAL_NEAR_DUP,Sethy,BACTERIALBLIGHT2_119,Bacterial Blight,Sethy,BACTERIALBLIGHT_215,Bacterial Blight,hamming_dist_0,False
PERCEPTUAL_NEAR_DUP,Sethy,BACTERIALBLIGHT2_119,Bacterial Blight,Sethy,BACTERIALBLIGHT_253,Bacterial Blight,hamming_dist_0,False
PERCEPTUAL_NEAR_DUP,Sethy,BACTERIALBLIGHT2_120,Bacterial Blight,Sethy,BACTERIALBLIGHT_216,Bacterial Blight,hamming_dist_1,False
PERCEPTUAL_NEAR_DUP,Sethy,BACTERIALBLIGHT2_120,Bacterial Blight,Sethy,BACTERIALBLIGHT_254,Bacterial Blight,hamming_dist_1,False
PERCEPTUAL_NEAR_DUP,Sethy,BACTERIALBLIGHT2_121,Bacterial Blight,Sethy,BACTERIALBLIGHT_217,Bacterial Blight,hamming_dist_0,False
PERCEPTUAL_NEAR_DUP,Sethy,BACTERIALBLIGHT2_121,Bacterial Blight,Sethy,BACTERIALBLIGHT_255,Bacterial Blight,hamming_dist_0,False
PERCEPTUAL_NEAR_DUP,Sethy,BACTERIALBLIGHT2_122,Bacterial Blight,Sethy,BACTERIALBLIGHT_218,Bacterial Blight,hamming_dist_0,False
PERCEPTUAL_NEAR_DUP,Sethy,BACTERIALBLIGHT2_122,Bacterial Blight,Sethy,BACTERIALBLIGHT_256,Bacterial Blight,hamming_dist_0,False
PERCEPTUAL_NEAR_DUP,Sethy,BACTERIALBLIGHT2_123,Bacterial Blight,Sethy,BACTERIALBLIGHT_219,Bacterial Blight,hamming_dist_0,False
PERCEPTUAL_NEAR_DUP,Sethy,BACTERIALBLIGHT2_123,Bacterial Blight,Sethy,BACTERIALBLIGHT_257,Bacterial Blight,hamming_dist_0,False
PERCEPTUAL_NEAR_DUP,Sethy,BACTERIALBLIGHT2_124,Bacterial Blight,Sethy,BACTERIALBLIGHT_220,Bacterial Blight,hamming_dist_0,False
PERCEPTUAL_NEAR_DUP,Sethy,BACTERIALBLIGHT2_124,Bacterial Blight,Sethy,BACTERIALBLIGHT_258,Bacterial Blight,hamming_dist_0,False
PERCEPTUAL_NEAR_DUP,Sethy,BACTERIALBLIGHT2_125,Bacterial Blight,Sethy,BACTERIALBLIGHT_221,Bacterial Blight,hamming_dist_0,False
PERCEPTUAL_NEAR_DUP,Sethy,BACTERIALBLIGHT2_126,Bacterial Blight,Sethy,BACTERIALBLIGHT_222,Bacterial Blight,hamming_dist_0,False
PERCEPTUAL_NEAR_DUP,Sethy,BACTERIALBLIGHT2_126,Bacterial Blight,Sethy,BACTERIALBLIGHT_259,Bacterial Blight,hamming_dist_0,False
PERCEPTUAL_NEAR_DUP,Sethy,BACTERIALBLIGHT2_127,Bacterial Blight,Sethy,BACTERIALBLIGHT_223,Bacterial Blight,hamming_dist_0,False
PERCEPTUAL_NEAR_DUP,Sethy,BACTERIALBLIGHT2_127,Bacterial Blight,Sethy,BACTERIALBLIGHT_260,Bacterial Blight,hamming_dist_0,False
PERCEPTUAL_NEAR_DUP,Sethy,BACTERIALBLIGHT2_128,Bacterial Blight,Sethy,BACTERIALBLIGHT_224,Bacterial Blight,hamming_dist_0,False
PERCEPTUAL_NEAR_DUP,Sethy,BACTERIALBLIGHT2_128,Bacterial Blight,Sethy,BACTERIALBLIGHT_263,Bacterial Blight,hamming_dist_0,False
PERCEPTUAL_NEAR_DUP,Sethy,BACTERIALBLIGHT2_129,Bacterial Blight,Sethy,BACTERIALBLIGHT_225,Bacterial Blight,hamming_dist_1,False
PERCEPTUAL_NEAR_DUP,Sethy,BACTERIALBLIGHT2_130,Bacterial Blight,Sethy,BACTERIALBLIGHT_226,Bacterial Blight,hamming_dist_0,False
PERCEPTUAL_NEAR_DUP,Sethy,BACTERIALBLIGHT2_130,Bacterial Blight,Sethy,BACTERIALBLIGHT_264,Bacterial Blight,hamming_dist_0,False
PERCEPTUAL_NEAR_DUP,Sethy,BACTERIALBLIGHT2_131,Bacterial Blight,Sethy,BACTERIALBLIGHT_227,Bacterial Blight,hamming_dist_1,False
PERCEPTUAL_NEAR_DUP,Sethy,BACTERIALBLIGHT2_132,Bacterial Blight,Sethy,BACTERIALBLIGHT_228,Bacterial Blight,hamming_dist_0,False
PERCEPTUAL_NEAR_DUP,Sethy,BACTERIALBLIGHT2_133,Bacterial Blight,Sethy,BACTERIALBLIGHT_229,Bacterial Blight,hamming_dist_2,False
PERCEPTUAL_NEAR_DUP,Sethy,BACTERIALBLIGHT2_134,Bacterial Blight,Sethy,BACTERIALBLIGHT_230,Bacterial Blight,hamming_dist_0,False
PERCEPTUAL_NEAR_DUP,Sethy,BACTERIALBLIGHT2_135,Bacterial Blight,Sethy,BACTERIALBLIGHT_231,Bacterial Blight,hamming_dist_0,False
PERCEPTUAL_NEAR_DUP,Sethy,BACTERIALBLIGHT2_136,Bacterial Blight,Sethy,BACTERIALBLIGHT_232,Bacterial Blight,hamming_dist_0,False
PERCEPTUAL_NEAR_DUP,Sethy,BACTERIALBLIGHT2_137,Bacterial Blight,Sethy,BACTERIALBLIGHT_233,Bacterial Blight,hamming_dist_0,False
PERCEPTUAL_NEAR_DUP,Sethy,BACTERIALBLIGHT2_138,Bacterial Blight,Sethy,BACTERIALBLIGHT_234,Bacterial Blight,hamming_dist_1,False
PERCEPTUAL_NEAR_DUP,Sethy,BACTERIALBLIGHT2_139,Bacterial Blight,Sethy,BACTERIALBLIGHT_235,Bacterial Blight,hamming_dist_0,False
PERCEPTUAL_NEAR_DUP,Sethy,BACTERIALBLIGHT2_140,Bacterial Blight,Sethy,BACTERIALBLIGHT_236,Bacterial Blight,hamming_dist_0,False
PERCEPTUAL_NEAR_DUP,Sethy,BACTERIALBLIGHT2_141,Bacterial Blight,Sethy,BACTERIALBLIGHT_238,Bacterial Blight,hamming_dist_0,False
PERCEPTUAL_NEAR_DUP,Sethy,BACTERIALBLIGHT2_142,Bacterial Blight,Sethy,BACTERIALBLIGHT_239,Bacterial Blight,hamming_dist_0,False
PERCEPTUAL_NEAR_DUP,Sethy,BACTERIALBLIGHT2_143,Bacterial Blight,Sethy,BACTERIALBLIGHT_240,Bacterial Blight,hamming_dist_0,False
PERCEPTUAL_NEAR_DUP,Sethy,BACTERIALBLIGHT2_144,Bacterial Blight,Sethy,BACTERIALBLIGHT_241,Bacterial Blight,hamming_dist_0,False
PERCEPTUAL_NEAR_DUP,Sethy,BACTERIALBLIGHT2_145,Bacterial Blight,Sethy,BACTERIALBLIGHT_242,Bacterial Blight,hamming_dist_0,False
PERCEPTUAL_NEAR_DUP,Sethy,BACTERIALBLIGHT2_146,Bacterial Blight,Sethy,BACTERIALBLIGHT_243,Bacterial Blight,hamming_dist_0,False
PERCEPTUAL_NEAR_DUP,Sethy,BACTERIALBLIGHT2_147,Bacterial Blight,Sethy,BACTERIALBLIGHT_244,Bacterial Blight,hamming_dist_2,False
PERCEPTUAL_NEAR_DUP,Sethy,BACTERIALBLIGHT2_148,Bacterial Blight,Sethy,BACTERIALBLIGHT_245,Bacterial Blight,hamming_dist_0,False
PERCEPTUAL_NEAR_DUP,Sethy,BACTERIALBLIGHT2_150,Bacterial Blight,Sethy,BACTERIALBLIGHT_247,Bacterial Blight,hamming_dist_0,False
PERCEPTUAL_NEAR_DUP,Sethy,BACTERIALBLIGHT2_151,Bacterial Blight,Sethy,BACTERIALBLIGHT_248,Bacterial Blight,hamming_dist_0,False
PERCEPTUAL_NEAR_DUP,Sethy,BACTERIALBLIGHT2_152,Bacterial Blight,Sethy,BACTERIALBLIGHT_211,Bacterial Blight,hamming_dist_0,False
PERCEPTUAL_NEAR_DUP,Sethy,BACTERIALBLIGHT2_152,Bacterial Blight,Sethy,BACTERIALBLIGHT_249,Bacterial Blight,hamming_dist_0,False
PERCEPTUAL_NEAR_DUP,Sethy,BACTERIALBLIGHT2_153,Bacterial Blight,Sethy,BACTERIALBLIGHT_212,Bacterial Blight,hamming_dist_0,False
PERCEPTUAL_NEAR_DUP,Sethy,BACTERIALBLIGHT2_153,Bacterial Blight,Sethy,BACTERIALBLIGHT_250,Bacterial Blight,hamming_dist_0,False
PERCEPTUAL_NEAR_DUP,Sethy,BACTERIALBLIGHT2_154,Bacterial Blight,Sethy,BACTERIALBLIGHT2_213,Bacterial Blight,hamming_dist_0,False
PERCEPTUAL_NEAR_DUP,Sethy,BACTERIALBLIGHT2_154,Bacterial Blight,Sethy,BACTERIALBLIGHT_117,Bacterial Blight,hamming_dist_0,False
PERCEPTUAL_NEAR_DUP,Sethy,BACTERIALBLIGHT2_154,Bacterial Blight,Sethy,BACTERIALBLIGHT_251,Bacterial Blight,hamming_dist_0,False
PERCEPTUAL_NEAR_DUP,Sethy,BACTERIALBLIGHT2_155,Bacterial Blight,Sethy,BACTERIALBLIGHT_214,Bacterial Blight,hamming_dist_0,False
PERCEPTUAL_NEAR_DUP,Sethy,BACTERIALBLIGHT2_155,Bacterial Blight,Sethy,BACTERIALBLIGHT_252,Bacterial Blight,hamming_dist_0,False
PERCEPTUAL_NEAR_DUP,Sethy,BACTERIALBLIGHT2_156,Bacterial Blight,Sethy,BACTERIALBLIGHT_215,Bacterial Blight,hamming_dist_0,False
PERCEPTUAL_NEAR_DUP,Sethy,BACTERIALBLIGHT2_156,Bacterial Blight,Sethy,BACTERIALBLIGHT_253,Bacterial Blight,hamming_dist_0,False
PERCEPTUAL_NEAR_DUP,Sethy,BACTERIALBLIGHT2_157,Bacterial Blight,Sethy,BACTERIALBLIGHT_216,Bacterial Blight,hamming_dist_1,False
PERCEPTUAL_NEAR_DUP,Sethy,BACTERIALBLIGHT2_157,Bacterial Blight,Sethy,BACTERIALBLIGHT_254,Bacterial Blight,hamming_dist_1,False
PERCEPTUAL_NEAR_DUP,Sethy,BACTERIALBLIGHT2_158,Bacterial Blight,Sethy,BACTERIALBLIGHT_217,Bacterial Blight,hamming_dist_0,False
PERCEPTUAL_NEAR_DUP,Sethy,BACTERIALBLIGHT2_158,Bacterial Blight,Sethy,BACTERIALBLIGHT_255,Bacterial Blight,hamming_dist_0,False
PERCEPTUAL_NEAR_DUP,Sethy,BACTERIALBLIGHT2_159,Bacterial Blight,Sethy,BACTERIALBLIGHT_218,Bacterial Blight,hamming_dist_0,False
PERCEPTUAL_NEAR_DUP,Sethy,BACTERIALBLIGHT2_159,Bacterial Blight,Sethy,BACTERIALBLIGHT_256,Bacterial Blight,hamming_dist_0,False
PERCEPTUAL_NEAR_DUP,Sethy,BACTERIALBLIGHT2_160,Bacterial Blight,Sethy,BACTERIALBLIGHT_219,Bacterial Blight,hamming_dist_0,False
PERCEPTUAL_NEAR_DUP,Sethy,BACTERIALBLIGHT2_160,Bacterial Blight,Sethy,BACTERIALBLIGHT_257,Bacterial Blight,hamming_dist_0,False
PERCEPTUAL_NEAR_DUP,Sethy,BACTERIALBLIGHT2_161,Bacterial Blight,Sethy,BACTERIALBLIGHT_220,Bacterial Blight,hamming_dist_0,False
PERCEPTUAL_NEAR_DUP,Sethy,BACTERIALBLIGHT2_161,Bacterial Blight,Sethy,BACTERIALBLIGHT_258,Bacterial Blight,hamming_dist_0,False
PERCEPTUAL_NEAR_DUP,Sethy,BACTERIALBLIGHT2_162,Bacterial Blight,Sethy,BACTERIALBLIGHT_222,Bacterial Blight,hamming_dist_0,False
PERCEPTUAL_NEAR_DUP,Sethy,BACTERIALBLIGHT2_162,Bacterial Blight,Sethy,BACTERIALBLIGHT_259,Bacterial Blight,hamming_dist_0,False
PERCEPTUAL_NEAR_DUP,Sethy,BACTERIALBLIGHT2_163,Bacterial Blight,Sethy,BACTERIALBLIGHT_223,Bacterial Blight,hamming_dist_0,False
PERCEPTUAL_NEAR_DUP,Sethy,BACTERIALBLIGHT2_163,Bacterial Blight,Sethy,BACTERIALBLIGHT_260,Bacterial Blight,hamming_dist_0,False
PERCEPTUAL_NEAR_DUP,Sethy,BACTERIALBLIGHT2_164,Bacterial Blight,Sethy,BACTERIALBLIGHT_261,Bacterial Blight,hamming_dist_0,False
PERCEPTUAL_NEAR_DUP,Sethy,BACTERIALBLIGHT2_165,Bacterial Blight,Sethy,BACTERIALBLIGHT_262,Bacterial Blight,hamming_dist_0,False
PERCEPTUAL_NEAR_DUP,Sethy,BACTERIALBLIGHT2_166,Bacterial Blight,Sethy,BACTERIALBLIGHT_224,Bacterial Blight,hamming_dist_0,False
PERCEPTUAL_NEAR_DUP,Sethy,BACTERIALBLIGHT2_166,Bacterial Blight,Sethy,BACTERIALBLIGHT_263,Bacterial Blight,hamming_dist_0,False
PERCEPTUAL_NEAR_DUP,Sethy,BACTERIALBLIGHT2_167,Bacterial Blight,Sethy,BACTERIALBLIGHT_226,Bacterial Blight,hamming_dist_0,False
PERCEPTUAL_NEAR_DUP,Sethy,BACTERIALBLIGHT2_167,Bacterial Blight,Sethy,BACTERIALBLIGHT_264,Bacterial Blight,hamming_dist_0,False
PERCEPTUAL_NEAR_DUP,Sethy,BACTERIALBLIGHT2_168,Bacterial Blight,Sethy,BACTERIALBLIGHT_169,Bacterial Blight,hamming_dist_0,False
PERCEPTUAL_NEAR_DUP,Sethy,BACTERIALBLIGHT2_168,Bacterial Blight,Sethy,BACTERIALBLIGHT_181,Bacterial Blight,hamming_dist_0,False
PERCEPTUAL_NEAR_DUP,Sethy,BACTERIALBLIGHT2_169,Bacterial Blight,Sethy,BACTERIALBLIGHT_083,Bacterial Blight,hamming_dist_0,False
PERCEPTUAL_NEAR_DUP,Sethy,BACTERIALBLIGHT2_169,Bacterial Blight,Sethy,BACTERIALBLIGHT_085,Bacterial Blight,hamming_dist_0,False
PERCEPTUAL_NEAR_DUP,Sethy,BACTERIALBLIGHT2_169,Bacterial Blight,Sethy,BACTERIALBLIGHT_168,Bacterial Blight,hamming_dist_0,False
PERCEPTUAL_NEAR_DUP,Sethy,BACTERIALBLIGHT2_170,Bacterial Blight,Sethy,BACTERIALBLIGHT_074,Bacterial Blight,hamming_dist_0,False
PERCEPTUAL_NEAR_DUP,Sethy,BACTERIALBLIGHT2_170,Bacterial Blight,Sethy,BACTERIALBLIGHT_084,Bacterial Blight,hamming_dist_0,False
PERCEPTUAL_NEAR_DUP,Sethy,BACTERIALBLIGHT2_170,Bacterial Blight,Sethy,BACTERIALBLIGHT_086,Bacterial Blight,hamming_dist_0,False
PERCEPTUAL_NEAR_DUP,Sethy,BACTERIALBLIGHT2_170,Bacterial Blight,Sethy,BACTERIALBLIGHT_088,Bacterial Blight,hamming_dist_0,False
PERCEPTUAL_NEAR_DUP,Sethy,BACTERIALBLIGHT2_170,Bacterial Blight,Sethy,BACTERIALBLIGHT_090,Bacterial Blight,hamming_dist_0,False
PERCEPTUAL_NEAR_DUP,Sethy,BACTERIALBLIGHT2_171,Bacterial Blight,Sethy,BACTERIALBLIGHT_073,Bacterial Blight,hamming_dist_0,False
PERCEPTUAL_NEAR_DUP,Sethy,BACTERIALBLIGHT2_171,Bacterial Blight,Sethy,BACTERIALBLIGHT_087,Bacterial Blight,hamming_dist_0,False
PERCEPTUAL_NEAR_DUP,Sethy,BACTERIALBLIGHT2_172,Bacterial Blight,Sethy,BACTERIALBLIGHT_076,Bacterial Blight,hamming_dist_0,False
PERCEPTUAL_NEAR_DUP,Sethy,BACTERIALBLIGHT2_173,Bacterial Blight,Sethy,BACTERIALBLIGHT_075,Bacterial Blight,hamming_dist_0,False
PERCEPTUAL_NEAR_DUP,Sethy,BACTERIALBLIGHT2_173,Bacterial Blight,Sethy,BACTERIALBLIGHT_185,Bacterial Blight,hamming_dist_1,False
PERCEPTUAL_NEAR_DUP,Sethy,BACTERIALBLIGHT2_174,Bacterial Blight,Sethy,BACTERIALBLIGHT_078,Bacterial Blight,hamming_dist_0,False
PERCEPTUAL_NEAR_DUP,Sethy,BACTERIALBLIGHT2_175,Bacterial Blight,Sethy,BACTERIALBLIGHT_077,Bacterial Blight,hamming_dist_0,False
PERCEPTUAL_NEAR_DUP,Sethy,BACTERIALBLIGHT2_175,Bacterial Blight,Sethy,BACTERIALBLIGHT_091,Bacterial Blight,hamming_dist_0,False
PERCEPTUAL_NEAR_DUP,Sethy,BACTERIALBLIGHT2_176,Bacterial Blight,Sethy,BACTERIALBLIGHT_080,Bacterial Blight,hamming_dist_0,False
PERCEPTUAL_NEAR_DUP,Sethy,BACTERIALBLIGHT2_177,Bacterial Blight,Sethy,BACTERIALBLIGHT_079,Bacterial Blight,hamming_dist_0,False
PERCEPTUAL_NEAR_DUP,Sethy,BACTERIALBLIGHT2_178,Bacterial Blight,Sethy,BACTERIALBLIGHT_082,Bacterial Blight,hamming_dist_0,False
PERCEPTUAL_NEAR_DUP,Sethy,BACTERIALBLIGHT2_179,Bacterial Blight,Sethy,BACTERIALBLIGHT_081,Bacterial Blight,hamming_dist_0,False
PERCEPTUAL_NEAR_DUP,Sethy,BACTERIALBLIGHT2_180,Bacterial Blight,Sethy,BACTERIALBLIGHT_074,Bacterial Blight,hamming_dist_0,False
PERCEPTUAL_NEAR_DUP,Sethy,BACTERIALBLIGHT2_180,Bacterial Blight,Sethy,BACTERIALBLIGHT_084,Bacterial Blight,hamming_dist_0,False
PERCEPTUAL_NEAR_DUP,Sethy,BACTERIALBLIGHT2_180,Bacterial Blight,Sethy,BACTERIALBLIGHT_086,Bacterial Blight,hamming_dist_0,False
PERCEPTUAL_NEAR_DUP,Sethy,BACTERIALBLIGHT2_180,Bacterial Blight,Sethy,BACTERIALBLIGHT_088,Bacterial Blight,hamming_dist_0,False
PERCEPTUAL_NEAR_DUP,Sethy,BACTERIALBLIGHT2_180,Bacterial Blight,Sethy,BACTERIALBLIGHT_090,Bacterial Blight,hamming_dist_0,False
PERCEPTUAL_NEAR_DUP,Sethy,BACTERIALBLIGHT2_181,Bacterial Blight,Sethy,BACTERIALBLIGHT_083,Bacterial Blight,hamming_dist_0,False
PERCEPTUAL_NEAR_DUP,Sethy,BACTERIALBLIGHT2_181,Bacterial Blight,Sethy,BACTERIALBLIGHT_085,Bacterial Blight,hamming_dist_0,False
PERCEPTUAL_NEAR_DUP,Sethy,BACTERIALBLIGHT2_181,Bacterial Blight,Sethy,BACTERIALBLIGHT_168,Bacterial Blight,hamming_dist_0,False
PERCEPTUAL_NEAR_DUP,Sethy,BACTERIALBLIGHT2_182,Bacterial Blight,Sethy,BACTERIALBLIGHT_074,Bacterial Blight,hamming_dist_0,False
PERCEPTUAL_NEAR_DUP,Sethy,BACTERIALBLIGHT2_182,Bacterial Blight,Sethy,BACTERIALBLIGHT_084,Bacterial Blight,hamming_dist_0,False
PERCEPTUAL_NEAR_DUP,Sethy,BACTERIALBLIGHT2_182,Bacterial Blight,Sethy,BACTERIALBLIGHT_086,Bacterial Blight,hamming_dist_0,False
PERCEPTUAL_NEAR_DUP,Sethy,BACTERIALBLIGHT2_182,Bacterial Blight,Sethy,BACTERIALBLIGHT_088,Bacterial Blight,hamming_dist_0,False
PERCEPTUAL_NEAR_DUP,Sethy,BACTERIALBLIGHT2_182,Bacterial Blight,Sethy,BACTERIALBLIGHT_090,Bacterial Blight,hamming_dist_0,False
PERCEPTUAL_NEAR_DUP,Sethy,BACTERIALBLIGHT2_183,Bacterial Blight,Sethy,BACTERIALBLIGHT_073,Bacterial Blight,hamming_dist_0,False
PERCEPTUAL_NEAR_DUP,Sethy,BACTERIALBLIGHT2_183,Bacterial Blight,Sethy,BACTERIALBLIGHT_087,Bacterial Blight,hamming_dist_0,False
PERCEPTUAL_NEAR_DUP,Sethy,BACTERIALBLIGHT2_184,Bacterial Blight,Sethy,BACTERIALBLIGHT_074,Bacterial Blight,hamming_dist_0,False
PERCEPTUAL_NEAR_DUP,Sethy,BACTERIALBLIGHT2_184,Bacterial Blight,Sethy,BACTERIALBLIGHT_084,Bacterial Blight,hamming_dist_0,False
PERCEPTUAL_NEAR_DUP,Sethy,BACTERIALBLIGHT2_184,Bacterial Blight,Sethy,BACTERIALBLIGHT_086,Bacterial Blight,hamming_dist_0,False
PERCEPTUAL_NEAR_DUP,Sethy,BACTERIALBLIGHT2_184,Bacterial Blight,Sethy,BACTERIALBLIGHT_088,Bacterial Blight,hamming_dist_0,False
PERCEPTUAL_NEAR_DUP,Sethy,BACTERIALBLIGHT2_184,Bacterial Blight,Sethy,BACTERIALBLIGHT_090,Bacterial Blight,hamming_dist_0,False
PERCEPTUAL_NEAR_DUP,Sethy,BACTERIALBLIGHT2_185,Bacterial Blight,Sethy,BACTERIALBLIGHT_089,Bacterial Blight,hamming_dist_0,False
PERCEPTUAL_NEAR_DUP,Sethy,BACTERIALBLIGHT2_185,Bacterial Blight,Sethy,BACTERIALBLIGHT_173,Bacterial Blight,hamming_dist_0,False
PERCEPTUAL_NEAR_DUP,Sethy,BACTERIALBLIGHT2_186,Bacterial Blight,Sethy,BACTERIALBLIGHT_074,Bacterial Blight,hamming_dist_0,False
PERCEPTUAL_NEAR_DUP,Sethy,BACTERIALBLIGHT2_186,Bacterial Blight,Sethy,BACTERIALBLIGHT_084,Bacterial Blight,hamming_dist_0,False
PERCEPTUAL_NEAR_DUP,Sethy,BACTERIALBLIGHT2_186,Bacterial Blight,Sethy,BACTERIALBLIGHT_086,Bacterial Blight,hamming_dist_0,False
PERCEPTUAL_NEAR_DUP,Sethy,BACTERIALBLIGHT2_186,Bacterial Blight,Sethy,BACTERIALBLIGHT_088,Bacterial Blight,hamming_dist_0,False
PERCEPTUAL_NEAR_DUP,Sethy,BACTERIALBLIGHT2_186,Bacterial Blight,Sethy,BACTERIALBLIGHT_090,Bacterial Blight,hamming_dist_0,False
PERCEPTUAL_NEAR_DUP,Sethy,BACTERIALBLIGHT2_187,Bacterial Blight,Sethy,BACTERIALBLIGHT_077,Bacterial Blight,hamming_dist_0,False
PERCEPTUAL_NEAR_DUP,Sethy,BACTERIALBLIGHT2_187,Bacterial Blight,Sethy,BACTERIALBLIGHT_091,Bacterial Blight,hamming_dist_0,False
PERCEPTUAL_NEAR_DUP,Sethy,BACTERIALBLIGHT2_188,Bacterial Blight,Sethy,BACTERIALBLIGHT_092,Bacterial Blight,hamming_dist_0,False
PERCEPTUAL_NEAR_DUP,Sethy,BACTERIALBLIGHT2_189,Bacterial Blight,Sethy,BACTERIALBLIGHT_093,Bacterial Blight,hamming_dist_0,False
PERCEPTUAL_NEAR_DUP,Sethy,BACTERIALBLIGHT2_190,Bacterial Blight,Sethy,BACTERIALBLIGHT_094,Bacterial Blight,hamming_dist_0,False
PERCEPTUAL_NEAR_DUP,Sethy,BACTERIALBLIGHT2_191,Bacterial Blight,Sethy,BACTERIALBLIGHT_095,Bacterial Blight,hamming_dist_1,False
PERCEPTUAL_NEAR_DUP,Sethy,BACTERIALBLIGHT2_192,Bacterial Blight,Sethy,BACTERIALBLIGHT_096,Bacterial Blight,hamming_dist_0,False
PERCEPTUAL_NEAR_DUP,Sethy,BACTERIALBLIGHT2_193,Bacterial Blight,Sethy,BACTERIALBLIGHT_097,Bacterial Blight,hamming_dist_0,False
PERCEPTUAL_NEAR_DUP,Sethy,BACTERIALBLIGHT2_194,Bacterial Blight,Sethy,BACTERIALBLIGHT_098,Bacterial Blight,hamming_dist_0,False
PERCEPTUAL_NEAR_DUP,Sethy,BACTERIALBLIGHT2_195,Bacterial Blight,Sethy,BACTERIALBLIGHT_099,Bacterial Blight,hamming_dist_1,False
PERCEPTUAL_NEAR_DUP,Sethy,BACTERIALBLIGHT2_196,Bacterial Blight,Sethy,BACTERIALBLIGHT_100,Bacterial Blight,hamming_dist_0,False
PERCEPTUAL_NEAR_DUP,Sethy,BACTERIALBLIGHT2_197,Bacterial Blight,Sethy,BACTERIALBLIGHT_029,Bacterial Blight,hamming_dist_1,False
PERCEPTUAL_NEAR_DUP,Sethy,BACTERIALBLIGHT2_197,Bacterial Blight,Sethy,BACTERIALBLIGHT_101,Bacterial Blight,hamming_dist_1,False
PERCEPTUAL_NEAR_DUP,Sethy,BACTERIALBLIGHT2_198,Bacterial Blight,Sethy,BACTERIALBLIGHT_102,Bacterial Blight,hamming_dist_0,False
PERCEPTUAL_NEAR_DUP,Sethy,BACTERIALBLIGHT2_199,Bacterial Blight,Sethy,BACTERIALBLIGHT_103,Bacterial Blight,hamming_dist_0,False
PERCEPTUAL_NEAR_DUP,Sethy,BACTERIALBLIGHT2_200,Bacterial Blight,Sethy,BACTERIALBLIGHT_104,Bacterial Blight,hamming_dist_0,False
PERCEPTUAL_NEAR_DUP,Sethy,BACTERIALBLIGHT2_201,Bacterial Blight,Sethy,BACTERIALBLIGHT_105,Bacterial Blight,hamming_dist_1,False
PERCEPTUAL_NEAR_DUP,Sethy,BACTERIALBLIGHT2_203,Bacterial Blight,Sethy,BACTERIALBLIGHT_107,Bacterial Blight,hamming_dist_3,False
PERCEPTUAL_NEAR_DUP,Sethy,BACTERIALBLIGHT2_204,Bacterial Blight,Sethy,BACTERIALBLIGHT_108,Bacterial Blight,hamming_dist_0,False
PERCEPTUAL_NEAR_DUP,Sethy,BACTERIALBLIGHT2_205,Bacterial Blight,Sethy,BACTERIALBLIGHT_036,Bacterial Blight,hamming_dist_0,False
PERCEPTUAL_NEAR_DUP,Sethy,BACTERIALBLIGHT2_205,Bacterial Blight,Sethy,BACTERIALBLIGHT_109,Bacterial Blight,hamming_dist_1,False
PERCEPTUAL_NEAR_DUP,Sethy,BACTERIALBLIGHT2_206,Bacterial Blight,Sethy,BACTERIALBLIGHT_110,Bacterial Blight,hamming_dist_0,False
PERCEPTUAL_NEAR_DUP,Sethy,BACTERIALBLIGHT2_207,Bacterial Blight,Sethy,BACTERIALBLIGHT_111,Bacterial Blight,hamming_dist_0,False
PERCEPTUAL_NEAR_DUP,Sethy,BACTERIALBLIGHT2_208,Bacterial Blight,Sethy,BACTERIALBLIGHT_112,Bacterial Blight,hamming_dist_0,False
PERCEPTUAL_NEAR_DUP,Sethy,BACTERIALBLIGHT2_209,Bacterial Blight,Sethy,BACTERIALBLIGHT_041,Bacterial Blight,hamming_dist_0,False
PERCEPTUAL_NEAR_DUP,Sethy,BACTERIALBLIGHT2_209,Bacterial Blight,Sethy,BACTERIALBLIGHT_113,Bacterial Blight,hamming_dist_0,False
PERCEPTUAL_NEAR_DUP,Sethy,BACTERIALBLIGHT2_210,Bacterial Blight,Sethy,BACTERIALBLIGHT_114,Bacterial Blight,hamming_dist_0,False
PERCEPTUAL_NEAR_DUP,Sethy,BACTERIALBLIGHT2_211,Bacterial Blight,Sethy,BACTERIALBLIGHT_115,Bacterial Blight,hamming_dist_0,False
PERCEPTUAL_NEAR_DUP,Sethy,BACTERIALBLIGHT2_211,Bacterial Blight,Sethy,BACTERIALBLIGHT_152,Bacterial Blight,hamming_dist_0,False
PERCEPTUAL_NEAR_DUP,Sethy,BACTERIALBLIGHT2_212,Bacterial Blight,Sethy,BACTERIALBLIGHT_116,Bacterial Blight,hamming_dist_0,False
PERCEPTUAL_NEAR_DUP,Sethy,BACTERIALBLIGHT2_212,Bacterial Blight,Sethy,BACTERIALBLIGHT_153,Bacterial Blight,hamming_dist_0,False
PERCEPTUAL_NEAR_DUP,Sethy,BACTERIALBLIGHT2_213,Bacterial Blight,Sethy,BACTERIALBLIGHT_117,Bacterial Blight,hamming_dist_0,False
PERCEPTUAL_NEAR_DUP,Sethy,BACTERIALBLIGHT2_213,Bacterial Blight,Sethy,BACTERIALBLIGHT_251,Bacterial Blight,hamming_dist_0,False
PERCEPTUAL_NEAR_DUP,Sethy,BACTERIALBLIGHT2_214,Bacterial Blight,Sethy,BACTERIALBLIGHT_118,Bacterial Blight,hamming_dist_0,False
PERCEPTUAL_NEAR_DUP,Sethy,BACTERIALBLIGHT2_214,Bacterial Blight,Sethy,BACTERIALBLIGHT_155,Bacterial Blight,hamming_dist_0,False
PERCEPTUAL_NEAR_DUP,Sethy,BACTERIALBLIGHT2_215,Bacterial Blight,Sethy,BACTERIALBLIGHT_119,Bacterial Blight,hamming_dist_0,False
PERCEPTUAL_NEAR_DUP,Sethy,BACTERIALBLIGHT2_215,Bacterial Blight,Sethy,BACTERIALBLIGHT_156,Bacterial Blight,hamming_dist_0,False
PERCEPTUAL_NEAR_DUP,Sethy,BACTERIALBLIGHT2_216,Bacterial Blight,Sethy,BACTERIALBLIGHT_120,Bacterial Blight,hamming_dist_0,False
PERCEPTUAL_NEAR_DUP,Sethy,BACTERIALBLIGHT2_216,Bacterial Blight,Sethy,BACTERIALBLIGHT_157,Bacterial Blight,hamming_dist_0,False
PERCEPTUAL_NEAR_DUP,Sethy,BACTERIALBLIGHT2_217,Bacterial Blight,Sethy,BACTERIALBLIGHT_121,Bacterial Blight,hamming_dist_0,False
PERCEPTUAL_NEAR_DUP,Sethy,BACTERIALBLIGHT2_217,Bacterial Blight,Sethy,BACTERIALBLIGHT_158,Bacterial Blight,hamming_dist_0,False
PERCEPTUAL_NEAR_DUP,Sethy,BACTERIALBLIGHT2_218,Bacterial Blight,Sethy,BACTERIALBLIGHT_122,Bacterial Blight,hamming_dist_0,False
PERCEPTUAL_NEAR_DUP,Sethy,BACTERIALBLIGHT2_218,Bacterial Blight,Sethy,BACTERIALBLIGHT_159,Bacterial Blight,hamming_dist_0,False
PERCEPTUAL_NEAR_DUP,Sethy,BACTERIALBLIGHT2_219,Bacterial Blight,Sethy,BACTERIALBLIGHT2_257,Bacterial Blight,hamming_dist_0,False
PERCEPTUAL_NEAR_DUP,Sethy,BACTERIALBLIGHT2_219,Bacterial Blight,Sethy,BACTERIALBLIGHT_123,Bacterial Blight,hamming_dist_0,False
PERCEPTUAL_NEAR_DUP,Sethy,BACTERIALBLIGHT2_219,Bacterial Blight,Sethy,BACTERIALBLIGHT_160,Bacterial Blight,hamming_dist_0,False
PERCEPTUAL_NEAR_DUP,Sethy,BACTERIALBLIGHT2_220,Bacterial Blight,Sethy,BACTERIALBLIGHT_124,Bacterial Blight,hamming_dist_0,False
PERCEPTUAL_NEAR_DUP,Sethy,BACTERIALBLIGHT2_220,Bacterial Blight,Sethy,BACTERIALBLIGHT_161,Bacterial Blight,hamming_dist_0,False
PERCEPTUAL_NEAR_DUP,Sethy,BACTERIALBLIGHT2_221,Bacterial Blight,Sethy,BACTERIALBLIGHT_125,Bacterial Blight,hamming_dist_1,False
PERCEPTUAL_NEAR_DUP,Sethy,BACTERIALBLIGHT2_222,Bacterial Blight,Sethy,BACTERIALBLIGHT_126,Bacterial Blight,hamming_dist_2,False
PERCEPTUAL_NEAR_DUP,Sethy,BACTERIALBLIGHT2_222,Bacterial Blight,Sethy,BACTERIALBLIGHT_162,Bacterial Blight,hamming_dist_2,False
PERCEPTUAL_NEAR_DUP,Sethy,BACTERIALBLIGHT2_223,Bacterial Blight,Sethy,BACTERIALBLIGHT_127,Bacterial Blight,hamming_dist_0,False
PERCEPTUAL_NEAR_DUP,Sethy,BACTERIALBLIGHT2_223,Bacterial Blight,Sethy,BACTERIALBLIGHT_163,Bacterial Blight,hamming_dist_0,False
PERCEPTUAL_NEAR_DUP,Sethy,BACTERIALBLIGHT2_224,Bacterial Blight,Sethy,BACTERIALBLIGHT_128,Bacterial Blight,hamming_dist_0,False
PERCEPTUAL_NEAR_DUP,Sethy,BACTERIALBLIGHT2_224,Bacterial Blight,Sethy,BACTERIALBLIGHT_166,Bacterial Blight,hamming_dist_0,False
PERCEPTUAL_NEAR_DUP,Sethy,BACTERIALBLIGHT2_225,Bacterial Blight,Sethy,BACTERIALBLIGHT_129,Bacterial Blight,hamming_dist_0,False
PERCEPTUAL_NEAR_DUP,Sethy,BACTERIALBLIGHT2_226,Bacterial Blight,Sethy,BACTERIALBLIGHT_130,Bacterial Blight,hamming_dist_0,False
PERCEPTUAL_NEAR_DUP,Sethy,BACTERIALBLIGHT2_226,Bacterial Blight,Sethy,BACTERIALBLIGHT_167,Bacterial Blight,hamming_dist_0,False
PERCEPTUAL_NEAR_DUP,Sethy,BACTERIALBLIGHT2_227,Bacterial Blight,Sethy,BACTERIALBLIGHT_131,Bacterial Blight,hamming_dist_0,False
PERCEPTUAL_NEAR_DUP,Sethy,BACTERIALBLIGHT2_228,Bacterial Blight,Sethy,BACTERIALBLIGHT_132,Bacterial Blight,hamming_dist_0,False
PERCEPTUAL_NEAR_DUP,Sethy,BACTERIALBLIGHT2_229,Bacterial Blight,Sethy,BACTERIALBLIGHT_133,Bacterial Blight,hamming_dist_0,False
PERCEPTUAL_NEAR_DUP,Sethy,BACTERIALBLIGHT2_230,Bacterial Blight,Sethy,BACTERIALBLIGHT_134,Bacterial Blight,hamming_dist_0,False
PERCEPTUAL_NEAR_DUP,Sethy,BACTERIALBLIGHT2_231,Bacterial Blight,Sethy,BACTERIALBLIGHT_135,Bacterial Blight,hamming_dist_0,False
PERCEPTUAL_NEAR_DUP,Sethy,BACTERIALBLIGHT2_232,Bacterial Blight,Sethy,BACTERIALBLIGHT_136,Bacterial Blight,hamming_dist_1,False
PERCEPTUAL_NEAR_DUP,Sethy,BACTERIALBLIGHT2_233,Bacterial Blight,Sethy,BACTERIALBLIGHT_137,Bacterial Blight,hamming_dist_0,False
PERCEPTUAL_NEAR_DUP,Sethy,BACTERIALBLIGHT2_234,Bacterial Blight,Sethy,BACTERIALBLIGHT_138,Bacterial Blight,hamming_dist_0,False
PERCEPTUAL_NEAR_DUP,Sethy,BACTERIALBLIGHT2_235,Bacterial Blight,Sethy,BACTERIALBLIGHT_139,Bacterial Blight,hamming_dist_0,False
PERCEPTUAL_NEAR_DUP,Sethy,BACTERIALBLIGHT2_236,Bacterial Blight,Sethy,BACTERIALBLIGHT_140,Bacterial Blight,hamming_dist_0,False
PERCEPTUAL_NEAR_DUP,Sethy,BACTERIALBLIGHT2_238,Bacterial Blight,Sethy,BACTERIALBLIGHT_141,Bacterial Blight,hamming_dist_0,False
PERCEPTUAL_NEAR_DUP,Sethy,BACTERIALBLIGHT2_239,Bacterial Blight,Sethy,BACTERIALBLIGHT_142,Bacterial Blight,hamming_dist_0,False
PERCEPTUAL_NEAR_DUP,Sethy,BACTERIALBLIGHT2_240,Bacterial Blight,Sethy,BACTERIALBLIGHT_143,Bacterial Blight,hamming_dist_0,False
PERCEPTUAL_NEAR_DUP,Sethy,BACTERIALBLIGHT2_241,Bacterial Blight,Sethy,BACTERIALBLIGHT_144,Bacterial Blight,hamming_dist_0,False
PERCEPTUAL_NEAR_DUP,Sethy,BACTERIALBLIGHT2_242,Bacterial Blight,Sethy,BACTERIALBLIGHT_145,Bacterial Blight,hamming_dist_0,False
PERCEPTUAL_NEAR_DUP,Sethy,BACTERIALBLIGHT2_243,Bacterial Blight,Sethy,BACTERIALBLIGHT_146,Bacterial Blight,hamming_dist_0,False
PERCEPTUAL_NEAR_DUP,Sethy,BACTERIALBLIGHT2_244,Bacterial Blight,Sethy,BACTERIALBLIGHT_147,Bacterial Blight,hamming_dist_0,False
PERCEPTUAL_NEAR_DUP,Sethy,BACTERIALBLIGHT2_245,Bacterial Blight,Sethy,BACTERIALBLIGHT_148,Bacterial Blight,hamming_dist_0,False
PERCEPTUAL_NEAR_DUP,Sethy,BACTERIALBLIGHT2_247,Bacterial Blight,Sethy,BACTERIALBLIGHT_150,Bacterial Blight,hamming_dist_0,False
PERCEPTUAL_NEAR_DUP,Sethy,BACTERIALBLIGHT2_248,Bacterial Blight,Sethy,BACTERIALBLIGHT_151,Bacterial Blight,hamming_dist_0,False
PERCEPTUAL_NEAR_DUP,Sethy,BACTERIALBLIGHT2_249,Bacterial Blight,Sethy,BACTERIALBLIGHT_115,Bacterial Blight,hamming_dist_0,False
PERCEPTUAL_NEAR_DUP,Sethy,BACTERIALBLIGHT2_249,Bacterial Blight,Sethy,BACTERIALBLIGHT_152,Bacterial Blight,hamming_dist_0,False
PERCEPTUAL_NEAR_DUP,Sethy,BACTERIALBLIGHT2_250,Bacterial Blight,Sethy,BACTERIALBLIGHT_116,Bacterial Blight,hamming_dist_0,False
PERCEPTUAL_NEAR_DUP,Sethy,BACTERIALBLIGHT2_250,Bacterial Blight,Sethy,BACTERIALBLIGHT_153,Bacterial Blight,hamming_dist_0,False
PERCEPTUAL_NEAR_DUP,Sethy,BACTERIALBLIGHT2_251,Bacterial Blight,Sethy,BACTERIALBLIGHT_154,Bacterial Blight,hamming_dist_0,False
PERCEPTUAL_NEAR_DUP,Sethy,BACTERIALBLIGHT2_251,Bacterial Blight,Sethy,BACTERIALBLIGHT_213,Bacterial Blight,hamming_dist_0,False
PERCEPTUAL_NEAR_DUP,Sethy,BACTERIALBLIGHT2_252,Bacterial Blight,Sethy,BACTERIALBLIGHT_118,Bacterial Blight,hamming_dist_0,False
PERCEPTUAL_NEAR_DUP,Sethy,BACTERIALBLIGHT2_252,Bacterial Blight,Sethy,BACTERIALBLIGHT_155,Bacterial Blight,hamming_dist_0,False
PERCEPTUAL_NEAR_DUP,Sethy,BACTERIALBLIGHT2_253,Bacterial Blight,Sethy,BACTERIALBLIGHT_119,Bacterial Blight,hamming_dist_0,False
PERCEPTUAL_NEAR_DUP,Sethy,BACTERIALBLIGHT2_253,Bacterial Blight,Sethy,BACTERIALBLIGHT_156,Bacterial Blight,hamming_dist_0,False
PERCEPTUAL_NEAR_DUP,Sethy,BACTERIALBLIGHT2_254,Bacterial Blight,Sethy,BACTERIALBLIGHT_120,Bacterial Blight,hamming_dist_0,False
PERCEPTUAL_NEAR_DUP,Sethy,BACTERIALBLIGHT2_254,Bacterial Blight,Sethy,BACTERIALBLIGHT_157,Bacterial Blight,hamming_dist_0,False
PERCEPTUAL_NEAR_DUP,Sethy,BACTERIALBLIGHT2_255,Bacterial Blight,Sethy,BACTERIALBLIGHT_121,Bacterial Blight,hamming_dist_0,False
PERCEPTUAL_NEAR_DUP,Sethy,BACTERIALBLIGHT2_255,Bacterial Blight,Sethy,BACTERIALBLIGHT_158,Bacterial Blight,hamming_dist_0,False
PERCEPTUAL_NEAR_DUP,Sethy,BACTERIALBLIGHT2_256,Bacterial Blight,Sethy,BACTERIALBLIGHT_122,Bacterial Blight,hamming_dist_0,False
PERCEPTUAL_NEAR_DUP,Sethy,BACTERIALBLIGHT2_256,Bacterial Blight,Sethy,BACTERIALBLIGHT_159,Bacterial Blight,hamming_dist_0,False
PERCEPTUAL_NEAR_DUP,Sethy,BACTERIALBLIGHT2_257,Bacterial Blight,Sethy,BACTERIALBLIGHT_123,Bacterial Blight,hamming_dist_0,False
PERCEPTUAL_NEAR_DUP,Sethy,BACTERIALBLIGHT2_257,Bacterial Blight,Sethy,BACTERIALBLIGHT_160,Bacterial Blight,hamming_dist_0,False
PERCEPTUAL_NEAR_DUP,Sethy,BACTERIALBLIGHT2_258,Bacterial Blight,Sethy,BACTERIALBLIGHT_124,Bacterial Blight,hamming_dist_0,False
PERCEPTUAL_NEAR_DUP,Sethy,BACTERIALBLIGHT2_258,Bacterial Blight,Sethy,BACTERIALBLIGHT_161,Bacterial Blight,hamming_dist_0,False
PERCEPTUAL_NEAR_DUP,Sethy,BACTERIALBLIGHT2_259,Bacterial Blight,Sethy,BACTERIALBLIGHT_126,Bacterial Blight,hamming_dist_2,False
PERCEPTUAL_NEAR_DUP,Sethy,BACTERIALBLIGHT2_259,Bacterial Blight,Sethy,BACTERIALBLIGHT_162,Bacterial Blight,hamming_dist_2,False
PERCEPTUAL_NEAR_DUP,Sethy,BACTERIALBLIGHT2_260,Bacterial Blight,Sethy,BACTERIALBLIGHT_127,Bacterial Blight,hamming_dist_0,False
PERCEPTUAL_NEAR_DUP,Sethy,BACTERIALBLIGHT2_260,Bacterial Blight,Sethy,BACTERIALBLIGHT_163,Bacterial Blight,hamming_dist_0,False
PERCEPTUAL_NEAR_DUP,Sethy,BACTERIALBLIGHT2_261,Bacterial Blight,Sethy,BACTERIALBLIGHT_164,Bacterial Blight,hamming_dist_0,False
PERCEPTUAL_NEAR_DUP,Sethy,BACTERIALBLIGHT2_262,Bacterial Blight,Sethy,BACTERIALBLIGHT_165,Bacterial Blight,hamming_dist_1,False
PERCEPTUAL_NEAR_DUP,Sethy,BACTERIALBLIGHT2_263,Bacterial Blight,Sethy,BACTERIALBLIGHT_128,Bacterial Blight,hamming_dist_0,False
PERCEPTUAL_NEAR_DUP,Sethy,BACTERIALBLIGHT2_263,Bacterial Blight,Sethy,BACTERIALBLIGHT_166,Bacterial Blight,hamming_dist_0,False
PERCEPTUAL_NEAR_DUP,Sethy,BACTERIALBLIGHT2_264,Bacterial Blight,Sethy,BACTERIALBLIGHT_130,Bacterial Blight,hamming_dist_0,False
PERCEPTUAL_NEAR_DUP,Sethy,BACTERIALBLIGHT2_264,Bacterial Blight,Sethy,BACTERIALBLIGHT_167,Bacterial Blight,hamming_dist_0,False
PERCEPTUAL_NEAR_DUP,Sethy,BACTERIALBLIGHT_001,Bacterial Blight,Sethy,BACTERIALBLIGHT_015,Bacterial Blight,hamming_dist_0,False
PERCEPTUAL_NEAR_DUP,Sethy,BACTERIALBLIGHT_002,Bacterial Blight,Sethy,BACTERIALBLIGHT_016,Bacterial Blight,hamming_dist_0,False
PERCEPTUAL_NEAR_DUP,Sethy,BACTERIALBLIGHT_003,Bacterial Blight,Sethy,BACTERIALBLIGHT_018,Bacterial Blight,hamming_dist_0,False
PERCEPTUAL_NEAR_DUP,Sethy,BACTERIALBLIGHT_004,Bacterial Blight,Sethy,BACTERIALBLIGHT_017,Bacterial Blight,hamming_dist_0,False
PERCEPTUAL_NEAR_DUP,Sethy,BACTERIALBLIGHT_005,Bacterial Blight,Sethy,BACTERIALBLIGHT_019,Bacterial Blight,hamming_dist_0,False
PERCEPTUAL_NEAR_DUP,Sethy,BACTERIALBLIGHT_006,Bacterial Blight,Sethy,BACTERIALBLIGHT_020,Bacterial Blight,hamming_dist_0,False
PERCEPTUAL_NEAR_DUP,Sethy,BACTERIALBLIGHT_011,Bacterial Blight,Sethy,BACTERIALBLIGHT_013,Bacterial Blight,hamming_dist_0,False
PERCEPTUAL_NEAR_DUP,Sethy,BACTERIALBLIGHT_012,Bacterial Blight,Sethy,BACTERIALBLIGHT_014,Bacterial Blight,hamming_dist_0,False
PERCEPTUAL_NEAR_DUP,Sethy,BACTERIALBLIGHT_029,Bacterial Blight,Sethy,BACTERIALBLIGHT_101,Bacterial Blight,hamming_dist_0,False
PERCEPTUAL_NEAR_DUP,Sethy,BACTERIALBLIGHT_036,Bacterial Blight,Sethy,BACTERIALBLIGHT_109,Bacterial Blight,hamming_dist_1,False
PERCEPTUAL_NEAR_DUP,Sethy,BACTERIALBLIGHT_041,Bacterial Blight,Sethy,BACTERIALBLIGHT_113,Bacterial Blight,hamming_dist_0,False
PERCEPTUAL_NEAR_DUP,Sethy,BACTERIALBLIGHT_064,Bacterial Blight,Sethy,BACTERIALBLIGHT_066,Bacterial Blight,hamming_dist_0,False
PERCEPTUAL_NEAR_DUP,Sethy,BACTERIALBLIGHT_075,Bacterial Blight,Sethy,BACTERIALBLIGHT_185,Bacterial Blight,hamming_dist_1,False
PERCEPTUAL_NEAR_DUP,Sethy,BACTERIALBLIGHT_154,Bacterial Blight,Sethy,BACTERIALBLIGHT_213,Bacterial Blight,hamming_dist_0,False
PERCEPTUAL_NEAR_DUP,Sethy,BACTERIALBLIGHT_219,Bacterial Blight,Sethy,BACTERIALBLIGHT_257,Bacterial Blight,hamming_dist_0,False
PERCEPTUAL_NEAR_DUP,Sethy,BLAST1_001,Blast,Sethy,BLAST3_160,Blast,hamming_dist_0,False
PERCEPTUAL_NEAR_DUP,Sethy,BLAST1_002,Blast,Sethy,BLAST3_082,Blast,hamming_dist_0,False
PERCEPTUAL_NEAR_DUP,Sethy,BLAST1_003,Blast,Sethy,BLAST3_081,Blast,hamming_dist_0,False
PERCEPTUAL_NEAR_DUP,Sethy,BLAST1_004,Blast,Sethy,BLAST3_084,Blast,hamming_dist_0,False
PERCEPTUAL_NEAR_DUP,Sethy,BLAST1_005,Blast,Sethy,BLAST3_083,Blast,hamming_dist_1,False
PERCEPTUAL_NEAR_DUP,Sethy,BLAST1_006,Blast,Sethy,BLAST3_086,Blast,hamming_dist_0,False
PERCEPTUAL_NEAR_DUP,Sethy,BLAST1_007,Blast,Sethy,BLAST3_085,Blast,hamming_dist_1,False
PERCEPTUAL_NEAR_DUP,Sethy,BLAST1_008,Blast,Sethy,BLAST3_088,Blast,hamming_dist_0,False
PERCEPTUAL_NEAR_DUP,Sethy,BLAST1_009,Blast,Sethy,BLAST3_087,Blast,hamming_dist_1,False
PERCEPTUAL_NEAR_DUP,Sethy,BLAST1_009,Blast,Sethy,BLAST3_099,Blast,hamming_dist_4,False
PERCEPTUAL_NEAR_DUP,Sethy,BLAST1_010,Blast,Sethy,BLAST3_090,Blast,hamming_dist_0,False
PERCEPTUAL_NEAR_DUP,Sethy,BLAST1_011,Blast,Sethy,BLAST3_089,Blast,hamming_dist_0,False
PERCEPTUAL_NEAR_DUP,Sethy,BLAST1_012,Blast,Sethy,BLAST3_092,Blast,hamming_dist_0,False
PERCEPTUAL_NEAR_DUP,Sethy,BLAST1_013,Blast,Sethy,BLAST3_091,Blast,hamming_dist_1,False
PERCEPTUAL_NEAR_DUP,Sethy,BLAST1_014,Blast,Sethy,BLAST3_094,Blast,hamming_dist_0,False
PERCEPTUAL_NEAR_DUP,Sethy,BLAST1_015,Blast,Sethy,BLAST3_093,Blast,hamming_dist_0,False
PERCEPTUAL_NEAR_DUP,Sethy,BLAST1_016,Blast,Sethy,BLAST3_096,Blast,hamming_dist_0,False
PERCEPTUAL_NEAR_DUP,Sethy,BLAST1_017,Blast,Sethy,BLAST3_095,Blast,hamming_dist_1,False
PERCEPTUAL_NEAR_DUP,Sethy,BLAST1_018,Blast,Sethy,BLAST3_098,Blast,hamming_dist_0,False
PERCEPTUAL_NEAR_DUP,Sethy,BLAST1_019,Blast,Sethy,BLAST3_097,Blast,hamming_dist_0,False
PERCEPTUAL_NEAR_DUP,Sethy,BLAST1_020,Blast,Sethy,BLAST3_100,Blast,hamming_dist_0,False
PERCEPTUAL_NEAR_DUP,Sethy,BLAST1_021,Blast,Sethy,BLAST3_099,Blast,hamming_dist_3,False
PERCEPTUAL_NEAR_DUP,Sethy,BLAST1_022,Blast,Sethy,BLAST3_102,Blast,hamming_dist_0,False
PERCEPTUAL_NEAR_DUP,Sethy,BLAST1_023,Blast,Sethy,BLAST3_101,Blast,hamming_dist_0,False
PERCEPTUAL_NEAR_DUP,Sethy,BLAST1_024,Blast,Sethy,BLAST3_104,Blast,hamming_dist_0,False
PERCEPTUAL_NEAR_DUP,Sethy,BLAST1_025,Blast,Sethy,BLAST3_103,Blast,hamming_dist_0,False
PERCEPTUAL_NEAR_DUP,Sethy,BLAST1_026,Blast,Sethy,BLAST3_106,Blast,hamming_dist_1,False
PERCEPTUAL_NEAR_DUP,Sethy,BLAST1_027,Blast,Sethy,BLAST3_105,Blast,hamming_dist_0,False
PERCEPTUAL_NEAR_DUP,Sethy,BLAST1_028,Blast,Sethy,BLAST3_108,Blast,hamming_dist_0,False
PERCEPTUAL_NEAR_DUP,Sethy,BLAST1_029,Blast,Sethy,BLAST3_107,Blast,hamming_dist_1,False
PERCEPTUAL_NEAR_DUP,Sethy,BLAST1_030,Blast,Sethy,BLAST3_110,Blast,hamming_dist_0,False
PERCEPTUAL_NEAR_DUP,Sethy,BLAST1_031,Blast,Sethy,BLAST3_109,Blast,hamming_dist_0,False
PERCEPTUAL_NEAR_DUP,Sethy,BLAST1_032,Blast,Sethy,BLAST3_112,Blast,hamming_dist_0,False
PERCEPTUAL_NEAR_DUP,Sethy,BLAST1_033,Blast,Sethy,BLAST1_035,Blast,hamming_dist_2,False
PERCEPTUAL_NEAR_DUP,Sethy,BLAST1_033,Blast,Sethy,BLAST3_111,Blast,hamming_dist_1,False
PERCEPTUAL_NEAR_DUP,Sethy,BLAST1_033,Blast,Sethy,BLAST3_113,Blast,hamming_dist_3,False
PERCEPTUAL_NEAR_DUP,Sethy,BLAST1_034,Blast,Sethy,BLAST3_114,Blast,hamming_dist_0,False
PERCEPTUAL_NEAR_DUP,Sethy,BLAST1_035,Blast,Sethy,BLAST3_111,Blast,hamming_dist_3,False
PERCEPTUAL_NEAR_DUP,Sethy,BLAST1_035,Blast,Sethy,BLAST3_113,Blast,hamming_dist_1,False
PERCEPTUAL_NEAR_DUP,Sethy,BLAST1_036,Blast,Sethy,BLAST3_116,Blast,hamming_dist_0,False
PERCEPTUAL_NEAR_DUP,Sethy,BLAST1_037,Blast,Sethy,BLAST3_115,Blast,hamming_dist_0,False
PERCEPTUAL_NEAR_DUP,Sethy,BLAST1_038,Blast,Sethy,BLAST3_118,Blast,hamming_dist_0,False
PERCEPTUAL_NEAR_DUP,Sethy,BLAST1_039,Blast,Sethy,BLAST3_117,Blast,hamming_dist_0,False
PERCEPTUAL_NEAR_DUP,Sethy,BLAST1_040,Blast,Sethy,BLAST3_120,Blast,hamming_dist_0,False
PERCEPTUAL_NEAR_DUP,Sethy,BLAST1_041,Blast,Sethy,BLAST3_119,Blast,hamming_dist_0,False
PERCEPTUAL_NEAR_DUP,Sethy,BLAST1_042,Blast,Sethy,BLAST3_122,Blast,hamming_dist_0,False
PERCEPTUAL_NEAR_DUP,Sethy,BLAST1_043,Blast,Sethy,BLAST3_121,Blast,hamming_dist_0,False
PERCEPTUAL_NEAR_DUP,Sethy,BLAST1_044,Blast,Sethy,BLAST3_124,Blast,hamming_dist_0,False
PERCEPTUAL_NEAR_DUP,Sethy,BLAST1_045,Blast,Sethy,BLAST3_123,Blast,hamming_dist_0,False
PERCEPTUAL_NEAR_DUP,Sethy,BLAST1_046,Blast,Sethy,BLAST3_126,Blast,hamming_dist_0,False
PERCEPTUAL_NEAR_DUP,Sethy,BLAST1_047,Blast,Sethy,BLAST3_125,Blast,hamming_dist_0,False
PERCEPTUAL_NEAR_DUP,Sethy,BLAST1_048,Blast,Sethy,BLAST3_127,Blast,hamming_dist_0,False
PERCEPTUAL_NEAR_DUP,Sethy,BLAST1_049,Blast,Sethy,BLAST3_128,Blast,hamming_dist_0,False
PERCEPTUAL_NEAR_DUP,Sethy,BLAST1_050,Blast,Sethy,BLAST3_129,Blast,hamming_dist_0,False
PERCEPTUAL_NEAR_DUP,Sethy,BLAST1_051,Blast,Sethy,BLAST3_130,Blast,hamming_dist_1,False
PERCEPTUAL_NEAR_DUP,Sethy,BLAST1_052,Blast,Sethy,BLAST3_131,Blast,hamming_dist_0,False
PERCEPTUAL_NEAR_DUP,Sethy,BLAST1_053,Blast,Sethy,BLAST3_132,Blast,hamming_dist_0,False
PERCEPTUAL_NEAR_DUP,Sethy,BLAST1_054,Blast,Sethy,BLAST3_133,Blast,hamming_dist_0,False
PERCEPTUAL_NEAR_DUP,Sethy,BLAST1_055,Blast,Sethy,BLAST3_134,Blast,hamming_dist_0,False
PERCEPTUAL_NEAR_DUP,Sethy,BLAST1_056,Blast,Sethy,BLAST3_135,Blast,hamming_dist_0,False
PERCEPTUAL_NEAR_DUP,Sethy,BLAST1_057,Blast,Sethy,BLAST3_136,Blast,hamming_dist_0,False
PERCEPTUAL_NEAR_DUP,Sethy,BLAST1_058,Blast,Sethy,BLAST3_137,Blast,hamming_dist_0,False
PERCEPTUAL_NEAR_DUP,Sethy,BLAST1_059,Blast,Sethy,BLAST3_138,Blast,hamming_dist_1,False
PERCEPTUAL_NEAR_DUP,Sethy,BLAST1_060,Blast,Sethy,BLAST3_139,Blast,hamming_dist_0,False
PERCEPTUAL_NEAR_DUP,Sethy,BLAST1_061,Blast,Sethy,BLAST3_140,Blast,hamming_dist_2,False
PERCEPTUAL_NEAR_DUP,Sethy,BLAST1_062,Blast,Sethy,BLAST3_141,Blast,hamming_dist_0,False
PERCEPTUAL_NEAR_DUP,Sethy,BLAST1_063,Blast,Sethy,BLAST3_142,Blast,hamming_dist_0,False
PERCEPTUAL_NEAR_DUP,Sethy,BLAST1_064,Blast,Sethy,BLAST3_143,Blast,hamming_dist_1,False
PERCEPTUAL_NEAR_DUP,Sethy,BLAST1_065,Blast,Sethy,BLAST3_144,Blast,hamming_dist_0,False
PERCEPTUAL_NEAR_DUP,Sethy,BLAST1_066,Blast,Sethy,BLAST3_145,Blast,hamming_dist_0,False
PERCEPTUAL_NEAR_DUP,Sethy,BLAST1_067,Blast,Sethy,BLAST3_146,Blast,hamming_dist_0,False
PERCEPTUAL_NEAR_DUP,Sethy,BLAST1_068,Blast,Sethy,BLAST3_147,Blast,hamming_dist_0,False
PERCEPTUAL_NEAR_DUP,Sethy,BLAST1_069,Blast,Sethy,BLAST3_148,Blast,hamming_dist_0,False
PERCEPTUAL_NEAR_DUP,Sethy,BLAST1_070,Blast,Sethy,BLAST3_149,Blast,hamming_dist_0,False
PERCEPTUAL_NEAR_DUP,Sethy,BLAST1_071,Blast,Sethy,BLAST3_150,Blast,hamming_dist_1,False
PERCEPTUAL_NEAR_DUP,Sethy,BLAST1_072,Blast,Sethy,BLAST3_151,Blast,hamming_dist_0,False
PERCEPTUAL_NEAR_DUP,Sethy,BLAST1_073,Blast,Sethy,BLAST3_152,Blast,hamming_dist_0,False
PERCEPTUAL_NEAR_DUP,Sethy,BLAST1_074,Blast,Sethy,BLAST3_153,Blast,hamming_dist_0,False
PERCEPTUAL_NEAR_DUP,Sethy,BLAST1_075,Blast,Sethy,BLAST3_154,Blast,hamming_dist_1,False
PERCEPTUAL_NEAR_DUP,Sethy,BLAST1_076,Blast,Sethy,BLAST3_155,Blast,hamming_dist_0,False
PERCEPTUAL_NEAR_DUP,Sethy,BLAST1_077,Blast,Sethy,BLAST3_156,Blast,hamming_dist_1,False
PERCEPTUAL_NEAR_DUP,Sethy,BLAST1_078,Blast,Sethy,BLAST3_157,Blast,hamming_dist_1,False
PERCEPTUAL_NEAR_DUP,Sethy,BLAST1_079,Blast,Sethy,BLAST3_158,Blast,hamming_dist_0,False
PERCEPTUAL_NEAR_DUP,Sethy,BLAST1_080,Blast,Sethy,BLAST3_159,Blast,hamming_dist_0,False
PERCEPTUAL_NEAR_DUP,Sethy,BLAST1_081,Blast,Sethy,BLAST3_003,Blast,hamming_dist_0,False
PERCEPTUAL_NEAR_DUP,Sethy,BLAST1_082,Blast,Sethy,BLAST3_002,Blast,hamming_dist_0,False
PERCEPTUAL_NEAR_DUP,Sethy,BLAST1_083,Blast,Sethy,BLAST3_005,Blast,hamming_dist_0,False
PERCEPTUAL_NEAR_DUP,Sethy,BLAST1_084,Blast,Sethy,BLAST3_004,Blast,hamming_dist_0,False
PERCEPTUAL_NEAR_DUP,Sethy,BLAST1_085,Blast,Sethy,BLAST3_007,Blast,hamming_dist_0,False
PERCEPTUAL_NEAR_DUP,Sethy,BLAST1_086,Blast,Sethy,BLAST3_006,Blast,hamming_dist_0,False
PERCEPTUAL_NEAR_DUP,Sethy,BLAST1_087,Blast,Sethy,BLAST3_009,Blast,hamming_dist_1,False
PERCEPTUAL_NEAR_DUP,Sethy,BLAST1_087,Blast,Sethy,BLAST3_087,Blast,hamming_dist_4,False
PERCEPTUAL_NEAR_DUP,Sethy,BLAST1_088,Blast,Sethy,BLAST3_008,Blast,hamming_dist_0,False
PERCEPTUAL_NEAR_DUP,Sethy,BLAST1_089,Blast,Sethy,BLAST3_011,Blast,hamming_dist_0,False
PERCEPTUAL_NEAR_DUP,Sethy,BLAST1_090,Blast,Sethy,BLAST3_010,Blast,hamming_dist_0,False
PERCEPTUAL_NEAR_DUP,Sethy,BLAST1_091,Blast,Sethy,BLAST3_013,Blast,hamming_dist_0,False
PERCEPTUAL_NEAR_DUP,Sethy,BLAST1_092,Blast,Sethy,BLAST3_012,Blast,hamming_dist_0,False
PERCEPTUAL_NEAR_DUP,Sethy,BLAST1_093,Blast,Sethy,BLAST3_015,Blast,hamming_dist_0,False
PERCEPTUAL_NEAR_DUP,Sethy,BLAST1_094,Blast,Sethy,BLAST3_014,Blast,hamming_dist_0,False
PERCEPTUAL_NEAR_DUP,Sethy,BLAST1_095,Blast,Sethy,BLAST3_017,Blast,hamming_dist_1,False
PERCEPTUAL_NEAR_DUP,Sethy,BLAST1_096,Blast,Sethy,BLAST3_016,Blast,hamming_dist_0,False
PERCEPTUAL_NEAR_DUP,Sethy,BLAST1_097,Blast,Sethy,BLAST3_019,Blast,hamming_dist_0,False
PERCEPTUAL_NEAR_DUP,Sethy,BLAST1_098,Blast,Sethy,BLAST3_018,Blast,hamming_dist_0,False
PERCEPTUAL_NEAR_DUP,Sethy,BLAST1_099,Blast,Sethy,BLAST3_009,Blast,hamming_dist_4,False
PERCEPTUAL_NEAR_DUP,Sethy,BLAST1_099,Blast,Sethy,BLAST3_021,Blast,hamming_dist_0,False
PERCEPTUAL_NEAR_DUP,Sethy,BLAST1_100,Blast,Sethy,BLAST3_020,Blast,hamming_dist_0,False
PERCEPTUAL_NEAR_DUP,Sethy,BLAST1_101,Blast,Sethy,BLAST3_023,Blast,hamming_dist_0,False
PERCEPTUAL_NEAR_DUP,Sethy,BLAST1_102,Blast,Sethy,BLAST3_022,Blast,hamming_dist_0,False
PERCEPTUAL_NEAR_DUP,Sethy,BLAST1_103,Blast,Sethy,BLAST3_025,Blast,hamming_dist_0,False
PERCEPTUAL_NEAR_DUP,Sethy,BLAST1_104,Blast,Sethy,BLAST3_024,Blast,hamming_dist_0,False
PERCEPTUAL_NEAR_DUP,Sethy,BLAST1_105,Blast,Sethy,BLAST3_027,Blast,hamming_dist_0,False
PERCEPTUAL_NEAR_DUP,Sethy,BLAST1_106,Blast,Sethy,BLAST3_026,Blast,hamming_dist_0,False
PERCEPTUAL_NEAR_DUP,Sethy,BLAST1_107,Blast,Sethy,BLAST3_029,Blast,hamming_dist_2,False
PERCEPTUAL_NEAR_DUP,Sethy,BLAST1_108,Blast,Sethy,BLAST3_028,Blast,hamming_dist_0,False
PERCEPTUAL_NEAR_DUP,Sethy,BLAST1_109,Blast,Sethy,BLAST3_031,Blast,hamming_dist_0,False
PERCEPTUAL_NEAR_DUP,Sethy,BLAST1_110,Blast,Sethy,BLAST3_030,Blast,hamming_dist_0,False
PERCEPTUAL_NEAR_DUP,Sethy,BLAST1_111,Blast,Sethy,BLAST1_113,Blast,hamming_dist_2,False
PERCEPTUAL_NEAR_DUP,Sethy,BLAST1_111,Blast,Sethy,BLAST3_033,Blast,hamming_dist_0,False
PERCEPTUAL_NEAR_DUP,Sethy,BLAST1_111,Blast,Sethy,BLAST3_035,Blast,hamming_dist_2,False
PERCEPTUAL_NEAR_DUP,Sethy,BLAST1_112,Blast,Sethy,BLAST1_120,Blast,hamming_dist_4,False
PERCEPTUAL_NEAR_DUP,Sethy,BLAST1_112,Blast,Sethy,BLAST3_032,Blast,hamming_dist_0,False
PERCEPTUAL_NEAR_DUP,Sethy,BLAST1_112,Blast,Sethy,BLAST3_040,Blast,hamming_dist_4,False
PERCEPTUAL_NEAR_DUP,Sethy,BLAST1_113,Blast,Sethy,BLAST3_033,Blast,hamming_dist_2,False
PERCEPTUAL_NEAR_DUP,Sethy,BLAST1_113,Blast,Sethy,BLAST3_035,Blast,hamming_dist_0,False
PERCEPTUAL_NEAR_DUP,Sethy,BLAST1_114,Blast,Sethy,BLAST3_034,Blast,hamming_dist_0,False
PERCEPTUAL_NEAR_DUP,Sethy,BLAST1_115,Blast,Sethy,BLAST3_037,Blast,hamming_dist_0,False
PERCEPTUAL_NEAR_DUP,Sethy,BLAST1_116,Blast,Sethy,BLAST3_036,Blast,hamming_dist_0,False
PERCEPTUAL_NEAR_DUP,Sethy,BLAST1_117,Blast,Sethy,BLAST3_039,Blast,hamming_dist_2,False
PERCEPTUAL_NEAR_DUP,Sethy,BLAST1_118,Blast,Sethy,BLAST3_038,Blast,hamming_dist_0,False
PERCEPTUAL_NEAR_DUP,Sethy,BLAST1_119,Blast,Sethy,BLAST3_041,Blast,hamming_dist_0,False
PERCEPTUAL_NEAR_DUP,Sethy,BLAST1_120,Blast,Sethy,BLAST3_032,Blast,hamming_dist_4,False
PERCEPTUAL_NEAR_DUP,Sethy,BLAST1_120,Blast,Sethy,BLAST3_040,Blast,hamming_dist_0,False
PERCEPTUAL_NEAR_DUP,Sethy,BLAST1_121,Blast,Sethy,BLAST3_043,Blast,hamming_dist_2,False
PERCEPTUAL_NEAR_DUP,Sethy,BLAST1_122,Blast,Sethy,BLAST3_042,Blast,hamming_dist_0,False
PERCEPTUAL_NEAR_DUP,Sethy,BLAST1_123,Blast,Sethy,BLAST3_045,Blast,hamming_dist_0,False
PERCEPTUAL_NEAR_DUP,Sethy,BLAST1_124,Blast,Sethy,BLAST3_044,Blast,hamming_dist_0,False
PERCEPTUAL_NEAR_DUP,Sethy,BLAST1_125,Blast,Sethy,BLAST3_047,Blast,hamming_dist_1,False
PERCEPTUAL_NEAR_DUP,Sethy,BLAST1_126,Blast,Sethy,BLAST3_046,Blast,hamming_dist_0,False
PERCEPTUAL_NEAR_DUP,Sethy,BLAST1_127,Blast,Sethy,BLAST3_048,Blast,hamming_dist_1,False
PERCEPTUAL_NEAR_DUP,Sethy,BLAST1_128,Blast,Sethy,BLAST3_049,Blast,hamming_dist_0,False
PERCEPTUAL_NEAR_DUP,Sethy,BLAST1_129,Blast,Sethy,BLAST3_050,Blast,hamming_dist_0,False
PERCEPTUAL_NEAR_DUP,Sethy,BLAST1_130,Blast,Sethy,BLAST3_051,Blast,hamming_dist_0,False
PERCEPTUAL_NEAR_DUP,Sethy,BLAST1_131,Blast,Sethy,BLAST3_052,Blast,hamming_dist_0,False
PERCEPTUAL_NEAR_DUP,Sethy,BLAST1_132,Blast,Sethy,BLAST3_053,Blast,hamming_dist_0,False
PERCEPTUAL_NEAR_DUP,Sethy,BLAST1_133,Blast,Sethy,BLAST3_054,Blast,hamming_dist_0,False
PERCEPTUAL_NEAR_DUP,Sethy,BLAST1_134,Blast,Sethy,BLAST3_055,Blast,hamming_dist_0,False
PERCEPTUAL_NEAR_DUP,Sethy,BLAST1_135,Blast,Sethy,BLAST3_056,Blast,hamming_dist_0,False
PERCEPTUAL_NEAR_DUP,Sethy,BLAST1_136,Blast,Sethy,BLAST3_057,Blast,hamming_dist_0,False
PERCEPTUAL_NEAR_DUP,Sethy,BLAST1_137,Blast,Sethy,BLAST3_058,Blast,hamming_dist_0,False
PERCEPTUAL_NEAR_DUP,Sethy,BLAST1_138,Blast,Sethy,BLAST3_059,Blast,hamming_dist_0,False
PERCEPTUAL_NEAR_DUP,Sethy,BLAST1_139,Blast,Sethy,BLAST3_060,Blast,hamming_dist_1,False
PERCEPTUAL_NEAR_DUP,Sethy,BLAST1_140,Blast,Sethy,BLAST3_061,Blast,hamming_dist_0,False
PERCEPTUAL_NEAR_DUP,Sethy,BLAST1_141,Blast,Sethy,BLAST3_062,Blast,hamming_dist_0,False
PERCEPTUAL_NEAR_DUP,Sethy,BLAST1_142,Blast,Sethy,BLAST3_063,Blast,hamming_dist_1,False
PERCEPTUAL_NEAR_DUP,Sethy,BLAST1_143,Blast,Sethy,BLAST3_064,Blast,hamming_dist_0,False
PERCEPTUAL_NEAR_DUP,Sethy,BLAST1_144,Blast,Sethy,BLAST3_065,Blast,hamming_dist_1,False
PERCEPTUAL_NEAR_DUP,Sethy,BLAST1_145,Blast,Sethy,BLAST3_066,Blast,hamming_dist_0,False
PERCEPTUAL_NEAR_DUP,Sethy,BLAST1_146,Blast,Sethy,BLAST3_067,Blast,hamming_dist_0,False
PERCEPTUAL_NEAR_DUP,Sethy,BLAST1_147,Blast,Sethy,BLAST3_068,Blast,hamming_dist_1,False
PERCEPTUAL_NEAR_DUP,Sethy,BLAST1_148,Blast,Sethy,BLAST3_069,Blast,hamming_dist_0,False
PERCEPTUAL_NEAR_DUP,Sethy,BLAST1_149,Blast,Sethy,BLAST3_070,Blast,hamming_dist_1,False
PERCEPTUAL_NEAR_DUP,Sethy,BLAST1_150,Blast,Sethy,BLAST3_071,Blast,hamming_dist_1,False
PERCEPTUAL_NEAR_DUP,Sethy,BLAST1_151,Blast,Sethy,BLAST3_072,Blast,hamming_dist_0,False
PERCEPTUAL_NEAR_DUP,Sethy,BLAST1_152,Blast,Sethy,BLAST3_073,Blast,hamming_dist_0,False
PERCEPTUAL_NEAR_DUP,Sethy,BLAST1_153,Blast,Sethy,BLAST3_074,Blast,hamming_dist_0,False
PERCEPTUAL_NEAR_DUP,Sethy,BLAST1_154,Blast,Sethy,BLAST3_075,Blast,hamming_dist_0,False
PERCEPTUAL_NEAR_DUP,Sethy,BLAST1_155,Blast,Sethy,BLAST3_076,Blast,hamming_dist_0,False
PERCEPTUAL_NEAR_DUP,Sethy,BLAST1_156,Blast,Sethy,BLAST3_077,Blast,hamming_dist_0,False
PERCEPTUAL_NEAR_DUP,Sethy,BLAST1_157,Blast,Sethy,BLAST3_078,Blast,hamming_dist_0,False
PERCEPTUAL_NEAR_DUP,Sethy,BLAST1_158,Blast,Sethy,BLAST3_079,Blast,hamming_dist_0,False
PERCEPTUAL_NEAR_DUP,Sethy,BLAST1_159,Blast,Sethy,BLAST3_080,Blast,hamming_dist_0,False
PERCEPTUAL_NEAR_DUP,Sethy,BLAST1_160,Blast,Sethy,BLAST3_001,Blast,hamming_dist_0,False
PERCEPTUAL_NEAR_DUP,Sethy,BLAST2_001,Blast,Sethy,BLAST4_160,Blast,hamming_dist_0,False
PERCEPTUAL_NEAR_DUP,Sethy,BLAST2_002,Blast,Sethy,BLAST4_082,Blast,hamming_dist_0,False
PERCEPTUAL_NEAR_DUP,Sethy,BLAST2_003,Blast,Sethy,BLAST4_081,Blast,hamming_dist_0,False
PERCEPTUAL_NEAR_DUP,Sethy,BLAST2_004,Blast,Sethy,BLAST4_084,Blast,hamming_dist_0,False
PERCEPTUAL_NEAR_DUP,Sethy,BLAST2_005,Blast,Sethy,BLAST4_083,Blast,hamming_dist_1,False
PERCEPTUAL_NEAR_DUP,Sethy,BLAST2_005,Blast,Sethy,BLAST4_099,Blast,hamming_dist_4,False
PERCEPTUAL_NEAR_DUP,Sethy,BLAST2_006,Blast,Sethy,BLAST4_086,Blast,hamming_dist_0,False
PERCEPTUAL_NEAR_DUP,Sethy,BLAST2_007,Blast,Sethy,BLAST4_085,Blast,hamming_dist_0,False
PERCEPTUAL_NEAR_DUP,Sethy,BLAST2_008,Blast,Sethy,BLAST4_088,Blast,hamming_dist_0,False
PERCEPTUAL_NEAR_DUP,Sethy,BLAST2_009,Blast,Sethy,BLAST4_087,Blast,hamming_dist_0,False
PERCEPTUAL_NEAR_DUP,Sethy,BLAST2_010,Blast,Sethy,BLAST4_090,Blast,hamming_dist_0,False
PERCEPTUAL_NEAR_DUP,Sethy,BLAST2_011,Blast,Sethy,BLAST4_089,Blast,hamming_dist_1,False
PERCEPTUAL_NEAR_DUP,Sethy,BLAST2_012,Blast,Sethy,BLAST4_092,Blast,hamming_dist_0,False
PERCEPTUAL_NEAR_DUP,Sethy,BLAST2_013,Blast,Sethy,BLAST4_091,Blast,hamming_dist_0,False
PERCEPTUAL_NEAR_DUP,Sethy,BLAST2_014,Blast,Sethy,BLAST4_094,Blast,hamming_dist_0,False
PERCEPTUAL_NEAR_DUP,Sethy,BLAST2_015,Blast,Sethy,BLAST4_093,Blast,hamming_dist_0,False
PERCEPTUAL_NEAR_DUP,Sethy,BLAST2_016,Blast,Sethy,BLAST4_096,Blast,hamming_dist_0,False
PERCEPTUAL_NEAR_DUP,Sethy,BLAST2_017,Blast,Sethy,BLAST4_095,Blast,hamming_dist_1,False
PERCEPTUAL_NEAR_DUP,Sethy,BLAST2_018,Blast,Sethy,BLAST4_098,Blast,hamming_dist_0,False
PERCEPTUAL_NEAR_DUP,Sethy,BLAST2_019,Blast,Sethy,BLAST4_097,Blast,hamming_dist_2,False
PERCEPTUAL_NEAR_DUP,Sethy,BLAST2_020,Blast,Sethy,BLAST4_100,Blast,hamming_dist_0,False
PERCEPTUAL_NEAR_DUP,Sethy,BLAST2_021,Blast,Sethy,BLAST4_099,Blast,hamming_dist_1,False
PERCEPTUAL_NEAR_DUP,Sethy,BLAST2_022,Blast,Sethy,BLAST4_102,Blast,hamming_dist_0,False
PERCEPTUAL_NEAR_DUP,Sethy,BLAST2_023,Blast,Sethy,BLAST4_101,Blast,hamming_dist_0,False
PERCEPTUAL_NEAR_DUP,Sethy,BLAST2_024,Blast,Sethy,BLAST4_104,Blast,hamming_dist_0,False
PERCEPTUAL_NEAR_DUP,Sethy,BLAST2_025,Blast,Sethy,BLAST4_103,Blast,hamming_dist_0,False
PERCEPTUAL_NEAR_DUP,Sethy,BLAST2_026,Blast,Sethy,BLAST4_106,Blast,hamming_dist_0,False
PERCEPTUAL_NEAR_DUP,Sethy,BLAST2_027,Blast,Sethy,BLAST4_105,Blast,hamming_dist_1,False
PERCEPTUAL_NEAR_DUP,Sethy,BLAST2_028,Blast,Sethy,BLAST4_108,Blast,hamming_dist_0,False
PERCEPTUAL_NEAR_DUP,Sethy,BLAST2_029,Blast,Sethy,BLAST4_107,Blast,hamming_dist_0,False
PERCEPTUAL_NEAR_DUP,Sethy,BLAST2_030,Blast,Sethy,BLAST4_110,Blast,hamming_dist_0,False
PERCEPTUAL_NEAR_DUP,Sethy,BLAST2_031,Blast,Sethy,BLAST4_109,Blast,hamming_dist_0,False
PERCEPTUAL_NEAR_DUP,Sethy,BLAST2_032,Blast,Sethy,BLAST4_112,Blast,hamming_dist_0,False
PERCEPTUAL_NEAR_DUP,Sethy,BLAST2_033,Blast,Sethy,BLAST2_035,Blast,hamming_dist_4,False
PERCEPTUAL_NEAR_DUP,Sethy,BLAST2_033,Blast,Sethy,BLAST4_111,Blast,hamming_dist_1,False
PERCEPTUAL_NEAR_DUP,Sethy,BLAST2_033,Blast,Sethy,BLAST4_113,Blast,hamming_dist_4,False
PERCEPTUAL_NEAR_DUP,Sethy,BLAST2_034,Blast,Sethy,BLAST4_114,Blast,hamming_dist_0,False
PERCEPTUAL_NEAR_DUP,Sethy,BLAST2_035,Blast,Sethy,BLAST4_111,Blast,hamming_dist_3,False
PERCEPTUAL_NEAR_DUP,Sethy,BLAST2_035,Blast,Sethy,BLAST4_113,Blast,hamming_dist_0,False
PERCEPTUAL_NEAR_DUP,Sethy,BLAST2_036,Blast,Sethy,BLAST4_116,Blast,hamming_dist_0,False
PERCEPTUAL_NEAR_DUP,Sethy,BLAST2_037,Blast,Sethy,BLAST4_115,Blast,hamming_dist_0,False
PERCEPTUAL_NEAR_DUP,Sethy,BLAST2_038,Blast,Sethy,BLAST4_118,Blast,hamming_dist_0,False
PERCEPTUAL_NEAR_DUP,Sethy,BLAST2_039,Blast,Sethy,BLAST4_117,Blast,hamming_dist_0,False
PERCEPTUAL_NEAR_DUP,Sethy,BLAST2_040,Blast,Sethy,BLAST4_120,Blast,hamming_dist_0,False
PERCEPTUAL_NEAR_DUP,Sethy,BLAST2_041,Blast,Sethy,BLAST4_119,Blast,hamming_dist_0,False
PERCEPTUAL_NEAR_DUP,Sethy,BLAST2_042,Blast,Sethy,BLAST4_122,Blast,hamming_dist_0,False
PERCEPTUAL_NEAR_DUP,Sethy,BLAST2_043,Blast,Sethy,BLAST4_121,Blast,hamming_dist_1,False
PERCEPTUAL_NEAR_DUP,Sethy,BLAST2_044,Blast,Sethy,BLAST4_124,Blast,hamming_dist_0,False
PERCEPTUAL_NEAR_DUP,Sethy,BLAST2_045,Blast,Sethy,BLAST4_123,Blast,hamming_dist_0,False
PERCEPTUAL_NEAR_DUP,Sethy,BLAST2_046,Blast,Sethy,BLAST4_126,Blast,hamming_dist_0,False
PERCEPTUAL_NEAR_DUP,Sethy,BLAST2_047,Blast,Sethy,BLAST4_125,Blast,hamming_dist_0,False
PERCEPTUAL_NEAR_DUP,Sethy,BLAST2_048,Blast,Sethy,BLAST4_127,Blast,hamming_dist_0,False
PERCEPTUAL_NEAR_DUP,Sethy,BLAST2_049,Blast,Sethy,BLAST4_128,Blast,hamming_dist_0,False
PERCEPTUAL_NEAR_DUP,Sethy,BLAST2_050,Blast,Sethy,BLAST4_129,Blast,hamming_dist_0,False
PERCEPTUAL_NEAR_DUP,Sethy,BLAST2_051,Blast,Sethy,BLAST4_130,Blast,hamming_dist_1,False
PERCEPTUAL_NEAR_DUP,Sethy,BLAST2_052,Blast,Sethy,BLAST4_131,Blast,hamming_dist_0,False
PERCEPTUAL_NEAR_DUP,Sethy,BLAST2_053,Blast,Sethy,BLAST4_132,Blast,hamming_dist_0,False
PERCEPTUAL_NEAR_DUP,Sethy,BLAST2_054,Blast,Sethy,BLAST4_133,Blast,hamming_dist_0,False
PERCEPTUAL_NEAR_DUP,Sethy,BLAST2_055,Blast,Sethy,BLAST4_134,Blast,hamming_dist_0,False
PERCEPTUAL_NEAR_DUP,Sethy,BLAST2_056,Blast,Sethy,BLAST4_135,Blast,hamming_dist_0,False
PERCEPTUAL_NEAR_DUP,Sethy,BLAST2_057,Blast,Sethy,BLAST4_136,Blast,hamming_dist_1,False
PERCEPTUAL_NEAR_DUP,Sethy,BLAST2_058,Blast,Sethy,BLAST4_137,Blast,hamming_dist_0,False
PERCEPTUAL_NEAR_DUP,Sethy,BLAST2_059,Blast,Sethy,BLAST4_138,Blast,hamming_dist_0,False
PERCEPTUAL_NEAR_DUP,Sethy,BLAST2_060,Blast,Sethy,BLAST4_139,Blast,hamming_dist_0,False
PERCEPTUAL_NEAR_DUP,Sethy,BLAST2_061,Blast,Sethy,BLAST4_140,Blast,hamming_dist_0,False
PERCEPTUAL_NEAR_DUP,Sethy,BLAST2_062,Blast,Sethy,BLAST4_141,Blast,hamming_dist_1,False
PERCEPTUAL_NEAR_DUP,Sethy,BLAST2_063,Blast,Sethy,BLAST4_142,Blast,hamming_dist_1,False
PERCEPTUAL_NEAR_DUP,Sethy,BLAST2_064,Blast,Sethy,BLAST4_143,Blast,hamming_dist_0,False
PERCEPTUAL_NEAR_DUP,Sethy,BLAST2_065,Blast,Sethy,BLAST4_144,Blast,hamming_dist_0,False
PERCEPTUAL_NEAR_DUP,Sethy,BLAST2_066,Blast,Sethy,BLAST4_145,Blast,hamming_dist_0,False
PERCEPTUAL_NEAR_DUP,Sethy,BLAST2_067,Blast,Sethy,BLAST4_146,Blast,hamming_dist_1,False
PERCEPTUAL_NEAR_DUP,Sethy,BLAST2_068,Blast,Sethy,BLAST4_147,Blast,hamming_dist_0,False
PERCEPTUAL_NEAR_DUP,Sethy,BLAST2_069,Blast,Sethy,BLAST4_148,Blast,hamming_dist_0,False
PERCEPTUAL_NEAR_DUP,Sethy,BLAST2_070,Blast,Sethy,BLAST4_149,Blast,hamming_dist_0,False
PERCEPTUAL_NEAR_DUP,Sethy,BLAST2_071,Blast,Sethy,BLAST4_150,Blast,hamming_dist_0,False
PERCEPTUAL_NEAR_DUP,Sethy,BLAST2_072,Blast,Sethy,BLAST4_151,Blast,hamming_dist_1,False
PERCEPTUAL_NEAR_DUP,Sethy,BLAST2_073,Blast,Sethy,BLAST4_152,Blast,hamming_dist_0,False
PERCEPTUAL_NEAR_DUP,Sethy,BLAST2_074,Blast,Sethy,BLAST4_153,Blast,hamming_dist_1,False
PERCEPTUAL_NEAR_DUP,Sethy,BLAST2_075,Blast,Sethy,BLAST4_154,Blast,hamming_dist_0,False
PERCEPTUAL_NEAR_DUP,Sethy,BLAST2_076,Blast,Sethy,BLAST4_155,Blast,hamming_dist_0,False
PERCEPTUAL_NEAR_DUP,Sethy,BLAST2_077,Blast,Sethy,BLAST4_156,Blast,hamming_dist_2,False
PERCEPTUAL_NEAR_DUP,Sethy,BLAST2_078,Blast,Sethy,BLAST4_157,Blast,hamming_dist_0,False
PERCEPTUAL_NEAR_DUP,Sethy,BLAST2_079,Blast,Sethy,BLAST4_158,Blast,hamming_dist_1,False
PERCEPTUAL_NEAR_DUP,Sethy,BLAST2_080,Blast,Sethy,BLAST4_159,Blast,hamming_dist_0,False
PERCEPTUAL_NEAR_DUP,Sethy,BLAST2_081,Blast,Sethy,BLAST4_003,Blast,hamming_dist_2,False
PERCEPTUAL_NEAR_DUP,Sethy,BLAST2_082,Blast,Sethy,BLAST4_002,Blast,hamming_dist_0,False
PERCEPTUAL_NEAR_DUP,Sethy,BLAST2_083,Blast,Sethy,BLAST4_005,Blast,hamming_dist_0,False
PERCEPTUAL_NEAR_DUP,Sethy,BLAST2_084,Blast,Sethy,BLAST4_004,Blast,hamming_dist_0,False
PERCEPTUAL_NEAR_DUP,Sethy,BLAST2_085,Blast,Sethy,BLAST4_007,Blast,hamming_dist_0,False
PERCEPTUAL_NEAR_DUP,Sethy,BLAST2_086,Blast,Sethy,BLAST4_006,Blast,hamming_dist_0,False
PERCEPTUAL_NEAR_DUP,Sethy,BLAST2_087,Blast,Sethy,BLAST4_009,Blast,hamming_dist_0,False
PERCEPTUAL_NEAR_DUP,Sethy,BLAST2_088,Blast,Sethy,BLAST4_008,Blast,hamming_dist_0,False
PERCEPTUAL_NEAR_DUP,Sethy,BLAST2_089,Blast,Sethy,BLAST4_011,Blast,hamming_dist_0,False
PERCEPTUAL_NEAR_DUP,Sethy,BLAST2_090,Blast,Sethy,BLAST4_010,Blast,hamming_dist_0,False
PERCEPTUAL_NEAR_DUP,Sethy,BLAST2_091,Blast,Sethy,BLAST4_013,Blast,hamming_dist_0,False
PERCEPTUAL_NEAR_DUP,Sethy,BLAST2_092,Blast,Sethy,BLAST4_012,Blast,hamming_dist_0,False
PERCEPTUAL_NEAR_DUP,Sethy,BLAST2_093,Blast,Sethy,BLAST4_015,Blast,hamming_dist_1,False
PERCEPTUAL_NEAR_DUP,Sethy,BLAST2_094,Blast,Sethy,BLAST4_014,Blast,hamming_dist_0,False
PERCEPTUAL_NEAR_DUP,Sethy,BLAST2_095,Blast,Sethy,BLAST4_017,Blast,hamming_dist_0,False
PERCEPTUAL_NEAR_DUP,Sethy,BLAST2_096,Blast,Sethy,BLAST4_016,Blast,hamming_dist_0,False
PERCEPTUAL_NEAR_DUP,Sethy,BLAST2_097,Blast,Sethy,BLAST4_019,Blast,hamming_dist_0,False
PERCEPTUAL_NEAR_DUP,Sethy,BLAST2_098,Blast,Sethy,BLAST4_018,Blast,hamming_dist_0,False
PERCEPTUAL_NEAR_DUP,Sethy,BLAST2_099,Blast,Sethy,BLAST4_021,Blast,hamming_dist_0,False
PERCEPTUAL_NEAR_DUP,Sethy,BLAST2_100,Blast,Sethy,BLAST4_020,Blast,hamming_dist_0,False
PERCEPTUAL_NEAR_DUP,Sethy,BLAST2_101,Blast,Sethy,BLAST4_023,Blast,hamming_dist_1,False
PERCEPTUAL_NEAR_DUP,Sethy,BLAST2_102,Blast,Sethy,BLAST4_022,Blast,hamming_dist_0,False
PERCEPTUAL_NEAR_DUP,Sethy,BLAST2_103,Blast,Sethy,BLAST4_025,Blast,hamming_dist_0,False
PERCEPTUAL_NEAR_DUP,Sethy,BLAST2_104,Blast,Sethy,BLAST4_024,Blast,hamming_dist_0,False
PERCEPTUAL_NEAR_DUP,Sethy,BLAST2_105,Blast,Sethy,BLAST4_027,Blast,hamming_dist_0,False
PERCEPTUAL_NEAR_DUP,Sethy,BLAST2_106,Blast,Sethy,BLAST4_026,Blast,hamming_dist_0,False
PERCEPTUAL_NEAR_DUP,Sethy,BLAST2_107,Blast,Sethy,BLAST4_029,Blast,hamming_dist_1,False
PERCEPTUAL_NEAR_DUP,Sethy,BLAST2_108,Blast,Sethy,BLAST4_028,Blast,hamming_dist_0,False
PERCEPTUAL_NEAR_DUP,Sethy,BLAST2_109,Blast,Sethy,BLAST4_031,Blast,hamming_dist_1,False
PERCEPTUAL_NEAR_DUP,Sethy,BLAST2_110,Blast,Sethy,BLAST4_030,Blast,hamming_dist_0,False
PERCEPTUAL_NEAR_DUP,Sethy,BLAST2_111,Blast,Sethy,BLAST2_113,Blast,hamming_dist_2,False
PERCEPTUAL_NEAR_DUP,Sethy,BLAST2_111,Blast,Sethy,BLAST4_033,Blast,hamming_dist_0,False
PERCEPTUAL_NEAR_DUP,Sethy,BLAST2_111,Blast,Sethy,BLAST4_035,Blast,hamming_dist_2,False
PERCEPTUAL_NEAR_DUP,Sethy,BLAST2_112,Blast,Sethy,BLAST4_032,Blast,hamming_dist_0,False
PERCEPTUAL_NEAR_DUP,Sethy,BLAST2_113,Blast,Sethy,BLAST4_033,Blast,hamming_dist_2,False
PERCEPTUAL_NEAR_DUP,Sethy,BLAST2_113,Blast,Sethy,BLAST4_035,Blast,hamming_dist_0,False
PERCEPTUAL_NEAR_DUP,Sethy,BLAST2_114,Blast,Sethy,BLAST4_034,Blast,hamming_dist_0,False
PERCEPTUAL_NEAR_DUP,Sethy,BLAST2_115,Blast,Sethy,BLAST4_037,Blast,hamming_dist_0,False
PERCEPTUAL_NEAR_DUP,Sethy,BLAST2_116,Blast,Sethy,BLAST4_036,Blast,hamming_dist_0,False
PERCEPTUAL_NEAR_DUP,Sethy,BLAST2_117,Blast,Sethy,BLAST4_039,Blast,hamming_dist_1,False
PERCEPTUAL_NEAR_DUP,Sethy,BLAST2_118,Blast,Sethy,BLAST4_038,Blast,hamming_dist_0,False
PERCEPTUAL_NEAR_DUP,Sethy,BLAST2_119,Blast,Sethy,BLAST4_041,Blast,hamming_dist_1,False
PERCEPTUAL_NEAR_DUP,Sethy,BLAST2_120,Blast,Sethy,BLAST4_040,Blast,hamming_dist_0,False
PERCEPTUAL_NEAR_DUP,Sethy,BLAST2_121,Blast,Sethy,BLAST4_043,Blast,hamming_dist_1,False
PERCEPTUAL_NEAR_DUP,Sethy,BLAST2_122,Blast,Sethy,BLAST4_042,Blast,hamming_dist_0,False
PERCEPTUAL_NEAR_DUP,Sethy,BLAST2_123,Blast,Sethy,BLAST4_045,Blast,hamming_dist_0,False
PERCEPTUAL_NEAR_DUP,Sethy,BLAST2_124,Blast,Sethy,BLAST4_044,Blast,hamming_dist_0,False
PERCEPTUAL_NEAR_DUP,Sethy,BLAST2_125,Blast,Sethy,BLAST4_047,Blast,hamming_dist_0,False
PERCEPTUAL_NEAR_DUP,Sethy,BLAST2_126,Blast,Sethy,BLAST4_046,Blast,hamming_dist_0,False
PERCEPTUAL_NEAR_DUP,Sethy,BLAST2_127,Blast,Sethy,BLAST4_048,Blast,hamming_dist_0,False
PERCEPTUAL_NEAR_DUP,Sethy,BLAST2_128,Blast,Sethy,BLAST4_049,Blast,hamming_dist_0,False
PERCEPTUAL_NEAR_DUP,Sethy,BLAST2_129,Blast,Sethy,BLAST4_050,Blast,hamming_dist_0,False
PERCEPTUAL_NEAR_DUP,Sethy,BLAST2_130,Blast,Sethy,BLAST4_051,Blast,hamming_dist_1,False
PERCEPTUAL_NEAR_DUP,Sethy,BLAST2_131,Blast,Sethy,BLAST4_052,Blast,hamming_dist_1,False
PERCEPTUAL_NEAR_DUP,Sethy,BLAST2_132,Blast,Sethy,BLAST4_053,Blast,hamming_dist_2,False
PERCEPTUAL_NEAR_DUP,Sethy,BLAST2_133,Blast,Sethy,BLAST4_054,Blast,hamming_dist_0,False
PERCEPTUAL_NEAR_DUP,Sethy,BLAST2_134,Blast,Sethy,BLAST4_055,Blast,hamming_dist_0,False
PERCEPTUAL_NEAR_DUP,Sethy,BLAST2_135,Blast,Sethy,BLAST4_056,Blast,hamming_dist_0,False
PERCEPTUAL_NEAR_DUP,Sethy,BLAST2_136,Blast,Sethy,BLAST4_057,Blast,hamming_dist_0,False
PERCEPTUAL_NEAR_DUP,Sethy,BLAST2_137,Blast,Sethy,BLAST4_058,Blast,hamming_dist_0,False
PERCEPTUAL_NEAR_DUP,Sethy,BLAST2_138,Blast,Sethy,BLAST4_059,Blast,hamming_dist_0,False
PERCEPTUAL_NEAR_DUP,Sethy,BLAST2_139,Blast,Sethy,BLAST4_060,Blast,hamming_dist_0,False
PERCEPTUAL_NEAR_DUP,Sethy,BLAST2_140,Blast,Sethy,BLAST4_061,Blast,hamming_dist_1,False
PERCEPTUAL_NEAR_DUP,Sethy,BLAST2_141,Blast,Sethy,BLAST4_062,Blast,hamming_dist_0,False
PERCEPTUAL_NEAR_DUP,Sethy,BLAST2_142,Blast,Sethy,BLAST4_063,Blast,hamming_dist_1,False
PERCEPTUAL_NEAR_DUP,Sethy,BLAST2_143,Blast,Sethy,BLAST4_064,Blast,hamming_dist_0,False
PERCEPTUAL_NEAR_DUP,Sethy,BLAST2_144,Blast,Sethy,BLAST4_065,Blast,hamming_dist_1,False
PERCEPTUAL_NEAR_DUP,Sethy,BLAST2_145,Blast,Sethy,BLAST4_066,Blast,hamming_dist_0,False
PERCEPTUAL_NEAR_DUP,Sethy,BLAST2_146,Blast,Sethy,BLAST4_067,Blast,hamming_dist_1,False
PERCEPTUAL_NEAR_DUP,Sethy,BLAST2_147,Blast,Sethy,BLAST4_068,Blast,hamming_dist_1,False
PERCEPTUAL_NEAR_DUP,Sethy,BLAST2_148,Blast,Sethy,BLAST4_069,Blast,hamming_dist_0,False
PERCEPTUAL_NEAR_DUP,Sethy,BLAST2_149,Blast,Sethy,BLAST4_070,Blast,hamming_dist_0,False
PERCEPTUAL_NEAR_DUP,Sethy,BLAST2_150,Blast,Sethy,BLAST4_071,Blast,hamming_dist_0,False
PERCEPTUAL_NEAR_DUP,Sethy,BLAST2_151,Blast,Sethy,BLAST4_072,Blast,hamming_dist_0,False
PERCEPTUAL_NEAR_DUP,Sethy,BLAST2_152,Blast,Sethy,BLAST4_073,Blast,hamming_dist_0,False
PERCEPTUAL_NEAR_DUP,Sethy,BLAST2_153,Blast,Sethy,BLAST4_074,Blast,hamming_dist_0,False
PERCEPTUAL_NEAR_DUP,Sethy,BLAST2_154,Blast,Sethy,BLAST4_075,Blast,hamming_dist_0,False
PERCEPTUAL_NEAR_DUP,Sethy,BLAST2_155,Blast,Sethy,BLAST4_076,Blast,hamming_dist_0,False
PERCEPTUAL_NEAR_DUP,Sethy,BLAST2_156,Blast,Sethy,BLAST4_077,Blast,hamming_dist_0,False
PERCEPTUAL_NEAR_DUP,Sethy,BLAST2_157,Blast,Sethy,BLAST4_078,Blast,hamming_dist_1,False
PERCEPTUAL_NEAR_DUP,Sethy,BLAST2_158,Blast,Sethy,BLAST4_079,Blast,hamming_dist_0,False
PERCEPTUAL_NEAR_DUP,Sethy,BLAST2_159,Blast,Sethy,BLAST4_080,Blast,hamming_dist_1,False
PERCEPTUAL_NEAR_DUP,Sethy,BLAST2_160,Blast,Sethy,BLAST4_001,Blast,hamming_dist_1,False
PERCEPTUAL_NEAR_DUP,Sethy,BLAST2_160,Blast,Sethy,BLAST6_001,Blast,hamming_dist_1,False
PERCEPTUAL_NEAR_DUP,Sethy,BLAST3_001,Blast,Sethy,BLAST5_160,Blast,hamming_dist_0,False
PERCEPTUAL_NEAR_DUP,Sethy,BLAST3_002,Blast,Sethy,BLAST5_082,Blast,hamming_dist_0,False
PERCEPTUAL_NEAR_DUP,Sethy,BLAST3_003,Blast,Sethy,BLAST5_081,Blast,hamming_dist_0,False
PERCEPTUAL_NEAR_DUP,Sethy,BLAST3_004,Blast,Sethy,BLAST5_084,Blast,hamming_dist_0,False
PERCEPTUAL_NEAR_DUP,Sethy,BLAST3_005,Blast,Sethy,BLAST5_083,Blast,hamming_dist_0,False
PERCEPTUAL_NEAR_DUP,Sethy,BLAST3_006,Blast,Sethy,BLAST5_086,Blast,hamming_dist_0,False
PERCEPTUAL_NEAR_DUP,Sethy,BLAST3_007,Blast,Sethy,BLAST5_085,Blast,hamming_dist_0,False
PERCEPTUAL_NEAR_DUP,Sethy,BLAST3_008,Blast,Sethy,BLAST5_088,Blast,hamming_dist_0,False
PERCEPTUAL_NEAR_DUP,Sethy,BLAST3_009,Blast,Sethy,BLAST3_021,Blast,hamming_dist_4,False
PERCEPTUAL_NEAR_DUP,Sethy,BLAST3_009,Blast,Sethy,BLAST5_087,Blast,hamming_dist_1,False
PERCEPTUAL_NEAR_DUP,Sethy,BLAST3_009,Blast,Sethy,BLAST5_099,Blast,hamming_dist_4,False
PERCEPTUAL_NEAR_DUP,Sethy,BLAST3_010,Blast,Sethy,BLAST5_090,Blast,hamming_dist_0,False
PERCEPTUAL_NEAR_DUP,Sethy,BLAST3_011,Blast,Sethy,BLAST5_089,Blast,hamming_dist_0,False
PERCEPTUAL_NEAR_DUP,Sethy,BLAST3_012,Blast,Sethy,BLAST5_092,Blast,hamming_dist_0,False
PERCEPTUAL_NEAR_DUP,Sethy,BLAST3_013,Blast,Sethy,BLAST5_091,Blast,hamming_dist_0,False
PERCEPTUAL_NEAR_DUP,Sethy,BLAST3_014,Blast,Sethy,BLAST5_094,Blast,hamming_dist_0,False
PERCEPTUAL_NEAR_DUP,Sethy,BLAST3_015,Blast,Sethy,BLAST5_093,Blast,hamming_dist_0,False
PERCEPTUAL_NEAR_DUP,Sethy,BLAST3_016,Blast,Sethy,BLAST5_096,Blast,hamming_dist_0,False
PERCEPTUAL_NEAR_DUP,Sethy,BLAST3_017,Blast,Sethy,BLAST5_095,Blast,hamming_dist_1,False
PERCEPTUAL_NEAR_DUP,Sethy,BLAST3_018,Blast,Sethy,BLAST5_098,Blast,hamming_dist_0,False
PERCEPTUAL_NEAR_DUP,Sethy,BLAST3_019,Blast,Sethy,BLAST5_097,Blast,hamming_dist_0,False
PERCEPTUAL_NEAR_DUP,Sethy,BLAST3_020,Blast,Sethy,BLAST5_100,Blast,hamming_dist_0,False
PERCEPTUAL_NEAR_DUP,Sethy,BLAST3_021,Blast,Sethy,BLAST5_099,Blast,hamming_dist_0,False
PERCEPTUAL_NEAR_DUP,Sethy,BLAST3_022,Blast,Sethy,BLAST5_102,Blast,hamming_dist_0,False
PERCEPTUAL_NEAR_DUP,Sethy,BLAST3_023,Blast,Sethy,BLAST5_101,Blast,hamming_dist_0,False
PERCEPTUAL_NEAR_DUP,Sethy,BLAST3_024,Blast,Sethy,BLAST5_104,Blast,hamming_dist_0,False
PERCEPTUAL_NEAR_DUP,Sethy,BLAST3_025,Blast,Sethy,BLAST5_103,Blast,hamming_dist_0,False
PERCEPTUAL_NEAR_DUP,Sethy,BLAST3_026,Blast,Sethy,BLAST5_106,Blast,hamming_dist_0,False
PERCEPTUAL_NEAR_DUP,Sethy,BLAST3_027,Blast,Sethy,BLAST5_105,Blast,hamming_dist_0,False
PERCEPTUAL_NEAR_DUP,Sethy,BLAST3_028,Blast,Sethy,BLAST5_108,Blast,hamming_dist_0,False
PERCEPTUAL_NEAR_DUP,Sethy,BLAST3_029,Blast,Sethy,BLAST5_107,Blast,hamming_dist_2,False
PERCEPTUAL_NEAR_DUP,Sethy,BLAST3_030,Blast,Sethy,BLAST5_110,Blast,hamming_dist_0,False
PERCEPTUAL_NEAR_DUP,Sethy,BLAST3_031,Blast,Sethy,BLAST5_109,Blast,hamming_dist_0,False
PERCEPTUAL_NEAR_DUP,Sethy,BLAST3_032,Blast,Sethy,BLAST3_040,Blast,hamming_dist_4,False
PERCEPTUAL_NEAR_DUP,Sethy,BLAST3_032,Blast,Sethy,BLAST5_112,Blast,hamming_dist_0,False
PERCEPTUAL_NEAR_DUP,Sethy,BLAST3_032,Blast,Sethy,BLAST5_120,Blast,hamming_dist_4,False
PERCEPTUAL_NEAR_DUP,Sethy,BLAST3_033,Blast,Sethy,BLAST3_035,Blast,hamming_dist_2,False
PERCEPTUAL_NEAR_DUP,Sethy,BLAST3_033,Blast,Sethy,BLAST5_111,Blast,hamming_dist_0,False
PERCEPTUAL_NEAR_DUP,Sethy,BLAST3_033,Blast,Sethy,BLAST5_113,Blast,hamming_dist_2,False
PERCEPTUAL_NEAR_DUP,Sethy,BLAST3_034,Blast,Sethy,BLAST5_114,Blast,hamming_dist_0,False
PERCEPTUAL_NEAR_DUP,Sethy,BLAST3_035,Blast,Sethy,BLAST5_111,Blast,hamming_dist_2,False
PERCEPTUAL_NEAR_DUP,Sethy,BLAST3_035,Blast,Sethy,BLAST5_113,Blast,hamming_dist_0,False
PERCEPTUAL_NEAR_DUP,Sethy,BLAST3_036,Blast,Sethy,BLAST5_116,Blast,hamming_dist_0,False
PERCEPTUAL_NEAR_DUP,Sethy,BLAST3_037,Blast,Sethy,BLAST5_115,Blast,hamming_dist_0,False
PERCEPTUAL_NEAR_DUP,Sethy,BLAST3_038,Blast,Sethy,BLAST5_118,Blast,hamming_dist_0,False
PERCEPTUAL_NEAR_DUP,Sethy,BLAST3_039,Blast,Sethy,BLAST5_117,Blast,hamming_dist_2,False
PERCEPTUAL_NEAR_DUP,Sethy,BLAST3_040,Blast,Sethy,BLAST5_112,Blast,hamming_dist_4,False
PERCEPTUAL_NEAR_DUP,Sethy,BLAST3_040,Blast,Sethy,BLAST5_120,Blast,hamming_dist_0,False
PERCEPTUAL_NEAR_DUP,Sethy,BLAST3_041,Blast,Sethy,BLAST5_119,Blast,hamming_dist_0,False
PERCEPTUAL_NEAR_DUP,Sethy,BLAST3_042,Blast,Sethy,BLAST5_122,Blast,hamming_dist_0,False
PERCEPTUAL_NEAR_DUP,Sethy,BLAST3_043,Blast,Sethy,BLAST5_121,Blast,hamming_dist_2,False
PERCEPTUAL_NEAR_DUP,Sethy,BLAST3_044,Blast,Sethy,BLAST5_124,Blast,hamming_dist_0,False
PERCEPTUAL_NEAR_DUP,Sethy,BLAST3_045,Blast,Sethy,BLAST5_123,Blast,hamming_dist_0,False
PERCEPTUAL_NEAR_DUP,Sethy,BLAST3_046,Blast,Sethy,BLAST5_126,Blast,hamming_dist_0,False
PERCEPTUAL_NEAR_DUP,Sethy,BLAST3_047,Blast,Sethy,BLAST5_125,Blast,hamming_dist_1,False
PERCEPTUAL_NEAR_DUP,Sethy,BLAST3_048,Blast,Sethy,BLAST5_127,Blast,hamming_dist_1,False
PERCEPTUAL_NEAR_DUP,Sethy,BLAST3_049,Blast,Sethy,BLAST5_128,Blast,hamming_dist_0,False
PERCEPTUAL_NEAR_DUP,Sethy,BLAST3_050,Blast,Sethy,BLAST5_129,Blast,hamming_dist_0,False
PERCEPTUAL_NEAR_DUP,Sethy,BLAST3_051,Blast,Sethy,BLAST5_130,Blast,hamming_dist_0,False
PERCEPTUAL_NEAR_DUP,Sethy,BLAST3_052,Blast,Sethy,BLAST5_131,Blast,hamming_dist_0,False
PERCEPTUAL_NEAR_DUP,Sethy,BLAST3_053,Blast,Sethy,BLAST5_132,Blast,hamming_dist_0,False
PERCEPTUAL_NEAR_DUP,Sethy,BLAST3_054,Blast,Sethy,BLAST5_133,Blast,hamming_dist_0,False
PERCEPTUAL_NEAR_DUP,Sethy,BLAST3_055,Blast,Sethy,BLAST5_134,Blast,hamming_dist_0,False
PERCEPTUAL_NEAR_DUP,Sethy,BLAST3_056,Blast,Sethy,BLAST5_135,Blast,hamming_dist_0,False
PERCEPTUAL_NEAR_DUP,Sethy,BLAST3_057,Blast,Sethy,BLAST5_136,Blast,hamming_dist_0,False
PERCEPTUAL_NEAR_DUP,Sethy,BLAST3_058,Blast,Sethy,BLAST5_137,Blast,hamming_dist_0,False
PERCEPTUAL_NEAR_DUP,Sethy,BLAST3_059,Blast,Sethy,BLAST5_138,Blast,hamming_dist_0,False
PERCEPTUAL_NEAR_DUP,Sethy,BLAST3_060,Blast,Sethy,BLAST5_139,Blast,hamming_dist_1,False
PERCEPTUAL_NEAR_DUP,Sethy,BLAST3_061,Blast,Sethy,BLAST5_140,Blast,hamming_dist_0,False
PERCEPTUAL_NEAR_DUP,Sethy,BLAST3_062,Blast,Sethy,BLAST5_141,Blast,hamming_dist_0,False
PERCEPTUAL_NEAR_DUP,Sethy,BLAST3_063,Blast,Sethy,BLAST5_142,Blast,hamming_dist_1,False
PERCEPTUAL_NEAR_DUP,Sethy,BLAST3_064,Blast,Sethy,BLAST5_143,Blast,hamming_dist_0,False
PERCEPTUAL_NEAR_DUP,Sethy,BLAST3_065,Blast,Sethy,BLAST5_144,Blast,hamming_dist_1,False
PERCEPTUAL_NEAR_DUP,Sethy,BLAST3_066,Blast,Sethy,BLAST5_145,Blast,hamming_dist_0,False
PERCEPTUAL_NEAR_DUP,Sethy,BLAST3_067,Blast,Sethy,BLAST5_146,Blast,hamming_dist_0,False
PERCEPTUAL_NEAR_DUP,Sethy,BLAST3_068,Blast,Sethy,BLAST5_147,Blast,hamming_dist_1,False
PERCEPTUAL_NEAR_DUP,Sethy,BLAST3_069,Blast,Sethy,BLAST5_148,Blast,hamming_dist_0,False
PERCEPTUAL_NEAR_DUP,Sethy,BLAST3_070,Blast,Sethy,BLAST5_149,Blast,hamming_dist_1,False
PERCEPTUAL_NEAR_DUP,Sethy,BLAST3_071,Blast,Sethy,BLAST5_150,Blast,hamming_dist_1,False
PERCEPTUAL_NEAR_DUP,Sethy,BLAST3_072,Blast,Sethy,BLAST5_151,Blast,hamming_dist_0,False
PERCEPTUAL_NEAR_DUP,Sethy,BLAST3_073,Blast,Sethy,BLAST5_152,Blast,hamming_dist_0,False
PERCEPTUAL_NEAR_DUP,Sethy,BLAST3_074,Blast,Sethy,BLAST5_153,Blast,hamming_dist_0,False
PERCEPTUAL_NEAR_DUP,Sethy,BLAST3_075,Blast,Sethy,BLAST5_154,Blast,hamming_dist_0,False
PERCEPTUAL_NEAR_DUP,Sethy,BLAST3_076,Blast,Sethy,BLAST5_155,Blast,hamming_dist_0,False
PERCEPTUAL_NEAR_DUP,Sethy,BLAST3_077,Blast,Sethy,BLAST5_156,Blast,hamming_dist_0,False
PERCEPTUAL_NEAR_DUP,Sethy,BLAST3_078,Blast,Sethy,BLAST5_157,Blast,hamming_dist_0,False
PERCEPTUAL_NEAR_DUP,Sethy,BLAST3_079,Blast,Sethy,BLAST5_158,Blast,hamming_dist_0,False
PERCEPTUAL_NEAR_DUP,Sethy,BLAST3_080,Blast,Sethy,BLAST5_159,Blast,hamming_dist_0,False
PERCEPTUAL_NEAR_DUP,Sethy,BLAST3_081,Blast,Sethy,BLAST5_003,Blast,hamming_dist_0,False
PERCEPTUAL_NEAR_DUP,Sethy,BLAST3_082,Blast,Sethy,BLAST5_002,Blast,hamming_dist_0,False
PERCEPTUAL_NEAR_DUP,Sethy,BLAST3_083,Blast,Sethy,BLAST5_005,Blast,hamming_dist_1,False
PERCEPTUAL_NEAR_DUP,Sethy,BLAST3_084,Blast,Sethy,BLAST5_004,Blast,hamming_dist_0,False
PERCEPTUAL_NEAR_DUP,Sethy,BLAST3_085,Blast,Sethy,BLAST5_007,Blast,hamming_dist_1,False
PERCEPTUAL_NEAR_DUP,Sethy,BLAST3_086,Blast,Sethy,BLAST5_006,Blast,hamming_dist_0,False
PERCEPTUAL_NEAR_DUP,Sethy,BLAST3_087,Blast,Sethy,BLAST5_009,Blast,hamming_dist_1,False
PERCEPTUAL_NEAR_DUP,Sethy,BLAST3_087,Blast,Sethy,BLAST5_087,Blast,hamming_dist_4,False
PERCEPTUAL_NEAR_DUP,Sethy,BLAST3_088,Blast,Sethy,BLAST5_008,Blast,hamming_dist_0,False
PERCEPTUAL_NEAR_DUP,Sethy,BLAST3_089,Blast,Sethy,BLAST5_011,Blast,hamming_dist_0,False
PERCEPTUAL_NEAR_DUP,Sethy,BLAST3_090,Blast,Sethy,BLAST5_010,Blast,hamming_dist_0,False
PERCEPTUAL_NEAR_DUP,Sethy,BLAST3_091,Blast,Sethy,BLAST5_013,Blast,hamming_dist_1,False
PERCEPTUAL_NEAR_DUP,Sethy,BLAST3_092,Blast,Sethy,BLAST5_012,Blast,hamming_dist_0,False
PERCEPTUAL_NEAR_DUP,Sethy,BLAST3_093,Blast,Sethy,BLAST5_015,Blast,hamming_dist_0,False
PERCEPTUAL_NEAR_DUP,Sethy,BLAST3_094,Blast,Sethy,BLAST5_014,Blast,hamming_dist_0,False
PERCEPTUAL_NEAR_DUP,Sethy,BLAST3_095,Blast,Sethy,BLAST5_017,Blast,hamming_dist_1,False
PERCEPTUAL_NEAR_DUP,Sethy,BLAST3_096,Blast,Sethy,BLAST5_016,Blast,hamming_dist_0,False
PERCEPTUAL_NEAR_DUP,Sethy,BLAST3_097,Blast,Sethy,BLAST5_019,Blast,hamming_dist_0,False
PERCEPTUAL_NEAR_DUP,Sethy,BLAST3_098,Blast,Sethy,BLAST5_018,Blast,hamming_dist_0,False
PERCEPTUAL_NEAR_DUP,Sethy,BLAST3_099,Blast,Sethy,BLAST5_009,Blast,hamming_dist_4,False
PERCEPTUAL_NEAR_DUP,Sethy,BLAST3_099,Blast,Sethy,BLAST5_021,Blast,hamming_dist_3,False
PERCEPTUAL_NEAR_DUP,Sethy,BLAST3_100,Blast,Sethy,BLAST5_020,Blast,hamming_dist_0,False
PERCEPTUAL_NEAR_DUP,Sethy,BLAST3_101,Blast,Sethy,BLAST5_023,Blast,hamming_dist_0,False
PERCEPTUAL_NEAR_DUP,Sethy,BLAST3_102,Blast,Sethy,BLAST5_022,Blast,hamming_dist_0,False
PERCEPTUAL_NEAR_DUP,Sethy,BLAST3_103,Blast,Sethy,BLAST5_025,Blast,hamming_dist_0,False
PERCEPTUAL_NEAR_DUP,Sethy,BLAST3_104,Blast,Sethy,BLAST5_024,Blast,hamming_dist_0,False
PERCEPTUAL_NEAR_DUP,Sethy,BLAST3_105,Blast,Sethy,BLAST5_027,Blast,hamming_dist_0,False
PERCEPTUAL_NEAR_DUP,Sethy,BLAST3_106,Blast,Sethy,BLAST5_026,Blast,hamming_dist_1,False
PERCEPTUAL_NEAR_DUP,Sethy,BLAST3_107,Blast,Sethy,BLAST5_029,Blast,hamming_dist_1,False
PERCEPTUAL_NEAR_DUP,Sethy,BLAST3_108,Blast,Sethy,BLAST5_028,Blast,hamming_dist_0,False
PERCEPTUAL_NEAR_DUP,Sethy,BLAST3_109,Blast,Sethy,BLAST5_031,Blast,hamming_dist_0,False
PERCEPTUAL_NEAR_DUP,Sethy,BLAST3_110,Blast,Sethy,BLAST5_030,Blast,hamming_dist_0,False
PERCEPTUAL_NEAR_DUP,Sethy,BLAST3_111,Blast,Sethy,BLAST3_113,Blast,hamming_dist_2,False
PERCEPTUAL_NEAR_DUP,Sethy,BLAST3_111,Blast,Sethy,BLAST5_033,Blast,hamming_dist_1,False
PERCEPTUAL_NEAR_DUP,Sethy,BLAST3_111,Blast,Sethy,BLAST5_035,Blast,hamming_dist_3,False
PERCEPTUAL_NEAR_DUP,Sethy,BLAST3_112,Blast,Sethy,BLAST5_032,Blast,hamming_dist_0,False
PERCEPTUAL_NEAR_DUP,Sethy,BLAST3_113,Blast,Sethy,BLAST5_033,Blast,hamming_dist_3,False
PERCEPTUAL_NEAR_DUP,Sethy,BLAST3_113,Blast,Sethy,BLAST5_035,Blast,hamming_dist_1,False
PERCEPTUAL_NEAR_DUP,Sethy,BLAST3_114,Blast,Sethy,BLAST5_034,Blast,hamming_dist_0,False
PERCEPTUAL_NEAR_DUP,Sethy,BLAST3_115,Blast,Sethy,BLAST5_037,Blast,hamming_dist_0,False
PERCEPTUAL_NEAR_DUP,Sethy,BLAST3_116,Blast,Sethy,BLAST5_036,Blast,hamming_dist_0,False
PERCEPTUAL_NEAR_DUP,Sethy,BLAST3_117,Blast,Sethy,BLAST5_039,Blast,hamming_dist_0,False
PERCEPTUAL_NEAR_DUP,Sethy,BLAST3_118,Blast,Sethy,BLAST5_038,Blast,hamming_dist_0,False
PERCEPTUAL_NEAR_DUP,Sethy,BLAST3_119,Blast,Sethy,BLAST5_041,Blast,hamming_dist_0,False
PERCEPTUAL_NEAR_DUP,Sethy,BLAST3_120,Blast,Sethy,BLAST5_040,Blast,hamming_dist_0,False
PERCEPTUAL_NEAR_DUP,Sethy,BLAST3_121,Blast,Sethy,BLAST5_043,Blast,hamming_dist_0,False
PERCEPTUAL_NEAR_DUP,Sethy,BLAST3_122,Blast,Sethy,BLAST5_042,Blast,hamming_dist_0,False
PERCEPTUAL_NEAR_DUP,Sethy,BLAST3_123,Blast,Sethy,BLAST5_045,Blast,hamming_dist_0,False
PERCEPTUAL_NEAR_DUP,Sethy,BLAST3_124,Blast,Sethy,BLAST5_044,Blast,hamming_dist_0,False
PERCEPTUAL_NEAR_DUP,Sethy,BLAST3_125,Blast,Sethy,BLAST5_047,Blast,hamming_dist_0,False
PERCEPTUAL_NEAR_DUP,Sethy,BLAST3_126,Blast,Sethy,BLAST5_046,Blast,hamming_dist_0,False
PERCEPTUAL_NEAR_DUP,Sethy,BLAST3_127,Blast,Sethy,BLAST5_048,Blast,hamming_dist_0,False
PERCEPTUAL_NEAR_DUP,Sethy,BLAST3_128,Blast,Sethy,BLAST5_049,Blast,hamming_dist_0,False
PERCEPTUAL_NEAR_DUP,Sethy,BLAST3_129,Blast,Sethy,BLAST5_050,Blast,hamming_dist_0,False
PERCEPTUAL_NEAR_DUP,Sethy,BLAST3_130,Blast,Sethy,BLAST5_051,Blast,hamming_dist_1,False
PERCEPTUAL_NEAR_DUP,Sethy,BLAST3_131,Blast,Sethy,BLAST5_052,Blast,hamming_dist_0,False
PERCEPTUAL_NEAR_DUP,Sethy,BLAST3_132,Blast,Sethy,BLAST5_053,Blast,hamming_dist_0,False
PERCEPTUAL_NEAR_DUP,Sethy,BLAST3_133,Blast,Sethy,BLAST5_054,Blast,hamming_dist_0,False
PERCEPTUAL_NEAR_DUP,Sethy,BLAST3_134,Blast,Sethy,BLAST5_055,Blast,hamming_dist_0,False
PERCEPTUAL_NEAR_DUP,Sethy,BLAST3_135,Blast,Sethy,BLAST5_056,Blast,hamming_dist_0,False
PERCEPTUAL_NEAR_DUP,Sethy,BLAST3_136,Blast,Sethy,BLAST5_057,Blast,hamming_dist_0,False
PERCEPTUAL_NEAR_DUP,Sethy,BLAST3_137,Blast,Sethy,BLAST5_058,Blast,hamming_dist_0,False
PERCEPTUAL_NEAR_DUP,Sethy,BLAST3_138,Blast,Sethy,BLAST5_059,Blast,hamming_dist_1,False
PERCEPTUAL_NEAR_DUP,Sethy,BLAST3_139,Blast,Sethy,BLAST5_060,Blast,hamming_dist_0,False
PERCEPTUAL_NEAR_DUP,Sethy,BLAST3_140,Blast,Sethy,BLAST5_061,Blast,hamming_dist_2,False
PERCEPTUAL_NEAR_DUP,Sethy,BLAST3_141,Blast,Sethy,BLAST5_062,Blast,hamming_dist_0,False
PERCEPTUAL_NEAR_DUP,Sethy,BLAST3_142,Blast,Sethy,BLAST5_063,Blast,hamming_dist_0,False
PERCEPTUAL_NEAR_DUP,Sethy,BLAST3_143,Blast,Sethy,BLAST5_064,Blast,hamming_dist_1,False
PERCEPTUAL_NEAR_DUP,Sethy,BLAST3_144,Blast,Sethy,BLAST5_065,Blast,hamming_dist_0,False
PERCEPTUAL_NEAR_DUP,Sethy,BLAST3_145,Blast,Sethy,BLAST5_066,Blast,hamming_dist_0,False
PERCEPTUAL_NEAR_DUP,Sethy,BLAST3_146,Blast,Sethy,BLAST5_067,Blast,hamming_dist_0,False
PERCEPTUAL_NEAR_DUP,Sethy,BLAST3_147,Blast,Sethy,BLAST5_068,Blast,hamming_dist_0,False
PERCEPTUAL_NEAR_DUP,Sethy,BLAST3_148,Blast,Sethy,BLAST5_069,Blast,hamming_dist_0,False
PERCEPTUAL_NEAR_DUP,Sethy,BLAST3_149,Blast,Sethy,BLAST5_070,Blast,hamming_dist_0,False
PERCEPTUAL_NEAR_DUP,Sethy,BLAST3_150,Blast,Sethy,BLAST5_071,Blast,hamming_dist_1,False
PERCEPTUAL_NEAR_DUP,Sethy,BLAST3_151,Blast,Sethy,BLAST5_072,Blast,hamming_dist_0,False
PERCEPTUAL_NEAR_DUP,Sethy,BLAST3_152,Blast,Sethy,BLAST5_073,Blast,hamming_dist_0,False
PERCEPTUAL_NEAR_DUP,Sethy,BLAST3_153,Blast,Sethy,BLAST5_074,Blast,hamming_dist_0,False
PERCEPTUAL_NEAR_DUP,Sethy,BLAST3_154,Blast,Sethy,BLAST5_075,Blast,hamming_dist_1,False
PERCEPTUAL_NEAR_DUP,Sethy,BLAST3_155,Blast,Sethy,BLAST5_076,Blast,hamming_dist_0,False
PERCEPTUAL_NEAR_DUP,Sethy,BLAST3_156,Blast,Sethy,BLAST5_077,Blast,hamming_dist_1,False
PERCEPTUAL_NEAR_DUP,Sethy,BLAST3_157,Blast,Sethy,BLAST5_078,Blast,hamming_dist_1,False
PERCEPTUAL_NEAR_DUP,Sethy,BLAST3_158,Blast,Sethy,BLAST5_079,Blast,hamming_dist_0,False
PERCEPTUAL_NEAR_DUP,Sethy,BLAST3_159,Blast,Sethy,BLAST5_080,Blast,hamming_dist_0,False
PERCEPTUAL_NEAR_DUP,Sethy,BLAST3_160,Blast,Sethy,BLAST5_001,Blast,hamming_dist_0,False
PERCEPTUAL_NEAR_DUP,Sethy,BLAST4_033,Blast,Sethy,BLAST4_035,Blast,hamming_dist_2,False
PERCEPTUAL_NEAR_DUP,Sethy,BLAST4_033,Blast,Sethy,BLAST6_035,Blast,hamming_dist_2,False
PERCEPTUAL_NEAR_DUP,Sethy,BLAST4_035,Blast,Sethy,BLAST6_033,Blast,hamming_dist_2,False
PERCEPTUAL_NEAR_DUP,Sethy,BLAST4_111,Blast,Sethy,BLAST4_113,Blast,hamming_dist_3,False
PERCEPTUAL_NEAR_DUP,Sethy,BLAST4_111,Blast,Sethy,BLAST6_113,Blast,hamming_dist_3,False
PERCEPTUAL_NEAR_DUP,Sethy,BLAST4_113,Blast,Sethy,BLAST6_111,Blast,hamming_dist_3,False
PERCEPTUAL_NEAR_DUP,Sethy,BLAST5_001,Blast,Sethy,BLAST7_160,Blast,hamming_dist_0,False
PERCEPTUAL_NEAR_DUP,Sethy,BLAST5_002,Blast,Sethy,BLAST7_082,Blast,hamming_dist_0,False
PERCEPTUAL_NEAR_DUP,Sethy,BLAST5_003,Blast,Sethy,BLAST7_081,Blast,hamming_dist_0,False
PERCEPTUAL_NEAR_DUP,Sethy,BLAST5_004,Blast,Sethy,BLAST7_084,Blast,hamming_dist_0,False
PERCEPTUAL_NEAR_DUP,Sethy,BLAST5_005,Blast,Sethy,BLAST7_083,Blast,hamming_dist_1,False
PERCEPTUAL_NEAR_DUP,Sethy,BLAST5_006,Blast,Sethy,BLAST7_086,Blast,hamming_dist_0,False
PERCEPTUAL_NEAR_DUP,Sethy,BLAST5_007,Blast,Sethy,BLAST7_085,Blast,hamming_dist_1,False
PERCEPTUAL_NEAR_DUP,Sethy,BLAST5_008,Blast,Sethy,BLAST7_088,Blast,hamming_dist_0,False
PERCEPTUAL_NEAR_DUP,Sethy,BLAST5_009,Blast,Sethy,BLAST7_087,Blast,hamming_dist_1,False
PERCEPTUAL_NEAR_DUP,Sethy,BLAST5_009,Blast,Sethy,BLAST7_099,Blast,hamming_dist_4,False
PERCEPTUAL_NEAR_DUP,Sethy,BLAST5_010,Blast,Sethy,BLAST7_090,Blast,hamming_dist_0,False
PERCEPTUAL_NEAR_DUP,Sethy,BLAST5_011,Blast,Sethy,BLAST7_089,Blast,hamming_dist_0,False
PERCEPTUAL_NEAR_DUP,Sethy,BLAST5_012,Blast,Sethy,BLAST7_092,Blast,hamming_dist_0,False
PERCEPTUAL_NEAR_DUP,Sethy,BLAST5_013,Blast,Sethy,BLAST7_091,Blast,hamming_dist_1,False
PERCEPTUAL_NEAR_DUP,Sethy,BLAST5_014,Blast,Sethy,BLAST7_094,Blast,hamming_dist_0,False
PERCEPTUAL_NEAR_DUP,Sethy,BLAST5_015,Blast,Sethy,BLAST7_093,Blast,hamming_dist_0,False
PERCEPTUAL_NEAR_DUP,Sethy,BLAST5_016,Blast,Sethy,BLAST7_096,Blast,hamming_dist_0,False
PERCEPTUAL_NEAR_DUP,Sethy,BLAST5_017,Blast,Sethy,BLAST7_095,Blast,hamming_dist_1,False
PERCEPTUAL_NEAR_DUP,Sethy,BLAST5_018,Blast,Sethy,BLAST7_098,Blast,hamming_dist_0,False
PERCEPTUAL_NEAR_DUP,Sethy,BLAST5_019,Blast,Sethy,BLAST7_097,Blast,hamming_dist_0,False
PERCEPTUAL_NEAR_DUP,Sethy,BLAST5_020,Blast,Sethy,BLAST7_100,Blast,hamming_dist_0,False
PERCEPTUAL_NEAR_DUP,Sethy,BLAST5_021,Blast,Sethy,BLAST7_099,Blast,hamming_dist_3,False
PERCEPTUAL_NEAR_DUP,Sethy,BLAST5_022,Blast,Sethy,BLAST7_102,Blast,hamming_dist_0,False
PERCEPTUAL_NEAR_DUP,Sethy,BLAST5_023,Blast,Sethy,BLAST7_101,Blast,hamming_dist_0,False
PERCEPTUAL_NEAR_DUP,Sethy,BLAST5_024,Blast,Sethy,BLAST7_104,Blast,hamming_dist_0,False
PERCEPTUAL_NEAR_DUP,Sethy,BLAST5_025,Blast,Sethy,BLAST7_103,Blast,hamming_dist_0,False
PERCEPTUAL_NEAR_DUP,Sethy,BLAST5_026,Blast,Sethy,BLAST7_106,Blast,hamming_dist_1,False
PERCEPTUAL_NEAR_DUP,Sethy,BLAST5_027,Blast,Sethy,BLAST7_105,Blast,hamming_dist_0,False
PERCEPTUAL_NEAR_DUP,Sethy,BLAST5_028,Blast,Sethy,BLAST7_108,Blast,hamming_dist_0,False
PERCEPTUAL_NEAR_DUP,Sethy,BLAST5_029,Blast,Sethy,BLAST7_107,Blast,hamming_dist_1,False
PERCEPTUAL_NEAR_DUP,Sethy,BLAST5_030,Blast,Sethy,BLAST7_110,Blast,hamming_dist_0,False
PERCEPTUAL_NEAR_DUP,Sethy,BLAST5_031,Blast,Sethy,BLAST7_109,Blast,hamming_dist_0,False
PERCEPTUAL_NEAR_DUP,Sethy,BLAST5_032,Blast,Sethy,BLAST7_112,Blast,hamming_dist_0,False
PERCEPTUAL_NEAR_DUP,Sethy,BLAST5_033,Blast,Sethy,BLAST5_035,Blast,hamming_dist_2,False
PERCEPTUAL_NEAR_DUP,Sethy,BLAST5_033,Blast,Sethy,BLAST7_111,Blast,hamming_dist_1,False
PERCEPTUAL_NEAR_DUP,Sethy,BLAST5_033,Blast,Sethy,BLAST7_113,Blast,hamming_dist_3,False
PERCEPTUAL_NEAR_DUP,Sethy,BLAST5_034,Blast,Sethy,BLAST7_114,Blast,hamming_dist_0,False
PERCEPTUAL_NEAR_DUP,Sethy,BLAST5_035,Blast,Sethy,BLAST7_111,Blast,hamming_dist_3,False
PERCEPTUAL_NEAR_DUP,Sethy,BLAST5_035,Blast,Sethy,BLAST7_113,Blast,hamming_dist_1,False
PERCEPTUAL_NEAR_DUP,Sethy,BLAST5_036,Blast,Sethy,BLAST7_116,Blast,hamming_dist_0,False
PERCEPTUAL_NEAR_DUP,Sethy,BLAST5_037,Blast,Sethy,BLAST7_115,Blast,hamming_dist_0,False
PERCEPTUAL_NEAR_DUP,Sethy,BLAST5_038,Blast,Sethy,BLAST7_118,Blast,hamming_dist_0,False
PERCEPTUAL_NEAR_DUP,Sethy,BLAST5_039,Blast,Sethy,BLAST7_117,Blast,hamming_dist_0,False
PERCEPTUAL_NEAR_DUP,Sethy,BLAST5_040,Blast,Sethy,BLAST7_120,Blast,hamming_dist_0,False
PERCEPTUAL_NEAR_DUP,Sethy,BLAST5_041,Blast,Sethy,BLAST7_119,Blast,hamming_dist_0,False
PERCEPTUAL_NEAR_DUP,Sethy,BLAST5_042,Blast,Sethy,BLAST7_122,Blast,hamming_dist_0,False
PERCEPTUAL_NEAR_DUP,Sethy,BLAST5_043,Blast,Sethy,BLAST7_121,Blast,hamming_dist_0,False
PERCEPTUAL_NEAR_DUP,Sethy,BLAST5_044,Blast,Sethy,BLAST7_124,Blast,hamming_dist_0,False
PERCEPTUAL_NEAR_DUP,Sethy,BLAST5_045,Blast,Sethy,BLAST7_123,Blast,hamming_dist_0,False
PERCEPTUAL_NEAR_DUP,Sethy,BLAST5_046,Blast,Sethy,BLAST7_126,Blast,hamming_dist_0,False
PERCEPTUAL_NEAR_DUP,Sethy,BLAST5_047,Blast,Sethy,BLAST7_125,Blast,hamming_dist_0,False
PERCEPTUAL_NEAR_DUP,Sethy,BLAST5_048,Blast,Sethy,BLAST7_127,Blast,hamming_dist_0,False
PERCEPTUAL_NEAR_DUP,Sethy,BLAST5_049,Blast,Sethy,BLAST7_128,Blast,hamming_dist_0,False
PERCEPTUAL_NEAR_DUP,Sethy,BLAST5_050,Blast,Sethy,BLAST7_129,Blast,hamming_dist_0,False
PERCEPTUAL_NEAR_DUP,Sethy,BLAST5_051,Blast,Sethy,BLAST7_130,Blast,hamming_dist_1,False
PERCEPTUAL_NEAR_DUP,Sethy,BLAST5_052,Blast,Sethy,BLAST7_131,Blast,hamming_dist_0,False
PERCEPTUAL_NEAR_DUP,Sethy,BLAST5_053,Blast,Sethy,BLAST7_132,Blast,hamming_dist_0,False
PERCEPTUAL_NEAR_DUP,Sethy,BLAST5_054,Blast,Sethy,BLAST7_133,Blast,hamming_dist_0,False
PERCEPTUAL_NEAR_DUP,Sethy,BLAST5_055,Blast,Sethy,BLAST7_134,Blast,hamming_dist_0,False
PERCEPTUAL_NEAR_DUP,Sethy,BLAST5_056,Blast,Sethy,BLAST7_135,Blast,hamming_dist_0,False
PERCEPTUAL_NEAR_DUP,Sethy,BLAST5_057,Blast,Sethy,BLAST7_136,Blast,hamming_dist_0,False
PERCEPTUAL_NEAR_DUP,Sethy,BLAST5_058,Blast,Sethy,BLAST7_137,Blast,hamming_dist_0,False
PERCEPTUAL_NEAR_DUP,Sethy,BLAST5_059,Blast,Sethy,BLAST7_138,Blast,hamming_dist_1,False
PERCEPTUAL_NEAR_DUP,Sethy,BLAST5_060,Blast,Sethy,BLAST7_139,Blast,hamming_dist_0,False
PERCEPTUAL_NEAR_DUP,Sethy,BLAST5_061,Blast,Sethy,BLAST7_140,Blast,hamming_dist_2,False
PERCEPTUAL_NEAR_DUP,Sethy,BLAST5_062,Blast,Sethy,BLAST7_141,Blast,hamming_dist_0,False
PERCEPTUAL_NEAR_DUP,Sethy,BLAST5_063,Blast,Sethy,BLAST7_142,Blast,hamming_dist_0,False
PERCEPTUAL_NEAR_DUP,Sethy,BLAST5_064,Blast,Sethy,BLAST7_143,Blast,hamming_dist_1,False
PERCEPTUAL_NEAR_DUP,Sethy,BLAST5_065,Blast,Sethy,BLAST7_144,Blast,hamming_dist_0,False
PERCEPTUAL_NEAR_DUP,Sethy,BLAST5_066,Blast,Sethy,BLAST7_145,Blast,hamming_dist_0,False
PERCEPTUAL_NEAR_DUP,Sethy,BLAST5_067,Blast,Sethy,BLAST7_146,Blast,hamming_dist_0,False
PERCEPTUAL_NEAR_DUP,Sethy,BLAST5_068,Blast,Sethy,BLAST7_147,Blast,hamming_dist_0,False
PERCEPTUAL_NEAR_DUP,Sethy,BLAST5_069,Blast,Sethy,BLAST7_148,Blast,hamming_dist_0,False
PERCEPTUAL_NEAR_DUP,Sethy,BLAST5_070,Blast,Sethy,BLAST7_149,Blast,hamming_dist_0,False
PERCEPTUAL_NEAR_DUP,Sethy,BLAST5_071,Blast,Sethy,BLAST7_150,Blast,hamming_dist_1,False
PERCEPTUAL_NEAR_DUP,Sethy,BLAST5_072,Blast,Sethy,BLAST7_151,Blast,hamming_dist_0,False
PERCEPTUAL_NEAR_DUP,Sethy,BLAST5_073,Blast,Sethy,BLAST7_152,Blast,hamming_dist_0,False
PERCEPTUAL_NEAR_DUP,Sethy,BLAST5_074,Blast,Sethy,BLAST7_153,Blast,hamming_dist_0,False
PERCEPTUAL_NEAR_DUP,Sethy,BLAST5_075,Blast,Sethy,BLAST7_154,Blast,hamming_dist_1,False
PERCEPTUAL_NEAR_DUP,Sethy,BLAST5_076,Blast,Sethy,BLAST7_155,Blast,hamming_dist_0,False
PERCEPTUAL_NEAR_DUP,Sethy,BLAST5_077,Blast,Sethy,BLAST7_156,Blast,hamming_dist_1,False
PERCEPTUAL_NEAR_DUP,Sethy,BLAST5_078,Blast,Sethy,BLAST7_157,Blast,hamming_dist_1,False
PERCEPTUAL_NEAR_DUP,Sethy,BLAST5_079,Blast,Sethy,BLAST7_158,Blast,hamming_dist_0,False
PERCEPTUAL_NEAR_DUP,Sethy,BLAST5_080,Blast,Sethy,BLAST7_159,Blast,hamming_dist_0,False
PERCEPTUAL_NEAR_DUP,Sethy,BLAST5_081,Blast,Sethy,BLAST7_003,Blast,hamming_dist_0,False
PERCEPTUAL_NEAR_DUP,Sethy,BLAST5_082,Blast,Sethy,BLAST7_002,Blast,hamming_dist_0,False
PERCEPTUAL_NEAR_DUP,Sethy,BLAST5_083,Blast,Sethy,BLAST7_005,Blast,hamming_dist_0,False
PERCEPTUAL_NEAR_DUP,Sethy,BLAST5_084,Blast,Sethy,BLAST7_004,Blast,hamming_dist_0,False
PERCEPTUAL_NEAR_DUP,Sethy,BLAST5_085,Blast,Sethy,BLAST7_007,Blast,hamming_dist_0,False
PERCEPTUAL_NEAR_DUP,Sethy,BLAST5_086,Blast,Sethy,BLAST7_006,Blast,hamming_dist_0,False
PERCEPTUAL_NEAR_DUP,Sethy,BLAST5_087,Blast,Sethy,BLAST7_009,Blast,hamming_dist_1,False
PERCEPTUAL_NEAR_DUP,Sethy,BLAST5_087,Blast,Sethy,BLAST7_087,Blast,hamming_dist_4,False
PERCEPTUAL_NEAR_DUP,Sethy,BLAST5_088,Blast,Sethy,BLAST7_008,Blast,hamming_dist_0,False
PERCEPTUAL_NEAR_DUP,Sethy,BLAST5_089,Blast,Sethy,BLAST7_011,Blast,hamming_dist_0,False
PERCEPTUAL_NEAR_DUP,Sethy,BLAST5_090,Blast,Sethy,BLAST7_010,Blast,hamming_dist_0,False
PERCEPTUAL_NEAR_DUP,Sethy,BLAST5_091,Blast,Sethy,BLAST7_013,Blast,hamming_dist_0,False
PERCEPTUAL_NEAR_DUP,Sethy,BLAST5_092,Blast,Sethy,BLAST7_012,Blast,hamming_dist_0,False
PERCEPTUAL_NEAR_DUP,Sethy,BLAST5_093,Blast,Sethy,BLAST7_015,Blast,hamming_dist_0,False
PERCEPTUAL_NEAR_DUP,Sethy,BLAST5_094,Blast,Sethy,BLAST7_014,Blast,hamming_dist_0,False
PERCEPTUAL_NEAR_DUP,Sethy,BLAST5_095,Blast,Sethy,BLAST7_017,Blast,hamming_dist_1,False
PERCEPTUAL_NEAR_DUP,Sethy,BLAST5_096,Blast,Sethy,BLAST7_016,Blast,hamming_dist_0,False
PERCEPTUAL_NEAR_DUP,Sethy,BLAST5_097,Blast,Sethy,BLAST7_019,Blast,hamming_dist_0,False
PERCEPTUAL_NEAR_DUP,Sethy,BLAST5_098,Blast,Sethy,BLAST7_018,Blast,hamming_dist_0,False
PERCEPTUAL_NEAR_DUP,Sethy,BLAST5_099,Blast,Sethy,BLAST7_009,Blast,hamming_dist_4,False
PERCEPTUAL_NEAR_DUP,Sethy,BLAST5_099,Blast,Sethy,BLAST7_021,Blast,hamming_dist_0,False
PERCEPTUAL_NEAR_DUP,Sethy,BLAST5_100,Blast,Sethy,BLAST7_020,Blast,hamming_dist_0,False
PERCEPTUAL_NEAR_DUP,Sethy,BLAST5_101,Blast,Sethy,BLAST7_023,Blast,hamming_dist_0,False
PERCEPTUAL_NEAR_DUP,Sethy,BLAST5_102,Blast,Sethy,BLAST7_022,Blast,hamming_dist_0,False
PERCEPTUAL_NEAR_DUP,Sethy,BLAST5_103,Blast,Sethy,BLAST7_025,Blast,hamming_dist_0,False
PERCEPTUAL_NEAR_DUP,Sethy,BLAST5_104,Blast,Sethy,BLAST7_024,Blast,hamming_dist_0,False
PERCEPTUAL_NEAR_DUP,Sethy,BLAST5_105,Blast,Sethy,BLAST7_027,Blast,hamming_dist_0,False
PERCEPTUAL_NEAR_DUP,Sethy,BLAST5_106,Blast,Sethy,BLAST7_026,Blast,hamming_dist_0,False
PERCEPTUAL_NEAR_DUP,Sethy,BLAST5_107,Blast,Sethy,BLAST7_029,Blast,hamming_dist_2,False
PERCEPTUAL_NEAR_DUP,Sethy,BLAST5_108,Blast,Sethy,BLAST7_028,Blast,hamming_dist_0,False
PERCEPTUAL_NEAR_DUP,Sethy,BLAST5_109,Blast,Sethy,BLAST7_031,Blast,hamming_dist_0,False
PERCEPTUAL_NEAR_DUP,Sethy,BLAST5_110,Blast,Sethy,BLAST7_030,Blast,hamming_dist_0,False
PERCEPTUAL_NEAR_DUP,Sethy,BLAST5_111,Blast,Sethy,BLAST5_113,Blast,hamming_dist_2,False
PERCEPTUAL_NEAR_DUP,Sethy,BLAST5_111,Blast,Sethy,BLAST7_033,Blast,hamming_dist_0,False
PERCEPTUAL_NEAR_DUP,Sethy,BLAST5_111,Blast,Sethy,BLAST7_035,Blast,hamming_dist_2,False
PERCEPTUAL_NEAR_DUP,Sethy,BLAST5_112,Blast,Sethy,BLAST5_120,Blast,hamming_dist_4,False
PERCEPTUAL_NEAR_DUP,Sethy,BLAST5_112,Blast,Sethy,BLAST7_032,Blast,hamming_dist_0,False
PERCEPTUAL_NEAR_DUP,Sethy,BLAST5_112,Blast,Sethy,BLAST7_040,Blast,hamming_dist_4,False
PERCEPTUAL_NEAR_DUP,Sethy,BLAST5_113,Blast,Sethy,BLAST7_033,Blast,hamming_dist_2,False
PERCEPTUAL_NEAR_DUP,Sethy,BLAST5_113,Blast,Sethy,BLAST7_035,Blast,hamming_dist_0,False
PERCEPTUAL_NEAR_DUP,Sethy,BLAST5_114,Blast,Sethy,BLAST7_034,Blast,hamming_dist_0,False
PERCEPTUAL_NEAR_DUP,Sethy,BLAST5_115,Blast,Sethy,BLAST7_037,Blast,hamming_dist_0,False
PERCEPTUAL_NEAR_DUP,Sethy,BLAST5_116,Blast,Sethy,BLAST7_036,Blast,hamming_dist_0,False
PERCEPTUAL_NEAR_DUP,Sethy,BLAST5_117,Blast,Sethy,BLAST7_039,Blast,hamming_dist_2,False
PERCEPTUAL_NEAR_DUP,Sethy,BLAST5_118,Blast,Sethy,BLAST7_038,Blast,hamming_dist_0,False
PERCEPTUAL_NEAR_DUP,Sethy,BLAST5_119,Blast,Sethy,BLAST7_041,Blast,hamming_dist_0,False
PERCEPTUAL_NEAR_DUP,Sethy,BLAST5_120,Blast,Sethy,BLAST7_032,Blast,hamming_dist_4,False
PERCEPTUAL_NEAR_DUP,Sethy,BLAST5_120,Blast,Sethy,BLAST7_040,Blast,hamming_dist_0,False
PERCEPTUAL_NEAR_DUP,Sethy,BLAST5_121,Blast,Sethy,BLAST7_043,Blast,hamming_dist_2,False
PERCEPTUAL_NEAR_DUP,Sethy,BLAST5_122,Blast,Sethy,BLAST7_042,Blast,hamming_dist_0,False
PERCEPTUAL_NEAR_DUP,Sethy,BLAST5_123,Blast,Sethy,BLAST7_045,Blast,hamming_dist_0,False
PERCEPTUAL_NEAR_DUP,Sethy,BLAST5_124,Blast,Sethy,BLAST7_044,Blast,hamming_dist_0,False
PERCEPTUAL_NEAR_DUP,Sethy,BLAST5_125,Blast,Sethy,BLAST7_047,Blast,hamming_dist_1,False
PERCEPTUAL_NEAR_DUP,Sethy,BLAST5_126,Blast,Sethy,BLAST7_046,Blast,hamming_dist_0,False
PERCEPTUAL_NEAR_DUP,Sethy,BLAST5_127,Blast,Sethy,BLAST7_048,Blast,hamming_dist_1,False
PERCEPTUAL_NEAR_DUP,Sethy,BLAST5_128,Blast,Sethy,BLAST7_049,Blast,hamming_dist_0,False
PERCEPTUAL_NEAR_DUP,Sethy,BLAST5_129,Blast,Sethy,BLAST7_050,Blast,hamming_dist_0,False
PERCEPTUAL_NEAR_DUP,Sethy,BLAST5_130,Blast,Sethy,BLAST7_051,Blast,hamming_dist_0,False
PERCEPTUAL_NEAR_DUP,Sethy,BLAST5_131,Blast,Sethy,BLAST7_052,Blast,hamming_dist_0,False
PERCEPTUAL_NEAR_DUP,Sethy,BLAST5_132,Blast,Sethy,BLAST7_053,Blast,hamming_dist_0,False
PERCEPTUAL_NEAR_DUP,Sethy,BLAST5_133,Blast,Sethy,BLAST7_054,Blast,hamming_dist_0,False
PERCEPTUAL_NEAR_DUP,Sethy,BLAST5_134,Blast,Sethy,BLAST7_055,Blast,hamming_dist_0,False
PERCEPTUAL_NEAR_DUP,Sethy,BLAST5_135,Blast,Sethy,BLAST7_056,Blast,hamming_dist_0,False
PERCEPTUAL_NEAR_DUP,Sethy,BLAST5_136,Blast,Sethy,BLAST7_057,Blast,hamming_dist_0,False
PERCEPTUAL_NEAR_DUP,Sethy,BLAST5_137,Blast,Sethy,BLAST7_058,Blast,hamming_dist_0,False
PERCEPTUAL_NEAR_DUP,Sethy,BLAST5_138,Blast,Sethy,BLAST7_059,Blast,hamming_dist_0,False
PERCEPTUAL_NEAR_DUP,Sethy,BLAST5_139,Blast,Sethy,BLAST7_060,Blast,hamming_dist_1,False
PERCEPTUAL_NEAR_DUP,Sethy,BLAST5_140,Blast,Sethy,BLAST7_061,Blast,hamming_dist_0,False
PERCEPTUAL_NEAR_DUP,Sethy,BLAST5_141,Blast,Sethy,BLAST7_062,Blast,hamming_dist_0,False
PERCEPTUAL_NEAR_DUP,Sethy,BLAST5_142,Blast,Sethy,BLAST7_063,Blast,hamming_dist_1,False
PERCEPTUAL_NEAR_DUP,Sethy,BLAST5_143,Blast,Sethy,BLAST7_064,Blast,hamming_dist_0,False
PERCEPTUAL_NEAR_DUP,Sethy,BLAST5_144,Blast,Sethy,BLAST7_065,Blast,hamming_dist_1,False
PERCEPTUAL_NEAR_DUP,Sethy,BLAST5_145,Blast,Sethy,BLAST7_066,Blast,hamming_dist_0,False
PERCEPTUAL_NEAR_DUP,Sethy,BLAST5_146,Blast,Sethy,BLAST7_067,Blast,hamming_dist_0,False
PERCEPTUAL_NEAR_DUP,Sethy,BLAST5_147,Blast,Sethy,BLAST7_068,Blast,hamming_dist_1,False
PERCEPTUAL_NEAR_DUP,Sethy,BLAST5_148,Blast,Sethy,BLAST7_069,Blast,hamming_dist_0,False
PERCEPTUAL_NEAR_DUP,Sethy,BLAST5_149,Blast,Sethy,BLAST7_070,Blast,hamming_dist_1,False
PERCEPTUAL_NEAR_DUP,Sethy,BLAST5_150,Blast,Sethy,BLAST7_071,Blast,hamming_dist_1,False
PERCEPTUAL_NEAR_DUP,Sethy,BLAST5_151,Blast,Sethy,BLAST7_072,Blast,hamming_dist_0,False
PERCEPTUAL_NEAR_DUP,Sethy,BLAST5_152,Blast,Sethy,BLAST7_073,Blast,hamming_dist_0,False
PERCEPTUAL_NEAR_DUP,Sethy,BLAST5_153,Blast,Sethy,BLAST7_074,Blast,hamming_dist_0,False
PERCEPTUAL_NEAR_DUP,Sethy,BLAST5_154,Blast,Sethy,BLAST7_075,Blast,hamming_dist_0,False
PERCEPTUAL_NEAR_DUP,Sethy,BLAST5_155,Blast,Sethy,BLAST7_076,Blast,hamming_dist_0,False
PERCEPTUAL_NEAR_DUP,Sethy,BLAST5_156,Blast,Sethy,BLAST7_077,Blast,hamming_dist_0,False
PERCEPTUAL_NEAR_DUP,Sethy,BLAST5_157,Blast,Sethy,BLAST7_078,Blast,hamming_dist_0,False
PERCEPTUAL_NEAR_DUP,Sethy,BLAST5_158,Blast,Sethy,BLAST7_079,Blast,hamming_dist_0,False
PERCEPTUAL_NEAR_DUP,Sethy,BLAST5_159,Blast,Sethy,BLAST7_080,Blast,hamming_dist_0,False
PERCEPTUAL_NEAR_DUP,Sethy,BLAST5_160,Blast,Sethy,BLAST7_001,Blast,hamming_dist_0,False
PERCEPTUAL_NEAR_DUP,Sethy,BLAST6_033,Blast,Sethy,BLAST6_035,Blast,hamming_dist_2,False
PERCEPTUAL_NEAR_DUP,Sethy,BLAST6_111,Blast,Sethy,BLAST6_113,Blast,hamming_dist_3,False
PERCEPTUAL_NEAR_DUP,Sethy,BLAST7_009,Blast,Sethy,BLAST7_021,Blast,hamming_dist_4,False
PERCEPTUAL_NEAR_DUP,Sethy,BLAST7_009,Blast,Sethy,BLAST8_009,Blast,hamming_dist_4,False
PERCEPTUAL_NEAR_DUP,Sethy,BLAST7_009,Blast,Sethy,BLAST9_087,Blast,hamming_dist_4,False
PERCEPTUAL_NEAR_DUP,Sethy,BLAST7_032,Blast,Sethy,BLAST7_040,Blast,hamming_dist_4,False
PERCEPTUAL_NEAR_DUP,Sethy,BLAST7_033,Blast,Sethy,BLAST7_035,Blast,hamming_dist_2,False
PERCEPTUAL_NEAR_DUP,Sethy,BLAST7_087,Blast,Sethy,BLAST8_087,Blast,hamming_dist_3,False
PERCEPTUAL_NEAR_DUP,Sethy,BLAST7_087,Blast,Sethy,BLAST9_009,Blast,hamming_dist_2,False
PERCEPTUAL_NEAR_DUP,Sethy,BLAST7_087,Blast,Sethy,BROWNSPOT1_045,Brown Spot,hamming_dist_4,False
PERCEPTUAL_NEAR_DUP,Sethy,BLAST7_111,Blast,Sethy,BLAST7_113,Blast,hamming_dist_2,False
PERCEPTUAL_NEAR_DUP,Sethy,BLAST8_001,Blast,Sethy,BLAST9_160,Blast,hamming_dist_0,False
PERCEPTUAL_NEAR_DUP,Sethy,BLAST8_002,Blast,Sethy,BLAST9_082,Blast,hamming_dist_0,False
PERCEPTUAL_NEAR_DUP,Sethy,BLAST8_003,Blast,Sethy,BLAST9_081,Blast,hamming_dist_0,False
PERCEPTUAL_NEAR_DUP,Sethy,BLAST8_004,Blast,Sethy,BLAST9_084,Blast,hamming_dist_0,False
PERCEPTUAL_NEAR_DUP,Sethy,BLAST8_005,Blast,Sethy,BLAST9_083,Blast,hamming_dist_0,False
PERCEPTUAL_NEAR_DUP,Sethy,BLAST8_006,Blast,Sethy,BLAST9_086,Blast,hamming_dist_0,False
PERCEPTUAL_NEAR_DUP,Sethy,BLAST8_007,Blast,Sethy,BLAST9_085,Blast,hamming_dist_0,False
PERCEPTUAL_NEAR_DUP,Sethy,BLAST8_008,Blast,Sethy,BLAST9_088,Blast,hamming_dist_0,False
PERCEPTUAL_NEAR_DUP,Sethy,BLAST8_009,Blast,Sethy,BLAST8_021,Blast,hamming_dist_4,False
PERCEPTUAL_NEAR_DUP,Sethy,BLAST8_009,Blast,Sethy,BLAST9_087,Blast,hamming_dist_0,False
PERCEPTUAL_NEAR_DUP,Sethy,BLAST8_009,Blast,Sethy,BLAST9_099,Blast,hamming_dist_4,False
PERCEPTUAL_NEAR_DUP,Sethy,BLAST8_010,Blast,Sethy,BLAST9_090,Blast,hamming_dist_0,False
PERCEPTUAL_NEAR_DUP,Sethy,BLAST8_011,Blast,Sethy,BLAST9_089,Blast,hamming_dist_0,False
PERCEPTUAL_NEAR_DUP,Sethy,BLAST8_012,Blast,Sethy,BLAST9_092,Blast,hamming_dist_0,False
PERCEPTUAL_NEAR_DUP,Sethy,BLAST8_013,Blast,Sethy,BLAST9_091,Blast,hamming_dist_0,False
PERCEPTUAL_NEAR_DUP,Sethy,BLAST8_014,Blast,Sethy,BLAST9_094,Blast,hamming_dist_0,False
PERCEPTUAL_NEAR_DUP,Sethy,BLAST8_015,Blast,Sethy,BLAST9_093,Blast,hamming_dist_0,False
PERCEPTUAL_NEAR_DUP,Sethy,BLAST8_016,Blast,Sethy,BLAST9_096,Blast,hamming_dist_0,False
PERCEPTUAL_NEAR_DUP,Sethy,BLAST8_017,Blast,Sethy,BLAST9_095,Blast,hamming_dist_1,False
PERCEPTUAL_NEAR_DUP,Sethy,BLAST8_018,Blast,Sethy,BLAST9_098,Blast,hamming_dist_0,False
PERCEPTUAL_NEAR_DUP,Sethy,BLAST8_019,Blast,Sethy,BLAST9_097,Blast,hamming_dist_1,False
PERCEPTUAL_NEAR_DUP,Sethy,BLAST8_020,Blast,Sethy,BLAST9_100,Blast,hamming_dist_0,False
PERCEPTUAL_NEAR_DUP,Sethy,BLAST8_021,Blast,Sethy,BLAST9_087,Blast,hamming_dist_4,False
PERCEPTUAL_NEAR_DUP,Sethy,BLAST8_021,Blast,Sethy,BLAST9_099,Blast,hamming_dist_0,False
PERCEPTUAL_NEAR_DUP,Sethy,BLAST8_022,Blast,Sethy,BLAST9_102,Blast,hamming_dist_0,False
PERCEPTUAL_NEAR_DUP,Sethy,BLAST8_023,Blast,Sethy,BLAST9_101,Blast,hamming_dist_0,False
PERCEPTUAL_NEAR_DUP,Sethy,BLAST8_024,Blast,Sethy,BLAST9_104,Blast,hamming_dist_0,False
PERCEPTUAL_NEAR_DUP,Sethy,BLAST8_025,Blast,Sethy,BLAST9_103,Blast,hamming_dist_0,False
PERCEPTUAL_NEAR_DUP,Sethy,BLAST8_026,Blast,Sethy,BLAST9_106,Blast,hamming_dist_0,False
PERCEPTUAL_NEAR_DUP,Sethy,BLAST8_027,Blast,Sethy,BLAST9_105,Blast,hamming_dist_0,False
PERCEPTUAL_NEAR_DUP,Sethy,BLAST8_028,Blast,Sethy,BLAST9_108,Blast,hamming_dist_0,False
PERCEPTUAL_NEAR_DUP,Sethy,BLAST8_029,Blast,Sethy,BLAST9_107,Blast,hamming_dist_0,False
PERCEPTUAL_NEAR_DUP,Sethy,BLAST8_030,Blast,Sethy,BLAST9_110,Blast,hamming_dist_0,False
PERCEPTUAL_NEAR_DUP,Sethy,BLAST8_031,Blast,Sethy,BLAST9_109,Blast,hamming_dist_0,False
PERCEPTUAL_NEAR_DUP,Sethy,BLAST8_032,Blast,Sethy,BLAST8_040,Blast,hamming_dist_4,False
PERCEPTUAL_NEAR_DUP,Sethy,BLAST8_032,Blast,Sethy,BLAST9_112,Blast,hamming_dist_0,False
PERCEPTUAL_NEAR_DUP,Sethy,BLAST8_032,Blast,Sethy,BLAST9_120,Blast,hamming_dist_4,False
PERCEPTUAL_NEAR_DUP,Sethy,BLAST8_033,Blast,Sethy,BLAST8_035,Blast,hamming_dist_3,False
PERCEPTUAL_NEAR_DUP,Sethy,BLAST8_033,Blast,Sethy,BLAST9_111,Blast,hamming_dist_1,False
PERCEPTUAL_NEAR_DUP,Sethy,BLAST8_033,Blast,Sethy,BLAST9_113,Blast,hamming_dist_3,False
PERCEPTUAL_NEAR_DUP,Sethy,BLAST8_034,Blast,Sethy,BLAST9_114,Blast,hamming_dist_0,False
PERCEPTUAL_NEAR_DUP,Sethy,BLAST8_035,Blast,Sethy,BLAST9_111,Blast,hamming_dist_2,False
PERCEPTUAL_NEAR_DUP,Sethy,BLAST8_035,Blast,Sethy,BLAST9_113,Blast,hamming_dist_0,False
PERCEPTUAL_NEAR_DUP,Sethy,BLAST8_036,Blast,Sethy,BLAST9_116,Blast,hamming_dist_0,False
PERCEPTUAL_NEAR_DUP,Sethy,BLAST8_037,Blast,Sethy,BLAST9_115,Blast,hamming_dist_1,False
PERCEPTUAL_NEAR_DUP,Sethy,BLAST8_038,Blast,Sethy,BLAST9_118,Blast,hamming_dist_0,False
PERCEPTUAL_NEAR_DUP,Sethy,BLAST8_039,Blast,Sethy,BLAST9_117,Blast,hamming_dist_1,False
PERCEPTUAL_NEAR_DUP,Sethy,BLAST8_040,Blast,Sethy,BLAST9_112,Blast,hamming_dist_4,False
PERCEPTUAL_NEAR_DUP,Sethy,BLAST8_040,Blast,Sethy,BLAST9_120,Blast,hamming_dist_0,False
PERCEPTUAL_NEAR_DUP,Sethy,BLAST8_041,Blast,Sethy,BLAST9_119,Blast,hamming_dist_0,False
PERCEPTUAL_NEAR_DUP,Sethy,BLAST8_042,Blast,Sethy,BLAST9_122,Blast,hamming_dist_0,False
PERCEPTUAL_NEAR_DUP,Sethy,BLAST8_043,Blast,Sethy,BLAST9_121,Blast,hamming_dist_0,False
PERCEPTUAL_NEAR_DUP,Sethy,BLAST8_044,Blast,Sethy,BLAST9_124,Blast,hamming_dist_0,False
PERCEPTUAL_NEAR_DUP,Sethy,BLAST8_045,Blast,Sethy,BLAST9_123,Blast,hamming_dist_2,False
PERCEPTUAL_NEAR_DUP,Sethy,BLAST8_046,Blast,Sethy,BLAST9_126,Blast,hamming_dist_0,False
PERCEPTUAL_NEAR_DUP,Sethy,BLAST8_047,Blast,Sethy,BLAST9_125,Blast,hamming_dist_1,False
PERCEPTUAL_NEAR_DUP,Sethy,BLAST8_048,Blast,Sethy,BLAST9_127,Blast,hamming_dist_1,False
PERCEPTUAL_NEAR_DUP,Sethy,BLAST8_049,Blast,Sethy,BLAST9_128,Blast,hamming_dist_1,False
PERCEPTUAL_NEAR_DUP,Sethy,BLAST8_050,Blast,Sethy,BLAST9_129,Blast,hamming_dist_0,False
PERCEPTUAL_NEAR_DUP,Sethy,BLAST8_051,Blast,Sethy,BLAST9_130,Blast,hamming_dist_1,False
PERCEPTUAL_NEAR_DUP,Sethy,BLAST8_052,Blast,Sethy,BLAST9_131,Blast,hamming_dist_0,False
PERCEPTUAL_NEAR_DUP,Sethy,BLAST8_053,Blast,Sethy,BLAST9_132,Blast,hamming_dist_0,False
PERCEPTUAL_NEAR_DUP,Sethy,BLAST8_054,Blast,Sethy,BLAST9_133,Blast,hamming_dist_0,False
PERCEPTUAL_NEAR_DUP,Sethy,BLAST8_055,Blast,Sethy,BLAST9_134,Blast,hamming_dist_0,False
PERCEPTUAL_NEAR_DUP,Sethy,BLAST8_056,Blast,Sethy,BLAST9_135,Blast,hamming_dist_0,False
PERCEPTUAL_NEAR_DUP,Sethy,BLAST8_057,Blast,Sethy,BLAST9_136,Blast,hamming_dist_0,False
PERCEPTUAL_NEAR_DUP,Sethy,BLAST8_058,Blast,Sethy,BLAST9_137,Blast,hamming_dist_0,False
PERCEPTUAL_NEAR_DUP,Sethy,BLAST8_059,Blast,Sethy,BLAST9_138,Blast,hamming_dist_0,False
PERCEPTUAL_NEAR_DUP,Sethy,BLAST8_060,Blast,Sethy,BLAST9_139,Blast,hamming_dist_1,False
PERCEPTUAL_NEAR_DUP,Sethy,BLAST8_061,Blast,Sethy,BLAST9_140,Blast,hamming_dist_0,False
PERCEPTUAL_NEAR_DUP,Sethy,BLAST8_062,Blast,Sethy,BLAST9_141,Blast,hamming_dist_1,False
PERCEPTUAL_NEAR_DUP,Sethy,BLAST8_063,Blast,Sethy,BLAST9_142,Blast,hamming_dist_1,False
PERCEPTUAL_NEAR_DUP,Sethy,BLAST8_064,Blast,Sethy,BLAST9_143,Blast,hamming_dist_0,False
PERCEPTUAL_NEAR_DUP,Sethy,BLAST8_065,Blast,Sethy,BLAST9_144,Blast,hamming_dist_0,False
PERCEPTUAL_NEAR_DUP,Sethy,BLAST8_066,Blast,Sethy,BLAST9_145,Blast,hamming_dist_0,False
PERCEPTUAL_NEAR_DUP,Sethy,BLAST8_067,Blast,Sethy,BLAST9_146,Blast,hamming_dist_0,False
PERCEPTUAL_NEAR_DUP,Sethy,BLAST8_068,Blast,Sethy,BLAST9_147,Blast,hamming_dist_0,False
PERCEPTUAL_NEAR_DUP,Sethy,BLAST8_069,Blast,Sethy,BLAST9_148,Blast,hamming_dist_0,False
PERCEPTUAL_NEAR_DUP,Sethy,BLAST8_070,Blast,Sethy,BLAST9_149,Blast,hamming_dist_0,False
PERCEPTUAL_NEAR_DUP,Sethy,BLAST8_071,Blast,Sethy,BLAST9_150,Blast,hamming_dist_0,False
PERCEPTUAL_NEAR_DUP,Sethy,BLAST8_072,Blast,Sethy,BLAST9_151,Blast,hamming_dist_0,False
PERCEPTUAL_NEAR_DUP,Sethy,BLAST8_073,Blast,Sethy,BLAST9_152,Blast,hamming_dist_0,False
PERCEPTUAL_NEAR_DUP,Sethy,BLAST8_074,Blast,Sethy,BLAST9_153,Blast,hamming_dist_0,False
PERCEPTUAL_NEAR_DUP,Sethy,BLAST8_075,Blast,Sethy,BLAST9_154,Blast,hamming_dist_0,False
PERCEPTUAL_NEAR_DUP,Sethy,BLAST8_076,Blast,Sethy,BLAST9_155,Blast,hamming_dist_0,False
PERCEPTUAL_NEAR_DUP,Sethy,BLAST8_077,Blast,Sethy,BLAST9_156,Blast,hamming_dist_2,False
PERCEPTUAL_NEAR_DUP,Sethy,BLAST8_078,Blast,Sethy,BLAST9_157,Blast,hamming_dist_0,False
PERCEPTUAL_NEAR_DUP,Sethy,BLAST8_079,Blast,Sethy,BLAST9_158,Blast,hamming_dist_0,False
PERCEPTUAL_NEAR_DUP,Sethy,BLAST8_080,Blast,Sethy,BLAST9_159,Blast,hamming_dist_0,False
PERCEPTUAL_NEAR_DUP,Sethy,BLAST8_081,Blast,Sethy,BLAST9_003,Blast,hamming_dist_0,False
PERCEPTUAL_NEAR_DUP,Sethy,BLAST8_082,Blast,Sethy,BLAST9_002,Blast,hamming_dist_0,False
PERCEPTUAL_NEAR_DUP,Sethy,BLAST8_083,Blast,Sethy,BLAST9_005,Blast,hamming_dist_0,False
PERCEPTUAL_NEAR_DUP,Sethy,BLAST8_084,Blast,Sethy,BLAST9_004,Blast,hamming_dist_0,False
PERCEPTUAL_NEAR_DUP,Sethy,BLAST8_085,Blast,Sethy,BLAST9_007,Blast,hamming_dist_0,False
PERCEPTUAL_NEAR_DUP,Sethy,BLAST8_086,Blast,Sethy,BLAST9_006,Blast,hamming_dist_0,False
PERCEPTUAL_NEAR_DUP,Sethy,BLAST8_087,Blast,Sethy,BLAST9_009,Blast,hamming_dist_1,False
PERCEPTUAL_NEAR_DUP,Sethy,BLAST8_088,Blast,Sethy,BLAST9_008,Blast,hamming_dist_0,False
PERCEPTUAL_NEAR_DUP,Sethy,BLAST8_089,Blast,Sethy,BLAST9_011,Blast,hamming_dist_0,False
PERCEPTUAL_NEAR_DUP,Sethy,BLAST8_090,Blast,Sethy,BLAST9_010,Blast,hamming_dist_0,False
PERCEPTUAL_NEAR_DUP,Sethy,BLAST8_091,Blast,Sethy,BLAST9_013,Blast,hamming_dist_0,False
PERCEPTUAL_NEAR_DUP,Sethy,BLAST8_092,Blast,Sethy,BLAST9_012,Blast,hamming_dist_0,False
PERCEPTUAL_NEAR_DUP,Sethy,BLAST8_093,Blast,Sethy,BLAST9_015,Blast,hamming_dist_0,False
PERCEPTUAL_NEAR_DUP,Sethy,BLAST8_094,Blast,Sethy,BLAST9_014,Blast,hamming_dist_0,False
PERCEPTUAL_NEAR_DUP,Sethy,BLAST8_095,Blast,Sethy,BLAST9_017,Blast,hamming_dist_0,False
PERCEPTUAL_NEAR_DUP,Sethy,BLAST8_096,Blast,Sethy,BLAST9_016,Blast,hamming_dist_0,False
PERCEPTUAL_NEAR_DUP,Sethy,BLAST8_097,Blast,Sethy,BLAST9_019,Blast,hamming_dist_0,False
PERCEPTUAL_NEAR_DUP,Sethy,BLAST8_098,Blast,Sethy,BLAST9_018,Blast,hamming_dist_0,False
PERCEPTUAL_NEAR_DUP,Sethy,BLAST8_099,Blast,Sethy,BLAST9_021,Blast,hamming_dist_2,False
PERCEPTUAL_NEAR_DUP,Sethy,BLAST8_100,Blast,Sethy,BLAST9_020,Blast,hamming_dist_0,False
PERCEPTUAL_NEAR_DUP,Sethy,BLAST8_101,Blast,Sethy,BLAST9_023,Blast,hamming_dist_0,False
PERCEPTUAL_NEAR_DUP,Sethy,BLAST8_102,Blast,Sethy,BLAST9_022,Blast,hamming_dist_0,False
PERCEPTUAL_NEAR_DUP,Sethy,BLAST8_103,Blast,Sethy,BLAST9_025,Blast,hamming_dist_0,False
PERCEPTUAL_NEAR_DUP,Sethy,BLAST8_104,Blast,Sethy,BLAST9_024,Blast,hamming_dist_0,False
PERCEPTUAL_NEAR_DUP,Sethy,BLAST8_105,Blast,Sethy,BLAST9_027,Blast,hamming_dist_0,False
PERCEPTUAL_NEAR_DUP,Sethy,BLAST8_106,Blast,Sethy,BLAST9_026,Blast,hamming_dist_1,False
PERCEPTUAL_NEAR_DUP,Sethy,BLAST8_107,Blast,Sethy,BLAST9_029,Blast,hamming_dist_1,False
PERCEPTUAL_NEAR_DUP,Sethy,BLAST8_108,Blast,Sethy,BLAST9_028,Blast,hamming_dist_0,False
PERCEPTUAL_NEAR_DUP,Sethy,BLAST8_109,Blast,Sethy,BLAST9_031,Blast,hamming_dist_0,False
PERCEPTUAL_NEAR_DUP,Sethy,BLAST8_110,Blast,Sethy,BLAST9_030,Blast,hamming_dist_0,False
PERCEPTUAL_NEAR_DUP,Sethy,BLAST8_111,Blast,Sethy,BLAST8_113,Blast,hamming_dist_3,False
PERCEPTUAL_NEAR_DUP,Sethy,BLAST8_111,Blast,Sethy,BLAST9_033,Blast,hamming_dist_0,False
PERCEPTUAL_NEAR_DUP,Sethy,BLAST8_111,Blast,Sethy,BLAST9_035,Blast,hamming_dist_2,False
PERCEPTUAL_NEAR_DUP,Sethy,BLAST8_112,Blast,Sethy,BLAST9_032,Blast,hamming_dist_0,False
PERCEPTUAL_NEAR_DUP,Sethy,BLAST8_113,Blast,Sethy,BLAST9_033,Blast,hamming_dist_3,False
PERCEPTUAL_NEAR_DUP,Sethy,BLAST8_113,Blast,Sethy,BLAST9_035,Blast,hamming_dist_1,False
PERCEPTUAL_NEAR_DUP,Sethy,BLAST8_114,Blast,Sethy,BLAST9_034,Blast,hamming_dist_0,False
PERCEPTUAL_NEAR_DUP,Sethy,BLAST8_115,Blast,Sethy,BLAST9_037,Blast,hamming_dist_0,False
PERCEPTUAL_NEAR_DUP,Sethy,BLAST8_116,Blast,Sethy,BLAST9_036,Blast,hamming_dist_0,False
PERCEPTUAL_NEAR_DUP,Sethy,BLAST8_117,Blast,Sethy,BLAST9_039,Blast,hamming_dist_1,False
PERCEPTUAL_NEAR_DUP,Sethy,BLAST8_118,Blast,Sethy,BLAST9_038,Blast,hamming_dist_0,False
PERCEPTUAL_NEAR_DUP,Sethy,BLAST8_119,Blast,Sethy,BLAST9_041,Blast,hamming_dist_0,False
PERCEPTUAL_NEAR_DUP,Sethy,BLAST8_120,Blast,Sethy,BLAST9_040,Blast,hamming_dist_0,False
PERCEPTUAL_NEAR_DUP,Sethy,BLAST8_121,Blast,Sethy,BLAST9_043,Blast,hamming_dist_0,False
PERCEPTUAL_NEAR_DUP,Sethy,BLAST8_122,Blast,Sethy,BLAST9_042,Blast,hamming_dist_0,False
PERCEPTUAL_NEAR_DUP,Sethy,BLAST8_123,Blast,Sethy,BLAST9_045,Blast,hamming_dist_0,False
PERCEPTUAL_NEAR_DUP,Sethy,BLAST8_124,Blast,Sethy,BLAST9_044,Blast,hamming_dist_0,False
PERCEPTUAL_NEAR_DUP,Sethy,BLAST8_125,Blast,Sethy,BLAST9_047,Blast,hamming_dist_0,False
PERCEPTUAL_NEAR_DUP,Sethy,BLAST8_126,Blast,Sethy,BLAST9_046,Blast,hamming_dist_0,False
PERCEPTUAL_NEAR_DUP,Sethy,BLAST8_127,Blast,Sethy,BLAST9_048,Blast,hamming_dist_0,False
PERCEPTUAL_NEAR_DUP,Sethy,BLAST8_128,Blast,Sethy,BLAST9_049,Blast,hamming_dist_0,False
PERCEPTUAL_NEAR_DUP,Sethy,BLAST8_129,Blast,Sethy,BLAST9_050,Blast,hamming_dist_0,False
PERCEPTUAL_NEAR_DUP,Sethy,BLAST8_130,Blast,Sethy,BLAST9_051,Blast,hamming_dist_1,False
PERCEPTUAL_NEAR_DUP,Sethy,BLAST8_131,Blast,Sethy,BLAST9_052,Blast,hamming_dist_0,False
PERCEPTUAL_NEAR_DUP,Sethy,BLAST8_132,Blast,Sethy,BLAST9_053,Blast,hamming_dist_0,False
PERCEPTUAL_NEAR_DUP,Sethy,BLAST8_133,Blast,Sethy,BLAST9_054,Blast,hamming_dist_0,False
PERCEPTUAL_NEAR_DUP,Sethy,BLAST8_134,Blast,Sethy,BLAST9_055,Blast,hamming_dist_0,False
PERCEPTUAL_NEAR_DUP,Sethy,BLAST8_135,Blast,Sethy,BLAST9_056,Blast,hamming_dist_0,False
PERCEPTUAL_NEAR_DUP,Sethy,BLAST8_136,Blast,Sethy,BLAST9_057,Blast,hamming_dist_0,False
PERCEPTUAL_NEAR_DUP,Sethy,BLAST8_137,Blast,Sethy,BLAST9_058,Blast,hamming_dist_1,False
PERCEPTUAL_NEAR_DUP,Sethy,BLAST8_138,Blast,Sethy,BLAST9_059,Blast,hamming_dist_0,False
PERCEPTUAL_NEAR_DUP,Sethy,BLAST8_139,Blast,Sethy,BLAST9_060,Blast,hamming_dist_0,False
PERCEPTUAL_NEAR_DUP,Sethy,BLAST8_140,Blast,Sethy,BLAST9_061,Blast,hamming_dist_2,False
PERCEPTUAL_NEAR_DUP,Sethy,BLAST8_141,Blast,Sethy,BLAST9_062,Blast,hamming_dist_0,False
PERCEPTUAL_NEAR_DUP,Sethy,BLAST8_142,Blast,Sethy,BLAST9_063,Blast,hamming_dist_1,False
PERCEPTUAL_NEAR_DUP,Sethy,BLAST8_143,Blast,Sethy,BLAST9_064,Blast,hamming_dist_1,False
PERCEPTUAL_NEAR_DUP,Sethy,BLAST8_144,Blast,Sethy,BLAST9_065,Blast,hamming_dist_0,False
PERCEPTUAL_NEAR_DUP,Sethy,BLAST8_145,Blast,Sethy,BLAST9_066,Blast,hamming_dist_0,False
PERCEPTUAL_NEAR_DUP,Sethy,BLAST8_146,Blast,Sethy,BLAST9_067,Blast,hamming_dist_0,False
PERCEPTUAL_NEAR_DUP,Sethy,BLAST8_147,Blast,Sethy,BLAST9_068,Blast,hamming_dist_0,False
PERCEPTUAL_NEAR_DUP,Sethy,BLAST8_148,Blast,Sethy,BLAST9_069,Blast,hamming_dist_0,False
PERCEPTUAL_NEAR_DUP,Sethy,BLAST8_149,Blast,Sethy,BLAST9_070,Blast,hamming_dist_0,False
PERCEPTUAL_NEAR_DUP,Sethy,BLAST8_150,Blast,Sethy,BLAST9_071,Blast,hamming_dist_1,False
PERCEPTUAL_NEAR_DUP,Sethy,BLAST8_151,Blast,Sethy,BLAST9_072,Blast,hamming_dist_0,False
PERCEPTUAL_NEAR_DUP,Sethy,BLAST8_152,Blast,Sethy,BLAST9_073,Blast,hamming_dist_0,False
PERCEPTUAL_NEAR_DUP,Sethy,BLAST8_153,Blast,Sethy,BLAST9_074,Blast,hamming_dist_0,False
PERCEPTUAL_NEAR_DUP,Sethy,BLAST8_154,Blast,Sethy,BLAST9_075,Blast,hamming_dist_1,False
PERCEPTUAL_NEAR_DUP,Sethy,BLAST8_155,Blast,Sethy,BLAST9_076,Blast,hamming_dist_0,False
PERCEPTUAL_NEAR_DUP,Sethy,BLAST8_156,Blast,Sethy,BLAST9_077,Blast,hamming_dist_0,False
PERCEPTUAL_NEAR_DUP,Sethy,BLAST8_157,Blast,Sethy,BLAST9_078,Blast,hamming_dist_2,False
PERCEPTUAL_NEAR_DUP,Sethy,BLAST8_158,Blast,Sethy,BLAST9_079,Blast,hamming_dist_0,False
PERCEPTUAL_NEAR_DUP,Sethy,BLAST8_159,Blast,Sethy,BLAST9_080,Blast,hamming_dist_0,False
PERCEPTUAL_NEAR_DUP,Sethy,BLAST8_160,Blast,Sethy,BLAST9_001,Blast,hamming_dist_0,False
PERCEPTUAL_NEAR_DUP,Sethy,BLAST9_009,Blast,Sethy,BROWNSPOT1_030,Brown Spot,hamming_dist_4,False
PERCEPTUAL_NEAR_DUP,Sethy,BLAST9_009,Blast,Sethy,BROWNSPOT1_144,Brown Spot,hamming_dist_4,False
PERCEPTUAL_NEAR_DUP,Sethy,BLAST9_033,Blast,Sethy,BLAST9_035,Blast,hamming_dist_2,False
PERCEPTUAL_NEAR_DUP,Sethy,BLAST9_087,Blast,Sethy,BLAST9_099,Blast,hamming_dist_4,False
PERCEPTUAL_NEAR_DUP,Sethy,BLAST9_111,Blast,Sethy,BLAST9_113,Blast,hamming_dist_2,False
PERCEPTUAL_NEAR_DUP,Sethy,BLAST9_112,Blast,Sethy,BLAST9_120,Blast,hamming_dist_4,False
PERCEPTUAL_NEAR_DUP,Sethy,BROWNSPOT1_036,Brown Spot,Sethy,BROWNSPOT1_050,Brown Spot,hamming_dist_4,False
PERCEPTUAL_NEAR_DUP,Sethy,BROWNSPOT1_066,Brown Spot,Sethy,BROWNSPOT1_068,Brown Spot,hamming_dist_4,False
PERCEPTUAL_NEAR_DUP,Sethy,BROWNSPOT1_165,Brown Spot,Sethy,BROWNSPOT1_167,Brown Spot,hamming_dist_3,False
PERCEPTUAL_NEAR_DUP,Sethy,BROWNSPOT1_165,Brown Spot,Sethy,BROWNSPOT1_191,Brown Spot,hamming_dist_4,False
PERCEPTUAL_NEAR_DUP,Sethy,BROWNSPOT1_181,Brown Spot,Sethy,BROWNSPOT2_050,Brown Spot,hamming_dist_4,False
PERCEPTUAL_NEAR_DUP,Sethy,BROWNSPOT1_181,Brown Spot,Sethy,BROWNSPOT3_149,Brown Spot,hamming_dist_4,False
PERCEPTUAL_NEAR_DUP,Sethy,BROWNSPOT2_001,Brown Spot,Sethy,BROWNSPOT3_200,Brown Spot,hamming_dist_0,False
PERCEPTUAL_NEAR_DUP,Sethy,BROWNSPOT2_002,Brown Spot,Sethy,BROWNSPOT3_102,Brown Spot,hamming_dist_0,False
PERCEPTUAL_NEAR_DUP,Sethy,BROWNSPOT2_003,Brown Spot,Sethy,BROWNSPOT3_101,Brown Spot,hamming_dist_0,False
PERCEPTUAL_NEAR_DUP,Sethy,BROWNSPOT2_004,Brown Spot,Sethy,BROWNSPOT3_104,Brown Spot,hamming_dist_0,False
PERCEPTUAL_NEAR_DUP,Sethy,BROWNSPOT2_005,Brown Spot,Sethy,BROWNSPOT3_103,Brown Spot,hamming_dist_0,False
PERCEPTUAL_NEAR_DUP,Sethy,BROWNSPOT2_006,Brown Spot,Sethy,BROWNSPOT3_106,Brown Spot,hamming_dist_0,False
PERCEPTUAL_NEAR_DUP,Sethy,BROWNSPOT2_007,Brown Spot,Sethy,BROWNSPOT3_105,Brown Spot,hamming_dist_0,False
PERCEPTUAL_NEAR_DUP,Sethy,BROWNSPOT2_008,Brown Spot,Sethy,BROWNSPOT3_108,Brown Spot,hamming_dist_0,False
PERCEPTUAL_NEAR_DUP,Sethy,BROWNSPOT2_009,Brown Spot,Sethy,BROWNSPOT3_107,Brown Spot,hamming_dist_0,False
PERCEPTUAL_NEAR_DUP,Sethy,BROWNSPOT2_010,Brown Spot,Sethy,BROWNSPOT3_109,Brown Spot,hamming_dist_0,False
PERCEPTUAL_NEAR_DUP,Sethy,BROWNSPOT2_011,Brown Spot,Sethy,BROWNSPOT3_110,Brown Spot,hamming_dist_0,False
PERCEPTUAL_NEAR_DUP,Sethy,BROWNSPOT2_012,Brown Spot,Sethy,BROWNSPOT3_111,Brown Spot,hamming_dist_0,False
PERCEPTUAL_NEAR_DUP,Sethy,BROWNSPOT2_013,Brown Spot,Sethy,BROWNSPOT3_112,Brown Spot,hamming_dist_0,False
PERCEPTUAL_NEAR_DUP,Sethy,BROWNSPOT2_014,Brown Spot,Sethy,BROWNSPOT3_113,Brown Spot,hamming_dist_1,False
PERCEPTUAL_NEAR_DUP,Sethy,BROWNSPOT2_015,Brown Spot,Sethy,BROWNSPOT3_114,Brown Spot,hamming_dist_0,False
PERCEPTUAL_NEAR_DUP,Sethy,BROWNSPOT2_016,Brown Spot,Sethy,BROWNSPOT3_115,Brown Spot,hamming_dist_0,False
PERCEPTUAL_NEAR_DUP,Sethy,BROWNSPOT2_017,Brown Spot,Sethy,BROWNSPOT3_116,Brown Spot,hamming_dist_2,False
PERCEPTUAL_NEAR_DUP,Sethy,BROWNSPOT2_018,Brown Spot,Sethy,BROWNSPOT3_117,Brown Spot,hamming_dist_1,False
PERCEPTUAL_NEAR_DUP,Sethy,BROWNSPOT2_019,Brown Spot,Sethy,BROWNSPOT3_118,Brown Spot,hamming_dist_1,False
PERCEPTUAL_NEAR_DUP,Sethy,BROWNSPOT2_020,Brown Spot,Sethy,BROWNSPOT3_119,Brown Spot,hamming_dist_2,False
PERCEPTUAL_NEAR_DUP,Sethy,BROWNSPOT2_021,Brown Spot,Sethy,BROWNSPOT3_120,Brown Spot,hamming_dist_0,False
PERCEPTUAL_NEAR_DUP,Sethy,BROWNSPOT2_022,Brown Spot,Sethy,BROWNSPOT3_121,Brown Spot,hamming_dist_4,False
PERCEPTUAL_NEAR_DUP,Sethy,BROWNSPOT2_023,Brown Spot,Sethy,BROWNSPOT3_122,Brown Spot,hamming_dist_0,False
PERCEPTUAL_NEAR_DUP,Sethy,BROWNSPOT2_024,Brown Spot,Sethy,BROWNSPOT3_123,Brown Spot,hamming_dist_0,False
PERCEPTUAL_NEAR_DUP,Sethy,BROWNSPOT2_025,Brown Spot,Sethy,BROWNSPOT2_041,Brown Spot,hamming_dist_4,False
PERCEPTUAL_NEAR_DUP,Sethy,BROWNSPOT2_025,Brown Spot,Sethy,BROWNSPOT3_124,Brown Spot,hamming_dist_0,False
PERCEPTUAL_NEAR_DUP,Sethy,BROWNSPOT2_025,Brown Spot,Sethy,BROWNSPOT3_140,Brown Spot,hamming_dist_4,False
PERCEPTUAL_NEAR_DUP,Sethy,BROWNSPOT2_026,Brown Spot,Sethy,BROWNSPOT3_125,Brown Spot,hamming_dist_0,False
PERCEPTUAL_NEAR_DUP,Sethy,BROWNSPOT2_027,Brown Spot,Sethy,BROWNSPOT3_126,Brown Spot,hamming_dist_0,False
PERCEPTUAL_NEAR_DUP,Sethy,BROWNSPOT2_028,Brown Spot,Sethy,BROWNSPOT3_127,Brown Spot,hamming_dist_0,False
PERCEPTUAL_NEAR_DUP,Sethy,BROWNSPOT2_029,Brown Spot,Sethy,BROWNSPOT3_128,Brown Spot,hamming_dist_0,False
PERCEPTUAL_NEAR_DUP,Sethy,BROWNSPOT2_030,Brown Spot,Sethy,BROWNSPOT3_129,Brown Spot,hamming_dist_0,False
PERCEPTUAL_NEAR_DUP,Sethy,BROWNSPOT2_031,Brown Spot,Sethy,BROWNSPOT3_130,Brown Spot,hamming_dist_0,False
PERCEPTUAL_NEAR_DUP,Sethy,BROWNSPOT2_032,Brown Spot,Sethy,BROWNSPOT2_072,Brown Spot,hamming_dist_3,False
PERCEPTUAL_NEAR_DUP,Sethy,BROWNSPOT2_032,Brown Spot,Sethy,BROWNSPOT3_131,Brown Spot,hamming_dist_0,False
PERCEPTUAL_NEAR_DUP,Sethy,BROWNSPOT2_032,Brown Spot,Sethy,BROWNSPOT3_171,Brown Spot,hamming_dist_4,False
PERCEPTUAL_NEAR_DUP,Sethy,BROWNSPOT2_033,Brown Spot,Sethy,BROWNSPOT3_132,Brown Spot,hamming_dist_1,False
PERCEPTUAL_NEAR_DUP,Sethy,BROWNSPOT2_034,Brown Spot,Sethy,BROWNSPOT3_133,Brown Spot,hamming_dist_0,False
PERCEPTUAL_NEAR_DUP,Sethy,BROWNSPOT2_035,Brown Spot,Sethy,BROWNSPOT2_051,Brown Spot,hamming_dist_4,False
PERCEPTUAL_NEAR_DUP,Sethy,BROWNSPOT2_035,Brown Spot,Sethy,BROWNSPOT2_059,Brown Spot,hamming_dist_4,False
PERCEPTUAL_NEAR_DUP,Sethy,BROWNSPOT2_035,Brown Spot,Sethy,BROWNSPOT2_146,Brown Spot,hamming_dist_4,False
PERCEPTUAL_NEAR_DUP,Sethy,BROWNSPOT2_035,Brown Spot,Sethy,BROWNSPOT3_047,Brown Spot,hamming_dist_4,False
PERCEPTUAL_NEAR_DUP,Sethy,BROWNSPOT2_035,Brown Spot,Sethy,BROWNSPOT3_134,Brown Spot,hamming_dist_0,False
PERCEPTUAL_NEAR_DUP,Sethy,BROWNSPOT2_035,Brown Spot,Sethy,BROWNSPOT3_150,Brown Spot,hamming_dist_4,False
PERCEPTUAL_NEAR_DUP,Sethy,BROWNSPOT2_035,Brown Spot,Sethy,BROWNSPOT3_158,Brown Spot,hamming_dist_4,False
PERCEPTUAL_NEAR_DUP,Sethy,BROWNSPOT2_036,Brown Spot,Sethy,BROWNSPOT3_135,Brown Spot,hamming_dist_0,False
PERCEPTUAL_NEAR_DUP,Sethy,BROWNSPOT2_037,Brown Spot,Sethy,BROWNSPOT2_156,Brown Spot,hamming_dist_4,False
PERCEPTUAL_NEAR_DUP,Sethy,BROWNSPOT2_037,Brown Spot,Sethy,BROWNSPOT3_136,Brown Spot,hamming_dist_0,False
PERCEPTUAL_NEAR_DUP,Sethy,BROWNSPOT2_038,Brown Spot,Sethy,BROWNSPOT2_051,Brown Spot,hamming_dist_2,False
PERCEPTUAL_NEAR_DUP,Sethy,BROWNSPOT2_038,Brown Spot,Sethy,BROWNSPOT2_063,Brown Spot,hamming_dist_4,False
PERCEPTUAL_NEAR_DUP,Sethy,BROWNSPOT2_038,Brown Spot,Sethy,BROWNSPOT2_146,Brown Spot,hamming_dist_4,False
PERCEPTUAL_NEAR_DUP,Sethy,BROWNSPOT2_038,Brown Spot,Sethy,BROWNSPOT3_047,Brown Spot,hamming_dist_4,False
PERCEPTUAL_NEAR_DUP,Sethy,BROWNSPOT2_038,Brown Spot,Sethy,BROWNSPOT3_137,Brown Spot,hamming_dist_1,False
PERCEPTUAL_NEAR_DUP,Sethy,BROWNSPOT2_038,Brown Spot,Sethy,BROWNSPOT3_141,Brown Spot,hamming_dist_4,False
PERCEPTUAL_NEAR_DUP,Sethy,BROWNSPOT2_038,Brown Spot,Sethy,BROWNSPOT3_150,Brown Spot,hamming_dist_2,False
PERCEPTUAL_NEAR_DUP,Sethy,BROWNSPOT2_038,Brown Spot,Sethy,BROWNSPOT3_162,Brown Spot,hamming_dist_4,False
PERCEPTUAL_NEAR_DUP,Sethy,BROWNSPOT2_039,Brown Spot,Sethy,BROWNSPOT3_138,Brown Spot,hamming_dist_0,False
PERCEPTUAL_NEAR_DUP,Sethy,BROWNSPOT2_040,Brown Spot,Sethy,BROWNSPOT3_139,Brown Spot,hamming_dist_1,False
PERCEPTUAL_NEAR_DUP,Sethy,BROWNSPOT2_041,Brown Spot,Sethy,BROWNSPOT2_051,Brown Spot,hamming_dist_3,False
PERCEPTUAL_NEAR_DUP,Sethy,BROWNSPOT2_041,Brown Spot,Sethy,BROWNSPOT2_063,Brown Spot,hamming_dist_3,False
PERCEPTUAL_NEAR_DUP,Sethy,BROWNSPOT2_041,Brown Spot,Sethy,BROWNSPOT2_076,Brown Spot,hamming_dist_4,False
PERCEPTUAL_NEAR_DUP,Sethy,BROWNSPOT2_041,Brown Spot,Sethy,BROWNSPOT3_124,Brown Spot,hamming_dist_4,False
PERCEPTUAL_NEAR_DUP,Sethy,BROWNSPOT2_041,Brown Spot,Sethy,BROWNSPOT3_137,Brown Spot,hamming_dist_4,False
PERCEPTUAL_NEAR_DUP,Sethy,BROWNSPOT2_041,Brown Spot,Sethy,BROWNSPOT3_140,Brown Spot,hamming_dist_0,False
PERCEPTUAL_NEAR_DUP,Sethy,BROWNSPOT2_041,Brown Spot,Sethy,BROWNSPOT3_150,Brown Spot,hamming_dist_3,False
PERCEPTUAL_NEAR_DUP,Sethy,BROWNSPOT2_041,Brown Spot,Sethy,BROWNSPOT3_162,Brown Spot,hamming_dist_3,False
PERCEPTUAL_NEAR_DUP,Sethy,BROWNSPOT2_041,Brown Spot,Sethy,BROWNSPOT3_175,Brown Spot,hamming_dist_4,False
PERCEPTUAL_NEAR_DUP,Sethy,BROWNSPOT2_042,Brown Spot,Sethy,BROWNSPOT3_137,Brown Spot,hamming_dist_4,False
PERCEPTUAL_NEAR_DUP,Sethy,BROWNSPOT2_042,Brown Spot,Sethy,BROWNSPOT3_141,Brown Spot,hamming_dist_1,False
PERCEPTUAL_NEAR_DUP,Sethy,BROWNSPOT2_043,Brown Spot,Sethy,BROWNSPOT3_142,Brown Spot,hamming_dist_4,False
PERCEPTUAL_NEAR_DUP,Sethy,BROWNSPOT2_044,Brown Spot,Sethy,BROWNSPOT3_143,Brown Spot,hamming_dist_0,False
PERCEPTUAL_NEAR_DUP,Sethy,BROWNSPOT2_045,Brown Spot,Sethy,BROWNSPOT3_144,Brown Spot,hamming_dist_1,False
PERCEPTUAL_NEAR_DUP,Sethy,BROWNSPOT2_046,Brown Spot,Sethy,BROWNSPOT3_145,Brown Spot,hamming_dist_4,False
PERCEPTUAL_NEAR_DUP,Sethy,BROWNSPOT2_047,Brown Spot,Sethy,BROWNSPOT3_146,Brown Spot,hamming_dist_0,False
PERCEPTUAL_NEAR_DUP,Sethy,BROWNSPOT2_048,Brown Spot,Sethy,BROWNSPOT3_147,Brown Spot,hamming_dist_2,False
PERCEPTUAL_NEAR_DUP,Sethy,BROWNSPOT2_049,Brown Spot,Sethy,BROWNSPOT3_148,Brown Spot,hamming_dist_0,False
PERCEPTUAL_NEAR_DUP,Sethy,BROWNSPOT2_050,Brown Spot,Sethy,BROWNSPOT2_156,Brown Spot,hamming_dist_4,False
PERCEPTUAL_NEAR_DUP,Sethy,BROWNSPOT2_050,Brown Spot,Sethy,BROWNSPOT3_057,Brown Spot,hamming_dist_3,False
PERCEPTUAL_NEAR_DUP,Sethy,BROWNSPOT2_050,Brown Spot,Sethy,BROWNSPOT3_149,Brown Spot,hamming_dist_0,False
PERCEPTUAL_NEAR_DUP,Sethy,BROWNSPOT2_051,Brown Spot,Sethy,BROWNSPOT2_059,Brown Spot,hamming_dist_4,False
PERCEPTUAL_NEAR_DUP,Sethy,BROWNSPOT2_051,Brown Spot,Sethy,BROWNSPOT2_062,Brown Spot,hamming_dist_4,False
PERCEPTUAL_NEAR_DUP,Sethy,BROWNSPOT2_051,Brown Spot,Sethy,BROWNSPOT2_063,Brown Spot,hamming_dist_4,False
PERCEPTUAL_NEAR_DUP,Sethy,BROWNSPOT2_051,Brown Spot,Sethy,BROWNSPOT2_093,Brown Spot,hamming_dist_4,False
PERCEPTUAL_NEAR_DUP,Sethy,BROWNSPOT2_051,Brown Spot,Sethy,BROWNSPOT2_146,Brown Spot,hamming_dist_2,False
PERCEPTUAL_NEAR_DUP,Sethy,BROWNSPOT2_051,Brown Spot,Sethy,BROWNSPOT2_178,Brown Spot,hamming_dist_4,False
PERCEPTUAL_NEAR_DUP,Sethy,BROWNSPOT2_051,Brown Spot,Sethy,BROWNSPOT3_047,Brown Spot,hamming_dist_2,False
PERCEPTUAL_NEAR_DUP,Sethy,BROWNSPOT2_051,Brown Spot,Sethy,BROWNSPOT3_134,Brown Spot,hamming_dist_4,False
PERCEPTUAL_NEAR_DUP,Sethy,BROWNSPOT2_051,Brown Spot,Sethy,BROWNSPOT3_137,Brown Spot,hamming_dist_1,False
PERCEPTUAL_NEAR_DUP,Sethy,BROWNSPOT2_051,Brown Spot,Sethy,BROWNSPOT3_140,Brown Spot,hamming_dist_3,False
PERCEPTUAL_NEAR_DUP,Sethy,BROWNSPOT2_051,Brown Spot,Sethy,BROWNSPOT3_141,Brown Spot,hamming_dist_4,False
PERCEPTUAL_NEAR_DUP,Sethy,BROWNSPOT2_051,Brown Spot,Sethy,BROWNSPOT3_150,Brown Spot,hamming_dist_0,False
PERCEPTUAL_NEAR_DUP,Sethy,BROWNSPOT2_051,Brown Spot,Sethy,BROWNSPOT3_158,Brown Spot,hamming_dist_4,False
PERCEPTUAL_NEAR_DUP,Sethy,BROWNSPOT2_051,Brown Spot,Sethy,BROWNSPOT3_161,Brown Spot,hamming_dist_4,False
PERCEPTUAL_NEAR_DUP,Sethy,BROWNSPOT2_051,Brown Spot,Sethy,BROWNSPOT3_162,Brown Spot,hamming_dist_4,False
PERCEPTUAL_NEAR_DUP,Sethy,BROWNSPOT2_051,Brown Spot,Sethy,BROWNSPOT3_192,Brown Spot,hamming_dist_3,False
PERCEPTUAL_NEAR_DUP,Sethy,BROWNSPOT2_052,Brown Spot,Sethy,BROWNSPOT3_151,Brown Spot,hamming_dist_0,False
PERCEPTUAL_NEAR_DUP,Sethy,BROWNSPOT2_053,Brown Spot,Sethy,BROWNSPOT3_152,Brown Spot,hamming_dist_0,False
PERCEPTUAL_NEAR_DUP,Sethy,BROWNSPOT2_054,Brown Spot,Sethy,BROWNSPOT3_153,Brown Spot,hamming_dist_1,False
PERCEPTUAL_NEAR_DUP,Sethy,BROWNSPOT2_055,Brown Spot,Sethy,BROWNSPOT3_154,Brown Spot,hamming_dist_0,False
PERCEPTUAL_NEAR_DUP,Sethy,BROWNSPOT2_056,Brown Spot,Sethy,BROWNSPOT3_155,Brown Spot,hamming_dist_1,False
PERCEPTUAL_NEAR_DUP,Sethy,BROWNSPOT2_057,Brown Spot,Sethy,BROWNSPOT2_149,Brown Spot,hamming_dist_4,False
PERCEPTUAL_NEAR_DUP,Sethy,BROWNSPOT2_057,Brown Spot,Sethy,BROWNSPOT3_050,Brown Spot,hamming_dist_4,False
PERCEPTUAL_NEAR_DUP,Sethy,BROWNSPOT2_057,Brown Spot,Sethy,BROWNSPOT3_156,Brown Spot,hamming_dist_1,False
PERCEPTUAL_NEAR_DUP,Sethy,BROWNSPOT2_058,Brown Spot,Sethy,BROWNSPOT3_157,Brown Spot,hamming_dist_0,False
PERCEPTUAL_NEAR_DUP,Sethy,BROWNSPOT2_059,Brown Spot,Sethy,BROWNSPOT2_076,Brown Spot,hamming_dist_3,False
PERCEPTUAL_NEAR_DUP,Sethy,BROWNSPOT2_059,Brown Spot,Sethy,BROWNSPOT2_085,Brown Spot,hamming_dist_4,False
PERCEPTUAL_NEAR_DUP,Sethy,BROWNSPOT2_059,Brown Spot,Sethy,BROWNSPOT2_146,Brown Spot,hamming_dist_4,False
PERCEPTUAL_NEAR_DUP,Sethy,BROWNSPOT2_059,Brown Spot,Sethy,BROWNSPOT2_178,Brown Spot,hamming_dist_4,False
PERCEPTUAL_NEAR_DUP,Sethy,BROWNSPOT2_059,Brown Spot,Sethy,BROWNSPOT3_047,Brown Spot,hamming_dist_4,False
PERCEPTUAL_NEAR_DUP,Sethy,BROWNSPOT2_059,Brown Spot,Sethy,BROWNSPOT3_134,Brown Spot,hamming_dist_4,False
PERCEPTUAL_NEAR_DUP,Sethy,BROWNSPOT2_059,Brown Spot,Sethy,BROWNSPOT3_150,Brown Spot,hamming_dist_4,False
PERCEPTUAL_NEAR_DUP,Sethy,BROWNSPOT2_059,Brown Spot,Sethy,BROWNSPOT3_158,Brown Spot,hamming_dist_0,False
PERCEPTUAL_NEAR_DUP,Sethy,BROWNSPOT2_059,Brown Spot,Sethy,BROWNSPOT3_175,Brown Spot,hamming_dist_3,False
PERCEPTUAL_NEAR_DUP,Sethy,BROWNSPOT2_059,Brown Spot,Sethy,BROWNSPOT3_185,Brown Spot,hamming_dist_4,False
PERCEPTUAL_NEAR_DUP,Sethy,BROWNSPOT2_060,Brown Spot,Sethy,BROWNSPOT3_159,Brown Spot,hamming_dist_0,False
PERCEPTUAL_NEAR_DUP,Sethy,BROWNSPOT2_061,Brown Spot,Sethy,BROWNSPOT3_160,Brown Spot,hamming_dist_0,False
PERCEPTUAL_NEAR_DUP,Sethy,BROWNSPOT2_062,Brown Spot,Sethy,BROWNSPOT2_146,Brown Spot,hamming_dist_4,False
PERCEPTUAL_NEAR_DUP,Sethy,BROWNSPOT2_062,Brown Spot,Sethy,BROWNSPOT3_047,Brown Spot,hamming_dist_4,False
PERCEPTUAL_NEAR_DUP,Sethy,BROWNSPOT2_062,Brown Spot,Sethy,BROWNSPOT3_150,Brown Spot,hamming_dist_4,False
PERCEPTUAL_NEAR_DUP,Sethy,BROWNSPOT2_062,Brown Spot,Sethy,BROWNSPOT3_161,Brown Spot,hamming_dist_0,False
PERCEPTUAL_NEAR_DUP,Sethy,BROWNSPOT2_063,Brown Spot,Sethy,BROWNSPOT2_081,Brown Spot,hamming_dist_4,False
PERCEPTUAL_NEAR_DUP,Sethy,BROWNSPOT2_063,Brown Spot,Sethy,BROWNSPOT3_137,Brown Spot,hamming_dist_3,False
PERCEPTUAL_NEAR_DUP,Sethy,BROWNSPOT2_063,Brown Spot,Sethy,BROWNSPOT3_140,Brown Spot,hamming_dist_3,False
PERCEPTUAL_NEAR_DUP,Sethy,BROWNSPOT2_063,Brown Spot,Sethy,BROWNSPOT3_141,Brown Spot,hamming_dist_4,False
PERCEPTUAL_NEAR_DUP,Sethy,BROWNSPOT2_063,Brown Spot,Sethy,BROWNSPOT3_150,Brown Spot,hamming_dist_4,False
PERCEPTUAL_NEAR_DUP,Sethy,BROWNSPOT2_063,Brown Spot,Sethy,BROWNSPOT3_162,Brown Spot,hamming_dist_0,False
PERCEPTUAL_NEAR_DUP,Sethy,BROWNSPOT2_063,Brown Spot,Sethy,BROWNSPOT3_181,Brown Spot,hamming_dist_3,False
PERCEPTUAL_NEAR_DUP,Sethy,BROWNSPOT2_064,Brown Spot,Sethy,BROWNSPOT3_163,Brown Spot,hamming_dist_0,False
PERCEPTUAL_NEAR_DUP,Sethy,BROWNSPOT2_065,Brown Spot,Sethy,BROWNSPOT3_164,Brown Spot,hamming_dist_0,False
PERCEPTUAL_NEAR_DUP,Sethy,BROWNSPOT2_066,Brown Spot,Sethy,BROWNSPOT3_165,Brown Spot,hamming_dist_0,False
PERCEPTUAL_NEAR_DUP,Sethy,BROWNSPOT2_066,Brown Spot,Sethy,BROWNSPOT3_171,Brown Spot,hamming_dist_4,False
PERCEPTUAL_NEAR_DUP,Sethy,BROWNSPOT2_067,Brown Spot,Sethy,BROWNSPOT3_166,Brown Spot,hamming_dist_0,False
PERCEPTUAL_NEAR_DUP,Sethy,BROWNSPOT2_068,Brown Spot,Sethy,BROWNSPOT3_167,Brown Spot,hamming_dist_1,False
PERCEPTUAL_NEAR_DUP,Sethy,BROWNSPOT2_069,Brown Spot,Sethy,BROWNSPOT3_168,Brown Spot,hamming_dist_3,False
PERCEPTUAL_NEAR_DUP,Sethy,BROWNSPOT2_070,Brown Spot,Sethy,BROWNSPOT3_169,Brown Spot,hamming_dist_1,False
PERCEPTUAL_NEAR_DUP,Sethy,BROWNSPOT2_071,Brown Spot,Sethy,BROWNSPOT3_170,Brown Spot,hamming_dist_0,False
PERCEPTUAL_NEAR_DUP,Sethy,BROWNSPOT2_072,Brown Spot,Sethy,BROWNSPOT3_131,Brown Spot,hamming_dist_3,False
PERCEPTUAL_NEAR_DUP,Sethy,BROWNSPOT2_072,Brown Spot,Sethy,BROWNSPOT3_171,Brown Spot,hamming_dist_1,False
PERCEPTUAL_NEAR_DUP,Sethy,BROWNSPOT2_073,Brown Spot,Sethy,BROWNSPOT3_172,Brown Spot,hamming_dist_1,False
PERCEPTUAL_NEAR_DUP,Sethy,BROWNSPOT2_074,Brown Spot,Sethy,BROWNSPOT3_173,Brown Spot,hamming_dist_0,False
PERCEPTUAL_NEAR_DUP,Sethy,BROWNSPOT2_075,Brown Spot,Sethy,BROWNSPOT3_174,Brown Spot,hamming_dist_0,False
PERCEPTUAL_NEAR_DUP,Sethy,BROWNSPOT2_076,Brown Spot,Sethy,BROWNSPOT3_140,Brown Spot,hamming_dist_4,False
PERCEPTUAL_NEAR_DUP,Sethy,BROWNSPOT2_076,Brown Spot,Sethy,BROWNSPOT3_158,Brown Spot,hamming_dist_3,False
PERCEPTUAL_NEAR_DUP,Sethy,BROWNSPOT2_076,Brown Spot,Sethy,BROWNSPOT3_175,Brown Spot,hamming_dist_0,False
PERCEPTUAL_NEAR_DUP,Sethy,BROWNSPOT2_077,Brown Spot,Sethy,BROWNSPOT3_176,Brown Spot,hamming_dist_0,False
PERCEPTUAL_NEAR_DUP,Sethy,BROWNSPOT2_078,Brown Spot,Sethy,BROWNSPOT3_177,Brown Spot,hamming_dist_0,False
PERCEPTUAL_NEAR_DUP,Sethy,BROWNSPOT2_079,Brown Spot,Sethy,BROWNSPOT3_179,Brown Spot,hamming_dist_2,False
PERCEPTUAL_NEAR_DUP,Sethy,BROWNSPOT2_080,Brown Spot,Sethy,BROWNSPOT3_180,Brown Spot,hamming_dist_1,False
PERCEPTUAL_NEAR_DUP,Sethy,BROWNSPOT2_081,Brown Spot,Sethy,BROWNSPOT3_162,Brown Spot,hamming_dist_4,False
PERCEPTUAL_NEAR_DUP,Sethy,BROWNSPOT2_081,Brown Spot,Sethy,BROWNSPOT3_181,Brown Spot,hamming_dist_1,False
PERCEPTUAL_NEAR_DUP,Sethy,BROWNSPOT2_082,Brown Spot,Sethy,BROWNSPOT3_182,Brown Spot,hamming_dist_0,False
PERCEPTUAL_NEAR_DUP,Sethy,BROWNSPOT2_083,Brown Spot,Sethy,BROWNSPOT3_183,Brown Spot,hamming_dist_0,False
PERCEPTUAL_NEAR_DUP,Sethy,BROWNSPOT2_084,Brown Spot,Sethy,BROWNSPOT3_184,Brown Spot,hamming_dist_0,False
PERCEPTUAL_NEAR_DUP,Sethy,BROWNSPOT2_085,Brown Spot,Sethy,BROWNSPOT3_158,Brown Spot,hamming_dist_4,False
PERCEPTUAL_NEAR_DUP,Sethy,BROWNSPOT2_085,Brown Spot,Sethy,BROWNSPOT3_185,Brown Spot,hamming_dist_0,False
PERCEPTUAL_NEAR_DUP,Sethy,BROWNSPOT2_087,Brown Spot,Sethy,BROWNSPOT3_186,Brown Spot,hamming_dist_0,False
PERCEPTUAL_NEAR_DUP,Sethy,BROWNSPOT2_088,Brown Spot,Sethy,BROWNSPOT3_187,Brown Spot,hamming_dist_0,False
PERCEPTUAL_NEAR_DUP,Sethy,BROWNSPOT2_089,Brown Spot,Sethy,BROWNSPOT3_188,Brown Spot,hamming_dist_0,False
PERCEPTUAL_NEAR_DUP,Sethy,BROWNSPOT2_090,Brown Spot,Sethy,BROWNSPOT2_093,Brown Spot,hamming_dist_3,False
PERCEPTUAL_NEAR_DUP,Sethy,BROWNSPOT2_090,Brown Spot,Sethy,BROWNSPOT3_189,Brown Spot,hamming_dist_0,False
PERCEPTUAL_NEAR_DUP,Sethy,BROWNSPOT2_090,Brown Spot,Sethy,BROWNSPOT3_192,Brown Spot,hamming_dist_4,False
PERCEPTUAL_NEAR_DUP,Sethy,BROWNSPOT2_091,Brown Spot,Sethy,BROWNSPOT3_190,Brown Spot,hamming_dist_4,False
PERCEPTUAL_NEAR_DUP,Sethy,BROWNSPOT2_092,Brown Spot,Sethy,BROWNSPOT3_191,Brown Spot,hamming_dist_0,False
PERCEPTUAL_NEAR_DUP,Sethy,BROWNSPOT2_093,Brown Spot,Sethy,BROWNSPOT2_146,Brown Spot,hamming_dist_4,False
PERCEPTUAL_NEAR_DUP,Sethy,BROWNSPOT2_093,Brown Spot,Sethy,BROWNSPOT3_047,Brown Spot,hamming_dist_4,False
PERCEPTUAL_NEAR_DUP,Sethy,BROWNSPOT2_093,Brown Spot,Sethy,BROWNSPOT3_150,Brown Spot,hamming_dist_4,False
PERCEPTUAL_NEAR_DUP,Sethy,BROWNSPOT2_093,Brown Spot,Sethy,BROWNSPOT3_189,Brown Spot,hamming_dist_3,False
PERCEPTUAL_NEAR_DUP,Sethy,BROWNSPOT2_093,Brown Spot,Sethy,BROWNSPOT3_192,Brown Spot,hamming_dist_1,False
PERCEPTUAL_NEAR_DUP,Sethy,BROWNSPOT2_094,Brown Spot,Sethy,BROWNSPOT3_193,Brown Spot,hamming_dist_0,False
PERCEPTUAL_NEAR_DUP,Sethy,BROWNSPOT2_095,Brown Spot,Sethy,BROWNSPOT3_194,Brown Spot,hamming_dist_0,False
PERCEPTUAL_NEAR_DUP,Sethy,BROWNSPOT2_096,Brown Spot,Sethy,BROWNSPOT3_195,Brown Spot,hamming_dist_1,False
PERCEPTUAL_NEAR_DUP,Sethy,BROWNSPOT2_097,Brown Spot,Sethy,BROWNSPOT3_196,Brown Spot,hamming_dist_0,False
PERCEPTUAL_NEAR_DUP,Sethy,BROWNSPOT2_098,Brown Spot,Sethy,BROWNSPOT3_197,Brown Spot,hamming_dist_0,False
PERCEPTUAL_NEAR_DUP,Sethy,BROWNSPOT2_099,Brown Spot,Sethy,BROWNSPOT3_198,Brown Spot,hamming_dist_0,False
PERCEPTUAL_NEAR_DUP,Sethy,BROWNSPOT2_100,Brown Spot,Sethy,BROWNSPOT3_199,Brown Spot,hamming_dist_0,False
PERCEPTUAL_NEAR_DUP,Sethy,BROWNSPOT2_101,Brown Spot,Sethy,BROWNSPOT3_003,Brown Spot,hamming_dist_0,False
PERCEPTUAL_NEAR_DUP,Sethy,BROWNSPOT2_102,Brown Spot,Sethy,BROWNSPOT3_002,Brown Spot,hamming_dist_0,False
PERCEPTUAL_NEAR_DUP,Sethy,BROWNSPOT2_103,Brown Spot,Sethy,BROWNSPOT3_005,Brown Spot,hamming_dist_0,False
PERCEPTUAL_NEAR_DUP,Sethy,BROWNSPOT2_104,Brown Spot,Sethy,BROWNSPOT3_004,Brown Spot,hamming_dist_0,False
PERCEPTUAL_NEAR_DUP,Sethy,BROWNSPOT2_105,Brown Spot,Sethy,BROWNSPOT3_007,Brown Spot,hamming_dist_1,False
PERCEPTUAL_NEAR_DUP,Sethy,BROWNSPOT2_106,Brown Spot,Sethy,BROWNSPOT3_006,Brown Spot,hamming_dist_0,False
PERCEPTUAL_NEAR_DUP,Sethy,BROWNSPOT2_107,Brown Spot,Sethy,BROWNSPOT3_009,Brown Spot,hamming_dist_0,False
PERCEPTUAL_NEAR_DUP,Sethy,BROWNSPOT2_108,Brown Spot,Sethy,BROWNSPOT3_008,Brown Spot,hamming_dist_0,False
PERCEPTUAL_NEAR_DUP,Sethy,BROWNSPOT2_109,Brown Spot,Sethy,BROWNSPOT3_010,Brown Spot,hamming_dist_0,False
PERCEPTUAL_NEAR_DUP,Sethy,BROWNSPOT2_110,Brown Spot,Sethy,BROWNSPOT3_011,Brown Spot,hamming_dist_0,False
PERCEPTUAL_NEAR_DUP,Sethy,BROWNSPOT2_111,Brown Spot,Sethy,BROWNSPOT3_012,Brown Spot,hamming_dist_1,False
PERCEPTUAL_NEAR_DUP,Sethy,BROWNSPOT2_112,Brown Spot,Sethy,BROWNSPOT3_013,Brown Spot,hamming_dist_0,False
PERCEPTUAL_NEAR_DUP,Sethy,BROWNSPOT2_113,Brown Spot,Sethy,BROWNSPOT3_014,Brown Spot,hamming_dist_0,False
PERCEPTUAL_NEAR_DUP,Sethy,BROWNSPOT2_114,Brown Spot,Sethy,BROWNSPOT3_015,Brown Spot,hamming_dist_0,False
PERCEPTUAL_NEAR_DUP,Sethy,BROWNSPOT2_115,Brown Spot,Sethy,BROWNSPOT3_016,Brown Spot,hamming_dist_0,False
PERCEPTUAL_NEAR_DUP,Sethy,BROWNSPOT2_116,Brown Spot,Sethy,BROWNSPOT3_017,Brown Spot,hamming_dist_1,False
PERCEPTUAL_NEAR_DUP,Sethy,BROWNSPOT2_117,Brown Spot,Sethy,BROWNSPOT3_018,Brown Spot,hamming_dist_0,False
PERCEPTUAL_NEAR_DUP,Sethy,BROWNSPOT2_118,Brown Spot,Sethy,BROWNSPOT3_019,Brown Spot,hamming_dist_1,False
PERCEPTUAL_NEAR_DUP,Sethy,BROWNSPOT2_119,Brown Spot,Sethy,BROWNSPOT3_020,Brown Spot,hamming_dist_1,False
PERCEPTUAL_NEAR_DUP,Sethy,BROWNSPOT2_120,Brown Spot,Sethy,BROWNSPOT3_021,Brown Spot,hamming_dist_0,False
PERCEPTUAL_NEAR_DUP,Sethy,BROWNSPOT2_121,Brown Spot,Sethy,BROWNSPOT3_022,Brown Spot,hamming_dist_0,False
PERCEPTUAL_NEAR_DUP,Sethy,BROWNSPOT2_122,Brown Spot,Sethy,BROWNSPOT3_023,Brown Spot,hamming_dist_3,False
PERCEPTUAL_NEAR_DUP,Sethy,BROWNSPOT2_123,Brown Spot,Sethy,BROWNSPOT3_024,Brown Spot,hamming_dist_1,False
PERCEPTUAL_NEAR_DUP,Sethy,BROWNSPOT2_124,Brown Spot,Sethy,BROWNSPOT3_025,Brown Spot,hamming_dist_0,False
PERCEPTUAL_NEAR_DUP,Sethy,BROWNSPOT2_125,Brown Spot,Sethy,BROWNSPOT3_026,Brown Spot,hamming_dist_0,False
PERCEPTUAL_NEAR_DUP,Sethy,BROWNSPOT2_126,Brown Spot,Sethy,BROWNSPOT3_027,Brown Spot,hamming_dist_1,False
PERCEPTUAL_NEAR_DUP,Sethy,BROWNSPOT2_127,Brown Spot,Sethy,BROWNSPOT3_028,Brown Spot,hamming_dist_0,False
PERCEPTUAL_NEAR_DUP,Sethy,BROWNSPOT2_128,Brown Spot,Sethy,BROWNSPOT3_029,Brown Spot,hamming_dist_2,False
PERCEPTUAL_NEAR_DUP,Sethy,BROWNSPOT2_129,Brown Spot,Sethy,BROWNSPOT3_030,Brown Spot,hamming_dist_0,False
PERCEPTUAL_NEAR_DUP,Sethy,BROWNSPOT2_130,Brown Spot,Sethy,BROWNSPOT3_031,Brown Spot,hamming_dist_0,False
PERCEPTUAL_NEAR_DUP,Sethy,BROWNSPOT2_131,Brown Spot,Sethy,BROWNSPOT2_171,Brown Spot,hamming_dist_3,False
PERCEPTUAL_NEAR_DUP,Sethy,BROWNSPOT2_131,Brown Spot,Sethy,BROWNSPOT3_032,Brown Spot,hamming_dist_1,False
PERCEPTUAL_NEAR_DUP,Sethy,BROWNSPOT2_131,Brown Spot,Sethy,BROWNSPOT3_072,Brown Spot,hamming_dist_3,False
PERCEPTUAL_NEAR_DUP,Sethy,BROWNSPOT2_132,Brown Spot,Sethy,BROWNSPOT3_033,Brown Spot,hamming_dist_0,False
PERCEPTUAL_NEAR_DUP,Sethy,BROWNSPOT2_133,Brown Spot,Sethy,BROWNSPOT3_034,Brown Spot,hamming_dist_0,False
PERCEPTUAL_NEAR_DUP,Sethy,BROWNSPOT2_134,Brown Spot,Sethy,BROWNSPOT3_035,Brown Spot,hamming_dist_0,False
PERCEPTUAL_NEAR_DUP,Sethy,BROWNSPOT2_135,Brown Spot,Sethy,BROWNSPOT3_036,Brown Spot,hamming_dist_0,False
PERCEPTUAL_NEAR_DUP,Sethy,BROWNSPOT2_136,Brown Spot,Sethy,BROWNSPOT3_037,Brown Spot,hamming_dist_1,False
PERCEPTUAL_NEAR_DUP,Sethy,BROWNSPOT2_137,Brown Spot,Sethy,BROWNSPOT3_038,Brown Spot,hamming_dist_0,False
PERCEPTUAL_NEAR_DUP,Sethy,BROWNSPOT2_138,Brown Spot,Sethy,BROWNSPOT3_039,Brown Spot,hamming_dist_0,False
PERCEPTUAL_NEAR_DUP,Sethy,BROWNSPOT2_139,Brown Spot,Sethy,BROWNSPOT3_040,Brown Spot,hamming_dist_0,False
PERCEPTUAL_NEAR_DUP,Sethy,BROWNSPOT2_140,Brown Spot,Sethy,BROWNSPOT2_150,Brown Spot,hamming_dist_3,False
PERCEPTUAL_NEAR_DUP,Sethy,BROWNSPOT2_140,Brown Spot,Sethy,BROWNSPOT2_175,Brown Spot,hamming_dist_4,False
PERCEPTUAL_NEAR_DUP,Sethy,BROWNSPOT2_140,Brown Spot,Sethy,BROWNSPOT3_041,Brown Spot,hamming_dist_0,False
PERCEPTUAL_NEAR_DUP,Sethy,BROWNSPOT2_140,Brown Spot,Sethy,BROWNSPOT3_051,Brown Spot,hamming_dist_4,False
PERCEPTUAL_NEAR_DUP,Sethy,BROWNSPOT2_141,Brown Spot,Sethy,BROWNSPOT3_042,Brown Spot,hamming_dist_0,False
PERCEPTUAL_NEAR_DUP,Sethy,BROWNSPOT2_142,Brown Spot,Sethy,BROWNSPOT3_043,Brown Spot,hamming_dist_2,False
PERCEPTUAL_NEAR_DUP,Sethy,BROWNSPOT2_143,Brown Spot,Sethy,BROWNSPOT3_044,Brown Spot,hamming_dist_0,False
PERCEPTUAL_NEAR_DUP,Sethy,BROWNSPOT2_144,Brown Spot,Sethy,BROWNSPOT3_045,Brown Spot,hamming_dist_0,False
PERCEPTUAL_NEAR_DUP,Sethy,BROWNSPOT2_145,Brown Spot,Sethy,BROWNSPOT3_046,Brown Spot,hamming_dist_1,False
PERCEPTUAL_NEAR_DUP,Sethy,BROWNSPOT2_146,Brown Spot,Sethy,BROWNSPOT2_178,Brown Spot,hamming_dist_4,False
PERCEPTUAL_NEAR_DUP,Sethy,BROWNSPOT2_146,Brown Spot,Sethy,BROWNSPOT3_047,Brown Spot,hamming_dist_0,False
PERCEPTUAL_NEAR_DUP,Sethy,BROWNSPOT2_146,Brown Spot,Sethy,BROWNSPOT3_134,Brown Spot,hamming_dist_4,False
PERCEPTUAL_NEAR_DUP,Sethy,BROWNSPOT2_146,Brown Spot,Sethy,BROWNSPOT3_137,Brown Spot,hamming_dist_3,False
PERCEPTUAL_NEAR_DUP,Sethy,BROWNSPOT2_146,Brown Spot,Sethy,BROWNSPOT3_150,Brown Spot,hamming_dist_2,False
PERCEPTUAL_NEAR_DUP,Sethy,BROWNSPOT2_146,Brown Spot,Sethy,BROWNSPOT3_158,Brown Spot,hamming_dist_4,False
PERCEPTUAL_NEAR_DUP,Sethy,BROWNSPOT2_146,Brown Spot,Sethy,BROWNSPOT3_161,Brown Spot,hamming_dist_4,False
PERCEPTUAL_NEAR_DUP,Sethy,BROWNSPOT2_146,Brown Spot,Sethy,BROWNSPOT3_192,Brown Spot,hamming_dist_3,False
PERCEPTUAL_NEAR_DUP,Sethy,BROWNSPOT2_147,Brown Spot,Sethy,BROWNSPOT3_048,Brown Spot,hamming_dist_0,False
PERCEPTUAL_NEAR_DUP,Sethy,BROWNSPOT2_148,Brown Spot,Sethy,BROWNSPOT3_049,Brown Spot,hamming_dist_0,False
PERCEPTUAL_NEAR_DUP,Sethy,BROWNSPOT2_149,Brown Spot,Sethy,BROWNSPOT3_050,Brown Spot,hamming_dist_0,False
PERCEPTUAL_NEAR_DUP,Sethy,BROWNSPOT2_149,Brown Spot,Sethy,BROWNSPOT3_156,Brown Spot,hamming_dist_3,False
PERCEPTUAL_NEAR_DUP,Sethy,BROWNSPOT2_150,Brown Spot,Sethy,BROWNSPOT3_041,Brown Spot,hamming_dist_3,False
PERCEPTUAL_NEAR_DUP,Sethy,BROWNSPOT2_150,Brown Spot,Sethy,BROWNSPOT3_051,Brown Spot,hamming_dist_1,False
PERCEPTUAL_NEAR_DUP,Sethy,BROWNSPOT2_150,Brown Spot,Sethy,BROWNSPOT5_041,Brown Spot,hamming_dist_3,False
PERCEPTUAL_NEAR_DUP,Sethy,BROWNSPOT2_151,Brown Spot,Sethy,BROWNSPOT3_052,Brown Spot,hamming_dist_0,False
PERCEPTUAL_NEAR_DUP,Sethy,BROWNSPOT2_152,Brown Spot,Sethy,BROWNSPOT3_053,Brown Spot,hamming_dist_1,False
PERCEPTUAL_NEAR_DUP,Sethy,BROWNSPOT2_153,Brown Spot,Sethy,BROWNSPOT3_054,Brown Spot,hamming_dist_0,False
PERCEPTUAL_NEAR_DUP,Sethy,BROWNSPOT2_154,Brown Spot,Sethy,BROWNSPOT3_055,Brown Spot,hamming_dist_1,False
PERCEPTUAL_NEAR_DUP,Sethy,BROWNSPOT2_155,Brown Spot,Sethy,BROWNSPOT3_056,Brown Spot,hamming_dist_2,False
PERCEPTUAL_NEAR_DUP,Sethy,BROWNSPOT2_156,Brown Spot,Sethy,BROWNSPOT3_057,Brown Spot,hamming_dist_1,False
PERCEPTUAL_NEAR_DUP,Sethy,BROWNSPOT2_156,Brown Spot,Sethy,BROWNSPOT3_136,Brown Spot,hamming_dist_4,False
PERCEPTUAL_NEAR_DUP,Sethy,BROWNSPOT2_156,Brown Spot,Sethy,BROWNSPOT3_149,Brown Spot,hamming_dist_4,False
PERCEPTUAL_NEAR_DUP,Sethy,BROWNSPOT2_157,Brown Spot,Sethy,BROWNSPOT3_058,Brown Spot,hamming_dist_0,False
PERCEPTUAL_NEAR_DUP,Sethy,BROWNSPOT2_158,Brown Spot,Sethy,BROWNSPOT3_059,Brown Spot,hamming_dist_2,False
PERCEPTUAL_NEAR_DUP,Sethy,BROWNSPOT2_159,Brown Spot,Sethy,BROWNSPOT3_060,Brown Spot,hamming_dist_0,False
PERCEPTUAL_NEAR_DUP,Sethy,BROWNSPOT2_160,Brown Spot,Sethy,BROWNSPOT3_061,Brown Spot,hamming_dist_1,False
PERCEPTUAL_NEAR_DUP,Sethy,BROWNSPOT2_161,Brown Spot,Sethy,BROWNSPOT3_062,Brown Spot,hamming_dist_1,False
PERCEPTUAL_NEAR_DUP,Sethy,BROWNSPOT2_162,Brown Spot,Sethy,BROWNSPOT3_063,Brown Spot,hamming_dist_0,False
PERCEPTUAL_NEAR_DUP,Sethy,BROWNSPOT2_163,Brown Spot,Sethy,BROWNSPOT3_064,Brown Spot,hamming_dist_1,False
PERCEPTUAL_NEAR_DUP,Sethy,BROWNSPOT2_164,Brown Spot,Sethy,BROWNSPOT3_065,Brown Spot,hamming_dist_0,False
PERCEPTUAL_NEAR_DUP,Sethy,BROWNSPOT2_165,Brown Spot,Sethy,BROWNSPOT3_066,Brown Spot,hamming_dist_2,False
PERCEPTUAL_NEAR_DUP,Sethy,BROWNSPOT2_166,Brown Spot,Sethy,BROWNSPOT3_067,Brown Spot,hamming_dist_1,False
PERCEPTUAL_NEAR_DUP,Sethy,BROWNSPOT2_167,Brown Spot,Sethy,BROWNSPOT3_068,Brown Spot,hamming_dist_0,False
PERCEPTUAL_NEAR_DUP,Sethy,BROWNSPOT2_168,Brown Spot,Sethy,BROWNSPOT3_069,Brown Spot,hamming_dist_3,False
PERCEPTUAL_NEAR_DUP,Sethy,BROWNSPOT2_169,Brown Spot,Sethy,BROWNSPOT3_070,Brown Spot,hamming_dist_1,False
PERCEPTUAL_NEAR_DUP,Sethy,BROWNSPOT2_170,Brown Spot,Sethy,BROWNSPOT3_071,Brown Spot,hamming_dist_1,False
PERCEPTUAL_NEAR_DUP,Sethy,BROWNSPOT2_171,Brown Spot,Sethy,BROWNSPOT3_032,Brown Spot,hamming_dist_4,False
PERCEPTUAL_NEAR_DUP,Sethy,BROWNSPOT2_171,Brown Spot,Sethy,BROWNSPOT3_072,Brown Spot,hamming_dist_0,False
PERCEPTUAL_NEAR_DUP,Sethy,BROWNSPOT2_171,Brown Spot,Sethy,BROWNSPOT5_032,Brown Spot,hamming_dist_4,False
PERCEPTUAL_NEAR_DUP,Sethy,BROWNSPOT2_172,Brown Spot,Sethy,BROWNSPOT3_073,Brown Spot,hamming_dist_0,False
PERCEPTUAL_NEAR_DUP,Sethy,BROWNSPOT2_173,Brown Spot,Sethy,BROWNSPOT3_074,Brown Spot,hamming_dist_0,False
PERCEPTUAL_NEAR_DUP,Sethy,BROWNSPOT2_174,Brown Spot,Sethy,BROWNSPOT3_075,Brown Spot,hamming_dist_0,False
PERCEPTUAL_NEAR_DUP,Sethy,BROWNSPOT2_175,Brown Spot,Sethy,BROWNSPOT3_041,Brown Spot,hamming_dist_4,False
PERCEPTUAL_NEAR_DUP,Sethy,BROWNSPOT2_175,Brown Spot,Sethy,BROWNSPOT3_076,Brown Spot,hamming_dist_1,False
PERCEPTUAL_NEAR_DUP,Sethy,BROWNSPOT2_175,Brown Spot,Sethy,BROWNSPOT5_041,Brown Spot,hamming_dist_4,False
PERCEPTUAL_NEAR_DUP,Sethy,BROWNSPOT2_176,Brown Spot,Sethy,BROWNSPOT3_077,Brown Spot,hamming_dist_1,False
PERCEPTUAL_NEAR_DUP,Sethy,BROWNSPOT2_177,Brown Spot,Sethy,BROWNSPOT3_078,Brown Spot,hamming_dist_0,False
PERCEPTUAL_NEAR_DUP,Sethy,BROWNSPOT2_178,Brown Spot,Sethy,BROWNSPOT3_047,Brown Spot,hamming_dist_4,False
PERCEPTUAL_NEAR_DUP,Sethy,BROWNSPOT2_178,Brown Spot,Sethy,BROWNSPOT3_141,Brown Spot,hamming_dist_4,False
PERCEPTUAL_NEAR_DUP,Sethy,BROWNSPOT2_178,Brown Spot,Sethy,BROWNSPOT3_150,Brown Spot,hamming_dist_4,False
PERCEPTUAL_NEAR_DUP,Sethy,BROWNSPOT2_178,Brown Spot,Sethy,BROWNSPOT3_158,Brown Spot,hamming_dist_4,False
PERCEPTUAL_NEAR_DUP,Sethy,BROWNSPOT2_178,Brown Spot,Sethy,BROWNSPOT5_047,Brown Spot,hamming_dist_4,False
PERCEPTUAL_NEAR_DUP,Sethy,BROWNSPOT2_179,Brown Spot,Sethy,BROWNSPOT3_079,Brown Spot,hamming_dist_0,False
PERCEPTUAL_NEAR_DUP,Sethy,BROWNSPOT2_180,Brown Spot,Sethy,BROWNSPOT3_080,Brown Spot,hamming_dist_0,False
PERCEPTUAL_NEAR_DUP,Sethy,BROWNSPOT2_181,Brown Spot,Sethy,BROWNSPOT3_081,Brown Spot,hamming_dist_0,False
PERCEPTUAL_NEAR_DUP,Sethy,BROWNSPOT2_182,Brown Spot,Sethy,BROWNSPOT3_082,Brown Spot,hamming_dist_0,False
PERCEPTUAL_NEAR_DUP,Sethy,BROWNSPOT2_183,Brown Spot,Sethy,BROWNSPOT3_083,Brown Spot,hamming_dist_0,False
PERCEPTUAL_NEAR_DUP,Sethy,BROWNSPOT2_184,Brown Spot,Sethy,BROWNSPOT3_084,Brown Spot,hamming_dist_0,False
PERCEPTUAL_NEAR_DUP,Sethy,BROWNSPOT2_185,Brown Spot,Sethy,BROWNSPOT3_085,Brown Spot,hamming_dist_0,False
PERCEPTUAL_NEAR_DUP,Sethy,BROWNSPOT2_186,Brown Spot,Sethy,BROWNSPOT3_087,Brown Spot,hamming_dist_1,False
PERCEPTUAL_NEAR_DUP,Sethy,BROWNSPOT2_187,Brown Spot,Sethy,BROWNSPOT3_088,Brown Spot,hamming_dist_0,False
PERCEPTUAL_NEAR_DUP,Sethy,BROWNSPOT2_188,Brown Spot,Sethy,BROWNSPOT3_089,Brown Spot,hamming_dist_0,False
PERCEPTUAL_NEAR_DUP,Sethy,BROWNSPOT2_189,Brown Spot,Sethy,BROWNSPOT3_090,Brown Spot,hamming_dist_1,False
PERCEPTUAL_NEAR_DUP,Sethy,BROWNSPOT2_190,Brown Spot,Sethy,BROWNSPOT3_091,Brown Spot,hamming_dist_3,False
PERCEPTUAL_NEAR_DUP,Sethy,BROWNSPOT2_191,Brown Spot,Sethy,BROWNSPOT3_092,Brown Spot,hamming_dist_0,False
PERCEPTUAL_NEAR_DUP,Sethy,BROWNSPOT2_192,Brown Spot,Sethy,BROWNSPOT3_093,Brown Spot,hamming_dist_0,False
PERCEPTUAL_NEAR_DUP,Sethy,BROWNSPOT2_193,Brown Spot,Sethy,BROWNSPOT3_094,Brown Spot,hamming_dist_0,False
PERCEPTUAL_NEAR_DUP,Sethy,BROWNSPOT2_194,Brown Spot,Sethy,BROWNSPOT3_095,Brown Spot,hamming_dist_1,False
PERCEPTUAL_NEAR_DUP,Sethy,BROWNSPOT2_195,Brown Spot,Sethy,BROWNSPOT3_096,Brown Spot,hamming_dist_0,False
PERCEPTUAL_NEAR_DUP,Sethy,BROWNSPOT2_196,Brown Spot,Sethy,BROWNSPOT3_097,Brown Spot,hamming_dist_1,False
PERCEPTUAL_NEAR_DUP,Sethy,BROWNSPOT2_197,Brown Spot,Sethy,BROWNSPOT3_098,Brown Spot,hamming_dist_0,False
PERCEPTUAL_NEAR_DUP,Sethy,BROWNSPOT2_198,Brown Spot,Sethy,BROWNSPOT3_099,Brown Spot,hamming_dist_2,False
PERCEPTUAL_NEAR_DUP,Sethy,BROWNSPOT2_199,Brown Spot,Sethy,BROWNSPOT3_100,Brown Spot,hamming_dist_0,False
PERCEPTUAL_NEAR_DUP,Sethy,BROWNSPOT2_200,Brown Spot,Sethy,BROWNSPOT3_001,Brown Spot,hamming_dist_0,False
PERCEPTUAL_NEAR_DUP,Sethy,BROWNSPOT2_200,Brown Spot,Sethy,BROWNSPOT5_001,Brown Spot,hamming_dist_0,False
PERCEPTUAL_NEAR_DUP,Sethy,BROWNSPOT3_032,Brown Spot,Sethy,BROWNSPOT3_072,Brown Spot,hamming_dist_4,False
PERCEPTUAL_NEAR_DUP,Sethy,BROWNSPOT3_032,Brown Spot,Sethy,BROWNSPOT5_072,Brown Spot,hamming_dist_4,False
PERCEPTUAL_NEAR_DUP,Sethy,BROWNSPOT3_041,Brown Spot,Sethy,BROWNSPOT3_051,Brown Spot,hamming_dist_4,False
PERCEPTUAL_NEAR_DUP,Sethy,BROWNSPOT3_041,Brown Spot,Sethy,BROWNSPOT5_051,Brown Spot,hamming_dist_4,False
PERCEPTUAL_NEAR_DUP,Sethy,BROWNSPOT3_047,Brown Spot,Sethy,BROWNSPOT3_134,Brown Spot,hamming_dist_4,False
PERCEPTUAL_NEAR_DUP,Sethy,BROWNSPOT3_047,Brown Spot,Sethy,BROWNSPOT3_137,Brown Spot,hamming_dist_3,False
PERCEPTUAL_NEAR_DUP,Sethy,BROWNSPOT3_047,Brown Spot,Sethy,BROWNSPOT3_150,Brown Spot,hamming_dist_2,False
PERCEPTUAL_NEAR_DUP,Sethy,BROWNSPOT3_047,Brown Spot,Sethy,BROWNSPOT3_158,Brown Spot,hamming_dist_4,False
PERCEPTUAL_NEAR_DUP,Sethy,BROWNSPOT3_047,Brown Spot,Sethy,BROWNSPOT3_161,Brown Spot,hamming_dist_4,False
PERCEPTUAL_NEAR_DUP,Sethy,BROWNSPOT3_047,Brown Spot,Sethy,BROWNSPOT3_192,Brown Spot,hamming_dist_3,False
PERCEPTUAL_NEAR_DUP,Sethy,BROWNSPOT3_047,Brown Spot,Sethy,BROWNSPOT5_134,Brown Spot,hamming_dist_4,False
PERCEPTUAL_NEAR_DUP,Sethy,BROWNSPOT3_047,Brown Spot,Sethy,BROWNSPOT5_137,Brown Spot,hamming_dist_3,False
PERCEPTUAL_NEAR_DUP,Sethy,BROWNSPOT3_050,Brown Spot,Sethy,BROWNSPOT3_156,Brown Spot,hamming_dist_3,False
PERCEPTUAL_NEAR_DUP,Sethy,BROWNSPOT3_051,Brown Spot,Sethy,BROWNSPOT5_041,Brown Spot,hamming_dist_4,False
PERCEPTUAL_NEAR_DUP,Sethy,BROWNSPOT3_057,Brown Spot,Sethy,BROWNSPOT3_149,Brown Spot,hamming_dist_3,False
PERCEPTUAL_NEAR_DUP,Sethy,BROWNSPOT3_057,Brown Spot,Sethy,BROWNSPOT5_149,Brown Spot,hamming_dist_3,False
PERCEPTUAL_NEAR_DUP,Sethy,BROWNSPOT3_072,Brown Spot,Sethy,BROWNSPOT5_032,Brown Spot,hamming_dist_4,False
PERCEPTUAL_NEAR_DUP,Sethy,BROWNSPOT3_124,Brown Spot,Sethy,BROWNSPOT3_140,Brown Spot,hamming_dist_4,False
PERCEPTUAL_NEAR_DUP,Sethy,BROWNSPOT3_124,Brown Spot,Sethy,BROWNSPOT5_140,Brown Spot,hamming_dist_4,False
PERCEPTUAL_NEAR_DUP,Sethy,BROWNSPOT3_131,Brown Spot,Sethy,BROWNSPOT3_171,Brown Spot,hamming_dist_4,False
PERCEPTUAL_NEAR_DUP,Sethy,BROWNSPOT3_131,Brown Spot,Sethy,BROWNSPOT5_171,Brown Spot,hamming_dist_4,False
PERCEPTUAL_NEAR_DUP,Sethy,BROWNSPOT3_134,Brown Spot,Sethy,BROWNSPOT3_150,Brown Spot,hamming_dist_4,False
PERCEPTUAL_NEAR_DUP,Sethy,BROWNSPOT3_134,Brown Spot,Sethy,BROWNSPOT3_158,Brown Spot,hamming_dist_4,False
PERCEPTUAL_NEAR_DUP,Sethy,BROWNSPOT3_134,Brown Spot,Sethy,BROWNSPOT5_047,Brown Spot,hamming_dist_4,False
PERCEPTUAL_NEAR_DUP,Sethy,BROWNSPOT3_134,Brown Spot,Sethy,BROWNSPOT5_150,Brown Spot,hamming_dist_4,False
PERCEPTUAL_NEAR_DUP,Sethy,BROWNSPOT3_134,Brown Spot,Sethy,BROWNSPOT5_158,Brown Spot,hamming_dist_4,False
PERCEPTUAL_NEAR_DUP,Sethy,BROWNSPOT3_137,Brown Spot,Sethy,BROWNSPOT3_140,Brown Spot,hamming_dist_4,False
PERCEPTUAL_NEAR_DUP,Sethy,BROWNSPOT3_137,Brown Spot,Sethy,BROWNSPOT3_141,Brown Spot,hamming_dist_3,False
PERCEPTUAL_NEAR_DUP,Sethy,BROWNSPOT3_137,Brown Spot,Sethy,BROWNSPOT3_150,Brown Spot,hamming_dist_1,False
PERCEPTUAL_NEAR_DUP,Sethy,BROWNSPOT3_137,Brown Spot,Sethy,BROWNSPOT3_162,Brown Spot,hamming_dist_3,False
PERCEPTUAL_NEAR_DUP,Sethy,BROWNSPOT3_137,Brown Spot,Sethy,BROWNSPOT3_181,Brown Spot,hamming_dist_4,False
PERCEPTUAL_NEAR_DUP,Sethy,BROWNSPOT3_137,Brown Spot,Sethy,BROWNSPOT3_192,Brown Spot,hamming_dist_4,False
PERCEPTUAL_NEAR_DUP,Sethy,BROWNSPOT3_137,Brown Spot,Sethy,BROWNSPOT5_047,Brown Spot,hamming_dist_3,False
PERCEPTUAL_NEAR_DUP,Sethy,BROWNSPOT3_137,Brown Spot,Sethy,BROWNSPOT5_140,Brown Spot,hamming_dist_4,False
PERCEPTUAL_NEAR_DUP,Sethy,BROWNSPOT3_137,Brown Spot,Sethy,BROWNSPOT5_141,Brown Spot,hamming_dist_3,False
PERCEPTUAL_NEAR_DUP,Sethy,BROWNSPOT3_137,Brown Spot,Sethy,BROWNSPOT5_150,Brown Spot,hamming_dist_1,False
PERCEPTUAL_NEAR_DUP,Sethy,BROWNSPOT3_137,Brown Spot,Sethy,BROWNSPOT5_162,Brown Spot,hamming_dist_3,False
PERCEPTUAL_NEAR_DUP,Sethy,BROWNSPOT3_137,Brown Spot,Sethy,BROWNSPOT5_181,Brown Spot,hamming_dist_4,False
PERCEPTUAL_NEAR_DUP,Sethy,BROWNSPOT3_137,Brown Spot,Sethy,BROWNSPOT5_192,Brown Spot,hamming_dist_4,False
PERCEPTUAL_NEAR_DUP,Sethy,BROWNSPOT3_140,Brown Spot,Sethy,BROWNSPOT3_150,Brown Spot,hamming_dist_3,False
PERCEPTUAL_NEAR_DUP,Sethy,BROWNSPOT3_140,Brown Spot,Sethy,BROWNSPOT3_162,Brown Spot,hamming_dist_3,False
PERCEPTUAL_NEAR_DUP,Sethy,BROWNSPOT3_140,Brown Spot,Sethy,BROWNSPOT3_175,Brown Spot,hamming_dist_4,False
PERCEPTUAL_NEAR_DUP,Sethy,BROWNSPOT3_140,Brown Spot,Sethy,BROWNSPOT5_124,Brown Spot,hamming_dist_4,False
PERCEPTUAL_NEAR_DUP,Sethy,BROWNSPOT3_140,Brown Spot,Sethy,BROWNSPOT5_137,Brown Spot,hamming_dist_4,False
PERCEPTUAL_NEAR_DUP,Sethy,BROWNSPOT3_140,Brown Spot,Sethy,BROWNSPOT5_150,Brown Spot,hamming_dist_3,False
PERCEPTUAL_NEAR_DUP,Sethy,BROWNSPOT3_140,Brown Spot,Sethy,BROWNSPOT5_162,Brown Spot,hamming_dist_3,False
PERCEPTUAL_NEAR_DUP,Sethy,BROWNSPOT3_140,Brown Spot,Sethy,BROWNSPOT5_175,Brown Spot,hamming_dist_4,False
PERCEPTUAL_NEAR_DUP,Sethy,BROWNSPOT3_141,Brown Spot,Sethy,BROWNSPOT3_150,Brown Spot,hamming_dist_4,False
PERCEPTUAL_NEAR_DUP,Sethy,BROWNSPOT3_141,Brown Spot,Sethy,BROWNSPOT3_162,Brown Spot,hamming_dist_4,False
PERCEPTUAL_NEAR_DUP,Sethy,BROWNSPOT3_141,Brown Spot,Sethy,BROWNSPOT5_137,Brown Spot,hamming_dist_3,False
PERCEPTUAL_NEAR_DUP,Sethy,BROWNSPOT3_141,Brown Spot,Sethy,BROWNSPOT5_150,Brown Spot,hamming_dist_4,False
PERCEPTUAL_NEAR_DUP,Sethy,BROWNSPOT3_141,Brown Spot,Sethy,BROWNSPOT5_162,Brown Spot,hamming_dist_4,False
PERCEPTUAL_NEAR_DUP,Sethy,BROWNSPOT3_149,Brown Spot,Sethy,BROWNSPOT4_181,Brown Spot,hamming_dist_4,False
PERCEPTUAL_NEAR_DUP,Sethy,BROWNSPOT3_149,Brown Spot,Sethy,BROWNSPOT5_057,Brown Spot,hamming_dist_3,False
PERCEPTUAL_NEAR_DUP,Sethy,BROWNSPOT3_150,Brown Spot,Sethy,BROWNSPOT3_158,Brown Spot,hamming_dist_4,False
PERCEPTUAL_NEAR_DUP,Sethy,BROWNSPOT3_150,Brown Spot,Sethy,BROWNSPOT3_161,Brown Spot,hamming_dist_4,False
PERCEPTUAL_NEAR_DUP,Sethy,BROWNSPOT3_150,Brown Spot,Sethy,BROWNSPOT3_162,Brown Spot,hamming_dist_4,False
PERCEPTUAL_NEAR_DUP,Sethy,BROWNSPOT3_150,Brown Spot,Sethy,BROWNSPOT3_192,Brown Spot,hamming_dist_3,False
PERCEPTUAL_NEAR_DUP,Sethy,BROWNSPOT3_150,Brown Spot,Sethy,BROWNSPOT5_047,Brown Spot,hamming_dist_2,False
PERCEPTUAL_NEAR_DUP,Sethy,BROWNSPOT3_150,Brown Spot,Sethy,BROWNSPOT5_134,Brown Spot,hamming_dist_4,False
PERCEPTUAL_NEAR_DUP,Sethy,BROWNSPOT3_150,Brown Spot,Sethy,BROWNSPOT5_137,Brown Spot,hamming_dist_1,False
PERCEPTUAL_NEAR_DUP,Sethy,BROWNSPOT3_150,Brown Spot,Sethy,BROWNSPOT5_140,Brown Spot,hamming_dist_3,False
PERCEPTUAL_NEAR_DUP,Sethy,BROWNSPOT3_150,Brown Spot,Sethy,BROWNSPOT5_141,Brown Spot,hamming_dist_4,False
PERCEPTUAL_NEAR_DUP,Sethy,BROWNSPOT3_150,Brown Spot,Sethy,BROWNSPOT5_158,Brown Spot,hamming_dist_4,False
PERCEPTUAL_NEAR_DUP,Sethy,BROWNSPOT3_150,Brown Spot,Sethy,BROWNSPOT5_161,Brown Spot,hamming_dist_4,False
PERCEPTUAL_NEAR_DUP,Sethy,BROWNSPOT3_150,Brown Spot,Sethy,BROWNSPOT5_162,Brown Spot,hamming_dist_4,False
PERCEPTUAL_NEAR_DUP,Sethy,BROWNSPOT3_150,Brown Spot,Sethy,BROWNSPOT5_192,Brown Spot,hamming_dist_3,False
PERCEPTUAL_NEAR_DUP,Sethy,BROWNSPOT3_156,Brown Spot,Sethy,BROWNSPOT5_050,Brown Spot,hamming_dist_3,False
PERCEPTUAL_NEAR_DUP,Sethy,BROWNSPOT3_158,Brown Spot,Sethy,BROWNSPOT3_175,Brown Spot,hamming_dist_3,False
PERCEPTUAL_NEAR_DUP,Sethy,BROWNSPOT3_158,Brown Spot,Sethy,BROWNSPOT3_185,Brown Spot,hamming_dist_4,False
PERCEPTUAL_NEAR_DUP,Sethy,BROWNSPOT3_158,Brown Spot,Sethy,BROWNSPOT5_047,Brown Spot,hamming_dist_4,False
PERCEPTUAL_NEAR_DUP,Sethy,BROWNSPOT3_158,Brown Spot,Sethy,BROWNSPOT5_134,Brown Spot,hamming_dist_4,False
PERCEPTUAL_NEAR_DUP,Sethy,BROWNSPOT3_158,Brown Spot,Sethy,BROWNSPOT5_150,Brown Spot,hamming_dist_4,False
PERCEPTUAL_NEAR_DUP,Sethy,BROWNSPOT3_158,Brown Spot,Sethy,BROWNSPOT5_175,Brown Spot,hamming_dist_3,False
PERCEPTUAL_NEAR_DUP,Sethy,BROWNSPOT3_158,Brown Spot,Sethy,BROWNSPOT5_185,Brown Spot,hamming_dist_4,False
PERCEPTUAL_NEAR_DUP,Sethy,BROWNSPOT3_161,Brown Spot,Sethy,BROWNSPOT5_047,Brown Spot,hamming_dist_4,False
PERCEPTUAL_NEAR_DUP,Sethy,BROWNSPOT3_161,Brown Spot,Sethy,BROWNSPOT5_150,Brown Spot,hamming_dist_4,False
PERCEPTUAL_NEAR_DUP,Sethy,BROWNSPOT3_162,Brown Spot,Sethy,BROWNSPOT3_181,Brown Spot,hamming_dist_3,False
PERCEPTUAL_NEAR_DUP,Sethy,BROWNSPOT3_162,Brown Spot,Sethy,BROWNSPOT5_137,Brown Spot,hamming_dist_3,False
PERCEPTUAL_NEAR_DUP,Sethy,BROWNSPOT3_162,Brown Spot,Sethy,BROWNSPOT5_140,Brown Spot,hamming_dist_3,False
PERCEPTUAL_NEAR_DUP,Sethy,BROWNSPOT3_162,Brown Spot,Sethy,BROWNSPOT5_141,Brown Spot,hamming_dist_4,False
PERCEPTUAL_NEAR_DUP,Sethy,BROWNSPOT3_162,Brown Spot,Sethy,BROWNSPOT5_150,Brown Spot,hamming_dist_4,False
PERCEPTUAL_NEAR_DUP,Sethy,BROWNSPOT3_162,Brown Spot,Sethy,BROWNSPOT5_181,Brown Spot,hamming_dist_3,False
PERCEPTUAL_NEAR_DUP,Sethy,BROWNSPOT3_165,Brown Spot,Sethy,BROWNSPOT3_171,Brown Spot,hamming_dist_4,False
PERCEPTUAL_NEAR_DUP,Sethy,BROWNSPOT3_165,Brown Spot,Sethy,BROWNSPOT5_171,Brown Spot,hamming_dist_4,False
PERCEPTUAL_NEAR_DUP,Sethy,BROWNSPOT3_171,Brown Spot,Sethy,BROWNSPOT5_131,Brown Spot,hamming_dist_4,False
PERCEPTUAL_NEAR_DUP,Sethy,BROWNSPOT3_171,Brown Spot,Sethy,BROWNSPOT5_165,Brown Spot,hamming_dist_4,False
PERCEPTUAL_NEAR_DUP,Sethy,BROWNSPOT3_175,Brown Spot,Sethy,BROWNSPOT5_140,Brown Spot,hamming_dist_4,False
PERCEPTUAL_NEAR_DUP,Sethy,BROWNSPOT3_175,Brown Spot,Sethy,BROWNSPOT5_158,Brown Spot,hamming_dist_3,False
PERCEPTUAL_NEAR_DUP,Sethy,BROWNSPOT3_181,Brown Spot,Sethy,BROWNSPOT5_137,Brown Spot,hamming_dist_4,False
PERCEPTUAL_NEAR_DUP,Sethy,BROWNSPOT3_181,Brown Spot,Sethy,BROWNSPOT5_162,Brown Spot,hamming_dist_3,False
PERCEPTUAL_NEAR_DUP,Sethy,BROWNSPOT3_185,Brown Spot,Sethy,BROWNSPOT5_158,Brown Spot,hamming_dist_4,False
PERCEPTUAL_NEAR_DUP,Sethy,BROWNSPOT3_189,Brown Spot,Sethy,BROWNSPOT3_192,Brown Spot,hamming_dist_4,False
PERCEPTUAL_NEAR_DUP,Sethy,BROWNSPOT3_189,Brown Spot,Sethy,BROWNSPOT5_192,Brown Spot,hamming_dist_4,False
PERCEPTUAL_NEAR_DUP,Sethy,BROWNSPOT3_192,Brown Spot,Sethy,BROWNSPOT5_047,Brown Spot,hamming_dist_3,False
PERCEPTUAL_NEAR_DUP,Sethy,BROWNSPOT3_192,Brown Spot,Sethy,BROWNSPOT5_137,Brown Spot,hamming_dist_4,False
PERCEPTUAL_NEAR_DUP,Sethy,BROWNSPOT3_192,Brown Spot,Sethy,BROWNSPOT5_150,Brown Spot,hamming_dist_3,False
PERCEPTUAL_NEAR_DUP,Sethy,BROWNSPOT3_192,Brown Spot,Sethy,BROWNSPOT5_189,Brown Spot,hamming_dist_4,False
PERCEPTUAL_NEAR_DUP,Sethy,BROWNSPOT4_036,Brown Spot,Sethy,BROWNSPOT4_050,Brown Spot,hamming_dist_4,False
PERCEPTUAL_NEAR_DUP,Sethy,BROWNSPOT4_036,Brown Spot,Sethy,BROWNSPOT6_092,Brown Spot,hamming_dist_4,False
PERCEPTUAL_NEAR_DUP,Sethy,BROWNSPOT4_050,Brown Spot,Sethy,BROWNSPOT6_068,Brown Spot,hamming_dist_4,False
PERCEPTUAL_NEAR_DUP,Sethy,BROWNSPOT4_061,Brown Spot,Sethy,BROWNSPOT6_135,Brown Spot,hamming_dist_4,False
PERCEPTUAL_NEAR_DUP,Sethy,BROWNSPOT4_061,Brown Spot,Sethy,BROWNSPOT6_149,Brown Spot,hamming_dist_4,False
PERCEPTUAL_NEAR_DUP,Sethy,BROWNSPOT4_066,Brown Spot,Sethy,BROWNSPOT4_068,Brown Spot,hamming_dist_4,False
PERCEPTUAL_NEAR_DUP,Sethy,BROWNSPOT4_068,Brown Spot,Sethy,BROWNSPOT6_050,Brown Spot,hamming_dist_1,False
PERCEPTUAL_NEAR_DUP,Sethy,BROWNSPOT4_092,Brown Spot,Sethy,BROWNSPOT6_036,Brown Spot,hamming_dist_2,False
PERCEPTUAL_NEAR_DUP,Sethy,BROWNSPOT4_092,Brown Spot,Sethy,BROWNSPOT6_050,Brown Spot,hamming_dist_4,False
PERCEPTUAL_NEAR_DUP,Sethy,BROWNSPOT4_135,Brown Spot,Sethy,BROWNSPOT6_191,Brown Spot,hamming_dist_2,False
PERCEPTUAL_NEAR_DUP,Sethy,BROWNSPOT4_149,Brown Spot,Sethy,BROWNSPOT6_167,Brown Spot,hamming_dist_2,False
PERCEPTUAL_NEAR_DUP,Sethy,BROWNSPOT4_165,Brown Spot,Sethy,BROWNSPOT4_167,Brown Spot,hamming_dist_3,False
PERCEPTUAL_NEAR_DUP,Sethy,BROWNSPOT4_165,Brown Spot,Sethy,BROWNSPOT4_191,Brown Spot,hamming_dist_4,False
PERCEPTUAL_NEAR_DUP,Sethy,BROWNSPOT4_167,Brown Spot,Sethy,BROWNSPOT6_135,Brown Spot,hamming_dist_4,False
PERCEPTUAL_NEAR_DUP,Sethy,BROWNSPOT4_167,Brown Spot,Sethy,BROWNSPOT6_149,Brown Spot,hamming_dist_4,False
PERCEPTUAL_NEAR_DUP,Sethy,BROWNSPOT4_167,Brown Spot,Sethy,BROWNSPOT7_050,Brown Spot,hamming_dist_4,False
PERCEPTUAL_NEAR_DUP,Sethy,BROWNSPOT4_181,Brown Spot,Sethy,BROWNSPOT5_149,Brown Spot,hamming_dist_4,False
PERCEPTUAL_NEAR_DUP,Sethy,BROWNSPOT4_191,Brown Spot,Sethy,BROWNSPOT6_135,Brown Spot,hamming_dist_3,False
PERCEPTUAL_NEAR_DUP,Sethy,BROWNSPOT4_191,Brown Spot,Sethy,BROWNSPOT7_036,Brown Spot,hamming_dist_4,False
PERCEPTUAL_NEAR_DUP,Sethy,BROWNSPOT5_032,Brown Spot,Sethy,BROWNSPOT5_072,Brown Spot,hamming_dist_4,False
PERCEPTUAL_NEAR_DUP,Sethy,BROWNSPOT5_041,Brown Spot,Sethy,BROWNSPOT5_051,Brown Spot,hamming_dist_4,False
PERCEPTUAL_NEAR_DUP,Sethy,BROWNSPOT5_047,Brown Spot,Sethy,BROWNSPOT5_134,Brown Spot,hamming_dist_4,False
PERCEPTUAL_NEAR_DUP,Sethy,BROWNSPOT5_047,Brown Spot,Sethy,BROWNSPOT5_137,Brown Spot,hamming_dist_3,False
PERCEPTUAL_NEAR_DUP,Sethy,BROWNSPOT5_047,Brown Spot,Sethy,BROWNSPOT5_150,Brown Spot,hamming_dist_2,False
PERCEPTUAL_NEAR_DUP,Sethy,BROWNSPOT5_047,Brown Spot,Sethy,BROWNSPOT5_158,Brown Spot,hamming_dist_4,False
PERCEPTUAL_NEAR_DUP,Sethy,BROWNSPOT5_047,Brown Spot,Sethy,BROWNSPOT5_161,Brown Spot,hamming_dist_4,False
PERCEPTUAL_NEAR_DUP,Sethy,BROWNSPOT5_047,Brown Spot,Sethy,BROWNSPOT5_192,Brown Spot,hamming_dist_3,False
PERCEPTUAL_NEAR_DUP,Sethy,BROWNSPOT5_050,Brown Spot,Sethy,BROWNSPOT5_156,Brown Spot,hamming_dist_3,False
PERCEPTUAL_NEAR_DUP,Sethy,BROWNSPOT5_057,Brown Spot,Sethy,BROWNSPOT5_149,Brown Spot,hamming_dist_3,False
PERCEPTUAL_NEAR_DUP,Sethy,BROWNSPOT5_124,Brown Spot,Sethy,BROWNSPOT5_140,Brown Spot,hamming_dist_4,False
PERCEPTUAL_NEAR_DUP,Sethy,BROWNSPOT5_131,Brown Spot,Sethy,BROWNSPOT5_171,Brown Spot,hamming_dist_4,False
PERCEPTUAL_NEAR_DUP,Sethy,BROWNSPOT5_134,Brown Spot,Sethy,BROWNSPOT5_150,Brown Spot,hamming_dist_4,False
PERCEPTUAL_NEAR_DUP,Sethy,BROWNSPOT5_134,Brown Spot,Sethy,BROWNSPOT5_158,Brown Spot,hamming_dist_4,False
PERCEPTUAL_NEAR_DUP,Sethy,BROWNSPOT5_137,Brown Spot,Sethy,BROWNSPOT5_140,Brown Spot,hamming_dist_4,False
PERCEPTUAL_NEAR_DUP,Sethy,BROWNSPOT5_137,Brown Spot,Sethy,BROWNSPOT5_141,Brown Spot,hamming_dist_3,False
PERCEPTUAL_NEAR_DUP,Sethy,BROWNSPOT5_137,Brown Spot,Sethy,BROWNSPOT5_150,Brown Spot,hamming_dist_1,False
PERCEPTUAL_NEAR_DUP,Sethy,BROWNSPOT5_137,Brown Spot,Sethy,BROWNSPOT5_162,Brown Spot,hamming_dist_3,False
PERCEPTUAL_NEAR_DUP,Sethy,BROWNSPOT5_137,Brown Spot,Sethy,BROWNSPOT5_181,Brown Spot,hamming_dist_4,False
PERCEPTUAL_NEAR_DUP,Sethy,BROWNSPOT5_137,Brown Spot,Sethy,BROWNSPOT5_192,Brown Spot,hamming_dist_4,False
PERCEPTUAL_NEAR_DUP,Sethy,BROWNSPOT5_140,Brown Spot,Sethy,BROWNSPOT5_150,Brown Spot,hamming_dist_3,False
PERCEPTUAL_NEAR_DUP,Sethy,BROWNSPOT5_140,Brown Spot,Sethy,BROWNSPOT5_162,Brown Spot,hamming_dist_3,False
PERCEPTUAL_NEAR_DUP,Sethy,BROWNSPOT5_140,Brown Spot,Sethy,BROWNSPOT5_175,Brown Spot,hamming_dist_4,False
PERCEPTUAL_NEAR_DUP,Sethy,BROWNSPOT5_141,Brown Spot,Sethy,BROWNSPOT5_150,Brown Spot,hamming_dist_4,False
PERCEPTUAL_NEAR_DUP,Sethy,BROWNSPOT5_141,Brown Spot,Sethy,BROWNSPOT5_162,Brown Spot,hamming_dist_4,False
PERCEPTUAL_NEAR_DUP,Sethy,BROWNSPOT5_150,Brown Spot,Sethy,BROWNSPOT5_158,Brown Spot,hamming_dist_4,False
PERCEPTUAL_NEAR_DUP,Sethy,BROWNSPOT5_150,Brown Spot,Sethy,BROWNSPOT5_161,Brown Spot,hamming_dist_4,False
PERCEPTUAL_NEAR_DUP,Sethy,BROWNSPOT5_150,Brown Spot,Sethy,BROWNSPOT5_162,Brown Spot,hamming_dist_4,False
PERCEPTUAL_NEAR_DUP,Sethy,BROWNSPOT5_150,Brown Spot,Sethy,BROWNSPOT5_192,Brown Spot,hamming_dist_3,False
PERCEPTUAL_NEAR_DUP,Sethy,BROWNSPOT5_158,Brown Spot,Sethy,BROWNSPOT5_175,Brown Spot,hamming_dist_3,False
PERCEPTUAL_NEAR_DUP,Sethy,BROWNSPOT5_158,Brown Spot,Sethy,BROWNSPOT5_185,Brown Spot,hamming_dist_4,False
PERCEPTUAL_NEAR_DUP,Sethy,BROWNSPOT5_162,Brown Spot,Sethy,BROWNSPOT5_181,Brown Spot,hamming_dist_3,False
PERCEPTUAL_NEAR_DUP,Sethy,BROWNSPOT5_165,Brown Spot,Sethy,BROWNSPOT5_171,Brown Spot,hamming_dist_4,False
PERCEPTUAL_NEAR_DUP,Sethy,BROWNSPOT5_189,Brown Spot,Sethy,BROWNSPOT5_192,Brown Spot,hamming_dist_4,False
PERCEPTUAL_NEAR_DUP,Sethy,BROWNSPOT6_001,Brown Spot,Sethy,BROWNSPOT7_200,Brown Spot,hamming_dist_0,False
PERCEPTUAL_NEAR_DUP,Sethy,BROWNSPOT6_002,Brown Spot,Sethy,BROWNSPOT7_102,Brown Spot,hamming_dist_0,False
PERCEPTUAL_NEAR_DUP,Sethy,BROWNSPOT6_003,Brown Spot,Sethy,BROWNSPOT7_101,Brown Spot,hamming_dist_1,False
PERCEPTUAL_NEAR_DUP,Sethy,BROWNSPOT6_004,Brown Spot,Sethy,BROWNSPOT7_104,Brown Spot,hamming_dist_0,False
PERCEPTUAL_NEAR_DUP,Sethy,BROWNSPOT6_005,Brown Spot,Sethy,BROWNSPOT7_103,Brown Spot,hamming_dist_1,False
PERCEPTUAL_NEAR_DUP,Sethy,BROWNSPOT6_006,Brown Spot,Sethy,BROWNSPOT7_106,Brown Spot,hamming_dist_0,False
PERCEPTUAL_NEAR_DUP,Sethy,BROWNSPOT6_007,Brown Spot,Sethy,BROWNSPOT7_105,Brown Spot,hamming_dist_0,False
PERCEPTUAL_NEAR_DUP,Sethy,BROWNSPOT6_008,Brown Spot,Sethy,BROWNSPOT7_108,Brown Spot,hamming_dist_0,False
PERCEPTUAL_NEAR_DUP,Sethy,BROWNSPOT6_009,Brown Spot,Sethy,BROWNSPOT7_107,Brown Spot,hamming_dist_0,False
PERCEPTUAL_NEAR_DUP,Sethy,BROWNSPOT6_010,Brown Spot,Sethy,BROWNSPOT7_109,Brown Spot,hamming_dist_1,False
PERCEPTUAL_NEAR_DUP,Sethy,BROWNSPOT6_011,Brown Spot,Sethy,BROWNSPOT7_110,Brown Spot,hamming_dist_0,False
PERCEPTUAL_NEAR_DUP,Sethy,BROWNSPOT6_012,Brown Spot,Sethy,BROWNSPOT7_111,Brown Spot,hamming_dist_0,False
PERCEPTUAL_NEAR_DUP,Sethy,BROWNSPOT6_013,Brown Spot,Sethy,BROWNSPOT7_112,Brown Spot,hamming_dist_0,False
PERCEPTUAL_NEAR_DUP,Sethy,BROWNSPOT6_014,Brown Spot,Sethy,BROWNSPOT7_113,Brown Spot,hamming_dist_1,False
PERCEPTUAL_NEAR_DUP,Sethy,BROWNSPOT6_015,Brown Spot,Sethy,BROWNSPOT7_114,Brown Spot,hamming_dist_0,False
PERCEPTUAL_NEAR_DUP,Sethy,BROWNSPOT6_016,Brown Spot,Sethy,BROWNSPOT7_115,Brown Spot,hamming_dist_0,False
PERCEPTUAL_NEAR_DUP,Sethy,BROWNSPOT6_017,Brown Spot,Sethy,BROWNSPOT7_116,Brown Spot,hamming_dist_0,False
PERCEPTUAL_NEAR_DUP,Sethy,BROWNSPOT6_018,Brown Spot,Sethy,BROWNSPOT7_117,Brown Spot,hamming_dist_1,False
PERCEPTUAL_NEAR_DUP,Sethy,BROWNSPOT6_019,Brown Spot,Sethy,BROWNSPOT7_118,Brown Spot,hamming_dist_0,False
PERCEPTUAL_NEAR_DUP,Sethy,BROWNSPOT6_020,Brown Spot,Sethy,BROWNSPOT7_119,Brown Spot,hamming_dist_1,False
PERCEPTUAL_NEAR_DUP,Sethy,BROWNSPOT6_021,Brown Spot,Sethy,BROWNSPOT7_120,Brown Spot,hamming_dist_0,False
PERCEPTUAL_NEAR_DUP,Sethy,BROWNSPOT6_022,Brown Spot,Sethy,BROWNSPOT7_121,Brown Spot,hamming_dist_1,False
PERCEPTUAL_NEAR_DUP,Sethy,BROWNSPOT6_023,Brown Spot,Sethy,BROWNSPOT7_122,Brown Spot,hamming_dist_0,False
PERCEPTUAL_NEAR_DUP,Sethy,BROWNSPOT6_024,Brown Spot,Sethy,BROWNSPOT7_123,Brown Spot,hamming_dist_0,False
PERCEPTUAL_NEAR_DUP,Sethy,BROWNSPOT6_025,Brown Spot,Sethy,BROWNSPOT7_124,Brown Spot,hamming_dist_1,False
PERCEPTUAL_NEAR_DUP,Sethy,BROWNSPOT6_026,Brown Spot,Sethy,BROWNSPOT7_125,Brown Spot,hamming_dist_0,False
PERCEPTUAL_NEAR_DUP,Sethy,BROWNSPOT6_027,Brown Spot,Sethy,BROWNSPOT7_126,Brown Spot,hamming_dist_1,False
PERCEPTUAL_NEAR_DUP,Sethy,BROWNSPOT6_028,Brown Spot,Sethy,BROWNSPOT7_127,Brown Spot,hamming_dist_0,False
PERCEPTUAL_NEAR_DUP,Sethy,BROWNSPOT6_029,Brown Spot,Sethy,BROWNSPOT7_128,Brown Spot,hamming_dist_0,False
PERCEPTUAL_NEAR_DUP,Sethy,BROWNSPOT6_030,Brown Spot,Sethy,BROWNSPOT7_129,Brown Spot,hamming_dist_1,False
PERCEPTUAL_NEAR_DUP,Sethy,BROWNSPOT6_031,Brown Spot,Sethy,BROWNSPOT7_130,Brown Spot,hamming_dist_1,False
PERCEPTUAL_NEAR_DUP,Sethy,BROWNSPOT6_032,Brown Spot,Sethy,BROWNSPOT7_131,Brown Spot,hamming_dist_0,False
PERCEPTUAL_NEAR_DUP,Sethy,BROWNSPOT6_033,Brown Spot,Sethy,BROWNSPOT7_132,Brown Spot,hamming_dist_0,False
PERCEPTUAL_NEAR_DUP,Sethy,BROWNSPOT6_034,Brown Spot,Sethy,BROWNSPOT7_133,Brown Spot,hamming_dist_0,False
PERCEPTUAL_NEAR_DUP,Sethy,BROWNSPOT6_035,Brown Spot,Sethy,BROWNSPOT7_134,Brown Spot,hamming_dist_0,False
PERCEPTUAL_NEAR_DUP,Sethy,BROWNSPOT6_036,Brown Spot,Sethy,BROWNSPOT6_050,Brown Spot,hamming_dist_4,False
PERCEPTUAL_NEAR_DUP,Sethy,BROWNSPOT6_036,Brown Spot,Sethy,BROWNSPOT7_135,Brown Spot,hamming_dist_0,False
PERCEPTUAL_NEAR_DUP,Sethy,BROWNSPOT6_037,Brown Spot,Sethy,BROWNSPOT7_136,Brown Spot,hamming_dist_0,False
PERCEPTUAL_NEAR_DUP,Sethy,BROWNSPOT6_038,Brown Spot,Sethy,BROWNSPOT7_137,Brown Spot,hamming_dist_1,False
PERCEPTUAL_NEAR_DUP,Sethy,BROWNSPOT6_039,Brown Spot,Sethy,BROWNSPOT7_138,Brown Spot,hamming_dist_0,False
PERCEPTUAL_NEAR_DUP,Sethy,BROWNSPOT6_040,Brown Spot,Sethy,BROWNSPOT7_139,Brown Spot,hamming_dist_1,False
PERCEPTUAL_NEAR_DUP,Sethy,BROWNSPOT6_041,Brown Spot,Sethy,BROWNSPOT7_140,Brown Spot,hamming_dist_0,False
PERCEPTUAL_NEAR_DUP,Sethy,BROWNSPOT6_042,Brown Spot,Sethy,BROWNSPOT7_141,Brown Spot,hamming_dist_1,False
PERCEPTUAL_NEAR_DUP,Sethy,BROWNSPOT6_043,Brown Spot,Sethy,BROWNSPOT7_142,Brown Spot,hamming_dist_1,False
PERCEPTUAL_NEAR_DUP,Sethy,BROWNSPOT6_044,Brown Spot,Sethy,BROWNSPOT7_143,Brown Spot,hamming_dist_2,False
PERCEPTUAL_NEAR_DUP,Sethy,BROWNSPOT6_045,Brown Spot,Sethy,BROWNSPOT7_144,Brown Spot,hamming_dist_0,False
PERCEPTUAL_NEAR_DUP,Sethy,BROWNSPOT6_046,Brown Spot,Sethy,BROWNSPOT7_145,Brown Spot,hamming_dist_1,False
PERCEPTUAL_NEAR_DUP,Sethy,BROWNSPOT6_047,Brown Spot,Sethy,BROWNSPOT7_146,Brown Spot,hamming_dist_1,False
PERCEPTUAL_NEAR_DUP,Sethy,BROWNSPOT6_048,Brown Spot,Sethy,BROWNSPOT7_147,Brown Spot,hamming_dist_0,False
PERCEPTUAL_NEAR_DUP,Sethy,BROWNSPOT6_049,Brown Spot,Sethy,BROWNSPOT7_148,Brown Spot,hamming_dist_0,False
PERCEPTUAL_NEAR_DUP,Sethy,BROWNSPOT6_050,Brown Spot,Sethy,BROWNSPOT7_135,Brown Spot,hamming_dist_4,False
PERCEPTUAL_NEAR_DUP,Sethy,BROWNSPOT6_050,Brown Spot,Sethy,BROWNSPOT7_149,Brown Spot,hamming_dist_1,False
PERCEPTUAL_NEAR_DUP,Sethy,BROWNSPOT6_051,Brown Spot,Sethy,BROWNSPOT7_150,Brown Spot,hamming_dist_0,False
PERCEPTUAL_NEAR_DUP,Sethy,BROWNSPOT6_052,Brown Spot,Sethy,BROWNSPOT7_151,Brown Spot,hamming_dist_0,False
PERCEPTUAL_NEAR_DUP,Sethy,BROWNSPOT6_053,Brown Spot,Sethy,BROWNSPOT7_152,Brown Spot,hamming_dist_0,False
PERCEPTUAL_NEAR_DUP,Sethy,BROWNSPOT6_054,Brown Spot,Sethy,BROWNSPOT7_153,Brown Spot,hamming_dist_0,False
PERCEPTUAL_NEAR_DUP,Sethy,BROWNSPOT6_055,Brown Spot,Sethy,BROWNSPOT7_154,Brown Spot,hamming_dist_0,False
PERCEPTUAL_NEAR_DUP,Sethy,BROWNSPOT6_056,Brown Spot,Sethy,BROWNSPOT7_155,Brown Spot,hamming_dist_1,False
PERCEPTUAL_NEAR_DUP,Sethy,BROWNSPOT6_057,Brown Spot,Sethy,BROWNSPOT7_156,Brown Spot,hamming_dist_0,False
PERCEPTUAL_NEAR_DUP,Sethy,BROWNSPOT6_058,Brown Spot,Sethy,BROWNSPOT7_157,Brown Spot,hamming_dist_0,False
PERCEPTUAL_NEAR_DUP,Sethy,BROWNSPOT6_059,Brown Spot,Sethy,BROWNSPOT7_158,Brown Spot,hamming_dist_0,False
PERCEPTUAL_NEAR_DUP,Sethy,BROWNSPOT6_060,Brown Spot,Sethy,BROWNSPOT7_159,Brown Spot,hamming_dist_0,False
PERCEPTUAL_NEAR_DUP,Sethy,BROWNSPOT6_061,Brown Spot,Sethy,BROWNSPOT7_160,Brown Spot,hamming_dist_0,False
PERCEPTUAL_NEAR_DUP,Sethy,BROWNSPOT6_062,Brown Spot,Sethy,BROWNSPOT7_161,Brown Spot,hamming_dist_2,False
PERCEPTUAL_NEAR_DUP,Sethy,BROWNSPOT6_063,Brown Spot,Sethy,BROWNSPOT7_162,Brown Spot,hamming_dist_0,False
PERCEPTUAL_NEAR_DUP,Sethy,BROWNSPOT6_064,Brown Spot,Sethy,BROWNSPOT7_163,Brown Spot,hamming_dist_0,False
PERCEPTUAL_NEAR_DUP,Sethy,BROWNSPOT6_065,Brown Spot,Sethy,BROWNSPOT7_164,Brown Spot,hamming_dist_1,False
PERCEPTUAL_NEAR_DUP,Sethy,BROWNSPOT6_066,Brown Spot,Sethy,BROWNSPOT6_068,Brown Spot,hamming_dist_3,False
PERCEPTUAL_NEAR_DUP,Sethy,BROWNSPOT6_066,Brown Spot,Sethy,BROWNSPOT7_165,Brown Spot,hamming_dist_0,False
PERCEPTUAL_NEAR_DUP,Sethy,BROWNSPOT6_066,Brown Spot,Sethy,BROWNSPOT7_167,Brown Spot,hamming_dist_3,False
PERCEPTUAL_NEAR_DUP,Sethy,BROWNSPOT6_067,Brown Spot,Sethy,BROWNSPOT7_166,Brown Spot,hamming_dist_1,False
PERCEPTUAL_NEAR_DUP,Sethy,BROWNSPOT6_068,Brown Spot,Sethy,BROWNSPOT7_165,Brown Spot,hamming_dist_3,False
PERCEPTUAL_NEAR_DUP,Sethy,BROWNSPOT6_068,Brown Spot,Sethy,BROWNSPOT7_167,Brown Spot,hamming_dist_0,False
PERCEPTUAL_NEAR_DUP,Sethy,BROWNSPOT6_068,Brown Spot,Sethy,brownspot_rotated_035,Brown Spot,hamming_dist_4,False
PERCEPTUAL_NEAR_DUP,Sethy,BROWNSPOT6_068,Brown Spot,Sethy,brownspot_rotated_049,Brown Spot,hamming_dist_4,False
PERCEPTUAL_NEAR_DUP,Sethy,BROWNSPOT6_069,Brown Spot,Sethy,BROWNSPOT7_168,Brown Spot,hamming_dist_2,False
PERCEPTUAL_NEAR_DUP,Sethy,BROWNSPOT6_070,Brown Spot,Sethy,BROWNSPOT7_169,Brown Spot,hamming_dist_0,False
PERCEPTUAL_NEAR_DUP,Sethy,BROWNSPOT6_071,Brown Spot,Sethy,BROWNSPOT7_170,Brown Spot,hamming_dist_0,False
PERCEPTUAL_NEAR_DUP,Sethy,BROWNSPOT6_072,Brown Spot,Sethy,BROWNSPOT7_171,Brown Spot,hamming_dist_0,False
PERCEPTUAL_NEAR_DUP,Sethy,BROWNSPOT6_073,Brown Spot,Sethy,BROWNSPOT7_172,Brown Spot,hamming_dist_0,False
PERCEPTUAL_NEAR_DUP,Sethy,BROWNSPOT6_074,Brown Spot,Sethy,BROWNSPOT7_173,Brown Spot,hamming_dist_1,False
PERCEPTUAL_NEAR_DUP,Sethy,BROWNSPOT6_075,Brown Spot,Sethy,BROWNSPOT7_174,Brown Spot,hamming_dist_0,False
PERCEPTUAL_NEAR_DUP,Sethy,BROWNSPOT6_076,Brown Spot,Sethy,BROWNSPOT7_175,Brown Spot,hamming_dist_0,False
PERCEPTUAL_NEAR_DUP,Sethy,BROWNSPOT6_077,Brown Spot,Sethy,BROWNSPOT7_176,Brown Spot,hamming_dist_0,False
PERCEPTUAL_NEAR_DUP,Sethy,BROWNSPOT6_078,Brown Spot,Sethy,BROWNSPOT7_177,Brown Spot,hamming_dist_0,False
PERCEPTUAL_NEAR_DUP,Sethy,BROWNSPOT6_079,Brown Spot,Sethy,BROWNSPOT7_179,Brown Spot,hamming_dist_1,False
PERCEPTUAL_NEAR_DUP,Sethy,BROWNSPOT6_081,Brown Spot,Sethy,BROWNSPOT7_181,Brown Spot,hamming_dist_0,False
PERCEPTUAL_NEAR_DUP,Sethy,BROWNSPOT6_082,Brown Spot,Sethy,BROWNSPOT7_182,Brown Spot,hamming_dist_0,False
PERCEPTUAL_NEAR_DUP,Sethy,BROWNSPOT6_083,Brown Spot,Sethy,BROWNSPOT7_183,Brown Spot,hamming_dist_0,False
PERCEPTUAL_NEAR_DUP,Sethy,BROWNSPOT6_084,Brown Spot,Sethy,BROWNSPOT7_184,Brown Spot,hamming_dist_0,False
PERCEPTUAL_NEAR_DUP,Sethy,BROWNSPOT6_085,Brown Spot,Sethy,BROWNSPOT7_185,Brown Spot,hamming_dist_0,False
PERCEPTUAL_NEAR_DUP,Sethy,BROWNSPOT6_087,Brown Spot,Sethy,BROWNSPOT7_186,Brown Spot,hamming_dist_0,False
PERCEPTUAL_NEAR_DUP,Sethy,BROWNSPOT6_088,Brown Spot,Sethy,BROWNSPOT7_187,Brown Spot,hamming_dist_1,False
PERCEPTUAL_NEAR_DUP,Sethy,BROWNSPOT6_089,Brown Spot,Sethy,BROWNSPOT7_188,Brown Spot,hamming_dist_0,False
PERCEPTUAL_NEAR_DUP,Sethy,BROWNSPOT6_090,Brown Spot,Sethy,BROWNSPOT7_189,Brown Spot,hamming_dist_0,False
PERCEPTUAL_NEAR_DUP,Sethy,BROWNSPOT6_091,Brown Spot,Sethy,BROWNSPOT7_190,Brown Spot,hamming_dist_1,False
PERCEPTUAL_NEAR_DUP,Sethy,BROWNSPOT6_092,Brown Spot,Sethy,BROWNSPOT7_191,Brown Spot,hamming_dist_0,False
PERCEPTUAL_NEAR_DUP,Sethy,BROWNSPOT6_092,Brown Spot,Sethy,brownspot_rotated_035,Brown Spot,hamming_dist_4,False
PERCEPTUAL_NEAR_DUP,Sethy,BROWNSPOT6_093,Brown Spot,Sethy,BROWNSPOT7_192,Brown Spot,hamming_dist_0,False
PERCEPTUAL_NEAR_DUP,Sethy,BROWNSPOT6_094,Brown Spot,Sethy,BROWNSPOT7_193,Brown Spot,hamming_dist_0,False
PERCEPTUAL_NEAR_DUP,Sethy,BROWNSPOT6_095,Brown Spot,Sethy,BROWNSPOT7_194,Brown Spot,hamming_dist_0,False
PERCEPTUAL_NEAR_DUP,Sethy,BROWNSPOT6_096,Brown Spot,Sethy,BROWNSPOT7_195,Brown Spot,hamming_dist_0,False
PERCEPTUAL_NEAR_DUP,Sethy,BROWNSPOT6_097,Brown Spot,Sethy,BROWNSPOT7_196,Brown Spot,hamming_dist_0,False
PERCEPTUAL_NEAR_DUP,Sethy,BROWNSPOT6_098,Brown Spot,Sethy,BROWNSPOT7_197,Brown Spot,hamming_dist_0,False
PERCEPTUAL_NEAR_DUP,Sethy,BROWNSPOT6_099,Brown Spot,Sethy,BROWNSPOT7_198,Brown Spot,hamming_dist_0,False
PERCEPTUAL_NEAR_DUP,Sethy,BROWNSPOT6_100,Brown Spot,Sethy,BROWNSPOT7_199,Brown Spot,hamming_dist_2,False
PERCEPTUAL_NEAR_DUP,Sethy,BROWNSPOT6_101,Brown Spot,Sethy,BROWNSPOT7_003,Brown Spot,hamming_dist_0,False
PERCEPTUAL_NEAR_DUP,Sethy,BROWNSPOT6_102,Brown Spot,Sethy,BROWNSPOT7_002,Brown Spot,hamming_dist_0,False
PERCEPTUAL_NEAR_DUP,Sethy,BROWNSPOT6_103,Brown Spot,Sethy,BROWNSPOT7_005,Brown Spot,hamming_dist_1,False
PERCEPTUAL_NEAR_DUP,Sethy,BROWNSPOT6_104,Brown Spot,Sethy,BROWNSPOT7_004,Brown Spot,hamming_dist_1,False
PERCEPTUAL_NEAR_DUP,Sethy,BROWNSPOT6_105,Brown Spot,Sethy,BROWNSPOT7_007,Brown Spot,hamming_dist_0,False
PERCEPTUAL_NEAR_DUP,Sethy,BROWNSPOT6_106,Brown Spot,Sethy,BROWNSPOT7_006,Brown Spot,hamming_dist_0,False
PERCEPTUAL_NEAR_DUP,Sethy,BROWNSPOT6_107,Brown Spot,Sethy,BROWNSPOT7_009,Brown Spot,hamming_dist_0,False
PERCEPTUAL_NEAR_DUP,Sethy,BROWNSPOT6_108,Brown Spot,Sethy,BROWNSPOT7_008,Brown Spot,hamming_dist_0,False
PERCEPTUAL_NEAR_DUP,Sethy,BROWNSPOT6_109,Brown Spot,Sethy,BROWNSPOT7_010,Brown Spot,hamming_dist_0,False
PERCEPTUAL_NEAR_DUP,Sethy,BROWNSPOT6_110,Brown Spot,Sethy,BROWNSPOT7_011,Brown Spot,hamming_dist_0,False
PERCEPTUAL_NEAR_DUP,Sethy,BROWNSPOT6_111,Brown Spot,Sethy,BROWNSPOT7_012,Brown Spot,hamming_dist_0,False
PERCEPTUAL_NEAR_DUP,Sethy,BROWNSPOT6_112,Brown Spot,Sethy,BROWNSPOT7_013,Brown Spot,hamming_dist_1,False
PERCEPTUAL_NEAR_DUP,Sethy,BROWNSPOT6_113,Brown Spot,Sethy,BROWNSPOT7_014,Brown Spot,hamming_dist_1,False
PERCEPTUAL_NEAR_DUP,Sethy,BROWNSPOT6_114,Brown Spot,Sethy,BROWNSPOT7_015,Brown Spot,hamming_dist_0,False
PERCEPTUAL_NEAR_DUP,Sethy,BROWNSPOT6_115,Brown Spot,Sethy,BROWNSPOT7_016,Brown Spot,hamming_dist_0,False
PERCEPTUAL_NEAR_DUP,Sethy,BROWNSPOT6_116,Brown Spot,Sethy,BROWNSPOT7_017,Brown Spot,hamming_dist_0,False
PERCEPTUAL_NEAR_DUP,Sethy,BROWNSPOT6_117,Brown Spot,Sethy,BROWNSPOT7_018,Brown Spot,hamming_dist_0,False
PERCEPTUAL_NEAR_DUP,Sethy,BROWNSPOT6_118,Brown Spot,Sethy,BROWNSPOT7_019,Brown Spot,hamming_dist_1,False
PERCEPTUAL_NEAR_DUP,Sethy,BROWNSPOT6_119,Brown Spot,Sethy,BROWNSPOT7_020,Brown Spot,hamming_dist_0,False
PERCEPTUAL_NEAR_DUP,Sethy,BROWNSPOT6_120,Brown Spot,Sethy,BROWNSPOT7_021,Brown Spot,hamming_dist_0,False
PERCEPTUAL_NEAR_DUP,Sethy,BROWNSPOT6_121,Brown Spot,Sethy,BROWNSPOT7_022,Brown Spot,hamming_dist_1,False
PERCEPTUAL_NEAR_DUP,Sethy,BROWNSPOT6_122,Brown Spot,Sethy,BROWNSPOT7_023,Brown Spot,hamming_dist_0,False
PERCEPTUAL_NEAR_DUP,Sethy,BROWNSPOT6_123,Brown Spot,Sethy,BROWNSPOT7_024,Brown Spot,hamming_dist_0,False
PERCEPTUAL_NEAR_DUP,Sethy,BROWNSPOT6_124,Brown Spot,Sethy,BROWNSPOT7_025,Brown Spot,hamming_dist_0,False
PERCEPTUAL_NEAR_DUP,Sethy,BROWNSPOT6_125,Brown Spot,Sethy,BROWNSPOT7_026,Brown Spot,hamming_dist_1,False
PERCEPTUAL_NEAR_DUP,Sethy,BROWNSPOT6_126,Brown Spot,Sethy,BROWNSPOT7_027,Brown Spot,hamming_dist_0,False
PERCEPTUAL_NEAR_DUP,Sethy,BROWNSPOT6_127,Brown Spot,Sethy,BROWNSPOT7_028,Brown Spot,hamming_dist_0,False
PERCEPTUAL_NEAR_DUP,Sethy,BROWNSPOT6_128,Brown Spot,Sethy,BROWNSPOT7_029,Brown Spot,hamming_dist_0,False
PERCEPTUAL_NEAR_DUP,Sethy,BROWNSPOT6_129,Brown Spot,Sethy,BROWNSPOT7_030,Brown Spot,hamming_dist_0,False
PERCEPTUAL_NEAR_DUP,Sethy,BROWNSPOT6_130,Brown Spot,Sethy,BROWNSPOT7_031,Brown Spot,hamming_dist_0,False
PERCEPTUAL_NEAR_DUP,Sethy,BROWNSPOT6_131,Brown Spot,Sethy,BROWNSPOT7_032,Brown Spot,hamming_dist_0,False
PERCEPTUAL_NEAR_DUP,Sethy,BROWNSPOT6_132,Brown Spot,Sethy,BROWNSPOT7_033,Brown Spot,hamming_dist_0,False
PERCEPTUAL_NEAR_DUP,Sethy,BROWNSPOT6_133,Brown Spot,Sethy,BROWNSPOT7_034,Brown Spot,hamming_dist_0,False
PERCEPTUAL_NEAR_DUP,Sethy,BROWNSPOT6_134,Brown Spot,Sethy,BROWNSPOT7_035,Brown Spot,hamming_dist_0,False
PERCEPTUAL_NEAR_DUP,Sethy,BROWNSPOT6_135,Brown Spot,Sethy,BROWNSPOT6_149,Brown Spot,hamming_dist_4,False
PERCEPTUAL_NEAR_DUP,Sethy,BROWNSPOT6_135,Brown Spot,Sethy,BROWNSPOT7_036,Brown Spot,hamming_dist_1,False
PERCEPTUAL_NEAR_DUP,Sethy,BROWNSPOT6_135,Brown Spot,Sethy,BROWNSPOT7_050,Brown Spot,hamming_dist_4,False
PERCEPTUAL_NEAR_DUP,Sethy,BROWNSPOT6_135,Brown Spot,Sethy,brownspot_orig_068,Brown Spot,hamming_dist_4,False
PERCEPTUAL_NEAR_DUP,Sethy,BROWNSPOT6_135,Brown Spot,Sethy,brownspot_orig_092,Brown Spot,hamming_dist_2,False
PERCEPTUAL_NEAR_DUP,Sethy,BROWNSPOT6_136,Brown Spot,Sethy,BROWNSPOT7_037,Brown Spot,hamming_dist_0,False
PERCEPTUAL_NEAR_DUP,Sethy,BROWNSPOT6_137,Brown Spot,Sethy,BROWNSPOT7_038,Brown Spot,hamming_dist_0,False
PERCEPTUAL_NEAR_DUP,Sethy,BROWNSPOT6_138,Brown Spot,Sethy,BROWNSPOT7_039,Brown Spot,hamming_dist_1,False
PERCEPTUAL_NEAR_DUP,Sethy,BROWNSPOT6_139,Brown Spot,Sethy,BROWNSPOT7_040,Brown Spot,hamming_dist_0,False
PERCEPTUAL_NEAR_DUP,Sethy,BROWNSPOT6_140,Brown Spot,Sethy,BROWNSPOT7_041,Brown Spot,hamming_dist_0,False
PERCEPTUAL_NEAR_DUP,Sethy,BROWNSPOT6_141,Brown Spot,Sethy,BROWNSPOT7_042,Brown Spot,hamming_dist_2,False
PERCEPTUAL_NEAR_DUP,Sethy,BROWNSPOT6_142,Brown Spot,Sethy,BROWNSPOT7_043,Brown Spot,hamming_dist_1,False
PERCEPTUAL_NEAR_DUP,Sethy,BROWNSPOT6_143,Brown Spot,Sethy,BROWNSPOT7_044,Brown Spot,hamming_dist_0,False
PERCEPTUAL_NEAR_DUP,Sethy,BROWNSPOT6_144,Brown Spot,Sethy,BROWNSPOT7_045,Brown Spot,hamming_dist_0,False
PERCEPTUAL_NEAR_DUP,Sethy,BROWNSPOT6_145,Brown Spot,Sethy,BROWNSPOT7_046,Brown Spot,hamming_dist_0,False
PERCEPTUAL_NEAR_DUP,Sethy,BROWNSPOT6_146,Brown Spot,Sethy,BROWNSPOT7_047,Brown Spot,hamming_dist_1,False
PERCEPTUAL_NEAR_DUP,Sethy,BROWNSPOT6_147,Brown Spot,Sethy,BROWNSPOT7_048,Brown Spot,hamming_dist_1,False
PERCEPTUAL_NEAR_DUP,Sethy,BROWNSPOT6_148,Brown Spot,Sethy,BROWNSPOT7_049,Brown Spot,hamming_dist_1,False
PERCEPTUAL_NEAR_DUP,Sethy,BROWNSPOT6_149,Brown Spot,Sethy,BROWNSPOT7_036,Brown Spot,hamming_dist_3,False
PERCEPTUAL_NEAR_DUP,Sethy,BROWNSPOT6_149,Brown Spot,Sethy,BROWNSPOT7_050,Brown Spot,hamming_dist_0,False
PERCEPTUAL_NEAR_DUP,Sethy,BROWNSPOT6_149,Brown Spot,Sethy,brownspot_orig_068,Brown Spot,hamming_dist_4,False
PERCEPTUAL_NEAR_DUP,Sethy,BROWNSPOT6_149,Brown Spot,Sethy,brownspot_orig_092,Brown Spot,hamming_dist_4,False
PERCEPTUAL_NEAR_DUP,Sethy,BROWNSPOT6_149,Brown Spot,Sethy,brownspot_rotated_060,Brown Spot,hamming_dist_3,False
PERCEPTUAL_NEAR_DUP,Sethy,BROWNSPOT6_150,Brown Spot,Sethy,BROWNSPOT7_051,Brown Spot,hamming_dist_0,False
PERCEPTUAL_NEAR_DUP,Sethy,BROWNSPOT6_151,Brown Spot,Sethy,BROWNSPOT7_052,Brown Spot,hamming_dist_0,False
PERCEPTUAL_NEAR_DUP,Sethy,BROWNSPOT6_152,Brown Spot,Sethy,BROWNSPOT7_053,Brown Spot,hamming_dist_1,False
PERCEPTUAL_NEAR_DUP,Sethy,BROWNSPOT6_153,Brown Spot,Sethy,BROWNSPOT7_054,Brown Spot,hamming_dist_0,False
PERCEPTUAL_NEAR_DUP,Sethy,BROWNSPOT6_154,Brown Spot,Sethy,BROWNSPOT7_055,Brown Spot,hamming_dist_0,False
PERCEPTUAL_NEAR_DUP,Sethy,BROWNSPOT6_155,Brown Spot,Sethy,BROWNSPOT7_056,Brown Spot,hamming_dist_0,False
PERCEPTUAL_NEAR_DUP,Sethy,BROWNSPOT6_156,Brown Spot,Sethy,BROWNSPOT7_057,Brown Spot,hamming_dist_1,False
PERCEPTUAL_NEAR_DUP,Sethy,BROWNSPOT6_157,Brown Spot,Sethy,BROWNSPOT7_058,Brown Spot,hamming_dist_1,False
PERCEPTUAL_NEAR_DUP,Sethy,BROWNSPOT6_158,Brown Spot,Sethy,BROWNSPOT7_059,Brown Spot,hamming_dist_0,False
PERCEPTUAL_NEAR_DUP,Sethy,BROWNSPOT6_159,Brown Spot,Sethy,BROWNSPOT7_060,Brown Spot,hamming_dist_0,False
PERCEPTUAL_NEAR_DUP,Sethy,BROWNSPOT6_160,Brown Spot,Sethy,BROWNSPOT7_061,Brown Spot,hamming_dist_0,False
PERCEPTUAL_NEAR_DUP,Sethy,BROWNSPOT6_160,Brown Spot,Sethy,brownspot_rotated_049,Brown Spot,hamming_dist_3,False
PERCEPTUAL_NEAR_DUP,Sethy,BROWNSPOT6_161,Brown Spot,Sethy,BROWNSPOT7_062,Brown Spot,hamming_dist_3,False
PERCEPTUAL_NEAR_DUP,Sethy,BROWNSPOT6_162,Brown Spot,Sethy,BROWNSPOT7_063,Brown Spot,hamming_dist_0,False
PERCEPTUAL_NEAR_DUP,Sethy,BROWNSPOT6_163,Brown Spot,Sethy,BROWNSPOT7_064,Brown Spot,hamming_dist_1,False
PERCEPTUAL_NEAR_DUP,Sethy,BROWNSPOT6_163,Brown Spot,Sethy,brownspot_rotated_058,Brown Spot,hamming_dist_4,False
PERCEPTUAL_NEAR_DUP,Sethy,BROWNSPOT6_164,Brown Spot,Sethy,BROWNSPOT7_065,Brown Spot,hamming_dist_1,False
PERCEPTUAL_NEAR_DUP,Sethy,BROWNSPOT6_165,Brown Spot,Sethy,BROWNSPOT7_066,Brown Spot,hamming_dist_1,False
PERCEPTUAL_NEAR_DUP,Sethy,BROWNSPOT6_166,Brown Spot,Sethy,BROWNSPOT7_067,Brown Spot,hamming_dist_2,False
PERCEPTUAL_NEAR_DUP,Sethy,BROWNSPOT6_167,Brown Spot,Sethy,BROWNSPOT7_068,Brown Spot,hamming_dist_1,False
PERCEPTUAL_NEAR_DUP,Sethy,BROWNSPOT6_167,Brown Spot,Sethy,brownspot_orig_050,Brown Spot,hamming_dist_2,False
PERCEPTUAL_NEAR_DUP,Sethy,BROWNSPOT6_168,Brown Spot,Sethy,BROWNSPOT7_069,Brown Spot,hamming_dist_4,False
PERCEPTUAL_NEAR_DUP,Sethy,BROWNSPOT6_169,Brown Spot,Sethy,BROWNSPOT7_070,Brown Spot,hamming_dist_0,False
PERCEPTUAL_NEAR_DUP,Sethy,BROWNSPOT6_170,Brown Spot,Sethy,BROWNSPOT7_071,Brown Spot,hamming_dist_0,False
PERCEPTUAL_NEAR_DUP,Sethy,BROWNSPOT6_171,Brown Spot,Sethy,BROWNSPOT7_072,Brown Spot,hamming_dist_0,False
PERCEPTUAL_NEAR_DUP,Sethy,BROWNSPOT6_172,Brown Spot,Sethy,BROWNSPOT7_073,Brown Spot,hamming_dist_0,False
PERCEPTUAL_NEAR_DUP,Sethy,BROWNSPOT6_173,Brown Spot,Sethy,BROWNSPOT7_074,Brown Spot,hamming_dist_0,False
PERCEPTUAL_NEAR_DUP,Sethy,BROWNSPOT6_174,Brown Spot,Sethy,BROWNSPOT7_075,Brown Spot,hamming_dist_1,False
PERCEPTUAL_NEAR_DUP,Sethy,BROWNSPOT6_175,Brown Spot,Sethy,BROWNSPOT7_076,Brown Spot,hamming_dist_0,False
PERCEPTUAL_NEAR_DUP,Sethy,BROWNSPOT6_176,Brown Spot,Sethy,BROWNSPOT7_077,Brown Spot,hamming_dist_0,False
PERCEPTUAL_NEAR_DUP,Sethy,BROWNSPOT6_177,Brown Spot,Sethy,BROWNSPOT7_078,Brown Spot,hamming_dist_2,False
PERCEPTUAL_NEAR_DUP,Sethy,BROWNSPOT6_179,Brown Spot,Sethy,BROWNSPOT7_079,Brown Spot,hamming_dist_0,False
PERCEPTUAL_NEAR_DUP,Sethy,BROWNSPOT6_180,Brown Spot,Sethy,BROWNSPOT7_080,Brown Spot,hamming_dist_0,False
PERCEPTUAL_NEAR_DUP,Sethy,BROWNSPOT6_181,Brown Spot,Sethy,BROWNSPOT7_081,Brown Spot,hamming_dist_0,False
PERCEPTUAL_NEAR_DUP,Sethy,BROWNSPOT6_182,Brown Spot,Sethy,BROWNSPOT7_082,Brown Spot,hamming_dist_0,False
PERCEPTUAL_NEAR_DUP,Sethy,BROWNSPOT6_183,Brown Spot,Sethy,BROWNSPOT7_083,Brown Spot,hamming_dist_0,False
PERCEPTUAL_NEAR_DUP,Sethy,BROWNSPOT6_184,Brown Spot,Sethy,BROWNSPOT7_084,Brown Spot,hamming_dist_1,False
PERCEPTUAL_NEAR_DUP,Sethy,BROWNSPOT6_185,Brown Spot,Sethy,BROWNSPOT7_085,Brown Spot,hamming_dist_0,False
PERCEPTUAL_NEAR_DUP,Sethy,BROWNSPOT6_186,Brown Spot,Sethy,BROWNSPOT7_087,Brown Spot,hamming_dist_1,False
PERCEPTUAL_NEAR_DUP,Sethy,BROWNSPOT6_187,Brown Spot,Sethy,BROWNSPOT7_088,Brown Spot,hamming_dist_0,False
PERCEPTUAL_NEAR_DUP,Sethy,BROWNSPOT6_188,Brown Spot,Sethy,BROWNSPOT7_089,Brown Spot,hamming_dist_0,False
PERCEPTUAL_NEAR_DUP,Sethy,BROWNSPOT6_189,Brown Spot,Sethy,BROWNSPOT7_090,Brown Spot,hamming_dist_2,False
PERCEPTUAL_NEAR_DUP,Sethy,BROWNSPOT6_190,Brown Spot,Sethy,BROWNSPOT7_091,Brown Spot,hamming_dist_0,False
PERCEPTUAL_NEAR_DUP,Sethy,BROWNSPOT6_191,Brown Spot,Sethy,BROWNSPOT7_092,Brown Spot,hamming_dist_0,False
PERCEPTUAL_NEAR_DUP,Sethy,BROWNSPOT6_191,Brown Spot,Sethy,brownspot_orig_036,Brown Spot,hamming_dist_2,False
PERCEPTUAL_NEAR_DUP,Sethy,BROWNSPOT6_192,Brown Spot,Sethy,BROWNSPOT7_093,Brown Spot,hamming_dist_2,False
PERCEPTUAL_NEAR_DUP,Sethy,BROWNSPOT6_193,Brown Spot,Sethy,BROWNSPOT7_094,Brown Spot,hamming_dist_0,False
PERCEPTUAL_NEAR_DUP,Sethy,BROWNSPOT6_194,Brown Spot,Sethy,BROWNSPOT7_095,Brown Spot,hamming_dist_1,False
PERCEPTUAL_NEAR_DUP,Sethy,BROWNSPOT6_195,Brown Spot,Sethy,BROWNSPOT7_096,Brown Spot,hamming_dist_1,False
PERCEPTUAL_NEAR_DUP,Sethy,BROWNSPOT6_196,Brown Spot,Sethy,BROWNSPOT7_097,Brown Spot,hamming_dist_0,False
PERCEPTUAL_NEAR_DUP,Sethy,BROWNSPOT6_197,Brown Spot,Sethy,BROWNSPOT7_098,Brown Spot,hamming_dist_0,False
PERCEPTUAL_NEAR_DUP,Sethy,BROWNSPOT6_198,Brown Spot,Sethy,BROWNSPOT7_099,Brown Spot,hamming_dist_1,False
PERCEPTUAL_NEAR_DUP,Sethy,BROWNSPOT6_199,Brown Spot,Sethy,BROWNSPOT7_100,Brown Spot,hamming_dist_1,False
PERCEPTUAL_NEAR_DUP,Sethy,BROWNSPOT6_200,Brown Spot,Sethy,BROWNSPOT7_001,Brown Spot,hamming_dist_0,False
PERCEPTUAL_NEAR_DUP,Sethy,BROWNSPOT7_036,Brown Spot,Sethy,BROWNSPOT7_050,Brown Spot,hamming_dist_3,False
PERCEPTUAL_NEAR_DUP,Sethy,BROWNSPOT7_036,Brown Spot,Sethy,brownspot_orig_092,Brown Spot,hamming_dist_3,False
PERCEPTUAL_NEAR_DUP,Sethy,BROWNSPOT7_036,Brown Spot,Sethy,brownspot_rotated_060,Brown Spot,hamming_dist_4,False
PERCEPTUAL_NEAR_DUP,Sethy,BROWNSPOT7_050,Brown Spot,Sethy,brownspot_orig_068,Brown Spot,hamming_dist_4,False
PERCEPTUAL_NEAR_DUP,Sethy,BROWNSPOT7_050,Brown Spot,Sethy,brownspot_orig_092,Brown Spot,hamming_dist_4,False
PERCEPTUAL_NEAR_DUP,Sethy,BROWNSPOT7_050,Brown Spot,Sethy,brownspot_rotated_060,Brown Spot,hamming_dist_3,False
PERCEPTUAL_NEAR_DUP,Sethy,BROWNSPOT7_061,Brown Spot,Sethy,brownspot_rotated_049,Brown Spot,hamming_dist_3,False
PERCEPTUAL_NEAR_DUP,Sethy,BROWNSPOT7_068,Brown Spot,Sethy,brownspot_orig_050,Brown Spot,hamming_dist_3,False
PERCEPTUAL_NEAR_DUP,Sethy,BROWNSPOT7_092,Brown Spot,Sethy,brownspot_orig_036,Brown Spot,hamming_dist_2,False
PERCEPTUAL_NEAR_DUP,Sethy,BROWNSPOT7_135,Brown Spot,Sethy,brownspot_rotated_091,Brown Spot,hamming_dist_2,False
PERCEPTUAL_NEAR_DUP,Sethy,BROWNSPOT7_149,Brown Spot,Sethy,brownspot_rotated_067,Brown Spot,hamming_dist_2,False
PERCEPTUAL_NEAR_DUP,Sethy,BROWNSPOT7_165,Brown Spot,Sethy,BROWNSPOT7_167,Brown Spot,hamming_dist_3,False
PERCEPTUAL_NEAR_DUP,Sethy,BROWNSPOT7_167,Brown Spot,Sethy,brownspot_rotated_035,Brown Spot,hamming_dist_4,False
PERCEPTUAL_NEAR_DUP,Sethy,BROWNSPOT7_167,Brown Spot,Sethy,brownspot_rotated_049,Brown Spot,hamming_dist_4,False
PERCEPTUAL_NEAR_DUP,Sethy,BROWNSPOT7_191,Brown Spot,Sethy,brownspot_rotated_035,Brown Spot,hamming_dist_4,False
PERCEPTUAL_NEAR_DUP,Sethy,brownspot_orig_066,Brown Spot,Sethy,brownspot_orig_068,Brown Spot,hamming_dist_3,False
PERCEPTUAL_NEAR_DUP,Sethy,brownspot_orig_068,Brown Spot,Sethy,brownspot_orig_092,Brown Spot,hamming_dist_4,False
PERCEPTUAL_NEAR_DUP,Sethy,brownspot_rotated_035,Brown Spot,Sethy,brownspot_rotated_049,Brown Spot,hamming_dist_4,False
PERCEPTUAL_NEAR_DUP,Sethy,TUNGRO1_009,Tungro,Sethy,TUNGRO1_010,Tungro,hamming_dist_4,False
PERCEPTUAL_NEAR_DUP,Sethy,TUNGRO1_012,Tungro,Sethy,TUNGRO1_013,Tungro,hamming_dist_1,False
PERCEPTUAL_NEAR_DUP,Sethy,TUNGRO1_017,Tungro,Sethy,TUNGRO1_018,Tungro,hamming_dist_1,False
PERCEPTUAL_NEAR_DUP,Sethy,TUNGRO1_017,Tungro,Sethy,TUNGRO1_019,Tungro,hamming_dist_2,False
PERCEPTUAL_NEAR_DUP,Sethy,TUNGRO1_017,Tungro,Sethy,TUNGRO1_020,Tungro,hamming_dist_4,False
PERCEPTUAL_NEAR_DUP,Sethy,TUNGRO1_018,Tungro,Sethy,TUNGRO1_019,Tungro,hamming_dist_1,False
PERCEPTUAL_NEAR_DUP,Sethy,TUNGRO1_020,Tungro,Sethy,TUNGRO1_021,Tungro,hamming_dist_3,False
PERCEPTUAL_NEAR_DUP,Sethy,TUNGRO1_029,Tungro,Sethy,TUNGRO1_030,Tungro,hamming_dist_4,False
PERCEPTUAL_NEAR_DUP,Sethy,TUNGRO1_039,Tungro,Sethy,TUNGRO1_040,Tungro,hamming_dist_2,False
PERCEPTUAL_NEAR_DUP,Sethy,TUNGRO1_044,Tungro,Sethy,TUNGRO1_045,Tungro,hamming_dist_2,False
PERCEPTUAL_NEAR_DUP,Sethy,TUNGRO1_045,Tungro,Sethy,TUNGRO1_046,Tungro,hamming_dist_4,False
PERCEPTUAL_NEAR_DUP,Sethy,TUNGRO1_047,Tungro,Sethy,TUNGRO1_048,Tungro,hamming_dist_4,False
PERCEPTUAL_NEAR_DUP,Sethy,TUNGRO1_047,Tungro,Sethy,TUNGRO1_049,Tungro,hamming_dist_4,False
PERCEPTUAL_NEAR_DUP,Sethy,TUNGRO1_047,Tungro,Sethy,TUNGRO1_050,Tungro,hamming_dist_4,False
PERCEPTUAL_NEAR_DUP,Sethy,TUNGRO1_048,Tungro,Sethy,TUNGRO1_049,Tungro,hamming_dist_4,False
PERCEPTUAL_NEAR_DUP,Sethy,TUNGRO1_048,Tungro,Sethy,TUNGRO1_050,Tungro,hamming_dist_4,False
PERCEPTUAL_NEAR_DUP,Sethy,TUNGRO1_049,Tungro,Sethy,TUNGRO1_050,Tungro,hamming_dist_0,False
PERCEPTUAL_NEAR_DUP,Sethy,TUNGRO1_057,Tungro,Sethy,TUNGRO1_058,Tungro,hamming_dist_2,False
PERCEPTUAL_NEAR_DUP,Sethy,TUNGRO1_058,Tungro,Sethy,TUNGRO1_059,Tungro,hamming_dist_3,False
PERCEPTUAL_NEAR_DUP,Sethy,TUNGRO1_060,Tungro,Sethy,TUNGRO1_061,Tungro,hamming_dist_2,False
PERCEPTUAL_NEAR_DUP,Sethy,TUNGRO1_062,Tungro,Sethy,TUNGRO1_063,Tungro,hamming_dist_0,False
PERCEPTUAL_NEAR_DUP,Sethy,TUNGRO1_062,Tungro,Sethy,TUNGRO1_064,Tungro,hamming_dist_4,False
PERCEPTUAL_NEAR_DUP,Sethy,TUNGRO1_063,Tungro,Sethy,TUNGRO1_064,Tungro,hamming_dist_4,False
PERCEPTUAL_NEAR_DUP,Sethy,TUNGRO1_071,Tungro,Sethy,TUNGRO1_072,Tungro,hamming_dist_1,False
PERCEPTUAL_NEAR_DUP,Sethy,TUNGRO1_078,Tungro,Sethy,TUNGRO1_079,Tungro,hamming_dist_4,False
PERCEPTUAL_NEAR_DUP,Sethy,TUNGRO1_083,Tungro,Sethy,TUNGRO1_084,Tungro,hamming_dist_2,False
PERCEPTUAL_NEAR_DUP,Sethy,TUNGRO1_085,Tungro,Sethy,TUNGRO1_086,Tungro,hamming_dist_1,False
PERCEPTUAL_NEAR_DUP,Sethy,TUNGRO1_085,Tungro,Sethy,TUNGRO1_087,Tungro,hamming_dist_2,False
PERCEPTUAL_NEAR_DUP,Sethy,TUNGRO1_086,Tungro,Sethy,TUNGRO1_087,Tungro,hamming_dist_3,False
PERCEPTUAL_NEAR_DUP,Sethy,TUNGRO1_091,Tungro,Sethy,TUNGRO1_092,Tungro,hamming_dist_2,False
PERCEPTUAL_NEAR_DUP,Sethy,TUNGRO1_091,Tungro,Sethy,TUNGRO1_093,Tungro,hamming_dist_3,False
PERCEPTUAL_NEAR_DUP,Sethy,TUNGRO1_092,Tungro,Sethy,TUNGRO1_093,Tungro,hamming_dist_1,False
PERCEPTUAL_NEAR_DUP,Sethy,TUNGRO1_092,Tungro,Sethy,TUNGRO1_094,Tungro,hamming_dist_3,False
PERCEPTUAL_NEAR_DUP,Sethy,TUNGRO1_092,Tungro,Sethy,TUNGRO1_095,Tungro,hamming_dist_3,False
PERCEPTUAL_NEAR_DUP,Sethy,TUNGRO1_092,Tungro,Sethy,TUNGRO1_096,Tungro,hamming_dist_3,False
PERCEPTUAL_NEAR_DUP,Sethy,TUNGRO1_092,Tungro,Sethy,TUNGRO1_097,Tungro,hamming_dist_4,False
PERCEPTUAL_NEAR_DUP,Sethy,TUNGRO1_092,Tungro,Sethy,TUNGRO1_098,Tungro,hamming_dist_4,False
PERCEPTUAL_NEAR_DUP,Sethy,TUNGRO1_093,Tungro,Sethy,TUNGRO1_094,Tungro,hamming_dist_2,False
PERCEPTUAL_NEAR_DUP,Sethy,TUNGRO1_093,Tungro,Sethy,TUNGRO1_095,Tungro,hamming_dist_2,False
PERCEPTUAL_NEAR_DUP,Sethy,TUNGRO1_093,Tungro,Sethy,TUNGRO1_096,Tungro,hamming_dist_2,False
PERCEPTUAL_NEAR_DUP,Sethy,TUNGRO1_093,Tungro,Sethy,TUNGRO1_097,Tungro,hamming_dist_3,False
PERCEPTUAL_NEAR_DUP,Sethy,TUNGRO1_093,Tungro,Sethy,TUNGRO1_098,Tungro,hamming_dist_3,False
PERCEPTUAL_NEAR_DUP,Sethy,TUNGRO1_094,Tungro,Sethy,TUNGRO1_095,Tungro,hamming_dist_2,False
PERCEPTUAL_NEAR_DUP,Sethy,TUNGRO1_094,Tungro,Sethy,TUNGRO1_096,Tungro,hamming_dist_2,False
PERCEPTUAL_NEAR_DUP,Sethy,TUNGRO1_094,Tungro,Sethy,TUNGRO1_097,Tungro,hamming_dist_3,False
PERCEPTUAL_NEAR_DUP,Sethy,TUNGRO1_094,Tungro,Sethy,TUNGRO1_098,Tungro,hamming_dist_3,False
PERCEPTUAL_NEAR_DUP,Sethy,TUNGRO1_095,Tungro,Sethy,TUNGRO1_096,Tungro,hamming_dist_2,False
PERCEPTUAL_NEAR_DUP,Sethy,TUNGRO1_095,Tungro,Sethy,TUNGRO1_097,Tungro,hamming_dist_1,False
PERCEPTUAL_NEAR_DUP,Sethy,TUNGRO1_095,Tungro,Sethy,TUNGRO1_098,Tungro,hamming_dist_1,False
PERCEPTUAL_NEAR_DUP,Sethy,TUNGRO1_096,Tungro,Sethy,TUNGRO1_097,Tungro,hamming_dist_1,False
PERCEPTUAL_NEAR_DUP,Sethy,TUNGRO1_096,Tungro,Sethy,TUNGRO1_098,Tungro,hamming_dist_1,False
PERCEPTUAL_NEAR_DUP,Sethy,TUNGRO1_097,Tungro,Sethy,TUNGRO1_098,Tungro,hamming_dist_0,False
PERCEPTUAL_NEAR_DUP,Sethy,TUNGRO1_099,Tungro,Sethy,TUNGRO1_100,Tungro,hamming_dist_3,False
PERCEPTUAL_NEAR_DUP,Sethy,TUNGRO1_100,Tungro,Sethy,TUNGRO1_101,Tungro,hamming_dist_3,False
PERCEPTUAL_NEAR_DUP,Sethy,TUNGRO1_100,Tungro,Sethy,TUNGRO1_103,Tungro,hamming_dist_4,False
PERCEPTUAL_NEAR_DUP,Sethy,TUNGRO1_101,Tungro,Sethy,TUNGRO1_103,Tungro,hamming_dist_3,False
PERCEPTUAL_NEAR_DUP,Sethy,TUNGRO1_102,Tungro,Sethy,TUNGRO1_103,Tungro,hamming_dist_3,False
PERCEPTUAL_NEAR_DUP,Sethy,TUNGRO1_102,Tungro,Sethy,TUNGRO1_104,Tungro,hamming_dist_2,False
PERCEPTUAL_NEAR_DUP,Sethy,TUNGRO1_102,Tungro,Sethy,TUNGRO1_105,Tungro,hamming_dist_4,False
PERCEPTUAL_NEAR_DUP,Sethy,TUNGRO1_104,Tungro,Sethy,TUNGRO1_105,Tungro,hamming_dist_4,False
PERCEPTUAL_NEAR_DUP,Sethy,TUNGRO1_106,Tungro,Sethy,TUNGRO1_107,Tungro,hamming_dist_0,False
PERCEPTUAL_NEAR_DUP,Sethy,TUNGRO1_106,Tungro,Sethy,TUNGRO1_108,Tungro,hamming_dist_1,False
PERCEPTUAL_NEAR_DUP,Sethy,TUNGRO1_106,Tungro,Sethy,TUNGRO1_109,Tungro,hamming_dist_2,False
PERCEPTUAL_NEAR_DUP,Sethy,TUNGRO1_106,Tungro,Sethy,TUNGRO1_110,Tungro,hamming_dist_1,False
PERCEPTUAL_NEAR_DUP,Sethy,TUNGRO1_106,Tungro,Sethy,TUNGRO1_111,Tungro,hamming_dist_4,False
PERCEPTUAL_NEAR_DUP,Sethy,TUNGRO1_107,Tungro,Sethy,TUNGRO1_108,Tungro,hamming_dist_1,False
PERCEPTUAL_NEAR_DUP,Sethy,TUNGRO1_107,Tungro,Sethy,TUNGRO1_109,Tungro,hamming_dist_2,False
PERCEPTUAL_NEAR_DUP,Sethy,TUNGRO1_107,Tungro,Sethy,TUNGRO1_110,Tungro,hamming_dist_1,False
PERCEPTUAL_NEAR_DUP,Sethy,TUNGRO1_107,Tungro,Sethy,TUNGRO1_111,Tungro,hamming_dist_4,False
PERCEPTUAL_NEAR_DUP,Sethy,TUNGRO1_108,Tungro,Sethy,TUNGRO1_109,Tungro,hamming_dist_1,False
PERCEPTUAL_NEAR_DUP,Sethy,TUNGRO1_108,Tungro,Sethy,TUNGRO1_110,Tungro,hamming_dist_0,False
PERCEPTUAL_NEAR_DUP,Sethy,TUNGRO1_108,Tungro,Sethy,TUNGRO1_111,Tungro,hamming_dist_3,False
PERCEPTUAL_NEAR_DUP,Sethy,TUNGRO1_109,Tungro,Sethy,TUNGRO1_110,Tungro,hamming_dist_1,False
PERCEPTUAL_NEAR_DUP,Sethy,TUNGRO1_109,Tungro,Sethy,TUNGRO1_111,Tungro,hamming_dist_2,False
PERCEPTUAL_NEAR_DUP,Sethy,TUNGRO1_110,Tungro,Sethy,TUNGRO1_111,Tungro,hamming_dist_3,False
PERCEPTUAL_NEAR_DUP,Sethy,TUNGRO1_112,Tungro,Sethy,TUNGRO1_113,Tungro,hamming_dist_0,False
PERCEPTUAL_NEAR_DUP,Sethy,TUNGRO1_112,Tungro,Sethy,TUNGRO1_114,Tungro,hamming_dist_0,False
PERCEPTUAL_NEAR_DUP,Sethy,TUNGRO1_112,Tungro,Sethy,TUNGRO1_115,Tungro,hamming_dist_0,False
PERCEPTUAL_NEAR_DUP,Sethy,TUNGRO1_112,Tungro,Sethy,TUNGRO1_116,Tungro,hamming_dist_0,False
PERCEPTUAL_NEAR_DUP,Sethy,TUNGRO1_113,Tungro,Sethy,TUNGRO1_114,Tungro,hamming_dist_0,False
PERCEPTUAL_NEAR_DUP,Sethy,TUNGRO1_113,Tungro,Sethy,TUNGRO1_115,Tungro,hamming_dist_0,False
PERCEPTUAL_NEAR_DUP,Sethy,TUNGRO1_113,Tungro,Sethy,TUNGRO1_116,Tungro,hamming_dist_0,False
PERCEPTUAL_NEAR_DUP,Sethy,TUNGRO1_114,Tungro,Sethy,TUNGRO1_115,Tungro,hamming_dist_0,False
PERCEPTUAL_NEAR_DUP,Sethy,TUNGRO1_114,Tungro,Sethy,TUNGRO1_116,Tungro,hamming_dist_0,False
PERCEPTUAL_NEAR_DUP,Sethy,TUNGRO1_115,Tungro,Sethy,TUNGRO1_116,Tungro,hamming_dist_0,False
PERCEPTUAL_NEAR_DUP,Sethy,TUNGRO1_117,Tungro,Sethy,TUNGRO1_118,Tungro,hamming_dist_3,False
PERCEPTUAL_NEAR_DUP,Sethy,TUNGRO1_117,Tungro,Sethy,TUNGRO1_119,Tungro,hamming_dist_4,False
PERCEPTUAL_NEAR_DUP,Sethy,TUNGRO1_117,Tungro,Sethy,TUNGRO1_120,Tungro,hamming_dist_4,False
PERCEPTUAL_NEAR_DUP,Sethy,TUNGRO1_117,Tungro,Sethy,TUNGRO1_121,Tungro,hamming_dist_1,False
PERCEPTUAL_NEAR_DUP,Sethy,TUNGRO1_118,Tungro,Sethy,TUNGRO1_119,Tungro,hamming_dist_1,False
PERCEPTUAL_NEAR_DUP,Sethy,TUNGRO1_118,Tungro,Sethy,TUNGRO1_120,Tungro,hamming_dist_1,False
PERCEPTUAL_NEAR_DUP,Sethy,TUNGRO1_118,Tungro,Sethy,TUNGRO1_121,Tungro,hamming_dist_2,False
PERCEPTUAL_NEAR_DUP,Sethy,TUNGRO1_119,Tungro,Sethy,TUNGRO1_120,Tungro,hamming_dist_0,False
PERCEPTUAL_NEAR_DUP,Sethy,TUNGRO1_119,Tungro,Sethy,TUNGRO1_121,Tungro,hamming_dist_3,False
PERCEPTUAL_NEAR_DUP,Sethy,TUNGRO1_120,Tungro,Sethy,TUNGRO1_121,Tungro,hamming_dist_3,False
PERCEPTUAL_NEAR_DUP,Sethy,TUNGRO1_124,Tungro,Sethy,TUNGRO1_126,Tungro,hamming_dist_4,False
PERCEPTUAL_NEAR_DUP,Sethy,TUNGRO1_124,Tungro,Sethy,TUNGRO1_127,Tungro,hamming_dist_3,False
PERCEPTUAL_NEAR_DUP,Sethy,TUNGRO1_125,Tungro,Sethy,TUNGRO1_127,Tungro,hamming_dist_4,False
PERCEPTUAL_NEAR_DUP,Sethy,TUNGRO1_126,Tungro,Sethy,TUNGRO1_127,Tungro,hamming_dist_1,False
PERCEPTUAL_NEAR_DUP,Sethy,TUNGRO1_128,Tungro,Sethy,TUNGRO1_129,Tungro,hamming_dist_4,False
PERCEPTUAL_NEAR_DUP,Sethy,TUNGRO1_128,Tungro,Sethy,TUNGRO1_130,Tungro,hamming_dist_3,False
PERCEPTUAL_NEAR_DUP,Sethy,TUNGRO1_128,Tungro,Sethy,TUNGRO1_131,Tungro,hamming_dist_3,False
PERCEPTUAL_NEAR_DUP,Sethy,TUNGRO1_129,Tungro,Sethy,TUNGRO1_130,Tungro,hamming_dist_1,False
PERCEPTUAL_NEAR_DUP,Sethy,TUNGRO1_129,Tungro,Sethy,TUNGRO1_131,Tungro,hamming_dist_1,False
PERCEPTUAL_NEAR_DUP,Sethy,TUNGRO1_129,Tungro,Sethy,TUNGRO1_132,Tungro,hamming_dist_1,False
PERCEPTUAL_NEAR_DUP,Sethy,TUNGRO1_130,Tungro,Sethy,TUNGRO1_131,Tungro,hamming_dist_0,False
PERCEPTUAL_NEAR_DUP,Sethy,TUNGRO1_130,Tungro,Sethy,TUNGRO1_132,Tungro,hamming_dist_2,False
PERCEPTUAL_NEAR_DUP,Sethy,TUNGRO1_131,Tungro,Sethy,TUNGRO1_132,Tungro,hamming_dist_2,False
PERCEPTUAL_NEAR_DUP,Sethy,TUNGRO1_133,Tungro,Sethy,TUNGRO1_134,Tungro,hamming_dist_1,False
PERCEPTUAL_NEAR_DUP,Sethy,TUNGRO1_133,Tungro,Sethy,TUNGRO1_135,Tungro,hamming_dist_2,False
PERCEPTUAL_NEAR_DUP,Sethy,TUNGRO1_133,Tungro,Sethy,TUNGRO1_136,Tungro,hamming_dist_1,False
PERCEPTUAL_NEAR_DUP,Sethy,TUNGRO1_133,Tungro,Sethy,TUNGRO1_137,Tungro,hamming_dist_4,False
PERCEPTUAL_NEAR_DUP,Sethy,TUNGRO1_134,Tungro,Sethy,TUNGRO1_135,Tungro,hamming_dist_1,False
PERCEPTUAL_NEAR_DUP,Sethy,TUNGRO1_134,Tungro,Sethy,TUNGRO1_136,Tungro,hamming_dist_2,False
PERCEPTUAL_NEAR_DUP,Sethy,TUNGRO1_135,Tungro,Sethy,TUNGRO1_136,Tungro,hamming_dist_3,False
PERCEPTUAL_NEAR_DUP,Sethy,TUNGRO1_135,Tungro,Sethy,TUNGRO1_137,Tungro,hamming_dist_4,False
PERCEPTUAL_NEAR_DUP,Sethy,TUNGRO1_138,Tungro,Sethy,TUNGRO1_139,Tungro,hamming_dist_2,False
PERCEPTUAL_NEAR_DUP,Sethy,TUNGRO1_138,Tungro,Sethy,TUNGRO1_140,Tungro,hamming_dist_3,False
PERCEPTUAL_NEAR_DUP,Sethy,TUNGRO1_138,Tungro,Sethy,TUNGRO1_141,Tungro,hamming_dist_3,False
PERCEPTUAL_NEAR_DUP,Sethy,TUNGRO1_138,Tungro,Sethy,TUNGRO1_142,Tungro,hamming_dist_4,False
PERCEPTUAL_NEAR_DUP,Sethy,TUNGRO1_140,Tungro,Sethy,TUNGRO1_141,Tungro,hamming_dist_0,False
PERCEPTUAL_NEAR_DUP,Sethy,TUNGRO1_140,Tungro,Sethy,TUNGRO1_142,Tungro,hamming_dist_1,False
PERCEPTUAL_NEAR_DUP,Sethy,TUNGRO1_141,Tungro,Sethy,TUNGRO1_142,Tungro,hamming_dist_1,False
PERCEPTUAL_NEAR_DUP,Sethy,TUNGRO1_143,Tungro,Sethy,TUNGRO1_144,Tungro,hamming_dist_3,False
PERCEPTUAL_NEAR_DUP,Sethy,TUNGRO1_144,Tungro,Sethy,TUNGRO1_146,Tungro,hamming_dist_4,False
PERCEPTUAL_NEAR_DUP,Sethy,TUNGRO1_144,Tungro,Sethy,TUNGRO1_147,Tungro,hamming_dist_4,False
PERCEPTUAL_NEAR_DUP,Sethy,TUNGRO1_145,Tungro,Sethy,TUNGRO1_146,Tungro,hamming_dist_1,False
PERCEPTUAL_NEAR_DUP,Sethy,TUNGRO1_145,Tungro,Sethy,TUNGRO1_148,Tungro,hamming_dist_2,False
PERCEPTUAL_NEAR_DUP,Sethy,TUNGRO1_146,Tungro,Sethy,TUNGRO1_147,Tungro,hamming_dist_4,False
PERCEPTUAL_NEAR_DUP,Sethy,TUNGRO1_146,Tungro,Sethy,TUNGRO1_148,Tungro,hamming_dist_3,False
PERCEPTUAL_NEAR_DUP,Sethy,TUNGRO1_148,Tungro,Sethy,TUNGRO1_149,Tungro,hamming_dist_4,False
PERCEPTUAL_NEAR_DUP,Sethy,TUNGRO1_148,Tungro,Sethy,TUNGRO1_150,Tungro,hamming_dist_4,False
PERCEPTUAL_NEAR_DUP,Sethy,TUNGRO1_149,Tungro,Sethy,TUNGRO1_150,Tungro,hamming_dist_0,False
PERCEPTUAL_NEAR_DUP,Sethy,TUNGRO1_149,Tungro,Sethy,TUNGRO1_151,Tungro,hamming_dist_4,False
PERCEPTUAL_NEAR_DUP,Sethy,TUNGRO1_150,Tungro,Sethy,TUNGRO1_151,Tungro,hamming_dist_4,False
PERCEPTUAL_NEAR_DUP,Sethy,TUNGRO1_152,Tungro,Sethy,TUNGRO1_153,Tungro,hamming_dist_4,False
PERCEPTUAL_NEAR_DUP,Sethy,TUNGRO1_153,Tungro,Sethy,TUNGRO1_154,Tungro,hamming_dist_2,False
PERCEPTUAL_NEAR_DUP,Sethy,TUNGRO1_153,Tungro,Sethy,TUNGRO1_155,Tungro,hamming_dist_2,False
PERCEPTUAL_NEAR_DUP,Sethy,TUNGRO1_153,Tungro,Sethy,TUNGRO1_156,Tungro,hamming_dist_4,False
PERCEPTUAL_NEAR_DUP,Sethy,TUNGRO1_154,Tungro,Sethy,TUNGRO1_155,Tungro,hamming_dist_0,False
PERCEPTUAL_NEAR_DUP,Sethy,TUNGRO1_154,Tungro,Sethy,TUNGRO1_156,Tungro,hamming_dist_2,False
PERCEPTUAL_NEAR_DUP,Sethy,TUNGRO1_154,Tungro,Sethy,TUNGRO1_157,Tungro,hamming_dist_3,False
PERCEPTUAL_NEAR_DUP,Sethy,TUNGRO1_154,Tungro,Sethy,TUNGRO1_159,Tungro,hamming_dist_4,False
PERCEPTUAL_NEAR_DUP,Sethy,TUNGRO1_154,Tungro,Sethy,TUNGRO1_160,Tungro,hamming_dist_4,False
PERCEPTUAL_NEAR_DUP,Sethy,TUNGRO1_155,Tungro,Sethy,TUNGRO1_156,Tungro,hamming_dist_2,False
PERCEPTUAL_NEAR_DUP,Sethy,TUNGRO1_155,Tungro,Sethy,TUNGRO1_157,Tungro,hamming_dist_3,False
PERCEPTUAL_NEAR_DUP,Sethy,TUNGRO1_155,Tungro,Sethy,TUNGRO1_159,Tungro,hamming_dist_4,False
PERCEPTUAL_NEAR_DUP,Sethy,TUNGRO1_155,Tungro,Sethy,TUNGRO1_160,Tungro,hamming_dist_4,False
PERCEPTUAL_NEAR_DUP,Sethy,TUNGRO1_156,Tungro,Sethy,TUNGRO1_157,Tungro,hamming_dist_1,False
PERCEPTUAL_NEAR_DUP,Sethy,TUNGRO1_156,Tungro,Sethy,TUNGRO1_159,Tungro,hamming_dist_4,False
PERCEPTUAL_NEAR_DUP,Sethy,TUNGRO1_156,Tungro,Sethy,TUNGRO1_160,Tungro,hamming_dist_2,False
PERCEPTUAL_NEAR_DUP,Sethy,TUNGRO1_157,Tungro,Sethy,TUNGRO1_159,Tungro,hamming_dist_3,False
PERCEPTUAL_NEAR_DUP,Sethy,TUNGRO1_157,Tungro,Sethy,TUNGRO1_160,Tungro,hamming_dist_1,False
PERCEPTUAL_NEAR_DUP,Sethy,TUNGRO1_158,Tungro,Sethy,TUNGRO1_159,Tungro,hamming_dist_3,False
PERCEPTUAL_NEAR_DUP,Sethy,TUNGRO1_159,Tungro,Sethy,TUNGRO1_160,Tungro,hamming_dist_2,False
PERCEPTUAL_NEAR_DUP,Sethy,TUNGRO1_161,Tungro,Sethy,TUNGRO1_162,Tungro,hamming_dist_2,False
PERCEPTUAL_NEAR_DUP,Sethy,TUNGRO1_161,Tungro,Sethy,TUNGRO1_163,Tungro,hamming_dist_3,False
PERCEPTUAL_NEAR_DUP,Sethy,TUNGRO1_161,Tungro,Sethy,TUNGRO1_164,Tungro,hamming_dist_3,False
PERCEPTUAL_NEAR_DUP,Sethy,TUNGRO1_161,Tungro,Sethy,TUNGRO1_165,Tungro,hamming_dist_4,False
PERCEPTUAL_NEAR_DUP,Sethy,TUNGRO1_162,Tungro,Sethy,TUNGRO1_163,Tungro,hamming_dist_1,False
PERCEPTUAL_NEAR_DUP,Sethy,TUNGRO1_162,Tungro,Sethy,TUNGRO1_164,Tungro,hamming_dist_1,False
PERCEPTUAL_NEAR_DUP,Sethy,TUNGRO1_162,Tungro,Sethy,TUNGRO1_165,Tungro,hamming_dist_4,False
PERCEPTUAL_NEAR_DUP,Sethy,TUNGRO1_163,Tungro,Sethy,TUNGRO1_164,Tungro,hamming_dist_0,False
PERCEPTUAL_NEAR_DUP,Sethy,TUNGRO1_163,Tungro,Sethy,TUNGRO1_165,Tungro,hamming_dist_3,False
PERCEPTUAL_NEAR_DUP,Sethy,TUNGRO1_164,Tungro,Sethy,TUNGRO1_165,Tungro,hamming_dist_3,False
PERCEPTUAL_NEAR_DUP,Sethy,TUNGRO1_166,Tungro,Sethy,TUNGRO1_169,Tungro,hamming_dist_4,False
PERCEPTUAL_NEAR_DUP,Sethy,TUNGRO1_166,Tungro,Sethy,TUNGRO1_170,Tungro,hamming_dist_4,False
PERCEPTUAL_NEAR_DUP,Sethy,TUNGRO1_167,Tungro,Sethy,TUNGRO1_168,Tungro,hamming_dist_0,False
PERCEPTUAL_NEAR_DUP,Sethy,TUNGRO1_167,Tungro,Sethy,TUNGRO1_169,Tungro,hamming_dist_1,False
PERCEPTUAL_NEAR_DUP,Sethy,TUNGRO1_167,Tungro,Sethy,TUNGRO1_170,Tungro,hamming_dist_3,False
PERCEPTUAL_NEAR_DUP,Sethy,TUNGRO1_167,Tungro,Sethy,TUNGRO1_171,Tungro,hamming_dist_0,False
PERCEPTUAL_NEAR_DUP,Sethy,TUNGRO1_168,Tungro,Sethy,TUNGRO1_169,Tungro,hamming_dist_1,False
PERCEPTUAL_NEAR_DUP,Sethy,TUNGRO1_168,Tungro,Sethy,TUNGRO1_170,Tungro,hamming_dist_3,False
PERCEPTUAL_NEAR_DUP,Sethy,TUNGRO1_168,Tungro,Sethy,TUNGRO1_171,Tungro,hamming_dist_0,False
PERCEPTUAL_NEAR_DUP,Sethy,TUNGRO1_169,Tungro,Sethy,TUNGRO1_170,Tungro,hamming_dist_2,False
PERCEPTUAL_NEAR_DUP,Sethy,TUNGRO1_169,Tungro,Sethy,TUNGRO1_171,Tungro,hamming_dist_1,False
PERCEPTUAL_NEAR_DUP,Sethy,TUNGRO1_170,Tungro,Sethy,TUNGRO1_171,Tungro,hamming_dist_3,False
PERCEPTUAL_NEAR_DUP,Sethy,TUNGRO1_172,Tungro,Sethy,TUNGRO1_173,Tungro,hamming_dist_0,False
PERCEPTUAL_NEAR_DUP,Sethy,TUNGRO1_172,Tungro,Sethy,TUNGRO1_174,Tungro,hamming_dist_1,False
PERCEPTUAL_NEAR_DUP,Sethy,TUNGRO1_172,Tungro,Sethy,TUNGRO1_175,Tungro,hamming_dist_1,False
PERCEPTUAL_NEAR_DUP,Sethy,TUNGRO1_172,Tungro,Sethy,TUNGRO1_176,Tungro,hamming_dist_2,False
PERCEPTUAL_NEAR_DUP,Sethy,TUNGRO1_172,Tungro,Sethy,TUNGRO1_177,Tungro,hamming_dist_2,False
PERCEPTUAL_NEAR_DUP,Sethy,TUNGRO1_172,Tungro,Sethy,TUNGRO1_178,Tungro,hamming_dist_4,False
PERCEPTUAL_NEAR_DUP,Sethy,TUNGRO1_172,Tungro,Sethy,TUNGRO1_179,Tungro,hamming_dist_4,False
PERCEPTUAL_NEAR_DUP,Sethy,TUNGRO1_173,Tungro,Sethy,TUNGRO1_174,Tungro,hamming_dist_1,False
PERCEPTUAL_NEAR_DUP,Sethy,TUNGRO1_173,Tungro,Sethy,TUNGRO1_175,Tungro,hamming_dist_1,False
PERCEPTUAL_NEAR_DUP,Sethy,TUNGRO1_173,Tungro,Sethy,TUNGRO1_176,Tungro,hamming_dist_2,False
PERCEPTUAL_NEAR_DUP,Sethy,TUNGRO1_173,Tungro,Sethy,TUNGRO1_177,Tungro,hamming_dist_2,False
PERCEPTUAL_NEAR_DUP,Sethy,TUNGRO1_173,Tungro,Sethy,TUNGRO1_178,Tungro,hamming_dist_4,False
PERCEPTUAL_NEAR_DUP,Sethy,TUNGRO1_173,Tungro,Sethy,TUNGRO1_179,Tungro,hamming_dist_4,False
PERCEPTUAL_NEAR_DUP,Sethy,TUNGRO1_174,Tungro,Sethy,TUNGRO1_175,Tungro,hamming_dist_0,False
PERCEPTUAL_NEAR_DUP,Sethy,TUNGRO1_174,Tungro,Sethy,TUNGRO1_176,Tungro,hamming_dist_1,False
PERCEPTUAL_NEAR_DUP,Sethy,TUNGRO1_174,Tungro,Sethy,TUNGRO1_177,Tungro,hamming_dist_1,False
PERCEPTUAL_NEAR_DUP,Sethy,TUNGRO1_174,Tungro,Sethy,TUNGRO1_178,Tungro,hamming_dist_3,False
PERCEPTUAL_NEAR_DUP,Sethy,TUNGRO1_174,Tungro,Sethy,TUNGRO1_179,Tungro,hamming_dist_3,False
PERCEPTUAL_NEAR_DUP,Sethy,TUNGRO1_175,Tungro,Sethy,TUNGRO1_176,Tungro,hamming_dist_1,False
PERCEPTUAL_NEAR_DUP,Sethy,TUNGRO1_175,Tungro,Sethy,TUNGRO1_177,Tungro,hamming_dist_1,False
PERCEPTUAL_NEAR_DUP,Sethy,TUNGRO1_175,Tungro,Sethy,TUNGRO1_178,Tungro,hamming_dist_3,False
PERCEPTUAL_NEAR_DUP,Sethy,TUNGRO1_175,Tungro,Sethy,TUNGRO1_179,Tungro,hamming_dist_3,False
PERCEPTUAL_NEAR_DUP,Sethy,TUNGRO1_176,Tungro,Sethy,TUNGRO1_177,Tungro,hamming_dist_0,False
PERCEPTUAL_NEAR_DUP,Sethy,TUNGRO1_176,Tungro,Sethy,TUNGRO1_178,Tungro,hamming_dist_2,False
PERCEPTUAL_NEAR_DUP,Sethy,TUNGRO1_176,Tungro,Sethy,TUNGRO1_179,Tungro,hamming_dist_2,False
PERCEPTUAL_NEAR_DUP,Sethy,TUNGRO1_177,Tungro,Sethy,TUNGRO1_178,Tungro,hamming_dist_2,False
PERCEPTUAL_NEAR_DUP,Sethy,TUNGRO1_177,Tungro,Sethy,TUNGRO1_179,Tungro,hamming_dist_2,False
PERCEPTUAL_NEAR_DUP,Sethy,TUNGRO1_178,Tungro,Sethy,TUNGRO1_179,Tungro,hamming_dist_2,False
PERCEPTUAL_NEAR_DUP,Sethy,TUNGRO1_180,Tungro,Sethy,TUNGRO1_181,Tungro,hamming_dist_0,False
PERCEPTUAL_NEAR_DUP,Sethy,TUNGRO1_180,Tungro,Sethy,TUNGRO1_182,Tungro,hamming_dist_1,False
PERCEPTUAL_NEAR_DUP,Sethy,TUNGRO1_180,Tungro,Sethy,TUNGRO1_183,Tungro,hamming_dist_1,False
PERCEPTUAL_NEAR_DUP,Sethy,TUNGRO1_180,Tungro,Sethy,TUNGRO1_184,Tungro,hamming_dist_1,False
PERCEPTUAL_NEAR_DUP,Sethy,TUNGRO1_180,Tungro,Sethy,TUNGRO1_185,Tungro,hamming_dist_4,False
PERCEPTUAL_NEAR_DUP,Sethy,TUNGRO1_180,Tungro,Sethy,TUNGRO1_186,Tungro,hamming_dist_2,False
PERCEPTUAL_NEAR_DUP,Sethy,TUNGRO1_181,Tungro,Sethy,TUNGRO1_182,Tungro,hamming_dist_1,False
PERCEPTUAL_NEAR_DUP,Sethy,TUNGRO1_181,Tungro,Sethy,TUNGRO1_183,Tungro,hamming_dist_1,False
PERCEPTUAL_NEAR_DUP,Sethy,TUNGRO1_181,Tungro,Sethy,TUNGRO1_184,Tungro,hamming_dist_1,False
PERCEPTUAL_NEAR_DUP,Sethy,TUNGRO1_181,Tungro,Sethy,TUNGRO1_185,Tungro,hamming_dist_4,False
PERCEPTUAL_NEAR_DUP,Sethy,TUNGRO1_181,Tungro,Sethy,TUNGRO1_186,Tungro,hamming_dist_2,False
PERCEPTUAL_NEAR_DUP,Sethy,TUNGRO1_182,Tungro,Sethy,TUNGRO1_183,Tungro,hamming_dist_0,False
PERCEPTUAL_NEAR_DUP,Sethy,TUNGRO1_182,Tungro,Sethy,TUNGRO1_184,Tungro,hamming_dist_0,False
PERCEPTUAL_NEAR_DUP,Sethy,TUNGRO1_182,Tungro,Sethy,TUNGRO1_185,Tungro,hamming_dist_3,False
PERCEPTUAL_NEAR_DUP,Sethy,TUNGRO1_182,Tungro,Sethy,TUNGRO1_186,Tungro,hamming_dist_1,False
PERCEPTUAL_NEAR_DUP,Sethy,TUNGRO1_182,Tungro,Sethy,TUNGRO1_187,Tungro,hamming_dist_4,False
PERCEPTUAL_NEAR_DUP,Sethy,TUNGRO1_183,Tungro,Sethy,TUNGRO1_184,Tungro,hamming_dist_0,False
PERCEPTUAL_NEAR_DUP,Sethy,TUNGRO1_183,Tungro,Sethy,TUNGRO1_185,Tungro,hamming_dist_3,False
PERCEPTUAL_NEAR_DUP,Sethy,TUNGRO1_183,Tungro,Sethy,TUNGRO1_186,Tungro,hamming_dist_1,False
PERCEPTUAL_NEAR_DUP,Sethy,TUNGRO1_183,Tungro,Sethy,TUNGRO1_187,Tungro,hamming_dist_4,False
PERCEPTUAL_NEAR_DUP,Sethy,TUNGRO1_184,Tungro,Sethy,TUNGRO1_185,Tungro,hamming_dist_3,False
PERCEPTUAL_NEAR_DUP,Sethy,TUNGRO1_184,Tungro,Sethy,TUNGRO1_186,Tungro,hamming_dist_1,False
PERCEPTUAL_NEAR_DUP,Sethy,TUNGRO1_184,Tungro,Sethy,TUNGRO1_187,Tungro,hamming_dist_4,False
PERCEPTUAL_NEAR_DUP,Sethy,TUNGRO1_185,Tungro,Sethy,TUNGRO1_186,Tungro,hamming_dist_2,False
PERCEPTUAL_NEAR_DUP,Sethy,TUNGRO1_185,Tungro,Sethy,TUNGRO1_187,Tungro,hamming_dist_1,False
PERCEPTUAL_NEAR_DUP,Sethy,TUNGRO1_185,Tungro,Sethy,TUNGRO1_188,Tungro,hamming_dist_2,False
PERCEPTUAL_NEAR_DUP,Sethy,TUNGRO1_186,Tungro,Sethy,TUNGRO1_187,Tungro,hamming_dist_3,False
PERCEPTUAL_NEAR_DUP,Sethy,TUNGRO1_186,Tungro,Sethy,TUNGRO1_188,Tungro,hamming_dist_4,False
PERCEPTUAL_NEAR_DUP,Sethy,TUNGRO1_187,Tungro,Sethy,TUNGRO1_188,Tungro,hamming_dist_1,False
PERCEPTUAL_NEAR_DUP,Sethy,TUNGRO1_190,Tungro,Sethy,TUNGRO1_191,Tungro,hamming_dist_4,False
PERCEPTUAL_NEAR_DUP,Sethy,TUNGRO1_190,Tungro,Sethy,TUNGRO1_193,Tungro,hamming_dist_4,False
PERCEPTUAL_NEAR_DUP,Sethy,TUNGRO1_191,Tungro,Sethy,TUNGRO1_192,Tungro,hamming_dist_1,False
PERCEPTUAL_NEAR_DUP,Sethy,TUNGRO1_191,Tungro,Sethy,TUNGRO1_193,Tungro,hamming_dist_4,False
PERCEPTUAL_NEAR_DUP,Sethy,TUNGRO1_192,Tungro,Sethy,TUNGRO1_193,Tungro,hamming_dist_3,False
PERCEPTUAL_NEAR_DUP,Sethy,TUNGRO1_193,Tungro,Sethy,TUNGRO1_194,Tungro,hamming_dist_4,False
PERCEPTUAL_NEAR_DUP,Sethy,TUNGRO1_195,Tungro,Sethy,TUNGRO1_196,Tungro,hamming_dist_3,False
PERCEPTUAL_NEAR_DUP,Sethy,TUNGRO1_195,Tungro,Sethy,TUNGRO1_197,Tungro,hamming_dist_3,False
PERCEPTUAL_NEAR_DUP,Sethy,TUNGRO1_195,Tungro,Sethy,TUNGRO1_198,Tungro,hamming_dist_4,False
PERCEPTUAL_NEAR_DUP,Sethy,TUNGRO1_196,Tungro,Sethy,TUNGRO1_197,Tungro,hamming_dist_0,False
PERCEPTUAL_NEAR_DUP,Sethy,TUNGRO1_196,Tungro,Sethy,TUNGRO1_198,Tungro,hamming_dist_1,False
PERCEPTUAL_NEAR_DUP,Sethy,TUNGRO1_196,Tungro,Sethy,TUNGRO1_199,Tungro,hamming_dist_4,False
PERCEPTUAL_NEAR_DUP,Sethy,TUNGRO1_197,Tungro,Sethy,TUNGRO1_198,Tungro,hamming_dist_1,False
PERCEPTUAL_NEAR_DUP,Sethy,TUNGRO1_197,Tungro,Sethy,TUNGRO1_199,Tungro,hamming_dist_4,False
PERCEPTUAL_NEAR_DUP,Sethy,TUNGRO1_198,Tungro,Sethy,TUNGRO1_199,Tungro,hamming_dist_3,False
PERCEPTUAL_NEAR_DUP,Sethy,TUNGRO1_198,Tungro,Sethy,TUNGRO1_200,Tungro,hamming_dist_4,False
PERCEPTUAL_NEAR_DUP,Sethy,TUNGRO1_199,Tungro,Sethy,TUNGRO1_200,Tungro,hamming_dist_1,False
PERCEPTUAL_NEAR_DUP,Sethy,TUNGRO1_201,Tungro,Sethy,TUNGRO1_202,Tungro,hamming_dist_4,False
PERCEPTUAL_NEAR_DUP,Sethy,TUNGRO1_202,Tungro,Sethy,TUNGRO1_203,Tungro,hamming_dist_2,False
PERCEPTUAL_NEAR_DUP,Sethy,TUNGRO1_202,Tungro,Sethy,TUNGRO1_206,Tungro,hamming_dist_4,False
PERCEPTUAL_NEAR_DUP,Sethy,TUNGRO1_203,Tungro,Sethy,TUNGRO1_204,Tungro,hamming_dist_3,False
PERCEPTUAL_NEAR_DUP,Sethy,TUNGRO1_204,Tungro,Sethy,TUNGRO1_205,Tungro,hamming_dist_3,False
PERCEPTUAL_NEAR_DUP,Sethy,TUNGRO1_204,Tungro,Sethy,TUNGRO1_206,Tungro,hamming_dist_3,False
PERCEPTUAL_NEAR_DUP,Sethy,TUNGRO1_205,Tungro,Sethy,TUNGRO1_206,Tungro,hamming_dist_4,False
PERCEPTUAL_NEAR_DUP,Sethy,TUNGRO1_207,Tungro,Sethy,TUNGRO1_208,Tungro,hamming_dist_2,False
PERCEPTUAL_NEAR_DUP,Sethy,TUNGRO1_207,Tungro,Sethy,TUNGRO1_209,Tungro,hamming_dist_2,False
PERCEPTUAL_NEAR_DUP,Sethy,TUNGRO1_207,Tungro,Sethy,TUNGRO1_210,Tungro,hamming_dist_3,False
PERCEPTUAL_NEAR_DUP,Sethy,TUNGRO1_207,Tungro,Sethy,TUNGRO1_211,Tungro,hamming_dist_3,False
PERCEPTUAL_NEAR_DUP,Sethy,TUNGRO1_207,Tungro,Sethy,TUNGRO1_212,Tungro,hamming_dist_3,False
PERCEPTUAL_NEAR_DUP,Sethy,TUNGRO1_208,Tungro,Sethy,TUNGRO1_209,Tungro,hamming_dist_2,False
PERCEPTUAL_NEAR_DUP,Sethy,TUNGRO1_208,Tungro,Sethy,TUNGRO1_210,Tungro,hamming_dist_3,False
PERCEPTUAL_NEAR_DUP,Sethy,TUNGRO1_208,Tungro,Sethy,TUNGRO1_211,Tungro,hamming_dist_1,False
PERCEPTUAL_NEAR_DUP,Sethy,TUNGRO1_208,Tungro,Sethy,TUNGRO1_212,Tungro,hamming_dist_3,False
PERCEPTUAL_NEAR_DUP,Sethy,TUNGRO1_209,Tungro,Sethy,TUNGRO1_210,Tungro,hamming_dist_1,False
PERCEPTUAL_NEAR_DUP,Sethy,TUNGRO1_209,Tungro,Sethy,TUNGRO1_211,Tungro,hamming_dist_3,False
PERCEPTUAL_NEAR_DUP,Sethy,TUNGRO1_209,Tungro,Sethy,TUNGRO1_212,Tungro,hamming_dist_1,False
PERCEPTUAL_NEAR_DUP,Sethy,TUNGRO1_210,Tungro,Sethy,TUNGRO1_211,Tungro,hamming_dist_2,False
PERCEPTUAL_NEAR_DUP,Sethy,TUNGRO1_210,Tungro,Sethy,TUNGRO1_212,Tungro,hamming_dist_0,False
PERCEPTUAL_NEAR_DUP,Sethy,TUNGRO1_211,Tungro,Sethy,TUNGRO1_212,Tungro,hamming_dist_2,False
PERCEPTUAL_NEAR_DUP,Sethy,TUNGRO1_213,Tungro,Sethy,TUNGRO1_214,Tungro,hamming_dist_4,False
PERCEPTUAL_NEAR_DUP,Sethy,TUNGRO1_214,Tungro,Sethy,TUNGRO1_215,Tungro,hamming_dist_4,False
PERCEPTUAL_NEAR_DUP,Sethy,TUNGRO1_214,Tungro,Sethy,TUNGRO1_221,Tungro,hamming_dist_4,False
PERCEPTUAL_NEAR_DUP,Sethy,TUNGRO1_215,Tungro,Sethy,TUNGRO1_216,Tungro,hamming_dist_2,False
PERCEPTUAL_NEAR_DUP,Sethy,TUNGRO1_215,Tungro,Sethy,TUNGRO1_217,Tungro,hamming_dist_3,False
PERCEPTUAL_NEAR_DUP,Sethy,TUNGRO1_215,Tungro,Sethy,TUNGRO1_218,Tungro,hamming_dist_3,False
PERCEPTUAL_NEAR_DUP,Sethy,TUNGRO1_215,Tungro,Sethy,TUNGRO1_219,Tungro,hamming_dist_4,False
PERCEPTUAL_NEAR_DUP,Sethy,TUNGRO1_215,Tungro,Sethy,TUNGRO1_220,Tungro,hamming_dist_2,False
PERCEPTUAL_NEAR_DUP,Sethy,TUNGRO1_215,Tungro,Sethy,TUNGRO1_221,Tungro,hamming_dist_2,False
PERCEPTUAL_NEAR_DUP,Sethy,TUNGRO1_216,Tungro,Sethy,TUNGRO1_217,Tungro,hamming_dist_1,False
PERCEPTUAL_NEAR_DUP,Sethy,TUNGRO1_216,Tungro,Sethy,TUNGRO1_218,Tungro,hamming_dist_1,False
PERCEPTUAL_NEAR_DUP,Sethy,TUNGRO1_216,Tungro,Sethy,TUNGRO1_219,Tungro,hamming_dist_2,False
PERCEPTUAL_NEAR_DUP,Sethy,TUNGRO1_216,Tungro,Sethy,TUNGRO1_220,Tungro,hamming_dist_2,False
PERCEPTUAL_NEAR_DUP,Sethy,TUNGRO1_216,Tungro,Sethy,TUNGRO1_221,Tungro,hamming_dist_4,False
PERCEPTUAL_NEAR_DUP,Sethy,TUNGRO1_217,Tungro,Sethy,TUNGRO1_218,Tungro,hamming_dist_0,False
PERCEPTUAL_NEAR_DUP,Sethy,TUNGRO1_217,Tungro,Sethy,TUNGRO1_219,Tungro,hamming_dist_1,False
PERCEPTUAL_NEAR_DUP,Sethy,TUNGRO1_217,Tungro,Sethy,TUNGRO1_220,Tungro,hamming_dist_3,False
PERCEPTUAL_NEAR_DUP,Sethy,TUNGRO1_218,Tungro,Sethy,TUNGRO1_219,Tungro,hamming_dist_1,False
PERCEPTUAL_NEAR_DUP,Sethy,TUNGRO1_218,Tungro,Sethy,TUNGRO1_220,Tungro,hamming_dist_3,False
PERCEPTUAL_NEAR_DUP,Sethy,TUNGRO1_219,Tungro,Sethy,TUNGRO1_220,Tungro,hamming_dist_4,False
PERCEPTUAL_NEAR_DUP,Sethy,TUNGRO1_220,Tungro,Sethy,TUNGRO1_221,Tungro,hamming_dist_4,False
PERCEPTUAL_NEAR_DUP,Sethy,TUNGRO1_222,Tungro,Sethy,TUNGRO1_223,Tungro,hamming_dist_3,False
PERCEPTUAL_NEAR_DUP,Sethy,TUNGRO1_224,Tungro,Sethy,TUNGRO1_225,Tungro,hamming_dist_3,False
PERCEPTUAL_NEAR_DUP,Sethy,TUNGRO1_224,Tungro,Sethy,TUNGRO1_226,Tungro,hamming_dist_2,False
PERCEPTUAL_NEAR_DUP,Sethy,TUNGRO1_225,Tungro,Sethy,TUNGRO1_226,Tungro,hamming_dist_3,False
PERCEPTUAL_NEAR_DUP,Sethy,TUNGRO1_227,Tungro,Sethy,TUNGRO1_228,Tungro,hamming_dist_2,False
PERCEPTUAL_NEAR_DUP,Sethy,TUNGRO1_227,Tungro,Sethy,TUNGRO1_229,Tungro,hamming_dist_1,False
PERCEPTUAL_NEAR_DUP,Sethy,TUNGRO1_227,Tungro,Sethy,TUNGRO1_230,Tungro,hamming_dist_1,False
PERCEPTUAL_NEAR_DUP,Sethy,TUNGRO1_227,Tungro,Sethy,TUNGRO1_231,Tungro,hamming_dist_4,False
PERCEPTUAL_NEAR_DUP,Sethy,TUNGRO1_228,Tungro,Sethy,TUNGRO1_229,Tungro,hamming_dist_1,False
PERCEPTUAL_NEAR_DUP,Sethy,TUNGRO1_228,Tungro,Sethy,TUNGRO1_230,Tungro,hamming_dist_1,False
PERCEPTUAL_NEAR_DUP,Sethy,TUNGRO1_228,Tungro,Sethy,TUNGRO1_231,Tungro,hamming_dist_4,False
PERCEPTUAL_NEAR_DUP,Sethy,TUNGRO1_229,Tungro,Sethy,TUNGRO1_230,Tungro,hamming_dist_0,False
PERCEPTUAL_NEAR_DUP,Sethy,TUNGRO1_229,Tungro,Sethy,TUNGRO1_231,Tungro,hamming_dist_3,False
PERCEPTUAL_NEAR_DUP,Sethy,TUNGRO1_230,Tungro,Sethy,TUNGRO1_231,Tungro,hamming_dist_3,False
PERCEPTUAL_NEAR_DUP,Sethy,TUNGRO1_232,Tungro,Sethy,TUNGRO1_233,Tungro,hamming_dist_1,False
PERCEPTUAL_NEAR_DUP,Sethy,TUNGRO1_232,Tungro,Sethy,TUNGRO1_234,Tungro,hamming_dist_1,False
PERCEPTUAL_NEAR_DUP,Sethy,TUNGRO1_232,Tungro,Sethy,TUNGRO1_235,Tungro,hamming_dist_2,False
PERCEPTUAL_NEAR_DUP,Sethy,TUNGRO1_233,Tungro,Sethy,TUNGRO1_234,Tungro,hamming_dist_0,False
PERCEPTUAL_NEAR_DUP,Sethy,TUNGRO1_233,Tungro,Sethy,TUNGRO1_235,Tungro,hamming_dist_1,False
PERCEPTUAL_NEAR_DUP,Sethy,TUNGRO1_234,Tungro,Sethy,TUNGRO1_235,Tungro,hamming_dist_1,False
PERCEPTUAL_NEAR_DUP,Sethy,TUNGRO1_236,Tungro,Sethy,TUNGRO2_233,Tungro,hamming_dist_4,False
PERCEPTUAL_NEAR_DUP,Sethy,TUNGRO1_236,Tungro,Sethy,TUNGRO2_235,Tungro,hamming_dist_2,False
PERCEPTUAL_NEAR_DUP,Sethy,TUNGRO1_237,Tungro,Sethy,TUNGRO2_232,Tungro,hamming_dist_4,False
PERCEPTUAL_NEAR_DUP,Sethy,TUNGRO1_237,Tungro,Sethy,TUNGRO2_234,Tungro,hamming_dist_3,False
PERCEPTUAL_NEAR_DUP,Sethy,TUNGRO1_239,Tungro,Sethy,TUNGRO1_240,Tungro,hamming_dist_3,False
PERCEPTUAL_NEAR_DUP,Sethy,TUNGRO1_241,Tungro,Sethy,TUNGRO1_242,Tungro,hamming_dist_2,False
PERCEPTUAL_NEAR_DUP,Sethy,TUNGRO1_241,Tungro,Sethy,TUNGRO1_243,Tungro,hamming_dist_3,False
PERCEPTUAL_NEAR_DUP,Sethy,TUNGRO1_241,Tungro,Sethy,TUNGRO1_244,Tungro,hamming_dist_4,False
PERCEPTUAL_NEAR_DUP,Sethy,TUNGRO1_241,Tungro,Sethy,TUNGRO1_245,Tungro,hamming_dist_3,False
PERCEPTUAL_NEAR_DUP,Sethy,TUNGRO1_241,Tungro,Sethy,TUNGRO1_246,Tungro,hamming_dist_3,False
PERCEPTUAL_NEAR_DUP,Sethy,TUNGRO1_241,Tungro,Sethy,TUNGRO1_247,Tungro,hamming_dist_2,False
PERCEPTUAL_NEAR_DUP,Sethy,TUNGRO1_241,Tungro,Sethy,TUNGRO1_248,Tungro,hamming_dist_3,False
PERCEPTUAL_NEAR_DUP,Sethy,TUNGRO1_241,Tungro,Sethy,TUNGRO1_249,Tungro,hamming_dist_4,False
PERCEPTUAL_NEAR_DUP,Sethy,TUNGRO1_242,Tungro,Sethy,TUNGRO1_243,Tungro,hamming_dist_3,False
PERCEPTUAL_NEAR_DUP,Sethy,TUNGRO1_242,Tungro,Sethy,TUNGRO1_244,Tungro,hamming_dist_4,False
PERCEPTUAL_NEAR_DUP,Sethy,TUNGRO1_242,Tungro,Sethy,TUNGRO1_245,Tungro,hamming_dist_3,False
PERCEPTUAL_NEAR_DUP,Sethy,TUNGRO1_242,Tungro,Sethy,TUNGRO1_246,Tungro,hamming_dist_3,False
PERCEPTUAL_NEAR_DUP,Sethy,TUNGRO1_242,Tungro,Sethy,TUNGRO1_247,Tungro,hamming_dist_2,False
PERCEPTUAL_NEAR_DUP,Sethy,TUNGRO1_243,Tungro,Sethy,TUNGRO1_244,Tungro,hamming_dist_3,False
PERCEPTUAL_NEAR_DUP,Sethy,TUNGRO1_243,Tungro,Sethy,TUNGRO1_245,Tungro,hamming_dist_4,False
PERCEPTUAL_NEAR_DUP,Sethy,TUNGRO1_243,Tungro,Sethy,TUNGRO1_246,Tungro,hamming_dist_4,False
PERCEPTUAL_NEAR_DUP,Sethy,TUNGRO1_243,Tungro,Sethy,TUNGRO1_247,Tungro,hamming_dist_3,False
PERCEPTUAL_NEAR_DUP,Sethy,TUNGRO1_244,Tungro,Sethy,TUNGRO1_245,Tungro,hamming_dist_1,False
PERCEPTUAL_NEAR_DUP,Sethy,TUNGRO1_244,Tungro,Sethy,TUNGRO1_246,Tungro,hamming_dist_1,False
PERCEPTUAL_NEAR_DUP,Sethy,TUNGRO1_244,Tungro,Sethy,TUNGRO1_247,Tungro,hamming_dist_2,False
PERCEPTUAL_NEAR_DUP,Sethy,TUNGRO1_244,Tungro,Sethy,TUNGRO1_248,Tungro,hamming_dist_3,False
PERCEPTUAL_NEAR_DUP,Sethy,TUNGRO1_244,Tungro,Sethy,TUNGRO1_249,Tungro,hamming_dist_4,False
PERCEPTUAL_NEAR_DUP,Sethy,TUNGRO1_245,Tungro,Sethy,TUNGRO1_246,Tungro,hamming_dist_0,False
PERCEPTUAL_NEAR_DUP,Sethy,TUNGRO1_245,Tungro,Sethy,TUNGRO1_247,Tungro,hamming_dist_1,False
PERCEPTUAL_NEAR_DUP,Sethy,TUNGRO1_245,Tungro,Sethy,TUNGRO1_248,Tungro,hamming_dist_2,False
PERCEPTUAL_NEAR_DUP,Sethy,TUNGRO1_245,Tungro,Sethy,TUNGRO1_249,Tungro,hamming_dist_3,False
PERCEPTUAL_NEAR_DUP,Sethy,TUNGRO1_246,Tungro,Sethy,TUNGRO1_247,Tungro,hamming_dist_1,False
PERCEPTUAL_NEAR_DUP,Sethy,TUNGRO1_246,Tungro,Sethy,TUNGRO1_248,Tungro,hamming_dist_2,False
PERCEPTUAL_NEAR_DUP,Sethy,TUNGRO1_246,Tungro,Sethy,TUNGRO1_249,Tungro,hamming_dist_3,False
PERCEPTUAL_NEAR_DUP,Sethy,TUNGRO1_247,Tungro,Sethy,TUNGRO1_248,Tungro,hamming_dist_3,False
PERCEPTUAL_NEAR_DUP,Sethy,TUNGRO1_247,Tungro,Sethy,TUNGRO1_249,Tungro,hamming_dist_4,False
PERCEPTUAL_NEAR_DUP,Sethy,TUNGRO1_248,Tungro,Sethy,TUNGRO1_249,Tungro,hamming_dist_1,False
PERCEPTUAL_NEAR_DUP,Sethy,TUNGRO1_251,Tungro,Sethy,TUNGRO1_252,Tungro,hamming_dist_1,False
PERCEPTUAL_NEAR_DUP,Sethy,TUNGRO1_251,Tungro,Sethy,TUNGRO1_253,Tungro,hamming_dist_1,False
PERCEPTUAL_NEAR_DUP,Sethy,TUNGRO1_251,Tungro,Sethy,TUNGRO1_254,Tungro,hamming_dist_2,False
PERCEPTUAL_NEAR_DUP,Sethy,TUNGRO1_251,Tungro,Sethy,TUNGRO1_255,Tungro,hamming_dist_2,False
PERCEPTUAL_NEAR_DUP,Sethy,TUNGRO1_251,Tungro,Sethy,TUNGRO1_256,Tungro,hamming_dist_2,False
PERCEPTUAL_NEAR_DUP,Sethy,TUNGRO1_252,Tungro,Sethy,TUNGRO1_253,Tungro,hamming_dist_0,False
PERCEPTUAL_NEAR_DUP,Sethy,TUNGRO1_252,Tungro,Sethy,TUNGRO1_254,Tungro,hamming_dist_1,False
PERCEPTUAL_NEAR_DUP,Sethy,TUNGRO1_252,Tungro,Sethy,TUNGRO1_255,Tungro,hamming_dist_1,False
PERCEPTUAL_NEAR_DUP,Sethy,TUNGRO1_252,Tungro,Sethy,TUNGRO1_256,Tungro,hamming_dist_1,False
PERCEPTUAL_NEAR_DUP,Sethy,TUNGRO1_253,Tungro,Sethy,TUNGRO1_254,Tungro,hamming_dist_1,False
PERCEPTUAL_NEAR_DUP,Sethy,TUNGRO1_253,Tungro,Sethy,TUNGRO1_255,Tungro,hamming_dist_1,False
PERCEPTUAL_NEAR_DUP,Sethy,TUNGRO1_253,Tungro,Sethy,TUNGRO1_256,Tungro,hamming_dist_1,False
PERCEPTUAL_NEAR_DUP,Sethy,TUNGRO1_254,Tungro,Sethy,TUNGRO1_255,Tungro,hamming_dist_0,False
PERCEPTUAL_NEAR_DUP,Sethy,TUNGRO1_254,Tungro,Sethy,TUNGRO1_256,Tungro,hamming_dist_0,False
PERCEPTUAL_NEAR_DUP,Sethy,TUNGRO1_255,Tungro,Sethy,TUNGRO1_256,Tungro,hamming_dist_0,False
PERCEPTUAL_NEAR_DUP,Sethy,TUNGRO1_257,Tungro,Sethy,TUNGRO1_261,Tungro,hamming_dist_4,False
PERCEPTUAL_NEAR_DUP,Sethy,TUNGRO1_258,Tungro,Sethy,TUNGRO1_259,Tungro,hamming_dist_1,False
PERCEPTUAL_NEAR_DUP,Sethy,TUNGRO1_258,Tungro,Sethy,TUNGRO1_260,Tungro,hamming_dist_0,False
PERCEPTUAL_NEAR_DUP,Sethy,TUNGRO1_258,Tungro,Sethy,TUNGRO1_261,Tungro,hamming_dist_1,False
PERCEPTUAL_NEAR_DUP,Sethy,TUNGRO1_258,Tungro,Sethy,TUNGRO1_262,Tungro,hamming_dist_3,False
PERCEPTUAL_NEAR_DUP,Sethy,TUNGRO1_258,Tungro,Sethy,TUNGRO1_263,Tungro,hamming_dist_1,False
PERCEPTUAL_NEAR_DUP,Sethy,TUNGRO1_258,Tungro,Sethy,TUNGRO1_264,Tungro,hamming_dist_2,False
PERCEPTUAL_NEAR_DUP,Sethy,TUNGRO1_258,Tungro,Sethy,TUNGRO1_265,Tungro,hamming_dist_2,False
PERCEPTUAL_NEAR_DUP,Sethy,TUNGRO1_259,Tungro,Sethy,TUNGRO1_260,Tungro,hamming_dist_1,False
PERCEPTUAL_NEAR_DUP,Sethy,TUNGRO1_259,Tungro,Sethy,TUNGRO1_261,Tungro,hamming_dist_2,False
PERCEPTUAL_NEAR_DUP,Sethy,TUNGRO1_259,Tungro,Sethy,TUNGRO1_262,Tungro,hamming_dist_4,False
PERCEPTUAL_NEAR_DUP,Sethy,TUNGRO1_259,Tungro,Sethy,TUNGRO1_263,Tungro,hamming_dist_2,False
PERCEPTUAL_NEAR_DUP,Sethy,TUNGRO1_259,Tungro,Sethy,TUNGRO1_264,Tungro,hamming_dist_1,False
PERCEPTUAL_NEAR_DUP,Sethy,TUNGRO1_259,Tungro,Sethy,TUNGRO1_265,Tungro,hamming_dist_3,False
PERCEPTUAL_NEAR_DUP,Sethy,TUNGRO1_260,Tungro,Sethy,TUNGRO1_261,Tungro,hamming_dist_1,False
PERCEPTUAL_NEAR_DUP,Sethy,TUNGRO1_260,Tungro,Sethy,TUNGRO1_262,Tungro,hamming_dist_3,False
PERCEPTUAL_NEAR_DUP,Sethy,TUNGRO1_260,Tungro,Sethy,TUNGRO1_263,Tungro,hamming_dist_1,False
PERCEPTUAL_NEAR_DUP,Sethy,TUNGRO1_260,Tungro,Sethy,TUNGRO1_264,Tungro,hamming_dist_2,False
PERCEPTUAL_NEAR_DUP,Sethy,TUNGRO1_260,Tungro,Sethy,TUNGRO1_265,Tungro,hamming_dist_2,False
PERCEPTUAL_NEAR_DUP,Sethy,TUNGRO1_261,Tungro,Sethy,TUNGRO1_262,Tungro,hamming_dist_2,False
PERCEPTUAL_NEAR_DUP,Sethy,TUNGRO1_261,Tungro,Sethy,TUNGRO1_263,Tungro,hamming_dist_2,False
PERCEPTUAL_NEAR_DUP,Sethy,TUNGRO1_261,Tungro,Sethy,TUNGRO1_264,Tungro,hamming_dist_3,False
PERCEPTUAL_NEAR_DUP,Sethy,TUNGRO1_261,Tungro,Sethy,TUNGRO1_265,Tungro,hamming_dist_3,False
PERCEPTUAL_NEAR_DUP,Sethy,TUNGRO1_261,Tungro,Sethy,TUNGRO1_268,Tungro,hamming_dist_4,False
PERCEPTUAL_NEAR_DUP,Sethy,TUNGRO1_262,Tungro,Sethy,TUNGRO1_263,Tungro,hamming_dist_2,False
PERCEPTUAL_NEAR_DUP,Sethy,TUNGRO1_262,Tungro,Sethy,TUNGRO1_265,Tungro,hamming_dist_1,False
PERCEPTUAL_NEAR_DUP,Sethy,TUNGRO1_262,Tungro,Sethy,TUNGRO1_266,Tungro,hamming_dist_4,False
PERCEPTUAL_NEAR_DUP,Sethy,TUNGRO1_262,Tungro,Sethy,TUNGRO1_267,Tungro,hamming_dist_4,False
PERCEPTUAL_NEAR_DUP,Sethy,TUNGRO1_262,Tungro,Sethy,TUNGRO1_268,Tungro,hamming_dist_2,False
PERCEPTUAL_NEAR_DUP,Sethy,TUNGRO1_263,Tungro,Sethy,TUNGRO1_264,Tungro,hamming_dist_3,False
PERCEPTUAL_NEAR_DUP,Sethy,TUNGRO1_263,Tungro,Sethy,TUNGRO1_265,Tungro,hamming_dist_1,False
PERCEPTUAL_NEAR_DUP,Sethy,TUNGRO1_263,Tungro,Sethy,TUNGRO1_266,Tungro,hamming_dist_4,False
PERCEPTUAL_NEAR_DUP,Sethy,TUNGRO1_263,Tungro,Sethy,TUNGRO1_268,Tungro,hamming_dist_4,False
PERCEPTUAL_NEAR_DUP,Sethy,TUNGRO1_264,Tungro,Sethy,TUNGRO1_265,Tungro,hamming_dist_4,False
PERCEPTUAL_NEAR_DUP,Sethy,TUNGRO1_265,Tungro,Sethy,TUNGRO1_266,Tungro,hamming_dist_3,False
PERCEPTUAL_NEAR_DUP,Sethy,TUNGRO1_265,Tungro,Sethy,TUNGRO1_268,Tungro,hamming_dist_3,False
PERCEPTUAL_NEAR_DUP,Sethy,TUNGRO1_266,Tungro,Sethy,TUNGRO1_267,Tungro,hamming_dist_4,False
PERCEPTUAL_NEAR_DUP,Sethy,TUNGRO1_266,Tungro,Sethy,TUNGRO1_268,Tungro,hamming_dist_4,False
PERCEPTUAL_NEAR_DUP,Sethy,TUNGRO1_267,Tungro,Sethy,TUNGRO1_268,Tungro,hamming_dist_2,False
PERCEPTUAL_NEAR_DUP,Sethy,TUNGRO1_271,Tungro,Sethy,TUNGRO1_272,Tungro,hamming_dist_2,False
PERCEPTUAL_NEAR_DUP,Sethy,TUNGRO1_271,Tungro,Sethy,TUNGRO1_273,Tungro,hamming_dist_4,False
PERCEPTUAL_NEAR_DUP,Sethy,TUNGRO1_272,Tungro,Sethy,TUNGRO1_273,Tungro,hamming_dist_2,False
PERCEPTUAL_NEAR_DUP,Sethy,TUNGRO1_272,Tungro,Sethy,TUNGRO1_274,Tungro,hamming_dist_3,False
PERCEPTUAL_NEAR_DUP,Sethy,TUNGRO1_272,Tungro,Sethy,TUNGRO1_275,Tungro,hamming_dist_4,False
PERCEPTUAL_NEAR_DUP,Sethy,TUNGRO1_273,Tungro,Sethy,TUNGRO1_274,Tungro,hamming_dist_1,False
PERCEPTUAL_NEAR_DUP,Sethy,TUNGRO1_273,Tungro,Sethy,TUNGRO1_275,Tungro,hamming_dist_2,False
PERCEPTUAL_NEAR_DUP,Sethy,TUNGRO1_273,Tungro,Sethy,TUNGRO1_276,Tungro,hamming_dist_3,False
PERCEPTUAL_NEAR_DUP,Sethy,TUNGRO1_273,Tungro,Sethy,TUNGRO1_277,Tungro,hamming_dist_3,False
PERCEPTUAL_NEAR_DUP,Sethy,TUNGRO1_274,Tungro,Sethy,TUNGRO1_275,Tungro,hamming_dist_1,False
PERCEPTUAL_NEAR_DUP,Sethy,TUNGRO1_274,Tungro,Sethy,TUNGRO1_276,Tungro,hamming_dist_2,False
PERCEPTUAL_NEAR_DUP,Sethy,TUNGRO1_274,Tungro,Sethy,TUNGRO1_277,Tungro,hamming_dist_2,False
PERCEPTUAL_NEAR_DUP,Sethy,TUNGRO1_275,Tungro,Sethy,TUNGRO1_276,Tungro,hamming_dist_1,False
PERCEPTUAL_NEAR_DUP,Sethy,TUNGRO1_275,Tungro,Sethy,TUNGRO1_277,Tungro,hamming_dist_1,False
PERCEPTUAL_NEAR_DUP,Sethy,TUNGRO1_276,Tungro,Sethy,TUNGRO1_277,Tungro,hamming_dist_0,False
PERCEPTUAL_NEAR_DUP,Sethy,TUNGRO2_008,Tungro,Sethy,TUNGRO2_009,Tungro,hamming_dist_3,False
PERCEPTUAL_NEAR_DUP,Sethy,TUNGRO2_009,Tungro,Sethy,TUNGRO2_010,Tungro,hamming_dist_3,False
PERCEPTUAL_NEAR_DUP,Sethy,TUNGRO2_010,Tungro,Sethy,TUNGRO2_011,Tungro,hamming_dist_4,False
PERCEPTUAL_NEAR_DUP,Sethy,TUNGRO2_015,Tungro,Sethy,TUNGRO2_016,Tungro,hamming_dist_2,False
PERCEPTUAL_NEAR_DUP,Sethy,TUNGRO2_017,Tungro,Sethy,TUNGRO2_018,Tungro,hamming_dist_3,False
PERCEPTUAL_NEAR_DUP,Sethy,TUNGRO2_017,Tungro,Sethy,TUNGRO2_019,Tungro,hamming_dist_2,False
PERCEPTUAL_NEAR_DUP,Sethy,TUNGRO2_018,Tungro,Sethy,TUNGRO2_019,Tungro,hamming_dist_1,False
PERCEPTUAL_NEAR_DUP,Sethy,TUNGRO2_019,Tungro,Sethy,TUNGRO2_021,Tungro,hamming_dist_4,False
PERCEPTUAL_NEAR_DUP,Sethy,TUNGRO2_027,Tungro,Sethy,TUNGRO2_028,Tungro,hamming_dist_2,False
PERCEPTUAL_NEAR_DUP,Sethy,TUNGRO2_027,Tungro,Sethy,TUNGRO2_029,Tungro,hamming_dist_3,False
PERCEPTUAL_NEAR_DUP,Sethy,TUNGRO2_027,Tungro,Sethy,TUNGRO2_030,Tungro,hamming_dist_4,False
PERCEPTUAL_NEAR_DUP,Sethy,TUNGRO2_028,Tungro,Sethy,TUNGRO2_029,Tungro,hamming_dist_1,False
PERCEPTUAL_NEAR_DUP,Sethy,TUNGRO2_028,Tungro,Sethy,TUNGRO2_030,Tungro,hamming_dist_2,False
PERCEPTUAL_NEAR_DUP,Sethy,TUNGRO2_029,Tungro,Sethy,TUNGRO2_030,Tungro,hamming_dist_1,False
PERCEPTUAL_NEAR_DUP,Sethy,TUNGRO2_032,Tungro,Sethy,TUNGRO2_033,Tungro,hamming_dist_1,False
PERCEPTUAL_NEAR_DUP,Sethy,TUNGRO2_038,Tungro,Sethy,TUNGRO2_040,Tungro,hamming_dist_4,False
PERCEPTUAL_NEAR_DUP,Sethy,TUNGRO2_039,Tungro,Sethy,TUNGRO2_040,Tungro,hamming_dist_3,False
PERCEPTUAL_NEAR_DUP,Sethy,TUNGRO2_044,Tungro,Sethy,TUNGRO2_045,Tungro,hamming_dist_1,False
PERCEPTUAL_NEAR_DUP,Sethy,TUNGRO2_044,Tungro,Sethy,TUNGRO2_046,Tungro,hamming_dist_4,False
PERCEPTUAL_NEAR_DUP,Sethy,TUNGRO2_045,Tungro,Sethy,TUNGRO2_046,Tungro,hamming_dist_3,False
PERCEPTUAL_NEAR_DUP,Sethy,TUNGRO2_047,Tungro,Sethy,TUNGRO2_049,Tungro,hamming_dist_4,False
PERCEPTUAL_NEAR_DUP,Sethy,TUNGRO2_047,Tungro,Sethy,TUNGRO2_050,Tungro,hamming_dist_4,False
PERCEPTUAL_NEAR_DUP,Sethy,TUNGRO2_048,Tungro,Sethy,TUNGRO2_049,Tungro,hamming_dist_3,False
PERCEPTUAL_NEAR_DUP,Sethy,TUNGRO2_048,Tungro,Sethy,TUNGRO2_050,Tungro,hamming_dist_3,False
PERCEPTUAL_NEAR_DUP,Sethy,TUNGRO2_049,Tungro,Sethy,TUNGRO2_050,Tungro,hamming_dist_2,False
PERCEPTUAL_NEAR_DUP,Sethy,TUNGRO2_060,Tungro,Sethy,TUNGRO2_061,Tungro,hamming_dist_4,False
PERCEPTUAL_NEAR_DUP,Sethy,TUNGRO2_062,Tungro,Sethy,TUNGRO2_063,Tungro,hamming_dist_4,False
PERCEPTUAL_NEAR_DUP,Sethy,TUNGRO2_066,Tungro,Sethy,TUNGRO2_067,Tungro,hamming_dist_3,False
PERCEPTUAL_NEAR_DUP,Sethy,TUNGRO2_068,Tungro,Sethy,TUNGRO2_069,Tungro,hamming_dist_3,False
PERCEPTUAL_NEAR_DUP,Sethy,TUNGRO2_075,Tungro,Sethy,TUNGRO2_076,Tungro,hamming_dist_3,False
PERCEPTUAL_NEAR_DUP,Sethy,TUNGRO2_077,Tungro,Sethy,TUNGRO2_078,Tungro,hamming_dist_2,False
PERCEPTUAL_NEAR_DUP,Sethy,TUNGRO2_080,Tungro,Sethy,TUNGRO2_081,Tungro,hamming_dist_4,False
PERCEPTUAL_NEAR_DUP,Sethy,TUNGRO2_080,Tungro,Sethy,TUNGRO2_082,Tungro,hamming_dist_4,False
PERCEPTUAL_NEAR_DUP,Sethy,TUNGRO2_080,Tungro,Sethy,TUNGRO2_084,Tungro,hamming_dist_4,False
PERCEPTUAL_NEAR_DUP,Sethy,TUNGRO2_081,Tungro,Sethy,TUNGRO2_082,Tungro,hamming_dist_4,False
PERCEPTUAL_NEAR_DUP,Sethy,TUNGRO2_081,Tungro,Sethy,TUNGRO2_084,Tungro,hamming_dist_4,False
PERCEPTUAL_NEAR_DUP,Sethy,TUNGRO2_082,Tungro,Sethy,TUNGRO2_083,Tungro,hamming_dist_4,False
PERCEPTUAL_NEAR_DUP,Sethy,TUNGRO2_082,Tungro,Sethy,TUNGRO2_084,Tungro,hamming_dist_4,False
PERCEPTUAL_NEAR_DUP,Sethy,TUNGRO2_083,Tungro,Sethy,TUNGRO2_084,Tungro,hamming_dist_4,False
PERCEPTUAL_NEAR_DUP,Sethy,TUNGRO2_085,Tungro,Sethy,TUNGRO2_086,Tungro,hamming_dist_0,False
PERCEPTUAL_NEAR_DUP,Sethy,TUNGRO2_085,Tungro,Sethy,TUNGRO2_087,Tungro,hamming_dist_1,False
PERCEPTUAL_NEAR_DUP,Sethy,TUNGRO2_086,Tungro,Sethy,TUNGRO2_087,Tungro,hamming_dist_1,False
PERCEPTUAL_NEAR_DUP,Sethy,TUNGRO2_088,Tungro,Sethy,TUNGRO2_089,Tungro,hamming_dist_2,False
PERCEPTUAL_NEAR_DUP,Sethy,TUNGRO2_091,Tungro,Sethy,TUNGRO2_092,Tungro,hamming_dist_0,False
PERCEPTUAL_NEAR_DUP,Sethy,TUNGRO2_094,Tungro,Sethy,TUNGRO2_095,Tungro,hamming_dist_1,False
PERCEPTUAL_NEAR_DUP,Sethy,TUNGRO2_094,Tungro,Sethy,TUNGRO2_097,Tungro,hamming_dist_4,False
PERCEPTUAL_NEAR_DUP,Sethy,TUNGRO2_095,Tungro,Sethy,TUNGRO2_097,Tungro,hamming_dist_3,False
PERCEPTUAL_NEAR_DUP,Sethy,TUNGRO2_096,Tungro,Sethy,TUNGRO2_097,Tungro,hamming_dist_2,False
PERCEPTUAL_NEAR_DUP,Sethy,TUNGRO2_096,Tungro,Sethy,TUNGRO2_098,Tungro,hamming_dist_4,False
PERCEPTUAL_NEAR_DUP,Sethy,TUNGRO2_097,Tungro,Sethy,TUNGRO2_098,Tungro,hamming_dist_2,False
PERCEPTUAL_NEAR_DUP,Sethy,TUNGRO2_100,Tungro,Sethy,TUNGRO2_101,Tungro,hamming_dist_2,False
PERCEPTUAL_NEAR_DUP,Sethy,TUNGRO2_100,Tungro,Sethy,TUNGRO2_102,Tungro,hamming_dist_4,False
PERCEPTUAL_NEAR_DUP,Sethy,TUNGRO2_100,Tungro,Sethy,TUNGRO2_103,Tungro,hamming_dist_3,False
PERCEPTUAL_NEAR_DUP,Sethy,TUNGRO2_100,Tungro,Sethy,TUNGRO2_104,Tungro,hamming_dist_4,False
PERCEPTUAL_NEAR_DUP,Sethy,TUNGRO2_101,Tungro,Sethy,TUNGRO2_102,Tungro,hamming_dist_4,False
PERCEPTUAL_NEAR_DUP,Sethy,TUNGRO2_101,Tungro,Sethy,TUNGRO2_103,Tungro,hamming_dist_3,False
PERCEPTUAL_NEAR_DUP,Sethy,TUNGRO2_101,Tungro,Sethy,TUNGRO2_104,Tungro,hamming_dist_4,False
PERCEPTUAL_NEAR_DUP,Sethy,TUNGRO2_102,Tungro,Sethy,TUNGRO2_103,Tungro,hamming_dist_1,False
PERCEPTUAL_NEAR_DUP,Sethy,TUNGRO2_102,Tungro,Sethy,TUNGRO2_104,Tungro,hamming_dist_0,False
PERCEPTUAL_NEAR_DUP,Sethy,TUNGRO2_102,Tungro,Sethy,TUNGRO2_105,Tungro,hamming_dist_1,False
PERCEPTUAL_NEAR_DUP,Sethy,TUNGRO2_103,Tungro,Sethy,TUNGRO2_104,Tungro,hamming_dist_1,False
PERCEPTUAL_NEAR_DUP,Sethy,TUNGRO2_103,Tungro,Sethy,TUNGRO2_105,Tungro,hamming_dist_2,False
PERCEPTUAL_NEAR_DUP,Sethy,TUNGRO2_104,Tungro,Sethy,TUNGRO2_105,Tungro,hamming_dist_1,False
PERCEPTUAL_NEAR_DUP,Sethy,TUNGRO2_106,Tungro,Sethy,TUNGRO2_107,Tungro,hamming_dist_0,False
PERCEPTUAL_NEAR_DUP,Sethy,TUNGRO2_106,Tungro,Sethy,TUNGRO2_108,Tungro,hamming_dist_3,False
PERCEPTUAL_NEAR_DUP,Sethy,TUNGRO2_107,Tungro,Sethy,TUNGRO2_108,Tungro,hamming_dist_3,False
PERCEPTUAL_NEAR_DUP,Sethy,TUNGRO2_108,Tungro,Sethy,TUNGRO2_110,Tungro,hamming_dist_4,False
PERCEPTUAL_NEAR_DUP,Sethy,TUNGRO2_109,Tungro,Sethy,TUNGRO2_110,Tungro,hamming_dist_1,False
PERCEPTUAL_NEAR_DUP,Sethy,TUNGRO2_109,Tungro,Sethy,TUNGRO2_111,Tungro,hamming_dist_0,False
PERCEPTUAL_NEAR_DUP,Sethy,TUNGRO2_110,Tungro,Sethy,TUNGRO2_111,Tungro,hamming_dist_1,False
PERCEPTUAL_NEAR_DUP,Sethy,TUNGRO2_112,Tungro,Sethy,TUNGRO2_113,Tungro,hamming_dist_3,False
PERCEPTUAL_NEAR_DUP,Sethy,TUNGRO2_112,Tungro,Sethy,TUNGRO2_114,Tungro,hamming_dist_3,False
PERCEPTUAL_NEAR_DUP,Sethy,TUNGRO2_114,Tungro,Sethy,TUNGRO2_115,Tungro,hamming_dist_3,False
PERCEPTUAL_NEAR_DUP,Sethy,TUNGRO2_114,Tungro,Sethy,TUNGRO2_116,Tungro,hamming_dist_3,False
PERCEPTUAL_NEAR_DUP,Sethy,TUNGRO2_115,Tungro,Sethy,TUNGRO2_116,Tungro,hamming_dist_0,False
PERCEPTUAL_NEAR_DUP,Sethy,TUNGRO2_117,Tungro,Sethy,TUNGRO2_120,Tungro,hamming_dist_3,False
PERCEPTUAL_NEAR_DUP,Sethy,TUNGRO2_117,Tungro,Sethy,TUNGRO2_121,Tungro,hamming_dist_1,False
PERCEPTUAL_NEAR_DUP,Sethy,TUNGRO2_118,Tungro,Sethy,TUNGRO2_119,Tungro,hamming_dist_3,False
PERCEPTUAL_NEAR_DUP,Sethy,TUNGRO2_118,Tungro,Sethy,TUNGRO2_120,Tungro,hamming_dist_3,False
PERCEPTUAL_NEAR_DUP,Sethy,TUNGRO2_119,Tungro,Sethy,TUNGRO2_120,Tungro,hamming_dist_4,False
PERCEPTUAL_NEAR_DUP,Sethy,TUNGRO2_119,Tungro,Sethy,TUNGRO2_121,Tungro,hamming_dist_4,False
PERCEPTUAL_NEAR_DUP,Sethy,TUNGRO2_120,Tungro,Sethy,TUNGRO2_121,Tungro,hamming_dist_4,False
PERCEPTUAL_NEAR_DUP,Sethy,TUNGRO2_122,Tungro,Sethy,TUNGRO2_123,Tungro,hamming_dist_2,False
PERCEPTUAL_NEAR_DUP,Sethy,TUNGRO2_122,Tungro,Sethy,TUNGRO2_124,Tungro,hamming_dist_2,False
PERCEPTUAL_NEAR_DUP,Sethy,TUNGRO2_122,Tungro,Sethy,TUNGRO2_126,Tungro,hamming_dist_4,False
PERCEPTUAL_NEAR_DUP,Sethy,TUNGRO2_122,Tungro,Sethy,TUNGRO2_127,Tungro,hamming_dist_4,False
PERCEPTUAL_NEAR_DUP,Sethy,TUNGRO2_123,Tungro,Sethy,TUNGRO2_124,Tungro,hamming_dist_2,False
PERCEPTUAL_NEAR_DUP,Sethy,TUNGRO2_123,Tungro,Sethy,TUNGRO2_126,Tungro,hamming_dist_4,False
PERCEPTUAL_NEAR_DUP,Sethy,TUNGRO2_123,Tungro,Sethy,TUNGRO2_127,Tungro,hamming_dist_4,False
PERCEPTUAL_NEAR_DUP,Sethy,TUNGRO2_124,Tungro,Sethy,TUNGRO2_126,Tungro,hamming_dist_4,False
PERCEPTUAL_NEAR_DUP,Sethy,TUNGRO2_124,Tungro,Sethy,TUNGRO2_127,Tungro,hamming_dist_2,False
PERCEPTUAL_NEAR_DUP,Sethy,TUNGRO2_125,Tungro,Sethy,TUNGRO2_126,Tungro,hamming_dist_1,False
PERCEPTUAL_NEAR_DUP,Sethy,TUNGRO2_125,Tungro,Sethy,TUNGRO2_127,Tungro,hamming_dist_3,False
PERCEPTUAL_NEAR_DUP,Sethy,TUNGRO2_126,Tungro,Sethy,TUNGRO2_127,Tungro,hamming_dist_2,False
PERCEPTUAL_NEAR_DUP,Sethy,TUNGRO2_129,Tungro,Sethy,TUNGRO2_130,Tungro,hamming_dist_3,False
PERCEPTUAL_NEAR_DUP,Sethy,TUNGRO2_129,Tungro,Sethy,TUNGRO2_131,Tungro,hamming_dist_4,False
PERCEPTUAL_NEAR_DUP,Sethy,TUNGRO2_129,Tungro,Sethy,TUNGRO2_132,Tungro,hamming_dist_0,False
PERCEPTUAL_NEAR_DUP,Sethy,TUNGRO2_130,Tungro,Sethy,TUNGRO2_131,Tungro,hamming_dist_1,False
PERCEPTUAL_NEAR_DUP,Sethy,TUNGRO2_130,Tungro,Sethy,TUNGRO2_132,Tungro,hamming_dist_3,False
PERCEPTUAL_NEAR_DUP,Sethy,TUNGRO2_131,Tungro,Sethy,TUNGRO2_132,Tungro,hamming_dist_4,False
PERCEPTUAL_NEAR_DUP,Sethy,TUNGRO2_133,Tungro,Sethy,TUNGRO2_134,Tungro,hamming_dist_3,False
PERCEPTUAL_NEAR_DUP,Sethy,TUNGRO2_133,Tungro,Sethy,TUNGRO2_135,Tungro,hamming_dist_1,False
PERCEPTUAL_NEAR_DUP,Sethy,TUNGRO2_133,Tungro,Sethy,TUNGRO2_136,Tungro,hamming_dist_2,False
PERCEPTUAL_NEAR_DUP,Sethy,TUNGRO2_133,Tungro,Sethy,TUNGRO2_137,Tungro,hamming_dist_4,False
PERCEPTUAL_NEAR_DUP,Sethy,TUNGRO2_134,Tungro,Sethy,TUNGRO2_135,Tungro,hamming_dist_2,False
PERCEPTUAL_NEAR_DUP,Sethy,TUNGRO2_135,Tungro,Sethy,TUNGRO2_136,Tungro,hamming_dist_3,False
PERCEPTUAL_NEAR_DUP,Sethy,TUNGRO2_136,Tungro,Sethy,TUNGRO2_137,Tungro,hamming_dist_2,False
PERCEPTUAL_NEAR_DUP,Sethy,TUNGRO2_138,Tungro,Sethy,TUNGRO2_139,Tungro,hamming_dist_0,False
PERCEPTUAL_NEAR_DUP,Sethy,TUNGRO2_138,Tungro,Sethy,TUNGRO2_140,Tungro,hamming_dist_2,False
PERCEPTUAL_NEAR_DUP,Sethy,TUNGRO2_138,Tungro,Sethy,TUNGRO2_141,Tungro,hamming_dist_2,False
PERCEPTUAL_NEAR_DUP,Sethy,TUNGRO2_138,Tungro,Sethy,TUNGRO2_142,Tungro,hamming_dist_4,False
PERCEPTUAL_NEAR_DUP,Sethy,TUNGRO2_139,Tungro,Sethy,TUNGRO2_140,Tungro,hamming_dist_2,False
PERCEPTUAL_NEAR_DUP,Sethy,TUNGRO2_139,Tungro,Sethy,TUNGRO2_141,Tungro,hamming_dist_2,False
PERCEPTUAL_NEAR_DUP,Sethy,TUNGRO2_139,Tungro,Sethy,TUNGRO2_142,Tungro,hamming_dist_4,False
PERCEPTUAL_NEAR_DUP,Sethy,TUNGRO2_140,Tungro,Sethy,TUNGRO2_141,Tungro,hamming_dist_0,False
PERCEPTUAL_NEAR_DUP,Sethy,TUNGRO2_140,Tungro,Sethy,TUNGRO2_142,Tungro,hamming_dist_2,False
PERCEPTUAL_NEAR_DUP,Sethy,TUNGRO2_141,Tungro,Sethy,TUNGRO2_142,Tungro,hamming_dist_2,False
PERCEPTUAL_NEAR_DUP,Sethy,TUNGRO2_143,Tungro,Sethy,TUNGRO2_144,Tungro,hamming_dist_3,False
PERCEPTUAL_NEAR_DUP,Sethy,TUNGRO2_143,Tungro,Sethy,TUNGRO2_146,Tungro,hamming_dist_4,False
PERCEPTUAL_NEAR_DUP,Sethy,TUNGRO2_144,Tungro,Sethy,TUNGRO2_145,Tungro,hamming_dist_4,False
PERCEPTUAL_NEAR_DUP,Sethy,TUNGRO2_144,Tungro,Sethy,TUNGRO2_146,Tungro,hamming_dist_3,False
PERCEPTUAL_NEAR_DUP,Sethy,TUNGRO2_144,Tungro,Sethy,TUNGRO2_147,Tungro,hamming_dist_2,False
PERCEPTUAL_NEAR_DUP,Sethy,TUNGRO2_145,Tungro,Sethy,TUNGRO2_146,Tungro,hamming_dist_1,False
PERCEPTUAL_NEAR_DUP,Sethy,TUNGRO2_145,Tungro,Sethy,TUNGRO2_147,Tungro,hamming_dist_2,False
PERCEPTUAL_NEAR_DUP,Sethy,TUNGRO2_145,Tungro,Sethy,TUNGRO2_148,Tungro,hamming_dist_3,False
PERCEPTUAL_NEAR_DUP,Sethy,TUNGRO2_145,Tungro,Sethy,TUNGRO2_149,Tungro,hamming_dist_4,False
PERCEPTUAL_NEAR_DUP,Sethy,TUNGRO2_146,Tungro,Sethy,TUNGRO2_147,Tungro,hamming_dist_1,False
PERCEPTUAL_NEAR_DUP,Sethy,TUNGRO2_146,Tungro,Sethy,TUNGRO2_148,Tungro,hamming_dist_2,False
PERCEPTUAL_NEAR_DUP,Sethy,TUNGRO2_146,Tungro,Sethy,TUNGRO2_149,Tungro,hamming_dist_3,False
PERCEPTUAL_NEAR_DUP,Sethy,TUNGRO2_146,Tungro,Sethy,TUNGRO2_150,Tungro,hamming_dist_4,False
PERCEPTUAL_NEAR_DUP,Sethy,TUNGRO2_147,Tungro,Sethy,TUNGRO2_148,Tungro,hamming_dist_3,False
PERCEPTUAL_NEAR_DUP,Sethy,TUNGRO2_147,Tungro,Sethy,TUNGRO2_149,Tungro,hamming_dist_4,False
PERCEPTUAL_NEAR_DUP,Sethy,TUNGRO2_148,Tungro,Sethy,TUNGRO2_149,Tungro,hamming_dist_3,False
PERCEPTUAL_NEAR_DUP,Sethy,TUNGRO2_148,Tungro,Sethy,TUNGRO2_150,Tungro,hamming_dist_2,False
PERCEPTUAL_NEAR_DUP,Sethy,TUNGRO2_148,Tungro,Sethy,TUNGRO2_151,Tungro,hamming_dist_4,False
PERCEPTUAL_NEAR_DUP,Sethy,TUNGRO2_149,Tungro,Sethy,TUNGRO2_150,Tungro,hamming_dist_1,False
PERCEPTUAL_NEAR_DUP,Sethy,TUNGRO2_149,Tungro,Sethy,TUNGRO2_151,Tungro,hamming_dist_3,False
PERCEPTUAL_NEAR_DUP,Sethy,TUNGRO2_150,Tungro,Sethy,TUNGRO2_151,Tungro,hamming_dist_2,False
PERCEPTUAL_NEAR_DUP,Sethy,TUNGRO2_152,Tungro,Sethy,TUNGRO2_153,Tungro,hamming_dist_3,False
PERCEPTUAL_NEAR_DUP,Sethy,TUNGRO2_152,Tungro,Sethy,TUNGRO2_155,Tungro,hamming_dist_4,False
PERCEPTUAL_NEAR_DUP,Sethy,TUNGRO2_152,Tungro,Sethy,TUNGRO2_156,Tungro,hamming_dist_4,False
PERCEPTUAL_NEAR_DUP,Sethy,TUNGRO2_152,Tungro,Sethy,TUNGRO2_157,Tungro,hamming_dist_4,False
PERCEPTUAL_NEAR_DUP,Sethy,TUNGRO2_152,Tungro,Sethy,TUNGRO2_158,Tungro,hamming_dist_4,False
PERCEPTUAL_NEAR_DUP,Sethy,TUNGRO2_153,Tungro,Sethy,TUNGRO2_154,Tungro,hamming_dist_2,False
PERCEPTUAL_NEAR_DUP,Sethy,TUNGRO2_153,Tungro,Sethy,TUNGRO2_155,Tungro,hamming_dist_1,False
PERCEPTUAL_NEAR_DUP,Sethy,TUNGRO2_153,Tungro,Sethy,TUNGRO2_156,Tungro,hamming_dist_1,False
PERCEPTUAL_NEAR_DUP,Sethy,TUNGRO2_153,Tungro,Sethy,TUNGRO2_157,Tungro,hamming_dist_1,False
PERCEPTUAL_NEAR_DUP,Sethy,TUNGRO2_153,Tungro,Sethy,TUNGRO2_158,Tungro,hamming_dist_1,False
PERCEPTUAL_NEAR_DUP,Sethy,TUNGRO2_153,Tungro,Sethy,TUNGRO2_159,Tungro,hamming_dist_3,False
PERCEPTUAL_NEAR_DUP,Sethy,TUNGRO2_153,Tungro,Sethy,TUNGRO2_160,Tungro,hamming_dist_3,False
PERCEPTUAL_NEAR_DUP,Sethy,TUNGRO2_154,Tungro,Sethy,TUNGRO2_155,Tungro,hamming_dist_1,False
PERCEPTUAL_NEAR_DUP,Sethy,TUNGRO2_154,Tungro,Sethy,TUNGRO2_156,Tungro,hamming_dist_1,False
PERCEPTUAL_NEAR_DUP,Sethy,TUNGRO2_154,Tungro,Sethy,TUNGRO2_157,Tungro,hamming_dist_3,False
PERCEPTUAL_NEAR_DUP,Sethy,TUNGRO2_154,Tungro,Sethy,TUNGRO2_158,Tungro,hamming_dist_1,False
PERCEPTUAL_NEAR_DUP,Sethy,TUNGRO2_154,Tungro,Sethy,TUNGRO2_159,Tungro,hamming_dist_3,False
PERCEPTUAL_NEAR_DUP,Sethy,TUNGRO2_154,Tungro,Sethy,TUNGRO2_160,Tungro,hamming_dist_3,False
PERCEPTUAL_NEAR_DUP,Sethy,TUNGRO2_155,Tungro,Sethy,TUNGRO2_156,Tungro,hamming_dist_0,False
PERCEPTUAL_NEAR_DUP,Sethy,TUNGRO2_155,Tungro,Sethy,TUNGRO2_157,Tungro,hamming_dist_2,False
PERCEPTUAL_NEAR_DUP,Sethy,TUNGRO2_155,Tungro,Sethy,TUNGRO2_158,Tungro,hamming_dist_0,False
PERCEPTUAL_NEAR_DUP,Sethy,TUNGRO2_155,Tungro,Sethy,TUNGRO2_159,Tungro,hamming_dist_2,False
PERCEPTUAL_NEAR_DUP,Sethy,TUNGRO2_155,Tungro,Sethy,TUNGRO2_160,Tungro,hamming_dist_2,False
PERCEPTUAL_NEAR_DUP,Sethy,TUNGRO2_156,Tungro,Sethy,TUNGRO2_157,Tungro,hamming_dist_2,False
PERCEPTUAL_NEAR_DUP,Sethy,TUNGRO2_156,Tungro,Sethy,TUNGRO2_158,Tungro,hamming_dist_0,False
PERCEPTUAL_NEAR_DUP,Sethy,TUNGRO2_156,Tungro,Sethy,TUNGRO2_159,Tungro,hamming_dist_2,False
PERCEPTUAL_NEAR_DUP,Sethy,TUNGRO2_156,Tungro,Sethy,TUNGRO2_160,Tungro,hamming_dist_2,False
PERCEPTUAL_NEAR_DUP,Sethy,TUNGRO2_157,Tungro,Sethy,TUNGRO2_158,Tungro,hamming_dist_2,False
PERCEPTUAL_NEAR_DUP,Sethy,TUNGRO2_157,Tungro,Sethy,TUNGRO2_159,Tungro,hamming_dist_2,False
PERCEPTUAL_NEAR_DUP,Sethy,TUNGRO2_157,Tungro,Sethy,TUNGRO2_160,Tungro,hamming_dist_2,False
PERCEPTUAL_NEAR_DUP,Sethy,TUNGRO2_158,Tungro,Sethy,TUNGRO2_159,Tungro,hamming_dist_2,False
PERCEPTUAL_NEAR_DUP,Sethy,TUNGRO2_158,Tungro,Sethy,TUNGRO2_160,Tungro,hamming_dist_2,False
PERCEPTUAL_NEAR_DUP,Sethy,TUNGRO2_159,Tungro,Sethy,TUNGRO2_160,Tungro,hamming_dist_0,False
PERCEPTUAL_NEAR_DUP,Sethy,TUNGRO2_161,Tungro,Sethy,TUNGRO2_162,Tungro,hamming_dist_2,False
PERCEPTUAL_NEAR_DUP,Sethy,TUNGRO2_161,Tungro,Sethy,TUNGRO2_163,Tungro,hamming_dist_1,False
PERCEPTUAL_NEAR_DUP,Sethy,TUNGRO2_161,Tungro,Sethy,TUNGRO2_164,Tungro,hamming_dist_2,False
PERCEPTUAL_NEAR_DUP,Sethy,TUNGRO2_162,Tungro,Sethy,TUNGRO2_163,Tungro,hamming_dist_1,False
PERCEPTUAL_NEAR_DUP,Sethy,TUNGRO2_162,Tungro,Sethy,TUNGRO2_164,Tungro,hamming_dist_2,False
PERCEPTUAL_NEAR_DUP,Sethy,TUNGRO2_162,Tungro,Sethy,TUNGRO2_165,Tungro,hamming_dist_3,False
PERCEPTUAL_NEAR_DUP,Sethy,TUNGRO2_163,Tungro,Sethy,TUNGRO2_164,Tungro,hamming_dist_1,False
PERCEPTUAL_NEAR_DUP,Sethy,TUNGRO2_163,Tungro,Sethy,TUNGRO2_165,Tungro,hamming_dist_4,False
PERCEPTUAL_NEAR_DUP,Sethy,TUNGRO2_166,Tungro,Sethy,TUNGRO2_167,Tungro,hamming_dist_2,False
PERCEPTUAL_NEAR_DUP,Sethy,TUNGRO2_166,Tungro,Sethy,TUNGRO2_168,Tungro,hamming_dist_1,False
PERCEPTUAL_NEAR_DUP,Sethy,TUNGRO2_166,Tungro,Sethy,TUNGRO2_169,Tungro,hamming_dist_2,False
PERCEPTUAL_NEAR_DUP,Sethy,TUNGRO2_166,Tungro,Sethy,TUNGRO2_170,Tungro,hamming_dist_2,False
PERCEPTUAL_NEAR_DUP,Sethy,TUNGRO2_167,Tungro,Sethy,TUNGRO2_168,Tungro,hamming_dist_1,False
PERCEPTUAL_NEAR_DUP,Sethy,TUNGRO2_167,Tungro,Sethy,TUNGRO2_169,Tungro,hamming_dist_2,False
PERCEPTUAL_NEAR_DUP,Sethy,TUNGRO2_167,Tungro,Sethy,TUNGRO2_170,Tungro,hamming_dist_2,False
PERCEPTUAL_NEAR_DUP,Sethy,TUNGRO2_167,Tungro,Sethy,TUNGRO2_171,Tungro,hamming_dist_3,False
PERCEPTUAL_NEAR_DUP,Sethy,TUNGRO2_168,Tungro,Sethy,TUNGRO2_169,Tungro,hamming_dist_1,False
PERCEPTUAL_NEAR_DUP,Sethy,TUNGRO2_168,Tungro,Sethy,TUNGRO2_170,Tungro,hamming_dist_1,False
PERCEPTUAL_NEAR_DUP,Sethy,TUNGRO2_168,Tungro,Sethy,TUNGRO2_171,Tungro,hamming_dist_4,False
PERCEPTUAL_NEAR_DUP,Sethy,TUNGRO2_169,Tungro,Sethy,TUNGRO2_170,Tungro,hamming_dist_0,False
PERCEPTUAL_NEAR_DUP,Sethy,TUNGRO2_169,Tungro,Sethy,TUNGRO2_171,Tungro,hamming_dist_3,False
PERCEPTUAL_NEAR_DUP,Sethy,TUNGRO2_170,Tungro,Sethy,TUNGRO2_171,Tungro,hamming_dist_3,False
PERCEPTUAL_NEAR_DUP,Sethy,TUNGRO2_172,Tungro,Sethy,TUNGRO2_173,Tungro,hamming_dist_2,False
PERCEPTUAL_NEAR_DUP,Sethy,TUNGRO2_172,Tungro,Sethy,TUNGRO2_174,Tungro,hamming_dist_4,False
PERCEPTUAL_NEAR_DUP,Sethy,TUNGRO2_172,Tungro,Sethy,TUNGRO2_175,Tungro,hamming_dist_0,False
PERCEPTUAL_NEAR_DUP,Sethy,TUNGRO2_172,Tungro,Sethy,TUNGRO2_176,Tungro,hamming_dist_1,False
PERCEPTUAL_NEAR_DUP,Sethy,TUNGRO2_172,Tungro,Sethy,TUNGRO2_179,Tungro,hamming_dist_4,False
PERCEPTUAL_NEAR_DUP,Sethy,TUNGRO2_173,Tungro,Sethy,TUNGRO2_174,Tungro,hamming_dist_2,False
PERCEPTUAL_NEAR_DUP,Sethy,TUNGRO2_173,Tungro,Sethy,TUNGRO2_175,Tungro,hamming_dist_2,False
PERCEPTUAL_NEAR_DUP,Sethy,TUNGRO2_173,Tungro,Sethy,TUNGRO2_176,Tungro,hamming_dist_3,False
PERCEPTUAL_NEAR_DUP,Sethy,TUNGRO2_173,Tungro,Sethy,TUNGRO2_179,Tungro,hamming_dist_4,False
PERCEPTUAL_NEAR_DUP,Sethy,TUNGRO2_174,Tungro,Sethy,TUNGRO2_175,Tungro,hamming_dist_4,False
PERCEPTUAL_NEAR_DUP,Sethy,TUNGRO2_175,Tungro,Sethy,TUNGRO2_176,Tungro,hamming_dist_1,False
PERCEPTUAL_NEAR_DUP,Sethy,TUNGRO2_175,Tungro,Sethy,TUNGRO2_179,Tungro,hamming_dist_4,False
PERCEPTUAL_NEAR_DUP,Sethy,TUNGRO2_176,Tungro,Sethy,TUNGRO2_177,Tungro,hamming_dist_4,False
PERCEPTUAL_NEAR_DUP,Sethy,TUNGRO2_176,Tungro,Sethy,TUNGRO2_179,Tungro,hamming_dist_3,False
PERCEPTUAL_NEAR_DUP,Sethy,TUNGRO2_177,Tungro,Sethy,TUNGRO2_178,Tungro,hamming_dist_3,False
PERCEPTUAL_NEAR_DUP,Sethy,TUNGRO2_177,Tungro,Sethy,TUNGRO2_179,Tungro,hamming_dist_3,False
PERCEPTUAL_NEAR_DUP,Sethy,TUNGRO2_178,Tungro,Sethy,TUNGRO2_179,Tungro,hamming_dist_4,False
PERCEPTUAL_NEAR_DUP,Sethy,TUNGRO2_180,Tungro,Sethy,TUNGRO2_181,Tungro,hamming_dist_0,False
PERCEPTUAL_NEAR_DUP,Sethy,TUNGRO2_180,Tungro,Sethy,TUNGRO2_182,Tungro,hamming_dist_0,False
PERCEPTUAL_NEAR_DUP,Sethy,TUNGRO2_180,Tungro,Sethy,TUNGRO2_183,Tungro,hamming_dist_2,False
PERCEPTUAL_NEAR_DUP,Sethy,TUNGRO2_180,Tungro,Sethy,TUNGRO2_184,Tungro,hamming_dist_2,False
PERCEPTUAL_NEAR_DUP,Sethy,TUNGRO2_180,Tungro,Sethy,TUNGRO2_185,Tungro,hamming_dist_2,False
PERCEPTUAL_NEAR_DUP,Sethy,TUNGRO2_180,Tungro,Sethy,TUNGRO2_186,Tungro,hamming_dist_2,False
PERCEPTUAL_NEAR_DUP,Sethy,TUNGRO2_180,Tungro,Sethy,TUNGRO2_187,Tungro,hamming_dist_2,False
PERCEPTUAL_NEAR_DUP,Sethy,TUNGRO2_180,Tungro,Sethy,TUNGRO2_188,Tungro,hamming_dist_1,False
PERCEPTUAL_NEAR_DUP,Sethy,TUNGRO2_181,Tungro,Sethy,TUNGRO2_182,Tungro,hamming_dist_0,False
PERCEPTUAL_NEAR_DUP,Sethy,TUNGRO2_181,Tungro,Sethy,TUNGRO2_183,Tungro,hamming_dist_2,False
PERCEPTUAL_NEAR_DUP,Sethy,TUNGRO2_181,Tungro,Sethy,TUNGRO2_184,Tungro,hamming_dist_2,False
PERCEPTUAL_NEAR_DUP,Sethy,TUNGRO2_181,Tungro,Sethy,TUNGRO2_185,Tungro,hamming_dist_2,False
PERCEPTUAL_NEAR_DUP,Sethy,TUNGRO2_181,Tungro,Sethy,TUNGRO2_186,Tungro,hamming_dist_2,False
PERCEPTUAL_NEAR_DUP,Sethy,TUNGRO2_181,Tungro,Sethy,TUNGRO2_187,Tungro,hamming_dist_2,False
PERCEPTUAL_NEAR_DUP,Sethy,TUNGRO2_181,Tungro,Sethy,TUNGRO2_188,Tungro,hamming_dist_1,False
PERCEPTUAL_NEAR_DUP,Sethy,TUNGRO2_182,Tungro,Sethy,TUNGRO2_183,Tungro,hamming_dist_2,False
PERCEPTUAL_NEAR_DUP,Sethy,TUNGRO2_182,Tungro,Sethy,TUNGRO2_184,Tungro,hamming_dist_2,False
PERCEPTUAL_NEAR_DUP,Sethy,TUNGRO2_182,Tungro,Sethy,TUNGRO2_185,Tungro,hamming_dist_2,False
PERCEPTUAL_NEAR_DUP,Sethy,TUNGRO2_182,Tungro,Sethy,TUNGRO2_186,Tungro,hamming_dist_2,False
PERCEPTUAL_NEAR_DUP,Sethy,TUNGRO2_182,Tungro,Sethy,TUNGRO2_187,Tungro,hamming_dist_2,False
PERCEPTUAL_NEAR_DUP,Sethy,TUNGRO2_182,Tungro,Sethy,TUNGRO2_188,Tungro,hamming_dist_1,False
PERCEPTUAL_NEAR_DUP,Sethy,TUNGRO2_183,Tungro,Sethy,TUNGRO2_184,Tungro,hamming_dist_0,False
PERCEPTUAL_NEAR_DUP,Sethy,TUNGRO2_183,Tungro,Sethy,TUNGRO2_185,Tungro,hamming_dist_0,False
PERCEPTUAL_NEAR_DUP,Sethy,TUNGRO2_183,Tungro,Sethy,TUNGRO2_186,Tungro,hamming_dist_0,False
PERCEPTUAL_NEAR_DUP,Sethy,TUNGRO2_183,Tungro,Sethy,TUNGRO2_187,Tungro,hamming_dist_0,False
PERCEPTUAL_NEAR_DUP,Sethy,TUNGRO2_183,Tungro,Sethy,TUNGRO2_188,Tungro,hamming_dist_1,False
PERCEPTUAL_NEAR_DUP,Sethy,TUNGRO2_184,Tungro,Sethy,TUNGRO2_185,Tungro,hamming_dist_0,False
PERCEPTUAL_NEAR_DUP,Sethy,TUNGRO2_184,Tungro,Sethy,TUNGRO2_186,Tungro,hamming_dist_0,False
PERCEPTUAL_NEAR_DUP,Sethy,TUNGRO2_184,Tungro,Sethy,TUNGRO2_187,Tungro,hamming_dist_0,False
PERCEPTUAL_NEAR_DUP,Sethy,TUNGRO2_184,Tungro,Sethy,TUNGRO2_188,Tungro,hamming_dist_1,False
PERCEPTUAL_NEAR_DUP,Sethy,TUNGRO2_185,Tungro,Sethy,TUNGRO2_186,Tungro,hamming_dist_0,False
PERCEPTUAL_NEAR_DUP,Sethy,TUNGRO2_185,Tungro,Sethy,TUNGRO2_187,Tungro,hamming_dist_0,False
PERCEPTUAL_NEAR_DUP,Sethy,TUNGRO2_185,Tungro,Sethy,TUNGRO2_188,Tungro,hamming_dist_1,False
PERCEPTUAL_NEAR_DUP,Sethy,TUNGRO2_186,Tungro,Sethy,TUNGRO2_187,Tungro,hamming_dist_0,False
PERCEPTUAL_NEAR_DUP,Sethy,TUNGRO2_186,Tungro,Sethy,TUNGRO2_188,Tungro,hamming_dist_1,False
PERCEPTUAL_NEAR_DUP,Sethy,TUNGRO2_187,Tungro,Sethy,TUNGRO2_188,Tungro,hamming_dist_1,False
PERCEPTUAL_NEAR_DUP,Sethy,TUNGRO2_189,Tungro,Sethy,TUNGRO2_190,Tungro,hamming_dist_4,False
PERCEPTUAL_NEAR_DUP,Sethy,TUNGRO2_189,Tungro,Sethy,TUNGRO2_193,Tungro,hamming_dist_4,False
PERCEPTUAL_NEAR_DUP,Sethy,TUNGRO2_189,Tungro,Sethy,TUNGRO2_194,Tungro,hamming_dist_4,False
PERCEPTUAL_NEAR_DUP,Sethy,TUNGRO2_190,Tungro,Sethy,TUNGRO2_191,Tungro,hamming_dist_1,False
PERCEPTUAL_NEAR_DUP,Sethy,TUNGRO2_190,Tungro,Sethy,TUNGRO2_192,Tungro,hamming_dist_1,False
PERCEPTUAL_NEAR_DUP,Sethy,TUNGRO2_190,Tungro,Sethy,TUNGRO2_193,Tungro,hamming_dist_2,False
PERCEPTUAL_NEAR_DUP,Sethy,TUNGRO2_190,Tungro,Sethy,TUNGRO2_194,Tungro,hamming_dist_2,False
PERCEPTUAL_NEAR_DUP,Sethy,TUNGRO2_191,Tungro,Sethy,TUNGRO2_192,Tungro,hamming_dist_2,False
PERCEPTUAL_NEAR_DUP,Sethy,TUNGRO2_191,Tungro,Sethy,TUNGRO2_193,Tungro,hamming_dist_1,False
PERCEPTUAL_NEAR_DUP,Sethy,TUNGRO2_191,Tungro,Sethy,TUNGRO2_194,Tungro,hamming_dist_1,False
PERCEPTUAL_NEAR_DUP,Sethy,TUNGRO2_192,Tungro,Sethy,TUNGRO2_193,Tungro,hamming_dist_3,False
PERCEPTUAL_NEAR_DUP,Sethy,TUNGRO2_192,Tungro,Sethy,TUNGRO2_194,Tungro,hamming_dist_3,False
PERCEPTUAL_NEAR_DUP,Sethy,TUNGRO2_193,Tungro,Sethy,TUNGRO2_194,Tungro,hamming_dist_2,False
PERCEPTUAL_NEAR_DUP,Sethy,TUNGRO2_195,Tungro,Sethy,TUNGRO2_196,Tungro,hamming_dist_1,False
PERCEPTUAL_NEAR_DUP,Sethy,TUNGRO2_195,Tungro,Sethy,TUNGRO2_197,Tungro,hamming_dist_2,False
PERCEPTUAL_NEAR_DUP,Sethy,TUNGRO2_195,Tungro,Sethy,TUNGRO2_198,Tungro,hamming_dist_3,False
PERCEPTUAL_NEAR_DUP,Sethy,TUNGRO2_195,Tungro,Sethy,TUNGRO2_199,Tungro,hamming_dist_4,False
PERCEPTUAL_NEAR_DUP,Sethy,TUNGRO2_195,Tungro,Sethy,TUNGRO2_200,Tungro,hamming_dist_3,False
PERCEPTUAL_NEAR_DUP,Sethy,TUNGRO2_196,Tungro,Sethy,TUNGRO2_197,Tungro,hamming_dist_1,False
PERCEPTUAL_NEAR_DUP,Sethy,TUNGRO2_196,Tungro,Sethy,TUNGRO2_198,Tungro,hamming_dist_2,False
PERCEPTUAL_NEAR_DUP,Sethy,TUNGRO2_196,Tungro,Sethy,TUNGRO2_199,Tungro,hamming_dist_3,False
PERCEPTUAL_NEAR_DUP,Sethy,TUNGRO2_196,Tungro,Sethy,TUNGRO2_200,Tungro,hamming_dist_2,False
PERCEPTUAL_NEAR_DUP,Sethy,TUNGRO2_197,Tungro,Sethy,TUNGRO2_198,Tungro,hamming_dist_3,False
PERCEPTUAL_NEAR_DUP,Sethy,TUNGRO2_197,Tungro,Sethy,TUNGRO2_199,Tungro,hamming_dist_4,False
PERCEPTUAL_NEAR_DUP,Sethy,TUNGRO2_197,Tungro,Sethy,TUNGRO2_200,Tungro,hamming_dist_3,False
PERCEPTUAL_NEAR_DUP,Sethy,TUNGRO2_198,Tungro,Sethy,TUNGRO2_199,Tungro,hamming_dist_1,False
PERCEPTUAL_NEAR_DUP,Sethy,TUNGRO2_198,Tungro,Sethy,TUNGRO2_200,Tungro,hamming_dist_2,False
PERCEPTUAL_NEAR_DUP,Sethy,TUNGRO2_199,Tungro,Sethy,TUNGRO2_200,Tungro,hamming_dist_1,False
PERCEPTUAL_NEAR_DUP,Sethy,TUNGRO2_201,Tungro,Sethy,TUNGRO2_202,Tungro,hamming_dist_4,False
PERCEPTUAL_NEAR_DUP,Sethy,TUNGRO2_201,Tungro,Sethy,TUNGRO2_203,Tungro,hamming_dist_4,False
PERCEPTUAL_NEAR_DUP,Sethy,TUNGRO2_201,Tungro,Sethy,TUNGRO2_204,Tungro,hamming_dist_4,False
PERCEPTUAL_NEAR_DUP,Sethy,TUNGRO2_201,Tungro,Sethy,TUNGRO2_206,Tungro,hamming_dist_3,False
PERCEPTUAL_NEAR_DUP,Sethy,TUNGRO2_202,Tungro,Sethy,TUNGRO2_203,Tungro,hamming_dist_2,False
PERCEPTUAL_NEAR_DUP,Sethy,TUNGRO2_202,Tungro,Sethy,TUNGRO2_204,Tungro,hamming_dist_2,False
PERCEPTUAL_NEAR_DUP,Sethy,TUNGRO2_202,Tungro,Sethy,TUNGRO2_205,Tungro,hamming_dist_3,False
PERCEPTUAL_NEAR_DUP,Sethy,TUNGRO2_202,Tungro,Sethy,TUNGRO2_206,Tungro,hamming_dist_1,False
PERCEPTUAL_NEAR_DUP,Sethy,TUNGRO2_203,Tungro,Sethy,TUNGRO2_204,Tungro,hamming_dist_0,False
PERCEPTUAL_NEAR_DUP,Sethy,TUNGRO2_203,Tungro,Sethy,TUNGRO2_205,Tungro,hamming_dist_1,False
PERCEPTUAL_NEAR_DUP,Sethy,TUNGRO2_203,Tungro,Sethy,TUNGRO2_206,Tungro,hamming_dist_1,False
PERCEPTUAL_NEAR_DUP,Sethy,TUNGRO2_204,Tungro,Sethy,TUNGRO2_205,Tungro,hamming_dist_1,False
PERCEPTUAL_NEAR_DUP,Sethy,TUNGRO2_204,Tungro,Sethy,TUNGRO2_206,Tungro,hamming_dist_1,False
PERCEPTUAL_NEAR_DUP,Sethy,TUNGRO2_205,Tungro,Sethy,TUNGRO2_206,Tungro,hamming_dist_2,False
PERCEPTUAL_NEAR_DUP,Sethy,TUNGRO2_207,Tungro,Sethy,TUNGRO2_208,Tungro,hamming_dist_1,False
PERCEPTUAL_NEAR_DUP,Sethy,TUNGRO2_207,Tungro,Sethy,TUNGRO2_209,Tungro,hamming_dist_1,False
PERCEPTUAL_NEAR_DUP,Sethy,TUNGRO2_207,Tungro,Sethy,TUNGRO2_210,Tungro,hamming_dist_2,False
PERCEPTUAL_NEAR_DUP,Sethy,TUNGRO2_207,Tungro,Sethy,TUNGRO2_211,Tungro,hamming_dist_4,False
PERCEPTUAL_NEAR_DUP,Sethy,TUNGRO2_207,Tungro,Sethy,TUNGRO2_212,Tungro,hamming_dist_3,False
PERCEPTUAL_NEAR_DUP,Sethy,TUNGRO2_208,Tungro,Sethy,TUNGRO2_209,Tungro,hamming_dist_2,False
PERCEPTUAL_NEAR_DUP,Sethy,TUNGRO2_208,Tungro,Sethy,TUNGRO2_210,Tungro,hamming_dist_3,False
PERCEPTUAL_NEAR_DUP,Sethy,TUNGRO2_208,Tungro,Sethy,TUNGRO2_211,Tungro,hamming_dist_3,False
PERCEPTUAL_NEAR_DUP,Sethy,TUNGRO2_208,Tungro,Sethy,TUNGRO2_212,Tungro,hamming_dist_4,False
PERCEPTUAL_NEAR_DUP,Sethy,TUNGRO2_209,Tungro,Sethy,TUNGRO2_210,Tungro,hamming_dist_3,False
PERCEPTUAL_NEAR_DUP,Sethy,TUNGRO2_209,Tungro,Sethy,TUNGRO2_212,Tungro,hamming_dist_2,False
PERCEPTUAL_NEAR_DUP,Sethy,TUNGRO2_210,Tungro,Sethy,TUNGRO2_211,Tungro,hamming_dist_2,False
PERCEPTUAL_NEAR_DUP,Sethy,TUNGRO2_210,Tungro,Sethy,TUNGRO2_212,Tungro,hamming_dist_3,False
PERCEPTUAL_NEAR_DUP,Sethy,TUNGRO2_211,Tungro,Sethy,TUNGRO2_212,Tungro,hamming_dist_3,False
PERCEPTUAL_NEAR_DUP,Sethy,TUNGRO2_214,Tungro,Sethy,TUNGRO2_215,Tungro,hamming_dist_2,False
PERCEPTUAL_NEAR_DUP,Sethy,TUNGRO2_214,Tungro,Sethy,TUNGRO2_216,Tungro,hamming_dist_4,False
PERCEPTUAL_NEAR_DUP,Sethy,TUNGRO2_215,Tungro,Sethy,TUNGRO2_216,Tungro,hamming_dist_2,False
PERCEPTUAL_NEAR_DUP,Sethy,TUNGRO2_215,Tungro,Sethy,TUNGRO2_217,Tungro,hamming_dist_4,False
PERCEPTUAL_NEAR_DUP,Sethy,TUNGRO2_215,Tungro,Sethy,TUNGRO2_218,Tungro,hamming_dist_4,False
PERCEPTUAL_NEAR_DUP,Sethy,TUNGRO2_215,Tungro,Sethy,TUNGRO2_219,Tungro,hamming_dist_4,False
PERCEPTUAL_NEAR_DUP,Sethy,TUNGRO2_216,Tungro,Sethy,TUNGRO2_217,Tungro,hamming_dist_2,False
PERCEPTUAL_NEAR_DUP,Sethy,TUNGRO2_216,Tungro,Sethy,TUNGRO2_218,Tungro,hamming_dist_2,False
PERCEPTUAL_NEAR_DUP,Sethy,TUNGRO2_216,Tungro,Sethy,TUNGRO2_219,Tungro,hamming_dist_2,False
PERCEPTUAL_NEAR_DUP,Sethy,TUNGRO2_216,Tungro,Sethy,TUNGRO2_220,Tungro,hamming_dist_3,False
PERCEPTUAL_NEAR_DUP,Sethy,TUNGRO2_217,Tungro,Sethy,TUNGRO2_218,Tungro,hamming_dist_0,False
PERCEPTUAL_NEAR_DUP,Sethy,TUNGRO2_217,Tungro,Sethy,TUNGRO2_219,Tungro,hamming_dist_0,False
PERCEPTUAL_NEAR_DUP,Sethy,TUNGRO2_217,Tungro,Sethy,TUNGRO2_220,Tungro,hamming_dist_3,False
PERCEPTUAL_NEAR_DUP,Sethy,TUNGRO2_217,Tungro,Sethy,TUNGRO2_221,Tungro,hamming_dist_4,False
PERCEPTUAL_NEAR_DUP,Sethy,TUNGRO2_218,Tungro,Sethy,TUNGRO2_219,Tungro,hamming_dist_0,False
PERCEPTUAL_NEAR_DUP,Sethy,TUNGRO2_218,Tungro,Sethy,TUNGRO2_220,Tungro,hamming_dist_3,False
PERCEPTUAL_NEAR_DUP,Sethy,TUNGRO2_218,Tungro,Sethy,TUNGRO2_221,Tungro,hamming_dist_4,False
PERCEPTUAL_NEAR_DUP,Sethy,TUNGRO2_219,Tungro,Sethy,TUNGRO2_220,Tungro,hamming_dist_3,False
PERCEPTUAL_NEAR_DUP,Sethy,TUNGRO2_219,Tungro,Sethy,TUNGRO2_221,Tungro,hamming_dist_4,False
PERCEPTUAL_NEAR_DUP,Sethy,TUNGRO2_220,Tungro,Sethy,TUNGRO2_221,Tungro,hamming_dist_3,False
PERCEPTUAL_NEAR_DUP,Sethy,TUNGRO2_222,Tungro,Sethy,TUNGRO2_223,Tungro,hamming_dist_3,False
PERCEPTUAL_NEAR_DUP,Sethy,TUNGRO2_223,Tungro,Sethy,TUNGRO2_224,Tungro,hamming_dist_4,False
PERCEPTUAL_NEAR_DUP,Sethy,TUNGRO2_223,Tungro,Sethy,TUNGRO2_228,Tungro,hamming_dist_4,False
PERCEPTUAL_NEAR_DUP,Sethy,TUNGRO2_224,Tungro,Sethy,TUNGRO2_228,Tungro,hamming_dist_2,False
PERCEPTUAL_NEAR_DUP,Sethy,TUNGRO2_225,Tungro,Sethy,TUNGRO2_226,Tungro,hamming_dist_0,False
PERCEPTUAL_NEAR_DUP,Sethy,TUNGRO2_225,Tungro,Sethy,TUNGRO2_227,Tungro,hamming_dist_2,False
PERCEPTUAL_NEAR_DUP,Sethy,TUNGRO2_226,Tungro,Sethy,TUNGRO2_227,Tungro,hamming_dist_2,False
PERCEPTUAL_NEAR_DUP,Sethy,TUNGRO2_227,Tungro,Sethy,TUNGRO2_228,Tungro,hamming_dist_3,False
PERCEPTUAL_NEAR_DUP,Sethy,TUNGRO2_227,Tungro,Sethy,TUNGRO2_231,Tungro,hamming_dist_4,False
PERCEPTUAL_NEAR_DUP,Sethy,TUNGRO2_228,Tungro,Sethy,TUNGRO2_229,Tungro,hamming_dist_3,False
PERCEPTUAL_NEAR_DUP,Sethy,TUNGRO2_228,Tungro,Sethy,TUNGRO2_230,Tungro,hamming_dist_3,False
PERCEPTUAL_NEAR_DUP,Sethy,TUNGRO2_229,Tungro,Sethy,TUNGRO2_230,Tungro,hamming_dist_0,False
PERCEPTUAL_NEAR_DUP,Sethy,TUNGRO2_232,Tungro,Sethy,TUNGRO2_233,Tungro,hamming_dist_2,False
PERCEPTUAL_NEAR_DUP,Sethy,TUNGRO2_232,Tungro,Sethy,TUNGRO2_234,Tungro,hamming_dist_1,False
PERCEPTUAL_NEAR_DUP,Sethy,TUNGRO2_232,Tungro,Sethy,TUNGRO2_235,Tungro,hamming_dist_4,False
PERCEPTUAL_NEAR_DUP,Sethy,TUNGRO2_233,Tungro,Sethy,TUNGRO2_234,Tungro,hamming_dist_3,False
PERCEPTUAL_NEAR_DUP,Sethy,TUNGRO2_233,Tungro,Sethy,TUNGRO2_235,Tungro,hamming_dist_2,False
PERCEPTUAL_NEAR_DUP,Sethy,TUNGRO2_236,Tungro,Sethy,TUNGRO2_237,Tungro,hamming_dist_1,False
PERCEPTUAL_NEAR_DUP,Sethy,TUNGRO2_236,Tungro,Sethy,TUNGRO2_238,Tungro,hamming_dist_1,False
PERCEPTUAL_NEAR_DUP,Sethy,TUNGRO2_236,Tungro,Sethy,TUNGRO2_239,Tungro,hamming_dist_3,False
PERCEPTUAL_NEAR_DUP,Sethy,TUNGRO2_236,Tungro,Sethy,TUNGRO2_240,Tungro,hamming_dist_2,False
PERCEPTUAL_NEAR_DUP,Sethy,TUNGRO2_237,Tungro,Sethy,TUNGRO2_238,Tungro,hamming_dist_0,False
PERCEPTUAL_NEAR_DUP,Sethy,TUNGRO2_237,Tungro,Sethy,TUNGRO2_239,Tungro,hamming_dist_2,False
PERCEPTUAL_NEAR_DUP,Sethy,TUNGRO2_237,Tungro,Sethy,TUNGRO2_240,Tungro,hamming_dist_1,False
PERCEPTUAL_NEAR_DUP,Sethy,TUNGRO2_238,Tungro,Sethy,TUNGRO2_239,Tungro,hamming_dist_2,False
PERCEPTUAL_NEAR_DUP,Sethy,TUNGRO2_238,Tungro,Sethy,TUNGRO2_240,Tungro,hamming_dist_1,False
PERCEPTUAL_NEAR_DUP,Sethy,TUNGRO2_239,Tungro,Sethy,TUNGRO2_240,Tungro,hamming_dist_1,False
PERCEPTUAL_NEAR_DUP,Sethy,TUNGRO2_241,Tungro,Sethy,TUNGRO2_242,Tungro,hamming_dist_0,False
PERCEPTUAL_NEAR_DUP,Sethy,TUNGRO2_241,Tungro,Sethy,TUNGRO2_243,Tungro,hamming_dist_1,False
PERCEPTUAL_NEAR_DUP,Sethy,TUNGRO2_241,Tungro,Sethy,TUNGRO2_244,Tungro,hamming_dist_3,False
PERCEPTUAL_NEAR_DUP,Sethy,TUNGRO2_241,Tungro,Sethy,TUNGRO2_245,Tungro,hamming_dist_3,False
PERCEPTUAL_NEAR_DUP,Sethy,TUNGRO2_241,Tungro,Sethy,TUNGRO2_246,Tungro,hamming_dist_3,False
PERCEPTUAL_NEAR_DUP,Sethy,TUNGRO2_241,Tungro,Sethy,TUNGRO2_247,Tungro,hamming_dist_4,False
PERCEPTUAL_NEAR_DUP,Sethy,TUNGRO2_242,Tungro,Sethy,TUNGRO2_243,Tungro,hamming_dist_1,False
PERCEPTUAL_NEAR_DUP,Sethy,TUNGRO2_242,Tungro,Sethy,TUNGRO2_244,Tungro,hamming_dist_3,False
PERCEPTUAL_NEAR_DUP,Sethy,TUNGRO2_242,Tungro,Sethy,TUNGRO2_245,Tungro,hamming_dist_3,False
PERCEPTUAL_NEAR_DUP,Sethy,TUNGRO2_242,Tungro,Sethy,TUNGRO2_246,Tungro,hamming_dist_3,False
PERCEPTUAL_NEAR_DUP,Sethy,TUNGRO2_242,Tungro,Sethy,TUNGRO2_247,Tungro,hamming_dist_4,False
PERCEPTUAL_NEAR_DUP,Sethy,TUNGRO2_243,Tungro,Sethy,TUNGRO2_244,Tungro,hamming_dist_2,False
PERCEPTUAL_NEAR_DUP,Sethy,TUNGRO2_243,Tungro,Sethy,TUNGRO2_245,Tungro,hamming_dist_2,False
PERCEPTUAL_NEAR_DUP,Sethy,TUNGRO2_243,Tungro,Sethy,TUNGRO2_246,Tungro,hamming_dist_2,False
PERCEPTUAL_NEAR_DUP,Sethy,TUNGRO2_243,Tungro,Sethy,TUNGRO2_247,Tungro,hamming_dist_3,False
PERCEPTUAL_NEAR_DUP,Sethy,TUNGRO2_244,Tungro,Sethy,TUNGRO2_245,Tungro,hamming_dist_2,False
PERCEPTUAL_NEAR_DUP,Sethy,TUNGRO2_244,Tungro,Sethy,TUNGRO2_246,Tungro,hamming_dist_2,False
PERCEPTUAL_NEAR_DUP,Sethy,TUNGRO2_244,Tungro,Sethy,TUNGRO2_247,Tungro,hamming_dist_3,False
PERCEPTUAL_NEAR_DUP,Sethy,TUNGRO2_245,Tungro,Sethy,TUNGRO2_246,Tungro,hamming_dist_2,False
PERCEPTUAL_NEAR_DUP,Sethy,TUNGRO2_245,Tungro,Sethy,TUNGRO2_247,Tungro,hamming_dist_1,False
PERCEPTUAL_NEAR_DUP,Sethy,TUNGRO2_246,Tungro,Sethy,TUNGRO2_247,Tungro,hamming_dist_3,False
PERCEPTUAL_NEAR_DUP,Sethy,TUNGRO2_246,Tungro,Sethy,TUNGRO2_248,Tungro,hamming_dist_4,False
PERCEPTUAL_NEAR_DUP,Sethy,TUNGRO2_251,Tungro,Sethy,TUNGRO2_252,Tungro,hamming_dist_1,False
PERCEPTUAL_NEAR_DUP,Sethy,TUNGRO2_251,Tungro,Sethy,TUNGRO2_253,Tungro,hamming_dist_2,False
PERCEPTUAL_NEAR_DUP,Sethy,TUNGRO2_251,Tungro,Sethy,TUNGRO2_254,Tungro,hamming_dist_1,False
PERCEPTUAL_NEAR_DUP,Sethy,TUNGRO2_251,Tungro,Sethy,TUNGRO2_255,Tungro,hamming_dist_2,False
PERCEPTUAL_NEAR_DUP,Sethy,TUNGRO2_251,Tungro,Sethy,TUNGRO2_256,Tungro,hamming_dist_1,False
PERCEPTUAL_NEAR_DUP,Sethy,TUNGRO2_252,Tungro,Sethy,TUNGRO2_253,Tungro,hamming_dist_3,False
PERCEPTUAL_NEAR_DUP,Sethy,TUNGRO2_252,Tungro,Sethy,TUNGRO2_254,Tungro,hamming_dist_2,False
PERCEPTUAL_NEAR_DUP,Sethy,TUNGRO2_252,Tungro,Sethy,TUNGRO2_255,Tungro,hamming_dist_3,False
PERCEPTUAL_NEAR_DUP,Sethy,TUNGRO2_252,Tungro,Sethy,TUNGRO2_256,Tungro,hamming_dist_2,False
PERCEPTUAL_NEAR_DUP,Sethy,TUNGRO2_253,Tungro,Sethy,TUNGRO2_254,Tungro,hamming_dist_1,False
PERCEPTUAL_NEAR_DUP,Sethy,TUNGRO2_253,Tungro,Sethy,TUNGRO2_255,Tungro,hamming_dist_2,False
PERCEPTUAL_NEAR_DUP,Sethy,TUNGRO2_253,Tungro,Sethy,TUNGRO2_256,Tungro,hamming_dist_1,False
PERCEPTUAL_NEAR_DUP,Sethy,TUNGRO2_254,Tungro,Sethy,TUNGRO2_255,Tungro,hamming_dist_1,False
PERCEPTUAL_NEAR_DUP,Sethy,TUNGRO2_254,Tungro,Sethy,TUNGRO2_256,Tungro,hamming_dist_0,False
PERCEPTUAL_NEAR_DUP,Sethy,TUNGRO2_255,Tungro,Sethy,TUNGRO2_256,Tungro,hamming_dist_1,False
PERCEPTUAL_NEAR_DUP,Sethy,TUNGRO2_257,Tungro,Sethy,TUNGRO2_258,Tungro,hamming_dist_3,False
PERCEPTUAL_NEAR_DUP,Sethy,TUNGRO2_257,Tungro,Sethy,TUNGRO2_259,Tungro,hamming_dist_4,False
PERCEPTUAL_NEAR_DUP,Sethy,TUNGRO2_257,Tungro,Sethy,TUNGRO2_261,Tungro,hamming_dist_4,False
PERCEPTUAL_NEAR_DUP,Sethy,TUNGRO2_257,Tungro,Sethy,TUNGRO2_262,Tungro,hamming_dist_4,False
PERCEPTUAL_NEAR_DUP,Sethy,TUNGRO2_257,Tungro,Sethy,TUNGRO2_263,Tungro,hamming_dist_4,False
PERCEPTUAL_NEAR_DUP,Sethy,TUNGRO2_257,Tungro,Sethy,TUNGRO2_265,Tungro,hamming_dist_4,False
PERCEPTUAL_NEAR_DUP,Sethy,TUNGRO2_258,Tungro,Sethy,TUNGRO2_259,Tungro,hamming_dist_1,False
PERCEPTUAL_NEAR_DUP,Sethy,TUNGRO2_258,Tungro,Sethy,TUNGRO2_260,Tungro,hamming_dist_3,False
PERCEPTUAL_NEAR_DUP,Sethy,TUNGRO2_258,Tungro,Sethy,TUNGRO2_261,Tungro,hamming_dist_1,False
PERCEPTUAL_NEAR_DUP,Sethy,TUNGRO2_258,Tungro,Sethy,TUNGRO2_262,Tungro,hamming_dist_1,False
PERCEPTUAL_NEAR_DUP,Sethy,TUNGRO2_258,Tungro,Sethy,TUNGRO2_263,Tungro,hamming_dist_1,False
PERCEPTUAL_NEAR_DUP,Sethy,TUNGRO2_258,Tungro,Sethy,TUNGRO2_264,Tungro,hamming_dist_3,False
PERCEPTUAL_NEAR_DUP,Sethy,TUNGRO2_258,Tungro,Sethy,TUNGRO2_265,Tungro,hamming_dist_1,False
PERCEPTUAL_NEAR_DUP,Sethy,TUNGRO2_258,Tungro,Sethy,TUNGRO2_266,Tungro,hamming_dist_4,False
PERCEPTUAL_NEAR_DUP,Sethy,TUNGRO2_258,Tungro,Sethy,TUNGRO2_268,Tungro,hamming_dist_4,False
PERCEPTUAL_NEAR_DUP,Sethy,TUNGRO2_259,Tungro,Sethy,TUNGRO2_260,Tungro,hamming_dist_4,False
PERCEPTUAL_NEAR_DUP,Sethy,TUNGRO2_259,Tungro,Sethy,TUNGRO2_261,Tungro,hamming_dist_2,False
PERCEPTUAL_NEAR_DUP,Sethy,TUNGRO2_259,Tungro,Sethy,TUNGRO2_262,Tungro,hamming_dist_2,False
PERCEPTUAL_NEAR_DUP,Sethy,TUNGRO2_259,Tungro,Sethy,TUNGRO2_263,Tungro,hamming_dist_2,False
PERCEPTUAL_NEAR_DUP,Sethy,TUNGRO2_259,Tungro,Sethy,TUNGRO2_264,Tungro,hamming_dist_2,False
PERCEPTUAL_NEAR_DUP,Sethy,TUNGRO2_259,Tungro,Sethy,TUNGRO2_265,Tungro,hamming_dist_2,False
PERCEPTUAL_NEAR_DUP,Sethy,TUNGRO2_259,Tungro,Sethy,TUNGRO2_266,Tungro,hamming_dist_3,False
PERCEPTUAL_NEAR_DUP,Sethy,TUNGRO2_260,Tungro,Sethy,TUNGRO2_261,Tungro,hamming_dist_2,False
PERCEPTUAL_NEAR_DUP,Sethy,TUNGRO2_260,Tungro,Sethy,TUNGRO2_262,Tungro,hamming_dist_2,False
PERCEPTUAL_NEAR_DUP,Sethy,TUNGRO2_260,Tungro,Sethy,TUNGRO2_263,Tungro,hamming_dist_2,False
PERCEPTUAL_NEAR_DUP,Sethy,TUNGRO2_260,Tungro,Sethy,TUNGRO2_264,Tungro,hamming_dist_4,False
PERCEPTUAL_NEAR_DUP,Sethy,TUNGRO2_260,Tungro,Sethy,TUNGRO2_265,Tungro,hamming_dist_2,False
PERCEPTUAL_NEAR_DUP,Sethy,TUNGRO2_260,Tungro,Sethy,TUNGRO2_267,Tungro,hamming_dist_4,False
PERCEPTUAL_NEAR_DUP,Sethy,TUNGRO2_261,Tungro,Sethy,TUNGRO2_262,Tungro,hamming_dist_0,False
PERCEPTUAL_NEAR_DUP,Sethy,TUNGRO2_261,Tungro,Sethy,TUNGRO2_263,Tungro,hamming_dist_0,False
PERCEPTUAL_NEAR_DUP,Sethy,TUNGRO2_261,Tungro,Sethy,TUNGRO2_264,Tungro,hamming_dist_2,False
PERCEPTUAL_NEAR_DUP,Sethy,TUNGRO2_261,Tungro,Sethy,TUNGRO2_265,Tungro,hamming_dist_0,False
PERCEPTUAL_NEAR_DUP,Sethy,TUNGRO2_261,Tungro,Sethy,TUNGRO2_266,Tungro,hamming_dist_3,False
PERCEPTUAL_NEAR_DUP,Sethy,TUNGRO2_261,Tungro,Sethy,TUNGRO2_267,Tungro,hamming_dist_4,False
PERCEPTUAL_NEAR_DUP,Sethy,TUNGRO2_261,Tungro,Sethy,TUNGRO2_268,Tungro,hamming_dist_3,False
PERCEPTUAL_NEAR_DUP,Sethy,TUNGRO2_262,Tungro,Sethy,TUNGRO2_263,Tungro,hamming_dist_0,False
PERCEPTUAL_NEAR_DUP,Sethy,TUNGRO2_262,Tungro,Sethy,TUNGRO2_264,Tungro,hamming_dist_2,False
PERCEPTUAL_NEAR_DUP,Sethy,TUNGRO2_262,Tungro,Sethy,TUNGRO2_265,Tungro,hamming_dist_0,False
PERCEPTUAL_NEAR_DUP,Sethy,TUNGRO2_262,Tungro,Sethy,TUNGRO2_266,Tungro,hamming_dist_3,False
PERCEPTUAL_NEAR_DUP,Sethy,TUNGRO2_262,Tungro,Sethy,TUNGRO2_267,Tungro,hamming_dist_4,False
PERCEPTUAL_NEAR_DUP,Sethy,TUNGRO2_262,Tungro,Sethy,TUNGRO2_268,Tungro,hamming_dist_3,False
PERCEPTUAL_NEAR_DUP,Sethy,TUNGRO2_263,Tungro,Sethy,TUNGRO2_264,Tungro,hamming_dist_2,False
PERCEPTUAL_NEAR_DUP,Sethy,TUNGRO2_263,Tungro,Sethy,TUNGRO2_265,Tungro,hamming_dist_0,False
PERCEPTUAL_NEAR_DUP,Sethy,TUNGRO2_263,Tungro,Sethy,TUNGRO2_266,Tungro,hamming_dist_3,False
PERCEPTUAL_NEAR_DUP,Sethy,TUNGRO2_263,Tungro,Sethy,TUNGRO2_267,Tungro,hamming_dist_4,False
PERCEPTUAL_NEAR_DUP,Sethy,TUNGRO2_263,Tungro,Sethy,TUNGRO2_268,Tungro,hamming_dist_3,False
PERCEPTUAL_NEAR_DUP,Sethy,TUNGRO2_264,Tungro,Sethy,TUNGRO2_265,Tungro,hamming_dist_2,False
PERCEPTUAL_NEAR_DUP,Sethy,TUNGRO2_264,Tungro,Sethy,TUNGRO2_266,Tungro,hamming_dist_1,False
PERCEPTUAL_NEAR_DUP,Sethy,TUNGRO2_264,Tungro,Sethy,TUNGRO2_267,Tungro,hamming_dist_4,False
PERCEPTUAL_NEAR_DUP,Sethy,TUNGRO2_265,Tungro,Sethy,TUNGRO2_266,Tungro,hamming_dist_3,False
PERCEPTUAL_NEAR_DUP,Sethy,TUNGRO2_265,Tungro,Sethy,TUNGRO2_267,Tungro,hamming_dist_4,False
PERCEPTUAL_NEAR_DUP,Sethy,TUNGRO2_265,Tungro,Sethy,TUNGRO2_268,Tungro,hamming_dist_3,False
PERCEPTUAL_NEAR_DUP,Sethy,TUNGRO2_266,Tungro,Sethy,TUNGRO2_267,Tungro,hamming_dist_3,False
PERCEPTUAL_NEAR_DUP,Sethy,TUNGRO2_266,Tungro,Sethy,TUNGRO2_268,Tungro,hamming_dist_4,False
PERCEPTUAL_NEAR_DUP,Sethy,TUNGRO2_267,Tungro,Sethy,TUNGRO2_268,Tungro,hamming_dist_3,False
PERCEPTUAL_NEAR_DUP,Sethy,TUNGRO2_271,Tungro,Sethy,TUNGRO2_272,Tungro,hamming_dist_1,False
PERCEPTUAL_NEAR_DUP,Sethy,TUNGRO2_271,Tungro,Sethy,TUNGRO2_273,Tungro,hamming_dist_2,False
PERCEPTUAL_NEAR_DUP,Sethy,TUNGRO2_271,Tungro,Sethy,TUNGRO2_274,Tungro,hamming_dist_2,False
PERCEPTUAL_NEAR_DUP,Sethy,TUNGRO2_271,Tungro,Sethy,TUNGRO2_275,Tungro,hamming_dist_4,False
PERCEPTUAL_NEAR_DUP,Sethy,TUNGRO2_271,Tungro,Sethy,TUNGRO2_277,Tungro,hamming_dist_3,False
PERCEPTUAL_NEAR_DUP,Sethy,TUNGRO2_272,Tungro,Sethy,TUNGRO2_273,Tungro,hamming_dist_1,False
PERCEPTUAL_NEAR_DUP,Sethy,TUNGRO2_272,Tungro,Sethy,TUNGRO2_274,Tungro,hamming_dist_1,False
PERCEPTUAL_NEAR_DUP,Sethy,TUNGRO2_272,Tungro,Sethy,TUNGRO2_275,Tungro,hamming_dist_3,False
PERCEPTUAL_NEAR_DUP,Sethy,TUNGRO2_272,Tungro,Sethy,TUNGRO2_276,Tungro,hamming_dist_4,False
PERCEPTUAL_NEAR_DUP,Sethy,TUNGRO2_272,Tungro,Sethy,TUNGRO2_277,Tungro,hamming_dist_2,False
PERCEPTUAL_NEAR_DUP,Sethy,TUNGRO2_273,Tungro,Sethy,TUNGRO2_274,Tungro,hamming_dist_0,False
PERCEPTUAL_NEAR_DUP,Sethy,TUNGRO2_273,Tungro,Sethy,TUNGRO2_275,Tungro,hamming_dist_2,False
PERCEPTUAL_NEAR_DUP,Sethy,TUNGRO2_273,Tungro,Sethy,TUNGRO2_276,Tungro,hamming_dist_3,False
PERCEPTUAL_NEAR_DUP,Sethy,TUNGRO2_273,Tungro,Sethy,TUNGRO2_277,Tungro,hamming_dist_1,False
PERCEPTUAL_NEAR_DUP,Sethy,TUNGRO2_274,Tungro,Sethy,TUNGRO2_275,Tungro,hamming_dist_2,False
PERCEPTUAL_NEAR_DUP,Sethy,TUNGRO2_274,Tungro,Sethy,TUNGRO2_276,Tungro,hamming_dist_3,False
PERCEPTUAL_NEAR_DUP,Sethy,TUNGRO2_274,Tungro,Sethy,TUNGRO2_277,Tungro,hamming_dist_1,False
PERCEPTUAL_NEAR_DUP,Sethy,TUNGRO2_275,Tungro,Sethy,TUNGRO2_276,Tungro,hamming_dist_1,False
PERCEPTUAL_NEAR_DUP,Sethy,TUNGRO2_275,Tungro,Sethy,TUNGRO2_277,Tungro,hamming_dist_1,False
PERCEPTUAL_NEAR_DUP,Sethy,TUNGRO2_276,Tungro,Sethy,TUNGRO2_277,Tungro,hamming_dist_2,False
PERCEPTUAL_NEAR_DUP,Sethy,TUNGRO3_005,Tungro,Sethy,TUNGRO3_006,Tungro,hamming_dist_3,False
PERCEPTUAL_NEAR_DUP,Sethy,TUNGRO3_008,Tungro,Sethy,TUNGRO3_009,Tungro,hamming_dist_4,False
PERCEPTUAL_NEAR_DUP,Sethy,TUNGRO3_015,Tungro,Sethy,TUNGRO3_016,Tungro,hamming_dist_3,False
PERCEPTUAL_NEAR_DUP,Sethy,TUNGRO3_017,Tungro,Sethy,TUNGRO3_018,Tungro,hamming_dist_2,False
PERCEPTUAL_NEAR_DUP,Sethy,TUNGRO3_017,Tungro,Sethy,TUNGRO3_019,Tungro,hamming_dist_3,False
PERCEPTUAL_NEAR_DUP,Sethy,TUNGRO3_017,Tungro,Sethy,TUNGRO3_020,Tungro,hamming_dist_4,False
PERCEPTUAL_NEAR_DUP,Sethy,TUNGRO3_017,Tungro,Sethy,TUNGRO3_021,Tungro,hamming_dist_4,False
PERCEPTUAL_NEAR_DUP,Sethy,TUNGRO3_018,Tungro,Sethy,TUNGRO3_019,Tungro,hamming_dist_1,False
PERCEPTUAL_NEAR_DUP,Sethy,TUNGRO3_020,Tungro,Sethy,TUNGRO3_021,Tungro,hamming_dist_4,False
PERCEPTUAL_NEAR_DUP,Sethy,TUNGRO3_028,Tungro,Sethy,TUNGRO3_029,Tungro,hamming_dist_3,False
PERCEPTUAL_NEAR_DUP,Sethy,TUNGRO3_028,Tungro,Sethy,TUNGRO3_030,Tungro,hamming_dist_2,False
PERCEPTUAL_NEAR_DUP,Sethy,TUNGRO3_029,Tungro,Sethy,TUNGRO3_030,Tungro,hamming_dist_3,False
PERCEPTUAL_NEAR_DUP,Sethy,TUNGRO3_031,Tungro,Sethy,TUNGRO3_034,Tungro,hamming_dist_3,False
PERCEPTUAL_NEAR_DUP,Sethy,TUNGRO3_038,Tungro,Sethy,TUNGRO3_039,Tungro,hamming_dist_4,False
PERCEPTUAL_NEAR_DUP,Sethy,TUNGRO3_039,Tungro,Sethy,TUNGRO3_040,Tungro,hamming_dist_2,False
PERCEPTUAL_NEAR_DUP,Sethy,TUNGRO3_044,Tungro,Sethy,TUNGRO3_045,Tungro,hamming_dist_2,False
PERCEPTUAL_NEAR_DUP,Sethy,TUNGRO3_048,Tungro,Sethy,TUNGRO3_050,Tungro,hamming_dist_4,False
PERCEPTUAL_NEAR_DUP,Sethy,TUNGRO3_049,Tungro,Sethy,TUNGRO3_050,Tungro,hamming_dist_1,False
PERCEPTUAL_NEAR_DUP,Sethy,TUNGRO3_057,Tungro,Sethy,TUNGRO3_058,Tungro,hamming_dist_2,False
PERCEPTUAL_NEAR_DUP,Sethy,TUNGRO3_057,Tungro,Sethy,TUNGRO3_059,Tungro,hamming_dist_4,False
PERCEPTUAL_NEAR_DUP,Sethy,TUNGRO3_058,Tungro,Sethy,TUNGRO3_059,Tungro,hamming_dist_2,False
PERCEPTUAL_NEAR_DUP,Sethy,TUNGRO3_062,Tungro,Sethy,TUNGRO3_063,Tungro,hamming_dist_1,False
PERCEPTUAL_NEAR_DUP,Sethy,TUNGRO3_062,Tungro,Sethy,TUNGRO3_064,Tungro,hamming_dist_4,False
PERCEPTUAL_NEAR_DUP,Sethy,TUNGRO3_068,Tungro,Sethy,TUNGRO3_069,Tungro,hamming_dist_4,False
PERCEPTUAL_NEAR_DUP,Sethy,TUNGRO3_069,Tungro,Sethy,TUNGRO3_070,Tungro,hamming_dist_4,False
PERCEPTUAL_NEAR_DUP,Sethy,TUNGRO3_070,Tungro,Sethy,TUNGRO3_071,Tungro,hamming_dist_4,False
PERCEPTUAL_NEAR_DUP,Sethy,TUNGRO3_071,Tungro,Sethy,TUNGRO3_072,Tungro,hamming_dist_2,False
PERCEPTUAL_NEAR_DUP,Sethy,TUNGRO3_075,Tungro,Sethy,TUNGRO3_076,Tungro,hamming_dist_4,False
PERCEPTUAL_NEAR_DUP,Sethy,TUNGRO3_080,Tungro,Sethy,TUNGRO3_081,Tungro,hamming_dist_3,False
PERCEPTUAL_NEAR_DUP,Sethy,TUNGRO3_083,Tungro,Sethy,TUNGRO3_084,Tungro,hamming_dist_4,False
PERCEPTUAL_NEAR_DUP,Sethy,TUNGRO3_085,Tungro,Sethy,TUNGRO3_086,Tungro,hamming_dist_2,False
PERCEPTUAL_NEAR_DUP,Sethy,TUNGRO3_085,Tungro,Sethy,TUNGRO3_087,Tungro,hamming_dist_2,False
PERCEPTUAL_NEAR_DUP,Sethy,TUNGRO3_086,Tungro,Sethy,TUNGRO3_087,Tungro,hamming_dist_0,False
PERCEPTUAL_NEAR_DUP,Sethy,TUNGRO3_091,Tungro,Sethy,TUNGRO3_092,Tungro,hamming_dist_2,False
PERCEPTUAL_NEAR_DUP,Sethy,TUNGRO3_091,Tungro,Sethy,TUNGRO3_093,Tungro,hamming_dist_4,False
PERCEPTUAL_NEAR_DUP,Sethy,TUNGRO3_092,Tungro,Sethy,TUNGRO3_093,Tungro,hamming_dist_2,False
PERCEPTUAL_NEAR_DUP,Sethy,TUNGRO3_093,Tungro,Sethy,TUNGRO3_094,Tungro,hamming_dist_4,False
PERCEPTUAL_NEAR_DUP,Sethy,TUNGRO3_093,Tungro,Sethy,TUNGRO3_095,Tungro,hamming_dist_4,False
PERCEPTUAL_NEAR_DUP,Sethy,TUNGRO3_093,Tungro,Sethy,TUNGRO3_096,Tungro,hamming_dist_3,False
PERCEPTUAL_NEAR_DUP,Sethy,TUNGRO3_094,Tungro,Sethy,TUNGRO3_095,Tungro,hamming_dist_0,False
PERCEPTUAL_NEAR_DUP,Sethy,TUNGRO3_094,Tungro,Sethy,TUNGRO3_096,Tungro,hamming_dist_1,False
PERCEPTUAL_NEAR_DUP,Sethy,TUNGRO3_094,Tungro,Sethy,TUNGRO3_097,Tungro,hamming_dist_2,False
PERCEPTUAL_NEAR_DUP,Sethy,TUNGRO3_094,Tungro,Sethy,TUNGRO3_098,Tungro,hamming_dist_3,False
PERCEPTUAL_NEAR_DUP,Sethy,TUNGRO3_095,Tungro,Sethy,TUNGRO3_096,Tungro,hamming_dist_1,False
PERCEPTUAL_NEAR_DUP,Sethy,TUNGRO3_095,Tungro,Sethy,TUNGRO3_097,Tungro,hamming_dist_2,False
PERCEPTUAL_NEAR_DUP,Sethy,TUNGRO3_095,Tungro,Sethy,TUNGRO3_098,Tungro,hamming_dist_3,False
PERCEPTUAL_NEAR_DUP,Sethy,TUNGRO3_096,Tungro,Sethy,TUNGRO3_097,Tungro,hamming_dist_3,False
PERCEPTUAL_NEAR_DUP,Sethy,TUNGRO3_096,Tungro,Sethy,TUNGRO3_098,Tungro,hamming_dist_4,False
PERCEPTUAL_NEAR_DUP,Sethy,TUNGRO3_097,Tungro,Sethy,TUNGRO3_098,Tungro,hamming_dist_1,False
PERCEPTUAL_NEAR_DUP,Sethy,TUNGRO3_099,Tungro,Sethy,TUNGRO3_100,Tungro,hamming_dist_0,False
PERCEPTUAL_NEAR_DUP,Sethy,TUNGRO3_099,Tungro,Sethy,TUNGRO3_101,Tungro,hamming_dist_1,False
PERCEPTUAL_NEAR_DUP,Sethy,TUNGRO3_099,Tungro,Sethy,TUNGRO3_102,Tungro,hamming_dist_3,False
PERCEPTUAL_NEAR_DUP,Sethy,TUNGRO3_099,Tungro,Sethy,TUNGRO3_103,Tungro,hamming_dist_2,False
PERCEPTUAL_NEAR_DUP,Sethy,TUNGRO3_099,Tungro,Sethy,TUNGRO3_104,Tungro,hamming_dist_3,False
PERCEPTUAL_NEAR_DUP,Sethy,TUNGRO3_099,Tungro,Sethy,TUNGRO3_105,Tungro,hamming_dist_4,False
PERCEPTUAL_NEAR_DUP,Sethy,TUNGRO3_100,Tungro,Sethy,TUNGRO3_101,Tungro,hamming_dist_1,False
PERCEPTUAL_NEAR_DUP,Sethy,TUNGRO3_100,Tungro,Sethy,TUNGRO3_102,Tungro,hamming_dist_3,False
PERCEPTUAL_NEAR_DUP,Sethy,TUNGRO3_100,Tungro,Sethy,TUNGRO3_103,Tungro,hamming_dist_2,False
PERCEPTUAL_NEAR_DUP,Sethy,TUNGRO3_100,Tungro,Sethy,TUNGRO3_104,Tungro,hamming_dist_3,False
PERCEPTUAL_NEAR_DUP,Sethy,TUNGRO3_100,Tungro,Sethy,TUNGRO3_105,Tungro,hamming_dist_4,False
PERCEPTUAL_NEAR_DUP,Sethy,TUNGRO3_101,Tungro,Sethy,TUNGRO3_102,Tungro,hamming_dist_4,False
PERCEPTUAL_NEAR_DUP,Sethy,TUNGRO3_101,Tungro,Sethy,TUNGRO3_103,Tungro,hamming_dist_3,False
PERCEPTUAL_NEAR_DUP,Sethy,TUNGRO3_101,Tungro,Sethy,TUNGRO3_104,Tungro,hamming_dist_4,False
PERCEPTUAL_NEAR_DUP,Sethy,TUNGRO3_102,Tungro,Sethy,TUNGRO3_103,Tungro,hamming_dist_3,False
PERCEPTUAL_NEAR_DUP,Sethy,TUNGRO3_102,Tungro,Sethy,TUNGRO3_104,Tungro,hamming_dist_2,False
PERCEPTUAL_NEAR_DUP,Sethy,TUNGRO3_102,Tungro,Sethy,TUNGRO3_105,Tungro,hamming_dist_3,False
PERCEPTUAL_NEAR_DUP,Sethy,TUNGRO3_103,Tungro,Sethy,TUNGRO3_104,Tungro,hamming_dist_1,False
PERCEPTUAL_NEAR_DUP,Sethy,TUNGRO3_103,Tungro,Sethy,TUNGRO3_105,Tungro,hamming_dist_2,False
PERCEPTUAL_NEAR_DUP,Sethy,TUNGRO3_104,Tungro,Sethy,TUNGRO3_105,Tungro,hamming_dist_1,False
PERCEPTUAL_NEAR_DUP,Sethy,TUNGRO3_106,Tungro,Sethy,TUNGRO3_107,Tungro,hamming_dist_1,False
PERCEPTUAL_NEAR_DUP,Sethy,TUNGRO3_106,Tungro,Sethy,TUNGRO3_108,Tungro,hamming_dist_2,False
PERCEPTUAL_NEAR_DUP,Sethy,TUNGRO3_106,Tungro,Sethy,TUNGRO3_109,Tungro,hamming_dist_2,False
PERCEPTUAL_NEAR_DUP,Sethy,TUNGRO3_106,Tungro,Sethy,TUNGRO3_110,Tungro,hamming_dist_1,False
PERCEPTUAL_NEAR_DUP,Sethy,TUNGRO3_106,Tungro,Sethy,TUNGRO3_111,Tungro,hamming_dist_4,False
PERCEPTUAL_NEAR_DUP,Sethy,TUNGRO3_107,Tungro,Sethy,TUNGRO3_108,Tungro,hamming_dist_1,False
PERCEPTUAL_NEAR_DUP,Sethy,TUNGRO3_107,Tungro,Sethy,TUNGRO3_109,Tungro,hamming_dist_1,False
PERCEPTUAL_NEAR_DUP,Sethy,TUNGRO3_107,Tungro,Sethy,TUNGRO3_110,Tungro,hamming_dist_0,False
PERCEPTUAL_NEAR_DUP,Sethy,TUNGRO3_107,Tungro,Sethy,TUNGRO3_111,Tungro,hamming_dist_3,False
PERCEPTUAL_NEAR_DUP,Sethy,TUNGRO3_108,Tungro,Sethy,TUNGRO3_109,Tungro,hamming_dist_0,False
PERCEPTUAL_NEAR_DUP,Sethy,TUNGRO3_108,Tungro,Sethy,TUNGRO3_110,Tungro,hamming_dist_1,False
PERCEPTUAL_NEAR_DUP,Sethy,TUNGRO3_108,Tungro,Sethy,TUNGRO3_111,Tungro,hamming_dist_2,False
PERCEPTUAL_NEAR_DUP,Sethy,TUNGRO3_109,Tungro,Sethy,TUNGRO3_110,Tungro,hamming_dist_1,False
PERCEPTUAL_NEAR_DUP,Sethy,TUNGRO3_109,Tungro,Sethy,TUNGRO3_111,Tungro,hamming_dist_2,False
PERCEPTUAL_NEAR_DUP,Sethy,TUNGRO3_110,Tungro,Sethy,TUNGRO3_111,Tungro,hamming_dist_3,False
PERCEPTUAL_NEAR_DUP,Sethy,TUNGRO3_112,Tungro,Sethy,TUNGRO3_113,Tungro,hamming_dist_0,False
PERCEPTUAL_NEAR_DUP,Sethy,TUNGRO3_112,Tungro,Sethy,TUNGRO3_114,Tungro,hamming_dist_0,False
PERCEPTUAL_NEAR_DUP,Sethy,TUNGRO3_112,Tungro,Sethy,TUNGRO3_115,Tungro,hamming_dist_0,False
PERCEPTUAL_NEAR_DUP,Sethy,TUNGRO3_112,Tungro,Sethy,TUNGRO3_116,Tungro,hamming_dist_0,False
PERCEPTUAL_NEAR_DUP,Sethy,TUNGRO3_113,Tungro,Sethy,TUNGRO3_114,Tungro,hamming_dist_0,False
PERCEPTUAL_NEAR_DUP,Sethy,TUNGRO3_113,Tungro,Sethy,TUNGRO3_115,Tungro,hamming_dist_0,False
PERCEPTUAL_NEAR_DUP,Sethy,TUNGRO3_113,Tungro,Sethy,TUNGRO3_116,Tungro,hamming_dist_0,False
PERCEPTUAL_NEAR_DUP,Sethy,TUNGRO3_114,Tungro,Sethy,TUNGRO3_115,Tungro,hamming_dist_0,False
PERCEPTUAL_NEAR_DUP,Sethy,TUNGRO3_114,Tungro,Sethy,TUNGRO3_116,Tungro,hamming_dist_0,False
PERCEPTUAL_NEAR_DUP,Sethy,TUNGRO3_115,Tungro,Sethy,TUNGRO3_116,Tungro,hamming_dist_0,False
PERCEPTUAL_NEAR_DUP,Sethy,TUNGRO3_117,Tungro,Sethy,TUNGRO3_118,Tungro,hamming_dist_2,False
PERCEPTUAL_NEAR_DUP,Sethy,TUNGRO3_117,Tungro,Sethy,TUNGRO3_119,Tungro,hamming_dist_1,False
PERCEPTUAL_NEAR_DUP,Sethy,TUNGRO3_117,Tungro,Sethy,TUNGRO3_120,Tungro,hamming_dist_1,False
PERCEPTUAL_NEAR_DUP,Sethy,TUNGRO3_117,Tungro,Sethy,TUNGRO3_121,Tungro,hamming_dist_1,False
PERCEPTUAL_NEAR_DUP,Sethy,TUNGRO3_118,Tungro,Sethy,TUNGRO3_119,Tungro,hamming_dist_1,False
PERCEPTUAL_NEAR_DUP,Sethy,TUNGRO3_118,Tungro,Sethy,TUNGRO3_120,Tungro,hamming_dist_1,False
PERCEPTUAL_NEAR_DUP,Sethy,TUNGRO3_118,Tungro,Sethy,TUNGRO3_121,Tungro,hamming_dist_3,False
PERCEPTUAL_NEAR_DUP,Sethy,TUNGRO3_119,Tungro,Sethy,TUNGRO3_120,Tungro,hamming_dist_0,False
PERCEPTUAL_NEAR_DUP,Sethy,TUNGRO3_119,Tungro,Sethy,TUNGRO3_121,Tungro,hamming_dist_2,False
PERCEPTUAL_NEAR_DUP,Sethy,TUNGRO3_120,Tungro,Sethy,TUNGRO3_121,Tungro,hamming_dist_2,False
PERCEPTUAL_NEAR_DUP,Sethy,TUNGRO3_124,Tungro,Sethy,TUNGRO3_126,Tungro,hamming_dist_4,False
PERCEPTUAL_NEAR_DUP,Sethy,TUNGRO3_125,Tungro,Sethy,TUNGRO3_126,Tungro,hamming_dist_3,False
PERCEPTUAL_NEAR_DUP,Sethy,TUNGRO3_126,Tungro,Sethy,TUNGRO3_127,Tungro,hamming_dist_2,False
PERCEPTUAL_NEAR_DUP,Sethy,TUNGRO3_128,Tungro,Sethy,TUNGRO3_129,Tungro,hamming_dist_2,False
PERCEPTUAL_NEAR_DUP,Sethy,TUNGRO3_128,Tungro,Sethy,TUNGRO3_130,Tungro,hamming_dist_2,False
PERCEPTUAL_NEAR_DUP,Sethy,TUNGRO3_128,Tungro,Sethy,TUNGRO3_131,Tungro,hamming_dist_2,False
PERCEPTUAL_NEAR_DUP,Sethy,TUNGRO3_128,Tungro,Sethy,TUNGRO3_132,Tungro,hamming_dist_2,False
PERCEPTUAL_NEAR_DUP,Sethy,TUNGRO3_129,Tungro,Sethy,TUNGRO3_130,Tungro,hamming_dist_0,False
PERCEPTUAL_NEAR_DUP,Sethy,TUNGRO3_129,Tungro,Sethy,TUNGRO3_131,Tungro,hamming_dist_0,False
PERCEPTUAL_NEAR_DUP,Sethy,TUNGRO3_129,Tungro,Sethy,TUNGRO3_132,Tungro,hamming_dist_0,False
PERCEPTUAL_NEAR_DUP,Sethy,TUNGRO3_130,Tungro,Sethy,TUNGRO3_131,Tungro,hamming_dist_0,False
PERCEPTUAL_NEAR_DUP,Sethy,TUNGRO3_130,Tungro,Sethy,TUNGRO3_132,Tungro,hamming_dist_0,False
PERCEPTUAL_NEAR_DUP,Sethy,TUNGRO3_131,Tungro,Sethy,TUNGRO3_132,Tungro,hamming_dist_0,False
PERCEPTUAL_NEAR_DUP,Sethy,TUNGRO3_133,Tungro,Sethy,TUNGRO3_134,Tungro,hamming_dist_3,False
PERCEPTUAL_NEAR_DUP,Sethy,TUNGRO3_133,Tungro,Sethy,TUNGRO3_135,Tungro,hamming_dist_3,False
PERCEPTUAL_NEAR_DUP,Sethy,TUNGRO3_133,Tungro,Sethy,TUNGRO3_136,Tungro,hamming_dist_1,False
PERCEPTUAL_NEAR_DUP,Sethy,TUNGRO3_133,Tungro,Sethy,TUNGRO3_137,Tungro,hamming_dist_4,False
PERCEPTUAL_NEAR_DUP,Sethy,TUNGRO3_134,Tungro,Sethy,TUNGRO3_135,Tungro,hamming_dist_2,False
PERCEPTUAL_NEAR_DUP,Sethy,TUNGRO3_134,Tungro,Sethy,TUNGRO3_136,Tungro,hamming_dist_4,False
PERCEPTUAL_NEAR_DUP,Sethy,TUNGRO3_134,Tungro,Sethy,TUNGRO3_137,Tungro,hamming_dist_3,False
PERCEPTUAL_NEAR_DUP,Sethy,TUNGRO3_135,Tungro,Sethy,TUNGRO3_136,Tungro,hamming_dist_2,False
PERCEPTUAL_NEAR_DUP,Sethy,TUNGRO3_135,Tungro,Sethy,TUNGRO3_137,Tungro,hamming_dist_3,False
PERCEPTUAL_NEAR_DUP,Sethy,TUNGRO3_136,Tungro,Sethy,TUNGRO3_137,Tungro,hamming_dist_3,False
PERCEPTUAL_NEAR_DUP,Sethy,TUNGRO3_138,Tungro,Sethy,TUNGRO3_139,Tungro,hamming_dist_2,False
PERCEPTUAL_NEAR_DUP,Sethy,TUNGRO3_138,Tungro,Sethy,TUNGRO3_140,Tungro,hamming_dist_0,False
PERCEPTUAL_NEAR_DUP,Sethy,TUNGRO3_138,Tungro,Sethy,TUNGRO3_141,Tungro,hamming_dist_4,False
PERCEPTUAL_NEAR_DUP,Sethy,TUNGRO3_138,Tungro,Sethy,TUNGRO3_142,Tungro,hamming_dist_3,False
PERCEPTUAL_NEAR_DUP,Sethy,TUNGRO3_139,Tungro,Sethy,TUNGRO3_140,Tungro,hamming_dist_2,False
PERCEPTUAL_NEAR_DUP,Sethy,TUNGRO3_140,Tungro,Sethy,TUNGRO3_141,Tungro,hamming_dist_4,False
PERCEPTUAL_NEAR_DUP,Sethy,TUNGRO3_140,Tungro,Sethy,TUNGRO3_142,Tungro,hamming_dist_3,False
PERCEPTUAL_NEAR_DUP,Sethy,TUNGRO3_141,Tungro,Sethy,TUNGRO3_142,Tungro,hamming_dist_1,False
PERCEPTUAL_NEAR_DUP,Sethy,TUNGRO3_143,Tungro,Sethy,TUNGRO3_144,Tungro,hamming_dist_2,False
PERCEPTUAL_NEAR_DUP,Sethy,TUNGRO3_143,Tungro,Sethy,TUNGRO3_145,Tungro,hamming_dist_4,False
PERCEPTUAL_NEAR_DUP,Sethy,TUNGRO3_143,Tungro,Sethy,TUNGRO3_146,Tungro,hamming_dist_3,False
PERCEPTUAL_NEAR_DUP,Sethy,TUNGRO3_143,Tungro,Sethy,TUNGRO3_147,Tungro,hamming_dist_3,False
PERCEPTUAL_NEAR_DUP,Sethy,TUNGRO3_143,Tungro,Sethy,TUNGRO3_148,Tungro,hamming_dist_4,False
PERCEPTUAL_NEAR_DUP,Sethy,TUNGRO3_144,Tungro,Sethy,TUNGRO3_145,Tungro,hamming_dist_4,False
PERCEPTUAL_NEAR_DUP,Sethy,TUNGRO3_144,Tungro,Sethy,TUNGRO3_146,Tungro,hamming_dist_3,False
PERCEPTUAL_NEAR_DUP,Sethy,TUNGRO3_144,Tungro,Sethy,TUNGRO3_147,Tungro,hamming_dist_3,False
PERCEPTUAL_NEAR_DUP,Sethy,TUNGRO3_144,Tungro,Sethy,TUNGRO3_148,Tungro,hamming_dist_4,False
PERCEPTUAL_NEAR_DUP,Sethy,TUNGRO3_145,Tungro,Sethy,TUNGRO3_146,Tungro,hamming_dist_1,False
PERCEPTUAL_NEAR_DUP,Sethy,TUNGRO3_145,Tungro,Sethy,TUNGRO3_147,Tungro,hamming_dist_3,False
PERCEPTUAL_NEAR_DUP,Sethy,TUNGRO3_145,Tungro,Sethy,TUNGRO3_148,Tungro,hamming_dist_2,False
PERCEPTUAL_NEAR_DUP,Sethy,TUNGRO3_145,Tungro,Sethy,TUNGRO3_150,Tungro,hamming_dist_4,False
PERCEPTUAL_NEAR_DUP,Sethy,TUNGRO3_146,Tungro,Sethy,TUNGRO3_147,Tungro,hamming_dist_2,False
PERCEPTUAL_NEAR_DUP,Sethy,TUNGRO3_146,Tungro,Sethy,TUNGRO3_148,Tungro,hamming_dist_1,False
PERCEPTUAL_NEAR_DUP,Sethy,TUNGRO3_146,Tungro,Sethy,TUNGRO3_149,Tungro,hamming_dist_4,False
PERCEPTUAL_NEAR_DUP,Sethy,TUNGRO3_146,Tungro,Sethy,TUNGRO3_150,Tungro,hamming_dist_3,False
PERCEPTUAL_NEAR_DUP,Sethy,TUNGRO3_147,Tungro,Sethy,TUNGRO3_148,Tungro,hamming_dist_1,False
PERCEPTUAL_NEAR_DUP,Sethy,TUNGRO3_147,Tungro,Sethy,TUNGRO3_149,Tungro,hamming_dist_4,False
PERCEPTUAL_NEAR_DUP,Sethy,TUNGRO3_148,Tungro,Sethy,TUNGRO3_149,Tungro,hamming_dist_3,False
PERCEPTUAL_NEAR_DUP,Sethy,TUNGRO3_148,Tungro,Sethy,TUNGRO3_150,Tungro,hamming_dist_4,False
PERCEPTUAL_NEAR_DUP,Sethy,TUNGRO3_149,Tungro,Sethy,TUNGRO3_150,Tungro,hamming_dist_1,False
PERCEPTUAL_NEAR_DUP,Sethy,TUNGRO3_150,Tungro,Sethy,TUNGRO3_151,Tungro,hamming_dist_4,False
PERCEPTUAL_NEAR_DUP,Sethy,TUNGRO3_152,Tungro,Sethy,TUNGRO3_153,Tungro,hamming_dist_3,False
PERCEPTUAL_NEAR_DUP,Sethy,TUNGRO3_153,Tungro,Sethy,TUNGRO3_154,Tungro,hamming_dist_2,False
PERCEPTUAL_NEAR_DUP,Sethy,TUNGRO3_153,Tungro,Sethy,TUNGRO3_155,Tungro,hamming_dist_3,False
PERCEPTUAL_NEAR_DUP,Sethy,TUNGRO3_154,Tungro,Sethy,TUNGRO3_155,Tungro,hamming_dist_3,False
PERCEPTUAL_NEAR_DUP,Sethy,TUNGRO3_154,Tungro,Sethy,TUNGRO3_156,Tungro,hamming_dist_4,False
PERCEPTUAL_NEAR_DUP,Sethy,TUNGRO3_156,Tungro,Sethy,TUNGRO3_157,Tungro,hamming_dist_3,False
PERCEPTUAL_NEAR_DUP,Sethy,TUNGRO3_156,Tungro,Sethy,TUNGRO3_159,Tungro,hamming_dist_3,False
PERCEPTUAL_NEAR_DUP,Sethy,TUNGRO3_156,Tungro,Sethy,TUNGRO3_160,Tungro,hamming_dist_4,False
PERCEPTUAL_NEAR_DUP,Sethy,TUNGRO3_157,Tungro,Sethy,TUNGRO3_159,Tungro,hamming_dist_0,False
PERCEPTUAL_NEAR_DUP,Sethy,TUNGRO3_157,Tungro,Sethy,TUNGRO3_160,Tungro,hamming_dist_1,False
PERCEPTUAL_NEAR_DUP,Sethy,TUNGRO3_159,Tungro,Sethy,TUNGRO3_160,Tungro,hamming_dist_1,False
PERCEPTUAL_NEAR_DUP,Sethy,TUNGRO3_161,Tungro,Sethy,TUNGRO3_162,Tungro,hamming_dist_0,False
PERCEPTUAL_NEAR_DUP,Sethy,TUNGRO3_161,Tungro,Sethy,TUNGRO3_163,Tungro,hamming_dist_2,False
PERCEPTUAL_NEAR_DUP,Sethy,TUNGRO3_161,Tungro,Sethy,TUNGRO3_164,Tungro,hamming_dist_0,False
PERCEPTUAL_NEAR_DUP,Sethy,TUNGRO3_162,Tungro,Sethy,TUNGRO3_163,Tungro,hamming_dist_2,False
PERCEPTUAL_NEAR_DUP,Sethy,TUNGRO3_162,Tungro,Sethy,TUNGRO3_164,Tungro,hamming_dist_0,False
PERCEPTUAL_NEAR_DUP,Sethy,TUNGRO3_163,Tungro,Sethy,TUNGRO3_164,Tungro,hamming_dist_2,False
PERCEPTUAL_NEAR_DUP,Sethy,TUNGRO3_166,Tungro,Sethy,TUNGRO3_167,Tungro,hamming_dist_3,False
PERCEPTUAL_NEAR_DUP,Sethy,TUNGRO3_166,Tungro,Sethy,TUNGRO3_168,Tungro,hamming_dist_2,False
PERCEPTUAL_NEAR_DUP,Sethy,TUNGRO3_166,Tungro,Sethy,TUNGRO3_169,Tungro,hamming_dist_2,False
PERCEPTUAL_NEAR_DUP,Sethy,TUNGRO3_166,Tungro,Sethy,TUNGRO3_170,Tungro,hamming_dist_3,False
PERCEPTUAL_NEAR_DUP,Sethy,TUNGRO3_166,Tungro,Sethy,TUNGRO3_171,Tungro,hamming_dist_2,False
PERCEPTUAL_NEAR_DUP,Sethy,TUNGRO3_167,Tungro,Sethy,TUNGRO3_168,Tungro,hamming_dist_1,False
PERCEPTUAL_NEAR_DUP,Sethy,TUNGRO3_167,Tungro,Sethy,TUNGRO3_169,Tungro,hamming_dist_1,False
PERCEPTUAL_NEAR_DUP,Sethy,TUNGRO3_167,Tungro,Sethy,TUNGRO3_170,Tungro,hamming_dist_2,False
PERCEPTUAL_NEAR_DUP,Sethy,TUNGRO3_167,Tungro,Sethy,TUNGRO3_171,Tungro,hamming_dist_1,False
PERCEPTUAL_NEAR_DUP,Sethy,TUNGRO3_168,Tungro,Sethy,TUNGRO3_169,Tungro,hamming_dist_0,False
PERCEPTUAL_NEAR_DUP,Sethy,TUNGRO3_168,Tungro,Sethy,TUNGRO3_170,Tungro,hamming_dist_1,False
PERCEPTUAL_NEAR_DUP,Sethy,TUNGRO3_168,Tungro,Sethy,TUNGRO3_171,Tungro,hamming_dist_0,False
PERCEPTUAL_NEAR_DUP,Sethy,TUNGRO3_169,Tungro,Sethy,TUNGRO3_170,Tungro,hamming_dist_1,False
PERCEPTUAL_NEAR_DUP,Sethy,TUNGRO3_169,Tungro,Sethy,TUNGRO3_171,Tungro,hamming_dist_0,False
PERCEPTUAL_NEAR_DUP,Sethy,TUNGRO3_170,Tungro,Sethy,TUNGRO3_171,Tungro,hamming_dist_1,False
PERCEPTUAL_NEAR_DUP,Sethy,TUNGRO3_172,Tungro,Sethy,TUNGRO3_173,Tungro,hamming_dist_1,False
PERCEPTUAL_NEAR_DUP,Sethy,TUNGRO3_172,Tungro,Sethy,TUNGRO3_174,Tungro,hamming_dist_1,False
PERCEPTUAL_NEAR_DUP,Sethy,TUNGRO3_172,Tungro,Sethy,TUNGRO3_175,Tungro,hamming_dist_1,False
PERCEPTUAL_NEAR_DUP,Sethy,TUNGRO3_172,Tungro,Sethy,TUNGRO3_176,Tungro,hamming_dist_1,False
PERCEPTUAL_NEAR_DUP,Sethy,TUNGRO3_172,Tungro,Sethy,TUNGRO3_177,Tungro,hamming_dist_3,False
PERCEPTUAL_NEAR_DUP,Sethy,TUNGRO3_172,Tungro,Sethy,TUNGRO3_178,Tungro,hamming_dist_4,False
PERCEPTUAL_NEAR_DUP,Sethy,TUNGRO3_172,Tungro,Sethy,TUNGRO3_179,Tungro,hamming_dist_4,False
PERCEPTUAL_NEAR_DUP,Sethy,TUNGRO3_173,Tungro,Sethy,TUNGRO3_174,Tungro,hamming_dist_0,False
PERCEPTUAL_NEAR_DUP,Sethy,TUNGRO3_173,Tungro,Sethy,TUNGRO3_175,Tungro,hamming_dist_0,False
PERCEPTUAL_NEAR_DUP,Sethy,TUNGRO3_173,Tungro,Sethy,TUNGRO3_176,Tungro,hamming_dist_0,False
PERCEPTUAL_NEAR_DUP,Sethy,TUNGRO3_173,Tungro,Sethy,TUNGRO3_177,Tungro,hamming_dist_2,False
PERCEPTUAL_NEAR_DUP,Sethy,TUNGRO3_173,Tungro,Sethy,TUNGRO3_178,Tungro,hamming_dist_3,False
PERCEPTUAL_NEAR_DUP,Sethy,TUNGRO3_173,Tungro,Sethy,TUNGRO3_179,Tungro,hamming_dist_3,False
PERCEPTUAL_NEAR_DUP,Sethy,TUNGRO3_174,Tungro,Sethy,TUNGRO3_175,Tungro,hamming_dist_0,False
PERCEPTUAL_NEAR_DUP,Sethy,TUNGRO3_174,Tungro,Sethy,TUNGRO3_176,Tungro,hamming_dist_0,False
PERCEPTUAL_NEAR_DUP,Sethy,TUNGRO3_174,Tungro,Sethy,TUNGRO3_177,Tungro,hamming_dist_2,False
PERCEPTUAL_NEAR_DUP,Sethy,TUNGRO3_174,Tungro,Sethy,TUNGRO3_178,Tungro,hamming_dist_3,False
PERCEPTUAL_NEAR_DUP,Sethy,TUNGRO3_174,Tungro,Sethy,TUNGRO3_179,Tungro,hamming_dist_3,False
PERCEPTUAL_NEAR_DUP,Sethy,TUNGRO3_175,Tungro,Sethy,TUNGRO3_176,Tungro,hamming_dist_0,False
PERCEPTUAL_NEAR_DUP,Sethy,TUNGRO3_175,Tungro,Sethy,TUNGRO3_177,Tungro,hamming_dist_2,False
PERCEPTUAL_NEAR_DUP,Sethy,TUNGRO3_175,Tungro,Sethy,TUNGRO3_178,Tungro,hamming_dist_3,False
PERCEPTUAL_NEAR_DUP,Sethy,TUNGRO3_175,Tungro,Sethy,TUNGRO3_179,Tungro,hamming_dist_3,False
PERCEPTUAL_NEAR_DUP,Sethy,TUNGRO3_176,Tungro,Sethy,TUNGRO3_177,Tungro,hamming_dist_2,False
PERCEPTUAL_NEAR_DUP,Sethy,TUNGRO3_176,Tungro,Sethy,TUNGRO3_178,Tungro,hamming_dist_3,False
PERCEPTUAL_NEAR_DUP,Sethy,TUNGRO3_176,Tungro,Sethy,TUNGRO3_179,Tungro,hamming_dist_3,False
PERCEPTUAL_NEAR_DUP,Sethy,TUNGRO3_177,Tungro,Sethy,TUNGRO3_178,Tungro,hamming_dist_1,False
PERCEPTUAL_NEAR_DUP,Sethy,TUNGRO3_177,Tungro,Sethy,TUNGRO3_179,Tungro,hamming_dist_1,False
PERCEPTUAL_NEAR_DUP,Sethy,TUNGRO3_178,Tungro,Sethy,TUNGRO3_179,Tungro,hamming_dist_0,False
PERCEPTUAL_NEAR_DUP,Sethy,TUNGRO3_180,Tungro,Sethy,TUNGRO3_181,Tungro,hamming_dist_1,False
PERCEPTUAL_NEAR_DUP,Sethy,TUNGRO3_180,Tungro,Sethy,TUNGRO3_182,Tungro,hamming_dist_0,False
PERCEPTUAL_NEAR_DUP,Sethy,TUNGRO3_180,Tungro,Sethy,TUNGRO3_183,Tungro,hamming_dist_1,False
PERCEPTUAL_NEAR_DUP,Sethy,TUNGRO3_180,Tungro,Sethy,TUNGRO3_184,Tungro,hamming_dist_1,False
PERCEPTUAL_NEAR_DUP,Sethy,TUNGRO3_181,Tungro,Sethy,TUNGRO3_182,Tungro,hamming_dist_1,False
PERCEPTUAL_NEAR_DUP,Sethy,TUNGRO3_181,Tungro,Sethy,TUNGRO3_183,Tungro,hamming_dist_2,False
PERCEPTUAL_NEAR_DUP,Sethy,TUNGRO3_181,Tungro,Sethy,TUNGRO3_184,Tungro,hamming_dist_2,False
PERCEPTUAL_NEAR_DUP,Sethy,TUNGRO3_182,Tungro,Sethy,TUNGRO3_183,Tungro,hamming_dist_1,False
PERCEPTUAL_NEAR_DUP,Sethy,TUNGRO3_182,Tungro,Sethy,TUNGRO3_184,Tungro,hamming_dist_1,False
PERCEPTUAL_NEAR_DUP,Sethy,TUNGRO3_183,Tungro,Sethy,TUNGRO3_184,Tungro,hamming_dist_2,False
PERCEPTUAL_NEAR_DUP,Sethy,TUNGRO3_183,Tungro,Sethy,TUNGRO3_185,Tungro,hamming_dist_4,False
PERCEPTUAL_NEAR_DUP,Sethy,TUNGRO3_183,Tungro,Sethy,TUNGRO3_186,Tungro,hamming_dist_4,False
PERCEPTUAL_NEAR_DUP,Sethy,TUNGRO3_183,Tungro,Sethy,TUNGRO3_187,Tungro,hamming_dist_4,False
PERCEPTUAL_NEAR_DUP,Sethy,TUNGRO3_183,Tungro,Sethy,TUNGRO3_188,Tungro,hamming_dist_4,False
PERCEPTUAL_NEAR_DUP,Sethy,TUNGRO3_184,Tungro,Sethy,TUNGRO3_185,Tungro,hamming_dist_4,False
PERCEPTUAL_NEAR_DUP,Sethy,TUNGRO3_184,Tungro,Sethy,TUNGRO3_186,Tungro,hamming_dist_4,False
PERCEPTUAL_NEAR_DUP,Sethy,TUNGRO3_185,Tungro,Sethy,TUNGRO3_186,Tungro,hamming_dist_2,False
PERCEPTUAL_NEAR_DUP,Sethy,TUNGRO3_185,Tungro,Sethy,TUNGRO3_187,Tungro,hamming_dist_2,False
PERCEPTUAL_NEAR_DUP,Sethy,TUNGRO3_185,Tungro,Sethy,TUNGRO3_188,Tungro,hamming_dist_2,False
PERCEPTUAL_NEAR_DUP,Sethy,TUNGRO3_186,Tungro,Sethy,TUNGRO3_187,Tungro,hamming_dist_4,False
PERCEPTUAL_NEAR_DUP,Sethy,TUNGRO3_186,Tungro,Sethy,TUNGRO3_188,Tungro,hamming_dist_4,False
PERCEPTUAL_NEAR_DUP,Sethy,TUNGRO3_187,Tungro,Sethy,TUNGRO3_188,Tungro,hamming_dist_2,False
PERCEPTUAL_NEAR_DUP,Sethy,TUNGRO3_190,Tungro,Sethy,TUNGRO3_191,Tungro,hamming_dist_4,False
PERCEPTUAL_NEAR_DUP,Sethy,TUNGRO3_190,Tungro,Sethy,TUNGRO3_192,Tungro,hamming_dist_3,False
PERCEPTUAL_NEAR_DUP,Sethy,TUNGRO3_190,Tungro,Sethy,TUNGRO3_193,Tungro,hamming_dist_4,False
PERCEPTUAL_NEAR_DUP,Sethy,TUNGRO3_191,Tungro,Sethy,TUNGRO3_192,Tungro,hamming_dist_3,False
PERCEPTUAL_NEAR_DUP,Sethy,TUNGRO3_193,Tungro,Sethy,TUNGRO3_194,Tungro,hamming_dist_3,False
PERCEPTUAL_NEAR_DUP,Sethy,TUNGRO3_195,Tungro,Sethy,TUNGRO3_196,Tungro,hamming_dist_4,False
PERCEPTUAL_NEAR_DUP,Sethy,TUNGRO3_195,Tungro,Sethy,TUNGRO3_197,Tungro,hamming_dist_4,False
PERCEPTUAL_NEAR_DUP,Sethy,TUNGRO3_196,Tungro,Sethy,TUNGRO3_197,Tungro,hamming_dist_0,False
PERCEPTUAL_NEAR_DUP,Sethy,TUNGRO3_196,Tungro,Sethy,TUNGRO3_198,Tungro,hamming_dist_3,False
PERCEPTUAL_NEAR_DUP,Sethy,TUNGRO3_196,Tungro,Sethy,TUNGRO3_199,Tungro,hamming_dist_4,False
PERCEPTUAL_NEAR_DUP,Sethy,TUNGRO3_197,Tungro,Sethy,TUNGRO3_198,Tungro,hamming_dist_3,False
PERCEPTUAL_NEAR_DUP,Sethy,TUNGRO3_197,Tungro,Sethy,TUNGRO3_199,Tungro,hamming_dist_4,False
PERCEPTUAL_NEAR_DUP,Sethy,TUNGRO3_198,Tungro,Sethy,TUNGRO3_199,Tungro,hamming_dist_1,False
PERCEPTUAL_NEAR_DUP,Sethy,TUNGRO3_198,Tungro,Sethy,TUNGRO3_200,Tungro,hamming_dist_4,False
PERCEPTUAL_NEAR_DUP,Sethy,TUNGRO3_199,Tungro,Sethy,TUNGRO3_200,Tungro,hamming_dist_3,False
PERCEPTUAL_NEAR_DUP,Sethy,TUNGRO3_201,Tungro,Sethy,TUNGRO3_202,Tungro,hamming_dist_3,False
PERCEPTUAL_NEAR_DUP,Sethy,TUNGRO3_204,Tungro,Sethy,TUNGRO3_205,Tungro,hamming_dist_0,False
PERCEPTUAL_NEAR_DUP,Sethy,TUNGRO3_204,Tungro,Sethy,TUNGRO3_206,Tungro,hamming_dist_2,False
PERCEPTUAL_NEAR_DUP,Sethy,TUNGRO3_205,Tungro,Sethy,TUNGRO3_206,Tungro,hamming_dist_2,False
PERCEPTUAL_NEAR_DUP,Sethy,TUNGRO3_207,Tungro,Sethy,TUNGRO3_208,Tungro,hamming_dist_2,False
PERCEPTUAL_NEAR_DUP,Sethy,TUNGRO3_207,Tungro,Sethy,TUNGRO3_209,Tungro,hamming_dist_1,False
PERCEPTUAL_NEAR_DUP,Sethy,TUNGRO3_207,Tungro,Sethy,TUNGRO3_210,Tungro,hamming_dist_1,False
PERCEPTUAL_NEAR_DUP,Sethy,TUNGRO3_207,Tungro,Sethy,TUNGRO3_211,Tungro,hamming_dist_2,False
PERCEPTUAL_NEAR_DUP,Sethy,TUNGRO3_207,Tungro,Sethy,TUNGRO3_212,Tungro,hamming_dist_2,False
PERCEPTUAL_NEAR_DUP,Sethy,TUNGRO3_208,Tungro,Sethy,TUNGRO3_209,Tungro,hamming_dist_1,False
PERCEPTUAL_NEAR_DUP,Sethy,TUNGRO3_208,Tungro,Sethy,TUNGRO3_210,Tungro,hamming_dist_1,False
PERCEPTUAL_NEAR_DUP,Sethy,TUNGRO3_208,Tungro,Sethy,TUNGRO3_211,Tungro,hamming_dist_0,False
PERCEPTUAL_NEAR_DUP,Sethy,TUNGRO3_208,Tungro,Sethy,TUNGRO3_212,Tungro,hamming_dist_0,False
PERCEPTUAL_NEAR_DUP,Sethy,TUNGRO3_209,Tungro,Sethy,TUNGRO3_210,Tungro,hamming_dist_0,False
PERCEPTUAL_NEAR_DUP,Sethy,TUNGRO3_209,Tungro,Sethy,TUNGRO3_211,Tungro,hamming_dist_1,False
PERCEPTUAL_NEAR_DUP,Sethy,TUNGRO3_209,Tungro,Sethy,TUNGRO3_212,Tungro,hamming_dist_1,False
PERCEPTUAL_NEAR_DUP,Sethy,TUNGRO3_210,Tungro,Sethy,TUNGRO3_211,Tungro,hamming_dist_1,False
PERCEPTUAL_NEAR_DUP,Sethy,TUNGRO3_210,Tungro,Sethy,TUNGRO3_212,Tungro,hamming_dist_1,False
PERCEPTUAL_NEAR_DUP,Sethy,TUNGRO3_211,Tungro,Sethy,TUNGRO3_212,Tungro,hamming_dist_0,False
PERCEPTUAL_NEAR_DUP,Sethy,TUNGRO3_213,Tungro,Sethy,TUNGRO3_214,Tungro,hamming_dist_2,False
PERCEPTUAL_NEAR_DUP,Sethy,TUNGRO3_213,Tungro,Sethy,TUNGRO3_215,Tungro,hamming_dist_4,False
PERCEPTUAL_NEAR_DUP,Sethy,TUNGRO3_214,Tungro,Sethy,TUNGRO3_215,Tungro,hamming_dist_2,False
PERCEPTUAL_NEAR_DUP,Sethy,TUNGRO3_215,Tungro,Sethy,TUNGRO3_216,Tungro,hamming_dist_3,False
PERCEPTUAL_NEAR_DUP,Sethy,TUNGRO3_215,Tungro,Sethy,TUNGRO3_221,Tungro,hamming_dist_3,False
PERCEPTUAL_NEAR_DUP,Sethy,TUNGRO3_216,Tungro,Sethy,TUNGRO3_217,Tungro,hamming_dist_3,False
PERCEPTUAL_NEAR_DUP,Sethy,TUNGRO3_216,Tungro,Sethy,TUNGRO3_218,Tungro,hamming_dist_3,False
PERCEPTUAL_NEAR_DUP,Sethy,TUNGRO3_216,Tungro,Sethy,TUNGRO3_219,Tungro,hamming_dist_3,False
PERCEPTUAL_NEAR_DUP,Sethy,TUNGRO3_216,Tungro,Sethy,TUNGRO3_220,Tungro,hamming_dist_4,False
PERCEPTUAL_NEAR_DUP,Sethy,TUNGRO3_216,Tungro,Sethy,TUNGRO3_221,Tungro,hamming_dist_4,False
PERCEPTUAL_NEAR_DUP,Sethy,TUNGRO3_217,Tungro,Sethy,TUNGRO3_218,Tungro,hamming_dist_2,False
PERCEPTUAL_NEAR_DUP,Sethy,TUNGRO3_217,Tungro,Sethy,TUNGRO3_219,Tungro,hamming_dist_2,False
PERCEPTUAL_NEAR_DUP,Sethy,TUNGRO3_218,Tungro,Sethy,TUNGRO3_219,Tungro,hamming_dist_0,False
PERCEPTUAL_NEAR_DUP,Sethy,TUNGRO3_218,Tungro,Sethy,TUNGRO3_220,Tungro,hamming_dist_3,False
PERCEPTUAL_NEAR_DUP,Sethy,TUNGRO3_219,Tungro,Sethy,TUNGRO3_220,Tungro,hamming_dist_3,False
PERCEPTUAL_NEAR_DUP,Sethy,TUNGRO3_220,Tungro,Sethy,TUNGRO3_221,Tungro,hamming_dist_2,False
PERCEPTUAL_NEAR_DUP,Sethy,TUNGRO3_222,Tungro,Sethy,TUNGRO3_223,Tungro,hamming_dist_3,False
PERCEPTUAL_NEAR_DUP,Sethy,TUNGRO3_224,Tungro,Sethy,TUNGRO3_225,Tungro,hamming_dist_1,False
PERCEPTUAL_NEAR_DUP,Sethy,TUNGRO3_224,Tungro,Sethy,TUNGRO3_226,Tungro,hamming_dist_4,False
PERCEPTUAL_NEAR_DUP,Sethy,TUNGRO3_225,Tungro,Sethy,TUNGRO3_226,Tungro,hamming_dist_3,False
PERCEPTUAL_NEAR_DUP,Sethy,TUNGRO3_227,Tungro,Sethy,TUNGRO3_228,Tungro,hamming_dist_0,False
PERCEPTUAL_NEAR_DUP,Sethy,TUNGRO3_227,Tungro,Sethy,TUNGRO3_229,Tungro,hamming_dist_2,False
PERCEPTUAL_NEAR_DUP,Sethy,TUNGRO3_227,Tungro,Sethy,TUNGRO3_230,Tungro,hamming_dist_3,False
PERCEPTUAL_NEAR_DUP,Sethy,TUNGRO3_228,Tungro,Sethy,TUNGRO3_229,Tungro,hamming_dist_2,False
PERCEPTUAL_NEAR_DUP,Sethy,TUNGRO3_228,Tungro,Sethy,TUNGRO3_230,Tungro,hamming_dist_3,False
PERCEPTUAL_NEAR_DUP,Sethy,TUNGRO3_229,Tungro,Sethy,TUNGRO3_230,Tungro,hamming_dist_1,False
PERCEPTUAL_NEAR_DUP,Sethy,TUNGRO3_229,Tungro,Sethy,TUNGRO3_231,Tungro,hamming_dist_4,False
PERCEPTUAL_NEAR_DUP,Sethy,TUNGRO3_230,Tungro,Sethy,TUNGRO3_231,Tungro,hamming_dist_3,False
PERCEPTUAL_NEAR_DUP,Sethy,TUNGRO3_232,Tungro,Sethy,TUNGRO3_233,Tungro,hamming_dist_0,False
PERCEPTUAL_NEAR_DUP,Sethy,TUNGRO3_232,Tungro,Sethy,TUNGRO3_234,Tungro,hamming_dist_1,False
PERCEPTUAL_NEAR_DUP,Sethy,TUNGRO3_232,Tungro,Sethy,TUNGRO3_235,Tungro,hamming_dist_2,False
PERCEPTUAL_NEAR_DUP,Sethy,TUNGRO3_233,Tungro,Sethy,TUNGRO3_234,Tungro,hamming_dist_1,False
PERCEPTUAL_NEAR_DUP,Sethy,TUNGRO3_233,Tungro,Sethy,TUNGRO3_235,Tungro,hamming_dist_2,False
PERCEPTUAL_NEAR_DUP,Sethy,TUNGRO3_234,Tungro,Sethy,TUNGRO3_235,Tungro,hamming_dist_3,False
PERCEPTUAL_NEAR_DUP,Sethy,TUNGRO3_236,Tungro,Sethy,TUNGRO5_193,Tungro,hamming_dist_1,False
PERCEPTUAL_NEAR_DUP,Sethy,TUNGRO3_237,Tungro,Sethy,TUNGRO3_240,Tungro,hamming_dist_4,False
PERCEPTUAL_NEAR_DUP,Sethy,TUNGRO3_241,Tungro,Sethy,TUNGRO3_242,Tungro,hamming_dist_1,False
PERCEPTUAL_NEAR_DUP,Sethy,TUNGRO3_241,Tungro,Sethy,TUNGRO3_243,Tungro,hamming_dist_1,False
PERCEPTUAL_NEAR_DUP,Sethy,TUNGRO3_241,Tungro,Sethy,TUNGRO3_244,Tungro,hamming_dist_2,False
PERCEPTUAL_NEAR_DUP,Sethy,TUNGRO3_241,Tungro,Sethy,TUNGRO3_245,Tungro,hamming_dist_3,False
PERCEPTUAL_NEAR_DUP,Sethy,TUNGRO3_241,Tungro,Sethy,TUNGRO3_246,Tungro,hamming_dist_4,False
PERCEPTUAL_NEAR_DUP,Sethy,TUNGRO3_241,Tungro,Sethy,TUNGRO3_247,Tungro,hamming_dist_3,False
PERCEPTUAL_NEAR_DUP,Sethy,TUNGRO3_241,Tungro,Sethy,TUNGRO3_248,Tungro,hamming_dist_4,False
PERCEPTUAL_NEAR_DUP,Sethy,TUNGRO3_242,Tungro,Sethy,TUNGRO3_243,Tungro,hamming_dist_0,False
PERCEPTUAL_NEAR_DUP,Sethy,TUNGRO3_242,Tungro,Sethy,TUNGRO3_244,Tungro,hamming_dist_1,False
PERCEPTUAL_NEAR_DUP,Sethy,TUNGRO3_242,Tungro,Sethy,TUNGRO3_245,Tungro,hamming_dist_2,False
PERCEPTUAL_NEAR_DUP,Sethy,TUNGRO3_242,Tungro,Sethy,TUNGRO3_246,Tungro,hamming_dist_3,False
PERCEPTUAL_NEAR_DUP,Sethy,TUNGRO3_242,Tungro,Sethy,TUNGRO3_247,Tungro,hamming_dist_2,False
PERCEPTUAL_NEAR_DUP,Sethy,TUNGRO3_243,Tungro,Sethy,TUNGRO3_244,Tungro,hamming_dist_1,False
PERCEPTUAL_NEAR_DUP,Sethy,TUNGRO3_243,Tungro,Sethy,TUNGRO3_245,Tungro,hamming_dist_2,False
PERCEPTUAL_NEAR_DUP,Sethy,TUNGRO3_243,Tungro,Sethy,TUNGRO3_246,Tungro,hamming_dist_3,False
PERCEPTUAL_NEAR_DUP,Sethy,TUNGRO3_243,Tungro,Sethy,TUNGRO3_247,Tungro,hamming_dist_2,False
PERCEPTUAL_NEAR_DUP,Sethy,TUNGRO3_244,Tungro,Sethy,TUNGRO3_245,Tungro,hamming_dist_1,False
PERCEPTUAL_NEAR_DUP,Sethy,TUNGRO3_244,Tungro,Sethy,TUNGRO3_246,Tungro,hamming_dist_2,False
PERCEPTUAL_NEAR_DUP,Sethy,TUNGRO3_244,Tungro,Sethy,TUNGRO3_247,Tungro,hamming_dist_1,False
PERCEPTUAL_NEAR_DUP,Sethy,TUNGRO3_244,Tungro,Sethy,TUNGRO3_248,Tungro,hamming_dist_4,False
PERCEPTUAL_NEAR_DUP,Sethy,TUNGRO3_245,Tungro,Sethy,TUNGRO3_246,Tungro,hamming_dist_1,False
PERCEPTUAL_NEAR_DUP,Sethy,TUNGRO3_245,Tungro,Sethy,TUNGRO3_247,Tungro,hamming_dist_2,False
PERCEPTUAL_NEAR_DUP,Sethy,TUNGRO3_245,Tungro,Sethy,TUNGRO3_248,Tungro,hamming_dist_3,False
PERCEPTUAL_NEAR_DUP,Sethy,TUNGRO3_245,Tungro,Sethy,TUNGRO3_249,Tungro,hamming_dist_4,False
PERCEPTUAL_NEAR_DUP,Sethy,TUNGRO3_246,Tungro,Sethy,TUNGRO3_247,Tungro,hamming_dist_1,False
PERCEPTUAL_NEAR_DUP,Sethy,TUNGRO3_246,Tungro,Sethy,TUNGRO3_248,Tungro,hamming_dist_2,False
PERCEPTUAL_NEAR_DUP,Sethy,TUNGRO3_246,Tungro,Sethy,TUNGRO3_249,Tungro,hamming_dist_3,False
PERCEPTUAL_NEAR_DUP,Sethy,TUNGRO3_247,Tungro,Sethy,TUNGRO3_248,Tungro,hamming_dist_3,False
PERCEPTUAL_NEAR_DUP,Sethy,TUNGRO3_247,Tungro,Sethy,TUNGRO3_249,Tungro,hamming_dist_4,False
PERCEPTUAL_NEAR_DUP,Sethy,TUNGRO3_248,Tungro,Sethy,TUNGRO3_249,Tungro,hamming_dist_1,False
PERCEPTUAL_NEAR_DUP,Sethy,TUNGRO3_251,Tungro,Sethy,TUNGRO3_252,Tungro,hamming_dist_0,False
PERCEPTUAL_NEAR_DUP,Sethy,TUNGRO3_251,Tungro,Sethy,TUNGRO3_253,Tungro,hamming_dist_4,False
PERCEPTUAL_NEAR_DUP,Sethy,TUNGRO3_251,Tungro,Sethy,TUNGRO3_254,Tungro,hamming_dist_2,False
PERCEPTUAL_NEAR_DUP,Sethy,TUNGRO3_251,Tungro,Sethy,TUNGRO3_255,Tungro,hamming_dist_2,False
PERCEPTUAL_NEAR_DUP,Sethy,TUNGRO3_251,Tungro,Sethy,TUNGRO3_256,Tungro,hamming_dist_4,False
PERCEPTUAL_NEAR_DUP,Sethy,TUNGRO3_252,Tungro,Sethy,TUNGRO3_253,Tungro,hamming_dist_4,False
PERCEPTUAL_NEAR_DUP,Sethy,TUNGRO3_252,Tungro,Sethy,TUNGRO3_254,Tungro,hamming_dist_2,False
PERCEPTUAL_NEAR_DUP,Sethy,TUNGRO3_252,Tungro,Sethy,TUNGRO3_255,Tungro,hamming_dist_2,False
PERCEPTUAL_NEAR_DUP,Sethy,TUNGRO3_252,Tungro,Sethy,TUNGRO3_256,Tungro,hamming_dist_4,False
PERCEPTUAL_NEAR_DUP,Sethy,TUNGRO3_253,Tungro,Sethy,TUNGRO3_254,Tungro,hamming_dist_2,False
PERCEPTUAL_NEAR_DUP,Sethy,TUNGRO3_253,Tungro,Sethy,TUNGRO3_255,Tungro,hamming_dist_2,False
PERCEPTUAL_NEAR_DUP,Sethy,TUNGRO3_253,Tungro,Sethy,TUNGRO3_256,Tungro,hamming_dist_0,False
PERCEPTUAL_NEAR_DUP,Sethy,TUNGRO3_254,Tungro,Sethy,TUNGRO3_255,Tungro,hamming_dist_2,False
PERCEPTUAL_NEAR_DUP,Sethy,TUNGRO3_254,Tungro,Sethy,TUNGRO3_256,Tungro,hamming_dist_2,False
PERCEPTUAL_NEAR_DUP,Sethy,TUNGRO3_255,Tungro,Sethy,TUNGRO3_256,Tungro,hamming_dist_2,False
PERCEPTUAL_NEAR_DUP,Sethy,TUNGRO3_257,Tungro,Sethy,TUNGRO3_261,Tungro,hamming_dist_3,False
PERCEPTUAL_NEAR_DUP,Sethy,TUNGRO3_257,Tungro,Sethy,TUNGRO3_262,Tungro,hamming_dist_3,False
PERCEPTUAL_NEAR_DUP,Sethy,TUNGRO3_257,Tungro,Sethy,TUNGRO3_265,Tungro,hamming_dist_4,False
PERCEPTUAL_NEAR_DUP,Sethy,TUNGRO3_257,Tungro,Sethy,TUNGRO3_268,Tungro,hamming_dist_4,False
PERCEPTUAL_NEAR_DUP,Sethy,TUNGRO3_258,Tungro,Sethy,TUNGRO3_259,Tungro,hamming_dist_2,False
PERCEPTUAL_NEAR_DUP,Sethy,TUNGRO3_258,Tungro,Sethy,TUNGRO3_261,Tungro,hamming_dist_3,False
PERCEPTUAL_NEAR_DUP,Sethy,TUNGRO3_258,Tungro,Sethy,TUNGRO3_262,Tungro,hamming_dist_3,False
PERCEPTUAL_NEAR_DUP,Sethy,TUNGRO3_258,Tungro,Sethy,TUNGRO3_263,Tungro,hamming_dist_3,False
PERCEPTUAL_NEAR_DUP,Sethy,TUNGRO3_258,Tungro,Sethy,TUNGRO3_264,Tungro,hamming_dist_1,False
PERCEPTUAL_NEAR_DUP,Sethy,TUNGRO3_258,Tungro,Sethy,TUNGRO3_265,Tungro,hamming_dist_2,False
PERCEPTUAL_NEAR_DUP,Sethy,TUNGRO3_258,Tungro,Sethy,TUNGRO3_266,Tungro,hamming_dist_4,False
PERCEPTUAL_NEAR_DUP,Sethy,TUNGRO3_259,Tungro,Sethy,TUNGRO3_263,Tungro,hamming_dist_3,False
PERCEPTUAL_NEAR_DUP,Sethy,TUNGRO3_259,Tungro,Sethy,TUNGRO3_264,Tungro,hamming_dist_1,False
PERCEPTUAL_NEAR_DUP,Sethy,TUNGRO3_259,Tungro,Sethy,TUNGRO3_265,Tungro,hamming_dist_4,False
PERCEPTUAL_NEAR_DUP,Sethy,TUNGRO3_260,Tungro,Sethy,TUNGRO3_261,Tungro,hamming_dist_4,False
PERCEPTUAL_NEAR_DUP,Sethy,TUNGRO3_260,Tungro,Sethy,TUNGRO3_262,Tungro,hamming_dist_4,False
PERCEPTUAL_NEAR_DUP,Sethy,TUNGRO3_260,Tungro,Sethy,TUNGRO3_263,Tungro,hamming_dist_4,False
PERCEPTUAL_NEAR_DUP,Sethy,TUNGRO3_260,Tungro,Sethy,TUNGRO3_265,Tungro,hamming_dist_3,False
PERCEPTUAL_NEAR_DUP,Sethy,TUNGRO3_261,Tungro,Sethy,TUNGRO3_262,Tungro,hamming_dist_0,False
PERCEPTUAL_NEAR_DUP,Sethy,TUNGRO3_261,Tungro,Sethy,TUNGRO3_263,Tungro,hamming_dist_4,False
PERCEPTUAL_NEAR_DUP,Sethy,TUNGRO3_261,Tungro,Sethy,TUNGRO3_264,Tungro,hamming_dist_4,False
PERCEPTUAL_NEAR_DUP,Sethy,TUNGRO3_261,Tungro,Sethy,TUNGRO3_265,Tungro,hamming_dist_1,False
PERCEPTUAL_NEAR_DUP,Sethy,TUNGRO3_261,Tungro,Sethy,TUNGRO3_266,Tungro,hamming_dist_3,False
PERCEPTUAL_NEAR_DUP,Sethy,TUNGRO3_261,Tungro,Sethy,TUNGRO3_267,Tungro,hamming_dist_4,False
PERCEPTUAL_NEAR_DUP,Sethy,TUNGRO3_261,Tungro,Sethy,TUNGRO3_268,Tungro,hamming_dist_3,False
PERCEPTUAL_NEAR_DUP,Sethy,TUNGRO3_262,Tungro,Sethy,TUNGRO3_263,Tungro,hamming_dist_4,False
PERCEPTUAL_NEAR_DUP,Sethy,TUNGRO3_262,Tungro,Sethy,TUNGRO3_264,Tungro,hamming_dist_4,False
PERCEPTUAL_NEAR_DUP,Sethy,TUNGRO3_262,Tungro,Sethy,TUNGRO3_265,Tungro,hamming_dist_1,False
PERCEPTUAL_NEAR_DUP,Sethy,TUNGRO3_262,Tungro,Sethy,TUNGRO3_266,Tungro,hamming_dist_3,False
PERCEPTUAL_NEAR_DUP,Sethy,TUNGRO3_262,Tungro,Sethy,TUNGRO3_267,Tungro,hamming_dist_4,False
PERCEPTUAL_NEAR_DUP,Sethy,TUNGRO3_262,Tungro,Sethy,TUNGRO3_268,Tungro,hamming_dist_3,False
PERCEPTUAL_NEAR_DUP,Sethy,TUNGRO3_263,Tungro,Sethy,TUNGRO3_264,Tungro,hamming_dist_2,False
PERCEPTUAL_NEAR_DUP,Sethy,TUNGRO3_263,Tungro,Sethy,TUNGRO3_265,Tungro,hamming_dist_3,False
PERCEPTUAL_NEAR_DUP,Sethy,TUNGRO3_264,Tungro,Sethy,TUNGRO3_265,Tungro,hamming_dist_3,False
PERCEPTUAL_NEAR_DUP,Sethy,TUNGRO3_265,Tungro,Sethy,TUNGRO3_266,Tungro,hamming_dist_2,False
PERCEPTUAL_NEAR_DUP,Sethy,TUNGRO3_265,Tungro,Sethy,TUNGRO3_267,Tungro,hamming_dist_3,False
PERCEPTUAL_NEAR_DUP,Sethy,TUNGRO3_265,Tungro,Sethy,TUNGRO3_268,Tungro,hamming_dist_4,False
PERCEPTUAL_NEAR_DUP,Sethy,TUNGRO3_266,Tungro,Sethy,TUNGRO3_267,Tungro,hamming_dist_3,False
PERCEPTUAL_NEAR_DUP,Sethy,TUNGRO3_266,Tungro,Sethy,TUNGRO3_268,Tungro,hamming_dist_4,False
PERCEPTUAL_NEAR_DUP,Sethy,TUNGRO3_267,Tungro,Sethy,TUNGRO3_268,Tungro,hamming_dist_3,False
PERCEPTUAL_NEAR_DUP,Sethy,TUNGRO3_271,Tungro,Sethy,TUNGRO3_272,Tungro,hamming_dist_1,False
PERCEPTUAL_NEAR_DUP,Sethy,TUNGRO3_271,Tungro,Sethy,TUNGRO3_273,Tungro,hamming_dist_3,False
PERCEPTUAL_NEAR_DUP,Sethy,TUNGRO3_271,Tungro,Sethy,TUNGRO3_274,Tungro,hamming_dist_4,False
PERCEPTUAL_NEAR_DUP,Sethy,TUNGRO3_271,Tungro,Sethy,TUNGRO3_275,Tungro,hamming_dist_4,False
PERCEPTUAL_NEAR_DUP,Sethy,TUNGRO3_272,Tungro,Sethy,TUNGRO3_273,Tungro,hamming_dist_2,False
PERCEPTUAL_NEAR_DUP,Sethy,TUNGRO3_272,Tungro,Sethy,TUNGRO3_274,Tungro,hamming_dist_3,False
PERCEPTUAL_NEAR_DUP,Sethy,TUNGRO3_272,Tungro,Sethy,TUNGRO3_275,Tungro,hamming_dist_3,False
PERCEPTUAL_NEAR_DUP,Sethy,TUNGRO3_272,Tungro,Sethy,TUNGRO3_276,Tungro,hamming_dist_4,False
PERCEPTUAL_NEAR_DUP,Sethy,TUNGRO3_273,Tungro,Sethy,TUNGRO3_274,Tungro,hamming_dist_1,False
PERCEPTUAL_NEAR_DUP,Sethy,TUNGRO3_273,Tungro,Sethy,TUNGRO3_275,Tungro,hamming_dist_3,False
PERCEPTUAL_NEAR_DUP,Sethy,TUNGRO3_273,Tungro,Sethy,TUNGRO3_276,Tungro,hamming_dist_4,False
PERCEPTUAL_NEAR_DUP,Sethy,TUNGRO3_274,Tungro,Sethy,TUNGRO3_275,Tungro,hamming_dist_4,False
PERCEPTUAL_NEAR_DUP,Sethy,TUNGRO3_274,Tungro,Sethy,TUNGRO3_277,Tungro,hamming_dist_4,False
PERCEPTUAL_NEAR_DUP,Sethy,TUNGRO3_275,Tungro,Sethy,TUNGRO3_276,Tungro,hamming_dist_1,False
PERCEPTUAL_NEAR_DUP,Sethy,TUNGRO3_275,Tungro,Sethy,TUNGRO3_277,Tungro,hamming_dist_4,False
PERCEPTUAL_NEAR_DUP,Sethy,TUNGRO3_276,Tungro,Sethy,TUNGRO3_277,Tungro,hamming_dist_3,False
PERCEPTUAL_NEAR_DUP,Sethy,TUNGRO4_008,Tungro,Sethy,TUNGRO4_009,Tungro,hamming_dist_3,False
PERCEPTUAL_NEAR_DUP,Sethy,TUNGRO4_010,Tungro,Sethy,TUNGRO4_011,Tungro,hamming_dist_2,False
PERCEPTUAL_NEAR_DUP,Sethy,TUNGRO4_015,Tungro,Sethy,TUNGRO4_016,Tungro,hamming_dist_2,False
PERCEPTUAL_NEAR_DUP,Sethy,TUNGRO4_017,Tungro,Sethy,TUNGRO4_019,Tungro,hamming_dist_2,False
PERCEPTUAL_NEAR_DUP,Sethy,TUNGRO4_017,Tungro,Sethy,TUNGRO4_020,Tungro,hamming_dist_4,False
PERCEPTUAL_NEAR_DUP,Sethy,TUNGRO4_018,Tungro,Sethy,TUNGRO4_019,Tungro,hamming_dist_3,False
PERCEPTUAL_NEAR_DUP,Sethy,TUNGRO4_019,Tungro,Sethy,TUNGRO4_021,Tungro,hamming_dist_4,False
PERCEPTUAL_NEAR_DUP,Sethy,TUNGRO4_020,Tungro,Sethy,TUNGRO4_021,Tungro,hamming_dist_4,False
PERCEPTUAL_NEAR_DUP,Sethy,TUNGRO4_027,Tungro,Sethy,TUNGRO4_029,Tungro,hamming_dist_4,False
PERCEPTUAL_NEAR_DUP,Sethy,TUNGRO4_028,Tungro,Sethy,TUNGRO4_029,Tungro,hamming_dist_1,False
PERCEPTUAL_NEAR_DUP,Sethy,TUNGRO4_028,Tungro,Sethy,TUNGRO4_030,Tungro,hamming_dist_1,False
PERCEPTUAL_NEAR_DUP,Sethy,TUNGRO4_029,Tungro,Sethy,TUNGRO4_030,Tungro,hamming_dist_2,False
PERCEPTUAL_NEAR_DUP,Sethy,TUNGRO4_032,Tungro,Sethy,TUNGRO4_033,Tungro,hamming_dist_4,False
PERCEPTUAL_NEAR_DUP,Sethy,TUNGRO4_037,Tungro,Sethy,TUNGRO4_038,Tungro,hamming_dist_4,False
PERCEPTUAL_NEAR_DUP,Sethy,TUNGRO4_038,Tungro,Sethy,TUNGRO4_039,Tungro,hamming_dist_4,False
PERCEPTUAL_NEAR_DUP,Sethy,TUNGRO4_038,Tungro,Sethy,TUNGRO4_040,Tungro,hamming_dist_3,False
PERCEPTUAL_NEAR_DUP,Sethy,TUNGRO4_039,Tungro,Sethy,TUNGRO4_040,Tungro,hamming_dist_1,False
PERCEPTUAL_NEAR_DUP,Sethy,TUNGRO4_044,Tungro,Sethy,TUNGRO4_045,Tungro,hamming_dist_3,False
PERCEPTUAL_NEAR_DUP,Sethy,TUNGRO4_045,Tungro,Sethy,TUNGRO4_046,Tungro,hamming_dist_3,False
PERCEPTUAL_NEAR_DUP,Sethy,TUNGRO4_047,Tungro,Sethy,TUNGRO4_048,Tungro,hamming_dist_4,False
PERCEPTUAL_NEAR_DUP,Sethy,TUNGRO4_048,Tungro,Sethy,TUNGRO4_049,Tungro,hamming_dist_3,False
PERCEPTUAL_NEAR_DUP,Sethy,TUNGRO4_048,Tungro,Sethy,TUNGRO4_050,Tungro,hamming_dist_4,False
PERCEPTUAL_NEAR_DUP,Sethy,TUNGRO4_049,Tungro,Sethy,TUNGRO4_050,Tungro,hamming_dist_3,False
PERCEPTUAL_NEAR_DUP,Sethy,TUNGRO4_051,Tungro,Sethy,TUNGRO4_052,Tungro,hamming_dist_4,False
PERCEPTUAL_NEAR_DUP,Sethy,TUNGRO4_060,Tungro,Sethy,TUNGRO4_061,Tungro,hamming_dist_1,False
PERCEPTUAL_NEAR_DUP,Sethy,TUNGRO4_062,Tungro,Sethy,TUNGRO4_063,Tungro,hamming_dist_2,False
PERCEPTUAL_NEAR_DUP,Sethy,TUNGRO4_066,Tungro,Sethy,TUNGRO4_067,Tungro,hamming_dist_4,False
PERCEPTUAL_NEAR_DUP,Sethy,TUNGRO4_068,Tungro,Sethy,TUNGRO4_069,Tungro,hamming_dist_2,False
PERCEPTUAL_NEAR_DUP,Sethy,TUNGRO4_077,Tungro,Sethy,TUNGRO4_078,Tungro,hamming_dist_1,False
PERCEPTUAL_NEAR_DUP,Sethy,TUNGRO4_080,Tungro,Sethy,TUNGRO4_081,Tungro,hamming_dist_4,False
PERCEPTUAL_NEAR_DUP,Sethy,TUNGRO4_080,Tungro,Sethy,TUNGRO4_082,Tungro,hamming_dist_4,False
PERCEPTUAL_NEAR_DUP,Sethy,TUNGRO4_085,Tungro,Sethy,TUNGRO4_086,Tungro,hamming_dist_2,False
PERCEPTUAL_NEAR_DUP,Sethy,TUNGRO4_085,Tungro,Sethy,TUNGRO4_087,Tungro,hamming_dist_4,False
PERCEPTUAL_NEAR_DUP,Sethy,TUNGRO4_086,Tungro,Sethy,TUNGRO4_087,Tungro,hamming_dist_2,False
PERCEPTUAL_NEAR_DUP,Sethy,TUNGRO4_088,Tungro,Sethy,TUNGRO4_089,Tungro,hamming_dist_1,False
PERCEPTUAL_NEAR_DUP,Sethy,TUNGRO4_094,Tungro,Sethy,TUNGRO4_095,Tungro,hamming_dist_2,False
PERCEPTUAL_NEAR_DUP,Sethy,TUNGRO4_095,Tungro,Sethy,TUNGRO4_096,Tungro,hamming_dist_3,False
PERCEPTUAL_NEAR_DUP,Sethy,TUNGRO4_097,Tungro,Sethy,TUNGRO4_098,Tungro,hamming_dist_4,False
PERCEPTUAL_NEAR_DUP,Sethy,TUNGRO4_099,Tungro,Sethy,TUNGRO4_100,Tungro,hamming_dist_2,False
PERCEPTUAL_NEAR_DUP,Sethy,TUNGRO4_099,Tungro,Sethy,TUNGRO4_101,Tungro,hamming_dist_3,False
PERCEPTUAL_NEAR_DUP,Sethy,TUNGRO4_100,Tungro,Sethy,TUNGRO4_101,Tungro,hamming_dist_1,False
PERCEPTUAL_NEAR_DUP,Sethy,TUNGRO4_101,Tungro,Sethy,TUNGRO4_103,Tungro,hamming_dist_4,False
PERCEPTUAL_NEAR_DUP,Sethy,TUNGRO4_102,Tungro,Sethy,TUNGRO4_103,Tungro,hamming_dist_2,False
PERCEPTUAL_NEAR_DUP,Sethy,TUNGRO4_102,Tungro,Sethy,TUNGRO4_104,Tungro,hamming_dist_1,False
PERCEPTUAL_NEAR_DUP,Sethy,TUNGRO4_102,Tungro,Sethy,TUNGRO4_105,Tungro,hamming_dist_4,False
PERCEPTUAL_NEAR_DUP,Sethy,TUNGRO4_103,Tungro,Sethy,TUNGRO4_104,Tungro,hamming_dist_1,False
PERCEPTUAL_NEAR_DUP,Sethy,TUNGRO4_103,Tungro,Sethy,TUNGRO4_105,Tungro,hamming_dist_2,False
PERCEPTUAL_NEAR_DUP,Sethy,TUNGRO4_104,Tungro,Sethy,TUNGRO4_105,Tungro,hamming_dist_3,False
PERCEPTUAL_NEAR_DUP,Sethy,TUNGRO4_106,Tungro,Sethy,TUNGRO4_107,Tungro,hamming_dist_1,False
PERCEPTUAL_NEAR_DUP,Sethy,TUNGRO4_106,Tungro,Sethy,TUNGRO4_108,Tungro,hamming_dist_3,False
PERCEPTUAL_NEAR_DUP,Sethy,TUNGRO4_106,Tungro,Sethy,TUNGRO4_109,Tungro,hamming_dist_4,False
PERCEPTUAL_NEAR_DUP,Sethy,TUNGRO4_106,Tungro,Sethy,TUNGRO4_110,Tungro,hamming_dist_4,False
PERCEPTUAL_NEAR_DUP,Sethy,TUNGRO4_107,Tungro,Sethy,TUNGRO4_108,Tungro,hamming_dist_4,False
PERCEPTUAL_NEAR_DUP,Sethy,TUNGRO4_108,Tungro,Sethy,TUNGRO4_109,Tungro,hamming_dist_1,False
PERCEPTUAL_NEAR_DUP,Sethy,TUNGRO4_108,Tungro,Sethy,TUNGRO4_110,Tungro,hamming_dist_1,False
PERCEPTUAL_NEAR_DUP,Sethy,TUNGRO4_108,Tungro,Sethy,TUNGRO4_111,Tungro,hamming_dist_4,False
PERCEPTUAL_NEAR_DUP,Sethy,TUNGRO4_109,Tungro,Sethy,TUNGRO4_110,Tungro,hamming_dist_0,False
PERCEPTUAL_NEAR_DUP,Sethy,TUNGRO4_109,Tungro,Sethy,TUNGRO4_111,Tungro,hamming_dist_3,False
PERCEPTUAL_NEAR_DUP,Sethy,TUNGRO4_110,Tungro,Sethy,TUNGRO4_111,Tungro,hamming_dist_3,False
PERCEPTUAL_NEAR_DUP,Sethy,TUNGRO4_112,Tungro,Sethy,TUNGRO4_113,Tungro,hamming_dist_2,False
PERCEPTUAL_NEAR_DUP,Sethy,TUNGRO4_112,Tungro,Sethy,TUNGRO4_114,Tungro,hamming_dist_3,False
PERCEPTUAL_NEAR_DUP,Sethy,TUNGRO4_112,Tungro,Sethy,TUNGRO4_115,Tungro,hamming_dist_3,False
PERCEPTUAL_NEAR_DUP,Sethy,TUNGRO4_112,Tungro,Sethy,TUNGRO4_116,Tungro,hamming_dist_4,False
PERCEPTUAL_NEAR_DUP,Sethy,TUNGRO4_114,Tungro,Sethy,TUNGRO4_115,Tungro,hamming_dist_0,False
PERCEPTUAL_NEAR_DUP,Sethy,TUNGRO4_114,Tungro,Sethy,TUNGRO4_116,Tungro,hamming_dist_1,False
PERCEPTUAL_NEAR_DUP,Sethy,TUNGRO4_115,Tungro,Sethy,TUNGRO4_116,Tungro,hamming_dist_1,False
PERCEPTUAL_NEAR_DUP,Sethy,TUNGRO4_117,Tungro,Sethy,TUNGRO4_119,Tungro,hamming_dist_4,False
PERCEPTUAL_NEAR_DUP,Sethy,TUNGRO4_117,Tungro,Sethy,TUNGRO4_120,Tungro,hamming_dist_2,False
PERCEPTUAL_NEAR_DUP,Sethy,TUNGRO4_117,Tungro,Sethy,TUNGRO4_121,Tungro,hamming_dist_0,False
PERCEPTUAL_NEAR_DUP,Sethy,TUNGRO4_118,Tungro,Sethy,TUNGRO4_119,Tungro,hamming_dist_3,False
PERCEPTUAL_NEAR_DUP,Sethy,TUNGRO4_119,Tungro,Sethy,TUNGRO4_120,Tungro,hamming_dist_2,False
PERCEPTUAL_NEAR_DUP,Sethy,TUNGRO4_119,Tungro,Sethy,TUNGRO4_121,Tungro,hamming_dist_4,False
PERCEPTUAL_NEAR_DUP,Sethy,TUNGRO4_120,Tungro,Sethy,TUNGRO4_121,Tungro,hamming_dist_2,False
PERCEPTUAL_NEAR_DUP,Sethy,TUNGRO4_122,Tungro,Sethy,TUNGRO4_123,Tungro,hamming_dist_3,False
PERCEPTUAL_NEAR_DUP,Sethy,TUNGRO4_122,Tungro,Sethy,TUNGRO4_124,Tungro,hamming_dist_4,False
PERCEPTUAL_NEAR_DUP,Sethy,TUNGRO4_122,Tungro,Sethy,TUNGRO4_127,Tungro,hamming_dist_4,False
PERCEPTUAL_NEAR_DUP,Sethy,TUNGRO4_123,Tungro,Sethy,TUNGRO4_124,Tungro,hamming_dist_3,False
PERCEPTUAL_NEAR_DUP,Sethy,TUNGRO4_123,Tungro,Sethy,TUNGRO4_125,Tungro,hamming_dist_4,False
PERCEPTUAL_NEAR_DUP,Sethy,TUNGRO4_123,Tungro,Sethy,TUNGRO4_126,Tungro,hamming_dist_4,False
PERCEPTUAL_NEAR_DUP,Sethy,TUNGRO4_123,Tungro,Sethy,TUNGRO4_127,Tungro,hamming_dist_3,False
PERCEPTUAL_NEAR_DUP,Sethy,TUNGRO4_124,Tungro,Sethy,TUNGRO4_125,Tungro,hamming_dist_3,False
PERCEPTUAL_NEAR_DUP,Sethy,TUNGRO4_124,Tungro,Sethy,TUNGRO4_126,Tungro,hamming_dist_3,False
PERCEPTUAL_NEAR_DUP,Sethy,TUNGRO4_124,Tungro,Sethy,TUNGRO4_127,Tungro,hamming_dist_2,False
PERCEPTUAL_NEAR_DUP,Sethy,TUNGRO4_125,Tungro,Sethy,TUNGRO4_126,Tungro,hamming_dist_2,False
PERCEPTUAL_NEAR_DUP,Sethy,TUNGRO4_125,Tungro,Sethy,TUNGRO4_127,Tungro,hamming_dist_3,False
PERCEPTUAL_NEAR_DUP,Sethy,TUNGRO4_126,Tungro,Sethy,TUNGRO4_127,Tungro,hamming_dist_3,False
PERCEPTUAL_NEAR_DUP,Sethy,TUNGRO4_129,Tungro,Sethy,TUNGRO4_130,Tungro,hamming_dist_1,False
PERCEPTUAL_NEAR_DUP,Sethy,TUNGRO4_129,Tungro,Sethy,TUNGRO4_131,Tungro,hamming_dist_0,False
PERCEPTUAL_NEAR_DUP,Sethy,TUNGRO4_129,Tungro,Sethy,TUNGRO4_132,Tungro,hamming_dist_1,False
PERCEPTUAL_NEAR_DUP,Sethy,TUNGRO4_130,Tungro,Sethy,TUNGRO4_131,Tungro,hamming_dist_1,False
PERCEPTUAL_NEAR_DUP,Sethy,TUNGRO4_130,Tungro,Sethy,TUNGRO4_132,Tungro,hamming_dist_0,False
PERCEPTUAL_NEAR_DUP,Sethy,TUNGRO4_131,Tungro,Sethy,TUNGRO4_132,Tungro,hamming_dist_1,False
PERCEPTUAL_NEAR_DUP,Sethy,TUNGRO4_133,Tungro,Sethy,TUNGRO4_134,Tungro,hamming_dist_1,False
PERCEPTUAL_NEAR_DUP,Sethy,TUNGRO4_133,Tungro,Sethy,TUNGRO4_135,Tungro,hamming_dist_2,False
PERCEPTUAL_NEAR_DUP,Sethy,TUNGRO4_133,Tungro,Sethy,TUNGRO4_136,Tungro,hamming_dist_2,False
PERCEPTUAL_NEAR_DUP,Sethy,TUNGRO4_134,Tungro,Sethy,TUNGRO4_135,Tungro,hamming_dist_1,False
PERCEPTUAL_NEAR_DUP,Sethy,TUNGRO4_134,Tungro,Sethy,TUNGRO4_136,Tungro,hamming_dist_1,False
PERCEPTUAL_NEAR_DUP,Sethy,TUNGRO4_134,Tungro,Sethy,TUNGRO4_137,Tungro,hamming_dist_4,False
PERCEPTUAL_NEAR_DUP,Sethy,TUNGRO4_135,Tungro,Sethy,TUNGRO4_136,Tungro,hamming_dist_2,False
PERCEPTUAL_NEAR_DUP,Sethy,TUNGRO4_136,Tungro,Sethy,TUNGRO4_137,Tungro,hamming_dist_3,False
PERCEPTUAL_NEAR_DUP,Sethy,TUNGRO4_138,Tungro,Sethy,TUNGRO4_139,Tungro,hamming_dist_2,False
PERCEPTUAL_NEAR_DUP,Sethy,TUNGRO4_138,Tungro,Sethy,TUNGRO4_140,Tungro,hamming_dist_3,False
PERCEPTUAL_NEAR_DUP,Sethy,TUNGRO4_138,Tungro,Sethy,TUNGRO4_142,Tungro,hamming_dist_4,False
PERCEPTUAL_NEAR_DUP,Sethy,TUNGRO4_139,Tungro,Sethy,TUNGRO4_140,Tungro,hamming_dist_3,False
PERCEPTUAL_NEAR_DUP,Sethy,TUNGRO4_139,Tungro,Sethy,TUNGRO4_142,Tungro,hamming_dist_4,False
PERCEPTUAL_NEAR_DUP,Sethy,TUNGRO4_140,Tungro,Sethy,TUNGRO4_141,Tungro,hamming_dist_4,False
PERCEPTUAL_NEAR_DUP,Sethy,TUNGRO4_143,Tungro,Sethy,TUNGRO4_144,Tungro,hamming_dist_4,False
PERCEPTUAL_NEAR_DUP,Sethy,TUNGRO4_145,Tungro,Sethy,TUNGRO4_146,Tungro,hamming_dist_1,False
PERCEPTUAL_NEAR_DUP,Sethy,TUNGRO4_145,Tungro,Sethy,TUNGRO4_147,Tungro,hamming_dist_1,False
PERCEPTUAL_NEAR_DUP,Sethy,TUNGRO4_145,Tungro,Sethy,TUNGRO4_148,Tungro,hamming_dist_0,False
PERCEPTUAL_NEAR_DUP,Sethy,TUNGRO4_145,Tungro,Sethy,TUNGRO4_149,Tungro,hamming_dist_2,False
PERCEPTUAL_NEAR_DUP,Sethy,TUNGRO4_145,Tungro,Sethy,TUNGRO4_150,Tungro,hamming_dist_3,False
PERCEPTUAL_NEAR_DUP,Sethy,TUNGRO4_145,Tungro,Sethy,TUNGRO4_151,Tungro,hamming_dist_3,False
PERCEPTUAL_NEAR_DUP,Sethy,TUNGRO4_146,Tungro,Sethy,TUNGRO4_147,Tungro,hamming_dist_0,False
PERCEPTUAL_NEAR_DUP,Sethy,TUNGRO4_146,Tungro,Sethy,TUNGRO4_148,Tungro,hamming_dist_1,False
PERCEPTUAL_NEAR_DUP,Sethy,TUNGRO4_146,Tungro,Sethy,TUNGRO4_149,Tungro,hamming_dist_1,False
PERCEPTUAL_NEAR_DUP,Sethy,TUNGRO4_146,Tungro,Sethy,TUNGRO4_150,Tungro,hamming_dist_2,False
PERCEPTUAL_NEAR_DUP,Sethy,TUNGRO4_146,Tungro,Sethy,TUNGRO4_151,Tungro,hamming_dist_2,False
PERCEPTUAL_NEAR_DUP,Sethy,TUNGRO4_147,Tungro,Sethy,TUNGRO4_148,Tungro,hamming_dist_1,False
PERCEPTUAL_NEAR_DUP,Sethy,TUNGRO4_147,Tungro,Sethy,TUNGRO4_149,Tungro,hamming_dist_1,False
PERCEPTUAL_NEAR_DUP,Sethy,TUNGRO4_147,Tungro,Sethy,TUNGRO4_150,Tungro,hamming_dist_2,False
PERCEPTUAL_NEAR_DUP,Sethy,TUNGRO4_147,Tungro,Sethy,TUNGRO4_151,Tungro,hamming_dist_2,False
PERCEPTUAL_NEAR_DUP,Sethy,TUNGRO4_148,Tungro,Sethy,TUNGRO4_149,Tungro,hamming_dist_2,False
PERCEPTUAL_NEAR_DUP,Sethy,TUNGRO4_148,Tungro,Sethy,TUNGRO4_150,Tungro,hamming_dist_3,False
PERCEPTUAL_NEAR_DUP,Sethy,TUNGRO4_148,Tungro,Sethy,TUNGRO4_151,Tungro,hamming_dist_3,False
PERCEPTUAL_NEAR_DUP,Sethy,TUNGRO4_149,Tungro,Sethy,TUNGRO4_150,Tungro,hamming_dist_1,False
PERCEPTUAL_NEAR_DUP,Sethy,TUNGRO4_149,Tungro,Sethy,TUNGRO4_151,Tungro,hamming_dist_1,False
PERCEPTUAL_NEAR_DUP,Sethy,TUNGRO4_150,Tungro,Sethy,TUNGRO4_151,Tungro,hamming_dist_0,False
PERCEPTUAL_NEAR_DUP,Sethy,TUNGRO4_152,Tungro,Sethy,TUNGRO4_153,Tungro,hamming_dist_2,False
PERCEPTUAL_NEAR_DUP,Sethy,TUNGRO4_152,Tungro,Sethy,TUNGRO4_154,Tungro,hamming_dist_3,False
PERCEPTUAL_NEAR_DUP,Sethy,TUNGRO4_152,Tungro,Sethy,TUNGRO4_155,Tungro,hamming_dist_4,False
PERCEPTUAL_NEAR_DUP,Sethy,TUNGRO4_152,Tungro,Sethy,TUNGRO4_157,Tungro,hamming_dist_4,False
PERCEPTUAL_NEAR_DUP,Sethy,TUNGRO4_152,Tungro,Sethy,TUNGRO4_158,Tungro,hamming_dist_4,False
PERCEPTUAL_NEAR_DUP,Sethy,TUNGRO4_152,Tungro,Sethy,TUNGRO4_159,Tungro,hamming_dist_4,False
PERCEPTUAL_NEAR_DUP,Sethy,TUNGRO4_153,Tungro,Sethy,TUNGRO4_154,Tungro,hamming_dist_1,False
PERCEPTUAL_NEAR_DUP,Sethy,TUNGRO4_153,Tungro,Sethy,TUNGRO4_155,Tungro,hamming_dist_2,False
PERCEPTUAL_NEAR_DUP,Sethy,TUNGRO4_153,Tungro,Sethy,TUNGRO4_156,Tungro,hamming_dist_3,False
PERCEPTUAL_NEAR_DUP,Sethy,TUNGRO4_153,Tungro,Sethy,TUNGRO4_157,Tungro,hamming_dist_2,False
PERCEPTUAL_NEAR_DUP,Sethy,TUNGRO4_153,Tungro,Sethy,TUNGRO4_158,Tungro,hamming_dist_2,False
PERCEPTUAL_NEAR_DUP,Sethy,TUNGRO4_153,Tungro,Sethy,TUNGRO4_159,Tungro,hamming_dist_2,False
PERCEPTUAL_NEAR_DUP,Sethy,TUNGRO4_153,Tungro,Sethy,TUNGRO4_160,Tungro,hamming_dist_3,False
PERCEPTUAL_NEAR_DUP,Sethy,TUNGRO4_154,Tungro,Sethy,TUNGRO4_155,Tungro,hamming_dist_1,False
PERCEPTUAL_NEAR_DUP,Sethy,TUNGRO4_154,Tungro,Sethy,TUNGRO4_156,Tungro,hamming_dist_2,False
PERCEPTUAL_NEAR_DUP,Sethy,TUNGRO4_154,Tungro,Sethy,TUNGRO4_157,Tungro,hamming_dist_1,False
PERCEPTUAL_NEAR_DUP,Sethy,TUNGRO4_154,Tungro,Sethy,TUNGRO4_158,Tungro,hamming_dist_1,False
PERCEPTUAL_NEAR_DUP,Sethy,TUNGRO4_154,Tungro,Sethy,TUNGRO4_159,Tungro,hamming_dist_1,False
PERCEPTUAL_NEAR_DUP,Sethy,TUNGRO4_154,Tungro,Sethy,TUNGRO4_160,Tungro,hamming_dist_2,False
PERCEPTUAL_NEAR_DUP,Sethy,TUNGRO4_155,Tungro,Sethy,TUNGRO4_156,Tungro,hamming_dist_1,False
PERCEPTUAL_NEAR_DUP,Sethy,TUNGRO4_155,Tungro,Sethy,TUNGRO4_157,Tungro,hamming_dist_0,False
PERCEPTUAL_NEAR_DUP,Sethy,TUNGRO4_155,Tungro,Sethy,TUNGRO4_158,Tungro,hamming_dist_0,False
PERCEPTUAL_NEAR_DUP,Sethy,TUNGRO4_155,Tungro,Sethy,TUNGRO4_159,Tungro,hamming_dist_0,False
PERCEPTUAL_NEAR_DUP,Sethy,TUNGRO4_155,Tungro,Sethy,TUNGRO4_160,Tungro,hamming_dist_1,False
PERCEPTUAL_NEAR_DUP,Sethy,TUNGRO4_156,Tungro,Sethy,TUNGRO4_157,Tungro,hamming_dist_1,False
PERCEPTUAL_NEAR_DUP,Sethy,TUNGRO4_156,Tungro,Sethy,TUNGRO4_158,Tungro,hamming_dist_1,False
PERCEPTUAL_NEAR_DUP,Sethy,TUNGRO4_156,Tungro,Sethy,TUNGRO4_159,Tungro,hamming_dist_1,False
PERCEPTUAL_NEAR_DUP,Sethy,TUNGRO4_156,Tungro,Sethy,TUNGRO4_160,Tungro,hamming_dist_2,False
PERCEPTUAL_NEAR_DUP,Sethy,TUNGRO4_157,Tungro,Sethy,TUNGRO4_158,Tungro,hamming_dist_0,False
PERCEPTUAL_NEAR_DUP,Sethy,TUNGRO4_157,Tungro,Sethy,TUNGRO4_159,Tungro,hamming_dist_0,False
PERCEPTUAL_NEAR_DUP,Sethy,TUNGRO4_157,Tungro,Sethy,TUNGRO4_160,Tungro,hamming_dist_1,False
PERCEPTUAL_NEAR_DUP,Sethy,TUNGRO4_158,Tungro,Sethy,TUNGRO4_159,Tungro,hamming_dist_0,False
PERCEPTUAL_NEAR_DUP,Sethy,TUNGRO4_158,Tungro,Sethy,TUNGRO4_160,Tungro,hamming_dist_1,False
PERCEPTUAL_NEAR_DUP,Sethy,TUNGRO4_159,Tungro,Sethy,TUNGRO4_160,Tungro,hamming_dist_1,False
PERCEPTUAL_NEAR_DUP,Sethy,TUNGRO4_161,Tungro,Sethy,TUNGRO4_162,Tungro,hamming_dist_2,False
PERCEPTUAL_NEAR_DUP,Sethy,TUNGRO4_161,Tungro,Sethy,TUNGRO4_163,Tungro,hamming_dist_4,False
PERCEPTUAL_NEAR_DUP,Sethy,TUNGRO4_161,Tungro,Sethy,TUNGRO4_164,Tungro,hamming_dist_4,False
PERCEPTUAL_NEAR_DUP,Sethy,TUNGRO4_162,Tungro,Sethy,TUNGRO4_163,Tungro,hamming_dist_2,False
PERCEPTUAL_NEAR_DUP,Sethy,TUNGRO4_162,Tungro,Sethy,TUNGRO4_164,Tungro,hamming_dist_2,False
PERCEPTUAL_NEAR_DUP,Sethy,TUNGRO4_163,Tungro,Sethy,TUNGRO4_164,Tungro,hamming_dist_2,False
PERCEPTUAL_NEAR_DUP,Sethy,TUNGRO4_166,Tungro,Sethy,TUNGRO4_167,Tungro,hamming_dist_2,False
PERCEPTUAL_NEAR_DUP,Sethy,TUNGRO4_166,Tungro,Sethy,TUNGRO4_168,Tungro,hamming_dist_1,False
PERCEPTUAL_NEAR_DUP,Sethy,TUNGRO4_166,Tungro,Sethy,TUNGRO4_169,Tungro,hamming_dist_1,False
PERCEPTUAL_NEAR_DUP,Sethy,TUNGRO4_166,Tungro,Sethy,TUNGRO4_170,Tungro,hamming_dist_1,False
PERCEPTUAL_NEAR_DUP,Sethy,TUNGRO4_166,Tungro,Sethy,TUNGRO4_171,Tungro,hamming_dist_1,False
PERCEPTUAL_NEAR_DUP,Sethy,TUNGRO4_167,Tungro,Sethy,TUNGRO4_168,Tungro,hamming_dist_1,False
PERCEPTUAL_NEAR_DUP,Sethy,TUNGRO4_167,Tungro,Sethy,TUNGRO4_169,Tungro,hamming_dist_1,False
PERCEPTUAL_NEAR_DUP,Sethy,TUNGRO4_167,Tungro,Sethy,TUNGRO4_170,Tungro,hamming_dist_1,False
PERCEPTUAL_NEAR_DUP,Sethy,TUNGRO4_167,Tungro,Sethy,TUNGRO4_171,Tungro,hamming_dist_1,False
PERCEPTUAL_NEAR_DUP,Sethy,TUNGRO4_168,Tungro,Sethy,TUNGRO4_169,Tungro,hamming_dist_0,False
PERCEPTUAL_NEAR_DUP,Sethy,TUNGRO4_168,Tungro,Sethy,TUNGRO4_170,Tungro,hamming_dist_0,False
PERCEPTUAL_NEAR_DUP,Sethy,TUNGRO4_168,Tungro,Sethy,TUNGRO4_171,Tungro,hamming_dist_0,False
PERCEPTUAL_NEAR_DUP,Sethy,TUNGRO4_169,Tungro,Sethy,TUNGRO4_170,Tungro,hamming_dist_0,False
PERCEPTUAL_NEAR_DUP,Sethy,TUNGRO4_169,Tungro,Sethy,TUNGRO4_171,Tungro,hamming_dist_0,False
PERCEPTUAL_NEAR_DUP,Sethy,TUNGRO4_170,Tungro,Sethy,TUNGRO4_171,Tungro,hamming_dist_0,False
PERCEPTUAL_NEAR_DUP,Sethy,TUNGRO4_172,Tungro,Sethy,TUNGRO4_173,Tungro,hamming_dist_2,False
PERCEPTUAL_NEAR_DUP,Sethy,TUNGRO4_172,Tungro,Sethy,TUNGRO4_174,Tungro,hamming_dist_1,False
PERCEPTUAL_NEAR_DUP,Sethy,TUNGRO4_172,Tungro,Sethy,TUNGRO4_175,Tungro,hamming_dist_2,False
PERCEPTUAL_NEAR_DUP,Sethy,TUNGRO4_172,Tungro,Sethy,TUNGRO4_176,Tungro,hamming_dist_2,False
PERCEPTUAL_NEAR_DUP,Sethy,TUNGRO4_172,Tungro,Sethy,TUNGRO4_177,Tungro,hamming_dist_3,False
PERCEPTUAL_NEAR_DUP,Sethy,TUNGRO4_172,Tungro,Sethy,TUNGRO4_178,Tungro,hamming_dist_4,False
PERCEPTUAL_NEAR_DUP,Sethy,TUNGRO4_172,Tungro,Sethy,TUNGRO4_179,Tungro,hamming_dist_3,False
PERCEPTUAL_NEAR_DUP,Sethy,TUNGRO4_173,Tungro,Sethy,TUNGRO4_174,Tungro,hamming_dist_1,False
PERCEPTUAL_NEAR_DUP,Sethy,TUNGRO4_173,Tungro,Sethy,TUNGRO4_175,Tungro,hamming_dist_2,False
PERCEPTUAL_NEAR_DUP,Sethy,TUNGRO4_173,Tungro,Sethy,TUNGRO4_176,Tungro,hamming_dist_2,False
PERCEPTUAL_NEAR_DUP,Sethy,TUNGRO4_174,Tungro,Sethy,TUNGRO4_175,Tungro,hamming_dist_1,False
PERCEPTUAL_NEAR_DUP,Sethy,TUNGRO4_174,Tungro,Sethy,TUNGRO4_176,Tungro,hamming_dist_1,False
PERCEPTUAL_NEAR_DUP,Sethy,TUNGRO4_174,Tungro,Sethy,TUNGRO4_177,Tungro,hamming_dist_4,False
PERCEPTUAL_NEAR_DUP,Sethy,TUNGRO4_174,Tungro,Sethy,TUNGRO4_179,Tungro,hamming_dist_4,False
PERCEPTUAL_NEAR_DUP,Sethy,TUNGRO4_175,Tungro,Sethy,TUNGRO4_176,Tungro,hamming_dist_0,False
PERCEPTUAL_NEAR_DUP,Sethy,TUNGRO4_175,Tungro,Sethy,TUNGRO4_177,Tungro,hamming_dist_3,False
PERCEPTUAL_NEAR_DUP,Sethy,TUNGRO4_175,Tungro,Sethy,TUNGRO4_178,Tungro,hamming_dist_4,False
PERCEPTUAL_NEAR_DUP,Sethy,TUNGRO4_175,Tungro,Sethy,TUNGRO4_179,Tungro,hamming_dist_3,False
PERCEPTUAL_NEAR_DUP,Sethy,TUNGRO4_176,Tungro,Sethy,TUNGRO4_177,Tungro,hamming_dist_3,False
PERCEPTUAL_NEAR_DUP,Sethy,TUNGRO4_176,Tungro,Sethy,TUNGRO4_178,Tungro,hamming_dist_4,False
PERCEPTUAL_NEAR_DUP,Sethy,TUNGRO4_176,Tungro,Sethy,TUNGRO4_179,Tungro,hamming_dist_3,False
PERCEPTUAL_NEAR_DUP,Sethy,TUNGRO4_177,Tungro,Sethy,TUNGRO4_178,Tungro,hamming_dist_1,False
PERCEPTUAL_NEAR_DUP,Sethy,TUNGRO4_177,Tungro,Sethy,TUNGRO4_179,Tungro,hamming_dist_2,False
PERCEPTUAL_NEAR_DUP,Sethy,TUNGRO4_178,Tungro,Sethy,TUNGRO4_179,Tungro,hamming_dist_1,False
PERCEPTUAL_NEAR_DUP,Sethy,TUNGRO4_180,Tungro,Sethy,TUNGRO4_181,Tungro,hamming_dist_1,False
PERCEPTUAL_NEAR_DUP,Sethy,TUNGRO4_180,Tungro,Sethy,TUNGRO4_182,Tungro,hamming_dist_2,False
PERCEPTUAL_NEAR_DUP,Sethy,TUNGRO4_180,Tungro,Sethy,TUNGRO4_183,Tungro,hamming_dist_3,False
PERCEPTUAL_NEAR_DUP,Sethy,TUNGRO4_180,Tungro,Sethy,TUNGRO4_184,Tungro,hamming_dist_3,False
PERCEPTUAL_NEAR_DUP,Sethy,TUNGRO4_180,Tungro,Sethy,TUNGRO4_185,Tungro,hamming_dist_4,False
PERCEPTUAL_NEAR_DUP,Sethy,TUNGRO4_180,Tungro,Sethy,TUNGRO4_188,Tungro,hamming_dist_4,False
PERCEPTUAL_NEAR_DUP,Sethy,TUNGRO4_181,Tungro,Sethy,TUNGRO4_182,Tungro,hamming_dist_1,False
PERCEPTUAL_NEAR_DUP,Sethy,TUNGRO4_181,Tungro,Sethy,TUNGRO4_183,Tungro,hamming_dist_2,False
PERCEPTUAL_NEAR_DUP,Sethy,TUNGRO4_181,Tungro,Sethy,TUNGRO4_184,Tungro,hamming_dist_2,False
PERCEPTUAL_NEAR_DUP,Sethy,TUNGRO4_181,Tungro,Sethy,TUNGRO4_185,Tungro,hamming_dist_3,False
PERCEPTUAL_NEAR_DUP,Sethy,TUNGRO4_181,Tungro,Sethy,TUNGRO4_186,Tungro,hamming_dist_4,False
PERCEPTUAL_NEAR_DUP,Sethy,TUNGRO4_181,Tungro,Sethy,TUNGRO4_187,Tungro,hamming_dist_4,False
PERCEPTUAL_NEAR_DUP,Sethy,TUNGRO4_181,Tungro,Sethy,TUNGRO4_188,Tungro,hamming_dist_3,False
PERCEPTUAL_NEAR_DUP,Sethy,TUNGRO4_182,Tungro,Sethy,TUNGRO4_183,Tungro,hamming_dist_1,False
PERCEPTUAL_NEAR_DUP,Sethy,TUNGRO4_182,Tungro,Sethy,TUNGRO4_184,Tungro,hamming_dist_1,False
PERCEPTUAL_NEAR_DUP,Sethy,TUNGRO4_182,Tungro,Sethy,TUNGRO4_185,Tungro,hamming_dist_2,False
PERCEPTUAL_NEAR_DUP,Sethy,TUNGRO4_182,Tungro,Sethy,TUNGRO4_186,Tungro,hamming_dist_3,False
PERCEPTUAL_NEAR_DUP,Sethy,TUNGRO4_182,Tungro,Sethy,TUNGRO4_187,Tungro,hamming_dist_3,False
PERCEPTUAL_NEAR_DUP,Sethy,TUNGRO4_182,Tungro,Sethy,TUNGRO4_188,Tungro,hamming_dist_2,False
PERCEPTUAL_NEAR_DUP,Sethy,TUNGRO4_183,Tungro,Sethy,TUNGRO4_184,Tungro,hamming_dist_0,False
PERCEPTUAL_NEAR_DUP,Sethy,TUNGRO4_183,Tungro,Sethy,TUNGRO4_185,Tungro,hamming_dist_1,False
PERCEPTUAL_NEAR_DUP,Sethy,TUNGRO4_183,Tungro,Sethy,TUNGRO4_186,Tungro,hamming_dist_2,False
PERCEPTUAL_NEAR_DUP,Sethy,TUNGRO4_183,Tungro,Sethy,TUNGRO4_187,Tungro,hamming_dist_2,False
PERCEPTUAL_NEAR_DUP,Sethy,TUNGRO4_183,Tungro,Sethy,TUNGRO4_188,Tungro,hamming_dist_3,False
PERCEPTUAL_NEAR_DUP,Sethy,TUNGRO4_184,Tungro,Sethy,TUNGRO4_185,Tungro,hamming_dist_1,False
PERCEPTUAL_NEAR_DUP,Sethy,TUNGRO4_184,Tungro,Sethy,TUNGRO4_186,Tungro,hamming_dist_2,False
PERCEPTUAL_NEAR_DUP,Sethy,TUNGRO4_184,Tungro,Sethy,TUNGRO4_187,Tungro,hamming_dist_2,False
PERCEPTUAL_NEAR_DUP,Sethy,TUNGRO4_184,Tungro,Sethy,TUNGRO4_188,Tungro,hamming_dist_3,False
PERCEPTUAL_NEAR_DUP,Sethy,TUNGRO4_185,Tungro,Sethy,TUNGRO4_186,Tungro,hamming_dist_1,False
PERCEPTUAL_NEAR_DUP,Sethy,TUNGRO4_185,Tungro,Sethy,TUNGRO4_187,Tungro,hamming_dist_1,False
PERCEPTUAL_NEAR_DUP,Sethy,TUNGRO4_185,Tungro,Sethy,TUNGRO4_188,Tungro,hamming_dist_2,False
PERCEPTUAL_NEAR_DUP,Sethy,TUNGRO4_186,Tungro,Sethy,TUNGRO4_187,Tungro,hamming_dist_2,False
PERCEPTUAL_NEAR_DUP,Sethy,TUNGRO4_186,Tungro,Sethy,TUNGRO4_188,Tungro,hamming_dist_3,False
PERCEPTUAL_NEAR_DUP,Sethy,TUNGRO4_187,Tungro,Sethy,TUNGRO4_188,Tungro,hamming_dist_3,False
PERCEPTUAL_NEAR_DUP,Sethy,TUNGRO4_189,Tungro,Sethy,TUNGRO4_190,Tungro,hamming_dist_3,False
PERCEPTUAL_NEAR_DUP,Sethy,TUNGRO4_190,Tungro,Sethy,TUNGRO4_191,Tungro,hamming_dist_3,False
PERCEPTUAL_NEAR_DUP,Sethy,TUNGRO4_190,Tungro,Sethy,TUNGRO4_192,Tungro,hamming_dist_3,False
PERCEPTUAL_NEAR_DUP,Sethy,TUNGRO4_190,Tungro,Sethy,TUNGRO4_193,Tungro,hamming_dist_2,False
PERCEPTUAL_NEAR_DUP,Sethy,TUNGRO4_191,Tungro,Sethy,TUNGRO4_192,Tungro,hamming_dist_0,False
PERCEPTUAL_NEAR_DUP,Sethy,TUNGRO4_191,Tungro,Sethy,TUNGRO4_193,Tungro,hamming_dist_1,False
PERCEPTUAL_NEAR_DUP,Sethy,TUNGRO4_191,Tungro,Sethy,TUNGRO4_194,Tungro,hamming_dist_3,False
PERCEPTUAL_NEAR_DUP,Sethy,TUNGRO4_192,Tungro,Sethy,TUNGRO4_193,Tungro,hamming_dist_1,False
PERCEPTUAL_NEAR_DUP,Sethy,TUNGRO4_192,Tungro,Sethy,TUNGRO4_194,Tungro,hamming_dist_3,False
PERCEPTUAL_NEAR_DUP,Sethy,TUNGRO4_193,Tungro,Sethy,TUNGRO4_194,Tungro,hamming_dist_4,False
PERCEPTUAL_NEAR_DUP,Sethy,TUNGRO4_195,Tungro,Sethy,TUNGRO4_196,Tungro,hamming_dist_2,False
PERCEPTUAL_NEAR_DUP,Sethy,TUNGRO4_195,Tungro,Sethy,TUNGRO4_199,Tungro,hamming_dist_3,False
PERCEPTUAL_NEAR_DUP,Sethy,TUNGRO4_196,Tungro,Sethy,TUNGRO4_197,Tungro,hamming_dist_3,False
PERCEPTUAL_NEAR_DUP,Sethy,TUNGRO4_196,Tungro,Sethy,TUNGRO4_198,Tungro,hamming_dist_3,False
PERCEPTUAL_NEAR_DUP,Sethy,TUNGRO4_196,Tungro,Sethy,TUNGRO4_199,Tungro,hamming_dist_1,False
PERCEPTUAL_NEAR_DUP,Sethy,TUNGRO4_196,Tungro,Sethy,TUNGRO4_200,Tungro,hamming_dist_4,False
PERCEPTUAL_NEAR_DUP,Sethy,TUNGRO4_197,Tungro,Sethy,TUNGRO4_198,Tungro,hamming_dist_0,False
PERCEPTUAL_NEAR_DUP,Sethy,TUNGRO4_197,Tungro,Sethy,TUNGRO4_199,Tungro,hamming_dist_2,False
PERCEPTUAL_NEAR_DUP,Sethy,TUNGRO4_197,Tungro,Sethy,TUNGRO4_200,Tungro,hamming_dist_3,False
PERCEPTUAL_NEAR_DUP,Sethy,TUNGRO4_198,Tungro,Sethy,TUNGRO4_199,Tungro,hamming_dist_2,False
PERCEPTUAL_NEAR_DUP,Sethy,TUNGRO4_198,Tungro,Sethy,TUNGRO4_200,Tungro,hamming_dist_3,False
PERCEPTUAL_NEAR_DUP,Sethy,TUNGRO4_199,Tungro,Sethy,TUNGRO4_200,Tungro,hamming_dist_3,False
PERCEPTUAL_NEAR_DUP,Sethy,TUNGRO4_201,Tungro,Sethy,TUNGRO4_202,Tungro,hamming_dist_3,False
PERCEPTUAL_NEAR_DUP,Sethy,TUNGRO4_202,Tungro,Sethy,TUNGRO4_203,Tungro,hamming_dist_2,False
PERCEPTUAL_NEAR_DUP,Sethy,TUNGRO4_202,Tungro,Sethy,TUNGRO4_204,Tungro,hamming_dist_3,False
PERCEPTUAL_NEAR_DUP,Sethy,TUNGRO4_202,Tungro,Sethy,TUNGRO4_205,Tungro,hamming_dist_2,False
PERCEPTUAL_NEAR_DUP,Sethy,TUNGRO4_202,Tungro,Sethy,TUNGRO4_206,Tungro,hamming_dist_2,False
PERCEPTUAL_NEAR_DUP,Sethy,TUNGRO4_203,Tungro,Sethy,TUNGRO4_204,Tungro,hamming_dist_1,False
PERCEPTUAL_NEAR_DUP,Sethy,TUNGRO4_203,Tungro,Sethy,TUNGRO4_205,Tungro,hamming_dist_0,False
PERCEPTUAL_NEAR_DUP,Sethy,TUNGRO4_203,Tungro,Sethy,TUNGRO4_206,Tungro,hamming_dist_0,False
PERCEPTUAL_NEAR_DUP,Sethy,TUNGRO4_204,Tungro,Sethy,TUNGRO4_205,Tungro,hamming_dist_1,False
PERCEPTUAL_NEAR_DUP,Sethy,TUNGRO4_204,Tungro,Sethy,TUNGRO4_206,Tungro,hamming_dist_1,False
PERCEPTUAL_NEAR_DUP,Sethy,TUNGRO4_205,Tungro,Sethy,TUNGRO4_206,Tungro,hamming_dist_0,False
PERCEPTUAL_NEAR_DUP,Sethy,TUNGRO4_207,Tungro,Sethy,TUNGRO4_208,Tungro,hamming_dist_3,False
PERCEPTUAL_NEAR_DUP,Sethy,TUNGRO4_207,Tungro,Sethy,TUNGRO4_209,Tungro,hamming_dist_3,False
PERCEPTUAL_NEAR_DUP,Sethy,TUNGRO4_207,Tungro,Sethy,TUNGRO4_210,Tungro,hamming_dist_4,False
PERCEPTUAL_NEAR_DUP,Sethy,TUNGRO4_207,Tungro,Sethy,TUNGRO4_211,Tungro,hamming_dist_4,False
PERCEPTUAL_NEAR_DUP,Sethy,TUNGRO4_207,Tungro,Sethy,TUNGRO4_212,Tungro,hamming_dist_3,False
PERCEPTUAL_NEAR_DUP,Sethy,TUNGRO4_208,Tungro,Sethy,TUNGRO4_209,Tungro,hamming_dist_2,False
PERCEPTUAL_NEAR_DUP,Sethy,TUNGRO4_208,Tungro,Sethy,TUNGRO4_210,Tungro,hamming_dist_1,False
PERCEPTUAL_NEAR_DUP,Sethy,TUNGRO4_208,Tungro,Sethy,TUNGRO4_211,Tungro,hamming_dist_1,False
PERCEPTUAL_NEAR_DUP,Sethy,TUNGRO4_208,Tungro,Sethy,TUNGRO4_212,Tungro,hamming_dist_2,False
PERCEPTUAL_NEAR_DUP,Sethy,TUNGRO4_209,Tungro,Sethy,TUNGRO4_210,Tungro,hamming_dist_1,False
PERCEPTUAL_NEAR_DUP,Sethy,TUNGRO4_209,Tungro,Sethy,TUNGRO4_211,Tungro,hamming_dist_1,False
PERCEPTUAL_NEAR_DUP,Sethy,TUNGRO4_209,Tungro,Sethy,TUNGRO4_212,Tungro,hamming_dist_2,False
PERCEPTUAL_NEAR_DUP,Sethy,TUNGRO4_210,Tungro,Sethy,TUNGRO4_211,Tungro,hamming_dist_0,False
PERCEPTUAL_NEAR_DUP,Sethy,TUNGRO4_210,Tungro,Sethy,TUNGRO4_212,Tungro,hamming_dist_1,False
PERCEPTUAL_NEAR_DUP,Sethy,TUNGRO4_211,Tungro,Sethy,TUNGRO4_212,Tungro,hamming_dist_1,False
PERCEPTUAL_NEAR_DUP,Sethy,TUNGRO4_213,Tungro,Sethy,TUNGRO4_214,Tungro,hamming_dist_2,False
PERCEPTUAL_NEAR_DUP,Sethy,TUNGRO4_213,Tungro,Sethy,TUNGRO4_215,Tungro,hamming_dist_4,False
PERCEPTUAL_NEAR_DUP,Sethy,TUNGRO4_214,Tungro,Sethy,TUNGRO4_215,Tungro,hamming_dist_2,False
PERCEPTUAL_NEAR_DUP,Sethy,TUNGRO4_216,Tungro,Sethy,TUNGRO4_218,Tungro,hamming_dist_2,False
PERCEPTUAL_NEAR_DUP,Sethy,TUNGRO4_216,Tungro,Sethy,TUNGRO4_219,Tungro,hamming_dist_3,False
PERCEPTUAL_NEAR_DUP,Sethy,TUNGRO4_216,Tungro,Sethy,TUNGRO4_220,Tungro,hamming_dist_3,False
PERCEPTUAL_NEAR_DUP,Sethy,TUNGRO4_216,Tungro,Sethy,TUNGRO4_221,Tungro,hamming_dist_3,False
PERCEPTUAL_NEAR_DUP,Sethy,TUNGRO4_217,Tungro,Sethy,TUNGRO4_218,Tungro,hamming_dist_3,False
PERCEPTUAL_NEAR_DUP,Sethy,TUNGRO4_217,Tungro,Sethy,TUNGRO4_219,Tungro,hamming_dist_2,False
PERCEPTUAL_NEAR_DUP,Sethy,TUNGRO4_217,Tungro,Sethy,TUNGRO4_220,Tungro,hamming_dist_4,False
PERCEPTUAL_NEAR_DUP,Sethy,TUNGRO4_217,Tungro,Sethy,TUNGRO4_221,Tungro,hamming_dist_4,False
PERCEPTUAL_NEAR_DUP,Sethy,TUNGRO4_218,Tungro,Sethy,TUNGRO4_219,Tungro,hamming_dist_1,False
PERCEPTUAL_NEAR_DUP,Sethy,TUNGRO4_218,Tungro,Sethy,TUNGRO4_220,Tungro,hamming_dist_1,False
PERCEPTUAL_NEAR_DUP,Sethy,TUNGRO4_218,Tungro,Sethy,TUNGRO4_221,Tungro,hamming_dist_1,False
PERCEPTUAL_NEAR_DUP,Sethy,TUNGRO4_219,Tungro,Sethy,TUNGRO4_220,Tungro,hamming_dist_2,False
PERCEPTUAL_NEAR_DUP,Sethy,TUNGRO4_219,Tungro,Sethy,TUNGRO4_221,Tungro,hamming_dist_2,False
PERCEPTUAL_NEAR_DUP,Sethy,TUNGRO4_220,Tungro,Sethy,TUNGRO4_221,Tungro,hamming_dist_0,False
PERCEPTUAL_NEAR_DUP,Sethy,TUNGRO4_222,Tungro,Sethy,TUNGRO4_223,Tungro,hamming_dist_3,False
PERCEPTUAL_NEAR_DUP,Sethy,TUNGRO4_223,Tungro,Sethy,TUNGRO4_224,Tungro,hamming_dist_2,False
PERCEPTUAL_NEAR_DUP,Sethy,TUNGRO4_224,Tungro,Sethy,TUNGRO4_225,Tungro,hamming_dist_4,False
PERCEPTUAL_NEAR_DUP,Sethy,TUNGRO4_224,Tungro,Sethy,TUNGRO4_226,Tungro,hamming_dist_4,False
PERCEPTUAL_NEAR_DUP,Sethy,TUNGRO4_224,Tungro,Sethy,TUNGRO4_227,Tungro,hamming_dist_4,False
PERCEPTUAL_NEAR_DUP,Sethy,TUNGRO4_224,Tungro,Sethy,TUNGRO4_228,Tungro,hamming_dist_3,False
PERCEPTUAL_NEAR_DUP,Sethy,TUNGRO4_224,Tungro,Sethy,TUNGRO4_229,Tungro,hamming_dist_4,False
PERCEPTUAL_NEAR_DUP,Sethy,TUNGRO4_224,Tungro,Sethy,TUNGRO4_230,Tungro,hamming_dist_3,False
PERCEPTUAL_NEAR_DUP,Sethy,TUNGRO4_225,Tungro,Sethy,TUNGRO4_226,Tungro,hamming_dist_2,False
PERCEPTUAL_NEAR_DUP,Sethy,TUNGRO4_225,Tungro,Sethy,TUNGRO4_227,Tungro,hamming_dist_2,False
PERCEPTUAL_NEAR_DUP,Sethy,TUNGRO4_225,Tungro,Sethy,TUNGRO4_231,Tungro,hamming_dist_3,False
PERCEPTUAL_NEAR_DUP,Sethy,TUNGRO4_226,Tungro,Sethy,TUNGRO4_227,Tungro,hamming_dist_0,False
PERCEPTUAL_NEAR_DUP,Sethy,TUNGRO4_226,Tungro,Sethy,TUNGRO4_231,Tungro,hamming_dist_3,False
PERCEPTUAL_NEAR_DUP,Sethy,TUNGRO4_227,Tungro,Sethy,TUNGRO4_231,Tungro,hamming_dist_3,False
PERCEPTUAL_NEAR_DUP,Sethy,TUNGRO4_228,Tungro,Sethy,TUNGRO4_229,Tungro,hamming_dist_1,False
PERCEPTUAL_NEAR_DUP,Sethy,TUNGRO4_228,Tungro,Sethy,TUNGRO4_230,Tungro,hamming_dist_0,False
PERCEPTUAL_NEAR_DUP,Sethy,TUNGRO4_228,Tungro,Sethy,TUNGRO4_231,Tungro,hamming_dist_4,False
PERCEPTUAL_NEAR_DUP,Sethy,TUNGRO4_229,Tungro,Sethy,TUNGRO4_230,Tungro,hamming_dist_1,False
PERCEPTUAL_NEAR_DUP,Sethy,TUNGRO4_230,Tungro,Sethy,TUNGRO4_231,Tungro,hamming_dist_4,False
PERCEPTUAL_NEAR_DUP,Sethy,TUNGRO4_232,Tungro,Sethy,TUNGRO4_233,Tungro,hamming_dist_1,False
PERCEPTUAL_NEAR_DUP,Sethy,TUNGRO4_232,Tungro,Sethy,TUNGRO4_234,Tungro,hamming_dist_3,False
PERCEPTUAL_NEAR_DUP,Sethy,TUNGRO4_232,Tungro,Sethy,TUNGRO4_235,Tungro,hamming_dist_4,False
PERCEPTUAL_NEAR_DUP,Sethy,TUNGRO4_232,Tungro,Sethy,TUNGRO5_143,Tungro,hamming_dist_4,False
PERCEPTUAL_NEAR_DUP,Sethy,TUNGRO4_233,Tungro,Sethy,TUNGRO4_234,Tungro,hamming_dist_4,False
PERCEPTUAL_NEAR_DUP,Sethy,TUNGRO4_233,Tungro,Sethy,TUNGRO4_235,Tungro,hamming_dist_3,False
PERCEPTUAL_NEAR_DUP,Sethy,TUNGRO4_234,Tungro,Sethy,TUNGRO5_143,Tungro,hamming_dist_3,False
PERCEPTUAL_NEAR_DUP,Sethy,TUNGRO4_236,Tungro,Sethy,TUNGRO4_237,Tungro,hamming_dist_2,False
PERCEPTUAL_NEAR_DUP,Sethy,TUNGRO4_236,Tungro,Sethy,TUNGRO4_238,Tungro,hamming_dist_3,False
PERCEPTUAL_NEAR_DUP,Sethy,TUNGRO4_236,Tungro,Sethy,TUNGRO4_239,Tungro,hamming_dist_4,False
PERCEPTUAL_NEAR_DUP,Sethy,TUNGRO4_236,Tungro,Sethy,TUNGRO4_240,Tungro,hamming_dist_4,False
PERCEPTUAL_NEAR_DUP,Sethy,TUNGRO4_237,Tungro,Sethy,TUNGRO4_238,Tungro,hamming_dist_1,False
PERCEPTUAL_NEAR_DUP,Sethy,TUNGRO4_237,Tungro,Sethy,TUNGRO4_239,Tungro,hamming_dist_4,False
PERCEPTUAL_NEAR_DUP,Sethy,TUNGRO4_237,Tungro,Sethy,TUNGRO4_240,Tungro,hamming_dist_4,False
PERCEPTUAL_NEAR_DUP,Sethy,TUNGRO4_238,Tungro,Sethy,TUNGRO4_239,Tungro,hamming_dist_3,False
PERCEPTUAL_NEAR_DUP,Sethy,TUNGRO4_238,Tungro,Sethy,TUNGRO4_240,Tungro,hamming_dist_3,False
PERCEPTUAL_NEAR_DUP,Sethy,TUNGRO4_239,Tungro,Sethy,TUNGRO4_240,Tungro,hamming_dist_0,False
PERCEPTUAL_NEAR_DUP,Sethy,TUNGRO4_241,Tungro,Sethy,TUNGRO4_242,Tungro,hamming_dist_4,False
PERCEPTUAL_NEAR_DUP,Sethy,TUNGRO4_241,Tungro,Sethy,TUNGRO4_243,Tungro,hamming_dist_3,False
PERCEPTUAL_NEAR_DUP,Sethy,TUNGRO4_241,Tungro,Sethy,TUNGRO4_246,Tungro,hamming_dist_3,False
PERCEPTUAL_NEAR_DUP,Sethy,TUNGRO4_242,Tungro,Sethy,TUNGRO4_243,Tungro,hamming_dist_3,False
PERCEPTUAL_NEAR_DUP,Sethy,TUNGRO4_242,Tungro,Sethy,TUNGRO4_245,Tungro,hamming_dist_3,False
PERCEPTUAL_NEAR_DUP,Sethy,TUNGRO4_242,Tungro,Sethy,TUNGRO4_246,Tungro,hamming_dist_3,False
PERCEPTUAL_NEAR_DUP,Sethy,TUNGRO4_242,Tungro,Sethy,TUNGRO4_247,Tungro,hamming_dist_3,False
PERCEPTUAL_NEAR_DUP,Sethy,TUNGRO4_243,Tungro,Sethy,TUNGRO4_244,Tungro,hamming_dist_4,False
PERCEPTUAL_NEAR_DUP,Sethy,TUNGRO4_243,Tungro,Sethy,TUNGRO4_245,Tungro,hamming_dist_2,False
PERCEPTUAL_NEAR_DUP,Sethy,TUNGRO4_243,Tungro,Sethy,TUNGRO4_246,Tungro,hamming_dist_0,False
PERCEPTUAL_NEAR_DUP,Sethy,TUNGRO4_243,Tungro,Sethy,TUNGRO4_247,Tungro,hamming_dist_2,False
PERCEPTUAL_NEAR_DUP,Sethy,TUNGRO4_243,Tungro,Sethy,TUNGRO4_248,Tungro,hamming_dist_4,False
PERCEPTUAL_NEAR_DUP,Sethy,TUNGRO4_244,Tungro,Sethy,TUNGRO4_245,Tungro,hamming_dist_2,False
PERCEPTUAL_NEAR_DUP,Sethy,TUNGRO4_244,Tungro,Sethy,TUNGRO4_246,Tungro,hamming_dist_4,False
PERCEPTUAL_NEAR_DUP,Sethy,TUNGRO4_244,Tungro,Sethy,TUNGRO4_247,Tungro,hamming_dist_4,False
PERCEPTUAL_NEAR_DUP,Sethy,TUNGRO4_244,Tungro,Sethy,TUNGRO4_248,Tungro,hamming_dist_4,False
PERCEPTUAL_NEAR_DUP,Sethy,TUNGRO4_245,Tungro,Sethy,TUNGRO4_246,Tungro,hamming_dist_2,False
PERCEPTUAL_NEAR_DUP,Sethy,TUNGRO4_245,Tungro,Sethy,TUNGRO4_247,Tungro,hamming_dist_2,False
PERCEPTUAL_NEAR_DUP,Sethy,TUNGRO4_245,Tungro,Sethy,TUNGRO4_248,Tungro,hamming_dist_2,False
PERCEPTUAL_NEAR_DUP,Sethy,TUNGRO4_245,Tungro,Sethy,TUNGRO4_249,Tungro,hamming_dist_4,False
PERCEPTUAL_NEAR_DUP,Sethy,TUNGRO4_246,Tungro,Sethy,TUNGRO4_247,Tungro,hamming_dist_2,False
PERCEPTUAL_NEAR_DUP,Sethy,TUNGRO4_246,Tungro,Sethy,TUNGRO4_248,Tungro,hamming_dist_4,False
PERCEPTUAL_NEAR_DUP,Sethy,TUNGRO4_247,Tungro,Sethy,TUNGRO4_248,Tungro,hamming_dist_2,False
PERCEPTUAL_NEAR_DUP,Sethy,TUNGRO4_247,Tungro,Sethy,TUNGRO4_249,Tungro,hamming_dist_4,False
PERCEPTUAL_NEAR_DUP,Sethy,TUNGRO4_248,Tungro,Sethy,TUNGRO4_249,Tungro,hamming_dist_2,False
PERCEPTUAL_NEAR_DUP,Sethy,TUNGRO4_251,Tungro,Sethy,TUNGRO4_252,Tungro,hamming_dist_1,False
PERCEPTUAL_NEAR_DUP,Sethy,TUNGRO4_251,Tungro,Sethy,TUNGRO4_253,Tungro,hamming_dist_2,False
PERCEPTUAL_NEAR_DUP,Sethy,TUNGRO4_251,Tungro,Sethy,TUNGRO4_254,Tungro,hamming_dist_2,False
PERCEPTUAL_NEAR_DUP,Sethy,TUNGRO4_251,Tungro,Sethy,TUNGRO4_255,Tungro,hamming_dist_2,False
PERCEPTUAL_NEAR_DUP,Sethy,TUNGRO4_251,Tungro,Sethy,TUNGRO4_256,Tungro,hamming_dist_2,False
PERCEPTUAL_NEAR_DUP,Sethy,TUNGRO4_252,Tungro,Sethy,TUNGRO4_253,Tungro,hamming_dist_1,False
PERCEPTUAL_NEAR_DUP,Sethy,TUNGRO4_252,Tungro,Sethy,TUNGRO4_254,Tungro,hamming_dist_1,False
PERCEPTUAL_NEAR_DUP,Sethy,TUNGRO4_252,Tungro,Sethy,TUNGRO4_255,Tungro,hamming_dist_1,False
PERCEPTUAL_NEAR_DUP,Sethy,TUNGRO4_252,Tungro,Sethy,TUNGRO4_256,Tungro,hamming_dist_1,False
PERCEPTUAL_NEAR_DUP,Sethy,TUNGRO4_253,Tungro,Sethy,TUNGRO4_254,Tungro,hamming_dist_0,False
PERCEPTUAL_NEAR_DUP,Sethy,TUNGRO4_253,Tungro,Sethy,TUNGRO4_255,Tungro,hamming_dist_0,False
PERCEPTUAL_NEAR_DUP,Sethy,TUNGRO4_253,Tungro,Sethy,TUNGRO4_256,Tungro,hamming_dist_0,False
PERCEPTUAL_NEAR_DUP,Sethy,TUNGRO4_254,Tungro,Sethy,TUNGRO4_255,Tungro,hamming_dist_0,False
PERCEPTUAL_NEAR_DUP,Sethy,TUNGRO4_254,Tungro,Sethy,TUNGRO4_256,Tungro,hamming_dist_0,False
PERCEPTUAL_NEAR_DUP,Sethy,TUNGRO4_255,Tungro,Sethy,TUNGRO4_256,Tungro,hamming_dist_0,False
PERCEPTUAL_NEAR_DUP,Sethy,TUNGRO4_257,Tungro,Sethy,TUNGRO4_258,Tungro,hamming_dist_3,False
PERCEPTUAL_NEAR_DUP,Sethy,TUNGRO4_257,Tungro,Sethy,TUNGRO4_259,Tungro,hamming_dist_3,False
PERCEPTUAL_NEAR_DUP,Sethy,TUNGRO4_257,Tungro,Sethy,TUNGRO4_260,Tungro,hamming_dist_3,False
PERCEPTUAL_NEAR_DUP,Sethy,TUNGRO4_257,Tungro,Sethy,TUNGRO4_261,Tungro,hamming_dist_4,False
PERCEPTUAL_NEAR_DUP,Sethy,TUNGRO4_257,Tungro,Sethy,TUNGRO4_262,Tungro,hamming_dist_3,False
PERCEPTUAL_NEAR_DUP,Sethy,TUNGRO4_257,Tungro,Sethy,TUNGRO4_265,Tungro,hamming_dist_4,False
PERCEPTUAL_NEAR_DUP,Sethy,TUNGRO4_257,Tungro,Sethy,TUNGRO4_268,Tungro,hamming_dist_3,False
PERCEPTUAL_NEAR_DUP,Sethy,TUNGRO4_257,Tungro,Sethy,TUNGRO4_269,Tungro,hamming_dist_2,False
PERCEPTUAL_NEAR_DUP,Sethy,TUNGRO4_258,Tungro,Sethy,TUNGRO4_259,Tungro,hamming_dist_0,False
PERCEPTUAL_NEAR_DUP,Sethy,TUNGRO4_258,Tungro,Sethy,TUNGRO4_260,Tungro,hamming_dist_0,False
PERCEPTUAL_NEAR_DUP,Sethy,TUNGRO4_258,Tungro,Sethy,TUNGRO4_261,Tungro,hamming_dist_3,False
PERCEPTUAL_NEAR_DUP,Sethy,TUNGRO4_258,Tungro,Sethy,TUNGRO4_262,Tungro,hamming_dist_2,False
PERCEPTUAL_NEAR_DUP,Sethy,TUNGRO4_258,Tungro,Sethy,TUNGRO4_263,Tungro,hamming_dist_2,False
PERCEPTUAL_NEAR_DUP,Sethy,TUNGRO4_258,Tungro,Sethy,TUNGRO4_264,Tungro,hamming_dist_3,False
PERCEPTUAL_NEAR_DUP,Sethy,TUNGRO4_258,Tungro,Sethy,TUNGRO4_265,Tungro,hamming_dist_1,False
PERCEPTUAL_NEAR_DUP,Sethy,TUNGRO4_258,Tungro,Sethy,TUNGRO4_266,Tungro,hamming_dist_4,False
PERCEPTUAL_NEAR_DUP,Sethy,TUNGRO4_258,Tungro,Sethy,TUNGRO4_267,Tungro,hamming_dist_3,False
PERCEPTUAL_NEAR_DUP,Sethy,TUNGRO4_258,Tungro,Sethy,TUNGRO4_268,Tungro,hamming_dist_2,False
PERCEPTUAL_NEAR_DUP,Sethy,TUNGRO4_258,Tungro,Sethy,TUNGRO4_269,Tungro,hamming_dist_3,False
PERCEPTUAL_NEAR_DUP,Sethy,TUNGRO4_259,Tungro,Sethy,TUNGRO4_260,Tungro,hamming_dist_0,False
PERCEPTUAL_NEAR_DUP,Sethy,TUNGRO4_259,Tungro,Sethy,TUNGRO4_261,Tungro,hamming_dist_3,False
PERCEPTUAL_NEAR_DUP,Sethy,TUNGRO4_259,Tungro,Sethy,TUNGRO4_262,Tungro,hamming_dist_2,False
PERCEPTUAL_NEAR_DUP,Sethy,TUNGRO4_259,Tungro,Sethy,TUNGRO4_263,Tungro,hamming_dist_2,False
PERCEPTUAL_NEAR_DUP,Sethy,TUNGRO4_259,Tungro,Sethy,TUNGRO4_264,Tungro,hamming_dist_3,False
PERCEPTUAL_NEAR_DUP,Sethy,TUNGRO4_259,Tungro,Sethy,TUNGRO4_265,Tungro,hamming_dist_1,False
PERCEPTUAL_NEAR_DUP,Sethy,TUNGRO4_259,Tungro,Sethy,TUNGRO4_266,Tungro,hamming_dist_4,False
PERCEPTUAL_NEAR_DUP,Sethy,TUNGRO4_259,Tungro,Sethy,TUNGRO4_267,Tungro,hamming_dist_3,False
PERCEPTUAL_NEAR_DUP,Sethy,TUNGRO4_259,Tungro,Sethy,TUNGRO4_268,Tungro,hamming_dist_2,False
PERCEPTUAL_NEAR_DUP,Sethy,TUNGRO4_259,Tungro,Sethy,TUNGRO4_269,Tungro,hamming_dist_3,False
PERCEPTUAL_NEAR_DUP,Sethy,TUNGRO4_260,Tungro,Sethy,TUNGRO4_261,Tungro,hamming_dist_3,False
PERCEPTUAL_NEAR_DUP,Sethy,TUNGRO4_260,Tungro,Sethy,TUNGRO4_262,Tungro,hamming_dist_2,False
PERCEPTUAL_NEAR_DUP,Sethy,TUNGRO4_260,Tungro,Sethy,TUNGRO4_263,Tungro,hamming_dist_2,False
PERCEPTUAL_NEAR_DUP,Sethy,TUNGRO4_260,Tungro,Sethy,TUNGRO4_264,Tungro,hamming_dist_3,False
PERCEPTUAL_NEAR_DUP,Sethy,TUNGRO4_260,Tungro,Sethy,TUNGRO4_265,Tungro,hamming_dist_1,False
PERCEPTUAL_NEAR_DUP,Sethy,TUNGRO4_260,Tungro,Sethy,TUNGRO4_266,Tungro,hamming_dist_4,False
PERCEPTUAL_NEAR_DUP,Sethy,TUNGRO4_260,Tungro,Sethy,TUNGRO4_267,Tungro,hamming_dist_3,False
PERCEPTUAL_NEAR_DUP,Sethy,TUNGRO4_260,Tungro,Sethy,TUNGRO4_268,Tungro,hamming_dist_2,False
PERCEPTUAL_NEAR_DUP,Sethy,TUNGRO4_260,Tungro,Sethy,TUNGRO4_269,Tungro,hamming_dist_3,False
PERCEPTUAL_NEAR_DUP,Sethy,TUNGRO4_261,Tungro,Sethy,TUNGRO4_262,Tungro,hamming_dist_1,False
PERCEPTUAL_NEAR_DUP,Sethy,TUNGRO4_261,Tungro,Sethy,TUNGRO4_263,Tungro,hamming_dist_3,False
PERCEPTUAL_NEAR_DUP,Sethy,TUNGRO4_261,Tungro,Sethy,TUNGRO4_264,Tungro,hamming_dist_2,False
PERCEPTUAL_NEAR_DUP,Sethy,TUNGRO4_261,Tungro,Sethy,TUNGRO4_265,Tungro,hamming_dist_2,False
PERCEPTUAL_NEAR_DUP,Sethy,TUNGRO4_261,Tungro,Sethy,TUNGRO4_266,Tungro,hamming_dist_3,False
PERCEPTUAL_NEAR_DUP,Sethy,TUNGRO4_261,Tungro,Sethy,TUNGRO4_267,Tungro,hamming_dist_4,False
PERCEPTUAL_NEAR_DUP,Sethy,TUNGRO4_261,Tungro,Sethy,TUNGRO4_268,Tungro,hamming_dist_1,False
PERCEPTUAL_NEAR_DUP,Sethy,TUNGRO4_261,Tungro,Sethy,TUNGRO4_269,Tungro,hamming_dist_2,False
PERCEPTUAL_NEAR_DUP,Sethy,TUNGRO4_262,Tungro,Sethy,TUNGRO4_263,Tungro,hamming_dist_2,False
PERCEPTUAL_NEAR_DUP,Sethy,TUNGRO4_262,Tungro,Sethy,TUNGRO4_264,Tungro,hamming_dist_3,False
PERCEPTUAL_NEAR_DUP,Sethy,TUNGRO4_262,Tungro,Sethy,TUNGRO4_265,Tungro,hamming_dist_1,False
PERCEPTUAL_NEAR_DUP,Sethy,TUNGRO4_262,Tungro,Sethy,TUNGRO4_266,Tungro,hamming_dist_4,False
PERCEPTUAL_NEAR_DUP,Sethy,TUNGRO4_262,Tungro,Sethy,TUNGRO4_267,Tungro,hamming_dist_3,False
PERCEPTUAL_NEAR_DUP,Sethy,TUNGRO4_262,Tungro,Sethy,TUNGRO4_268,Tungro,hamming_dist_0,False
PERCEPTUAL_NEAR_DUP,Sethy,TUNGRO4_262,Tungro,Sethy,TUNGRO4_269,Tungro,hamming_dist_1,False
PERCEPTUAL_NEAR_DUP,Sethy,TUNGRO4_263,Tungro,Sethy,TUNGRO4_264,Tungro,hamming_dist_3,False
PERCEPTUAL_NEAR_DUP,Sethy,TUNGRO4_263,Tungro,Sethy,TUNGRO4_265,Tungro,hamming_dist_1,False
PERCEPTUAL_NEAR_DUP,Sethy,TUNGRO4_263,Tungro,Sethy,TUNGRO4_266,Tungro,hamming_dist_4,False
PERCEPTUAL_NEAR_DUP,Sethy,TUNGRO4_263,Tungro,Sethy,TUNGRO4_267,Tungro,hamming_dist_3,False
PERCEPTUAL_NEAR_DUP,Sethy,TUNGRO4_263,Tungro,Sethy,TUNGRO4_268,Tungro,hamming_dist_2,False
PERCEPTUAL_NEAR_DUP,Sethy,TUNGRO4_263,Tungro,Sethy,TUNGRO4_269,Tungro,hamming_dist_3,False
PERCEPTUAL_NEAR_DUP,Sethy,TUNGRO4_264,Tungro,Sethy,TUNGRO4_265,Tungro,hamming_dist_2,False
PERCEPTUAL_NEAR_DUP,Sethy,TUNGRO4_264,Tungro,Sethy,TUNGRO4_266,Tungro,hamming_dist_1,False
PERCEPTUAL_NEAR_DUP,Sethy,TUNGRO4_264,Tungro,Sethy,TUNGRO4_267,Tungro,hamming_dist_2,False
PERCEPTUAL_NEAR_DUP,Sethy,TUNGRO4_264,Tungro,Sethy,TUNGRO4_268,Tungro,hamming_dist_3,False
PERCEPTUAL_NEAR_DUP,Sethy,TUNGRO4_264,Tungro,Sethy,TUNGRO4_269,Tungro,hamming_dist_4,False
PERCEPTUAL_NEAR_DUP,Sethy,TUNGRO4_265,Tungro,Sethy,TUNGRO4_266,Tungro,hamming_dist_3,False
PERCEPTUAL_NEAR_DUP,Sethy,TUNGRO4_265,Tungro,Sethy,TUNGRO4_267,Tungro,hamming_dist_2,False
PERCEPTUAL_NEAR_DUP,Sethy,TUNGRO4_265,Tungro,Sethy,TUNGRO4_268,Tungro,hamming_dist_1,False
PERCEPTUAL_NEAR_DUP,Sethy,TUNGRO4_265,Tungro,Sethy,TUNGRO4_269,Tungro,hamming_dist_2,False
PERCEPTUAL_NEAR_DUP,Sethy,TUNGRO4_266,Tungro,Sethy,TUNGRO4_267,Tungro,hamming_dist_3,False
PERCEPTUAL_NEAR_DUP,Sethy,TUNGRO4_266,Tungro,Sethy,TUNGRO4_268,Tungro,hamming_dist_4,False
PERCEPTUAL_NEAR_DUP,Sethy,TUNGRO4_267,Tungro,Sethy,TUNGRO4_268,Tungro,hamming_dist_3,False
PERCEPTUAL_NEAR_DUP,Sethy,TUNGRO4_267,Tungro,Sethy,TUNGRO4_269,Tungro,hamming_dist_4,False
PERCEPTUAL_NEAR_DUP,Sethy,TUNGRO4_268,Tungro,Sethy,TUNGRO4_269,Tungro,hamming_dist_1,False
PERCEPTUAL_NEAR_DUP,Sethy,TUNGRO4_271,Tungro,Sethy,TUNGRO4_272,Tungro,hamming_dist_2,False
PERCEPTUAL_NEAR_DUP,Sethy,TUNGRO4_271,Tungro,Sethy,TUNGRO4_273,Tungro,hamming_dist_1,False
PERCEPTUAL_NEAR_DUP,Sethy,TUNGRO4_271,Tungro,Sethy,TUNGRO4_274,Tungro,hamming_dist_1,False
PERCEPTUAL_NEAR_DUP,Sethy,TUNGRO4_271,Tungro,Sethy,TUNGRO4_275,Tungro,hamming_dist_0,False
PERCEPTUAL_NEAR_DUP,Sethy,TUNGRO4_271,Tungro,Sethy,TUNGRO4_276,Tungro,hamming_dist_1,False
PERCEPTUAL_NEAR_DUP,Sethy,TUNGRO4_271,Tungro,Sethy,TUNGRO4_277,Tungro,hamming_dist_2,False
PERCEPTUAL_NEAR_DUP,Sethy,TUNGRO4_272,Tungro,Sethy,TUNGRO4_273,Tungro,hamming_dist_1,False
PERCEPTUAL_NEAR_DUP,Sethy,TUNGRO4_272,Tungro,Sethy,TUNGRO4_274,Tungro,hamming_dist_1,False
PERCEPTUAL_NEAR_DUP,Sethy,TUNGRO4_272,Tungro,Sethy,TUNGRO4_275,Tungro,hamming_dist_2,False
PERCEPTUAL_NEAR_DUP,Sethy,TUNGRO4_272,Tungro,Sethy,TUNGRO4_276,Tungro,hamming_dist_3,False
PERCEPTUAL_NEAR_DUP,Sethy,TUNGRO4_272,Tungro,Sethy,TUNGRO4_277,Tungro,hamming_dist_4,False
PERCEPTUAL_NEAR_DUP,Sethy,TUNGRO4_273,Tungro,Sethy,TUNGRO4_274,Tungro,hamming_dist_0,False
PERCEPTUAL_NEAR_DUP,Sethy,TUNGRO4_273,Tungro,Sethy,TUNGRO4_275,Tungro,hamming_dist_1,False
PERCEPTUAL_NEAR_DUP,Sethy,TUNGRO4_273,Tungro,Sethy,TUNGRO4_276,Tungro,hamming_dist_2,False
PERCEPTUAL_NEAR_DUP,Sethy,TUNGRO4_273,Tungro,Sethy,TUNGRO4_277,Tungro,hamming_dist_3,False
PERCEPTUAL_NEAR_DUP,Sethy,TUNGRO4_274,Tungro,Sethy,TUNGRO4_275,Tungro,hamming_dist_1,False
PERCEPTUAL_NEAR_DUP,Sethy,TUNGRO4_274,Tungro,Sethy,TUNGRO4_276,Tungro,hamming_dist_2,False
PERCEPTUAL_NEAR_DUP,Sethy,TUNGRO4_274,Tungro,Sethy,TUNGRO4_277,Tungro,hamming_dist_3,False
PERCEPTUAL_NEAR_DUP,Sethy,TUNGRO4_275,Tungro,Sethy,TUNGRO4_276,Tungro,hamming_dist_1,False
PERCEPTUAL_NEAR_DUP,Sethy,TUNGRO4_275,Tungro,Sethy,TUNGRO4_277,Tungro,hamming_dist_2,False
PERCEPTUAL_NEAR_DUP,Sethy,TUNGRO4_276,Tungro,Sethy,TUNGRO4_277,Tungro,hamming_dist_1,False
PERCEPTUAL_NEAR_DUP,Sethy,TUNGRO5_100,Tungro,Sethy,TUNGRO5_99,Tungro,hamming_dist_1,False
PERCEPTUAL_NEAR_DUP,Sethy,TUNGRO5_103,Tungro,Sethy,TUNGRO5_104,Tungro,hamming_dist_2,False
PERCEPTUAL_NEAR_DUP,Sethy,TUNGRO5_105,Tungro,Sethy,TUNGRO5_106,Tungro,hamming_dist_2,False
PERCEPTUAL_NEAR_DUP,Sethy,TUNGRO5_107,Tungro,Sethy,TUNGRO5_108,Tungro,hamming_dist_2,False
PERCEPTUAL_NEAR_DUP,Sethy,TUNGRO5_115,Tungro,Sethy,TUNGRO5_116,Tungro,hamming_dist_4,False
PERCEPTUAL_NEAR_DUP,Sethy,TUNGRO5_117,Tungro,Sethy,TUNGRO5_118,Tungro,hamming_dist_0,False
PERCEPTUAL_NEAR_DUP,Sethy,TUNGRO5_125,Tungro,Sethy,TUNGRO5_126,Tungro,hamming_dist_1,False
PERCEPTUAL_NEAR_DUP,Sethy,TUNGRO5_127,Tungro,Sethy,TUNGRO5_128,Tungro,hamming_dist_1,False
PERCEPTUAL_NEAR_DUP,Sethy,TUNGRO5_133,Tungro,Sethy,TUNGRO5_134,Tungro,hamming_dist_1,False
PERCEPTUAL_NEAR_DUP,Sethy,TUNGRO5_135,Tungro,Sethy,TUNGRO5_136,Tungro,hamming_dist_3,False
PERCEPTUAL_NEAR_DUP,Sethy,TUNGRO5_137,Tungro,Sethy,TUNGRO5_138,Tungro,hamming_dist_0,False
PERCEPTUAL_NEAR_DUP,Sethy,TUNGRO5_139,Tungro,Sethy,TUNGRO5_140,Tungro,hamming_dist_3,False
PERCEPTUAL_NEAR_DUP,Sethy,TUNGRO5_145,Tungro,Sethy,TUNGRO5_146,Tungro,hamming_dist_2,False
PERCEPTUAL_NEAR_DUP,Sethy,TUNGRO5_153,Tungro,Sethy,TUNGRO5_154,Tungro,hamming_dist_2,False
PERCEPTUAL_NEAR_DUP,Sethy,TUNGRO5_157,Tungro,Sethy,TUNGRO5_158,Tungro,hamming_dist_4,False
PERCEPTUAL_NEAR_DUP,Sethy,TUNGRO5_159,Tungro,Sethy,TUNGRO5_160,Tungro,hamming_dist_3,False
PERCEPTUAL_NEAR_DUP,Sethy,TUNGRO5_169,Tungro,Sethy,TUNGRO5_170,Tungro,hamming_dist_1,False
PERCEPTUAL_NEAR_DUP,Sethy,TUNGRO5_171,Tungro,Sethy,TUNGRO5_172,Tungro,hamming_dist_0,False
PERCEPTUAL_NEAR_DUP,Sethy,TUNGRO5_173,Tungro,Sethy,TUNGRO5_174,Tungro,hamming_dist_2,False
PERCEPTUAL_NEAR_DUP,Sethy,TUNGRO5_175,Tungro,Sethy,TUNGRO5_176,Tungro,hamming_dist_3,False
PERCEPTUAL_NEAR_DUP,Sethy,TUNGRO5_177,Tungro,Sethy,TUNGRO5_178,Tungro,hamming_dist_1,False
PERCEPTUAL_NEAR_DUP,Sethy,TUNGRO5_179,Tungro,Sethy,TUNGRO5_180,Tungro,hamming_dist_0,False
PERCEPTUAL_NEAR_DUP,Sethy,TUNGRO5_181,Tungro,Sethy,TUNGRO5_182,Tungro,hamming_dist_0,False
PERCEPTUAL_NEAR_DUP,Sethy,TUNGRO5_183,Tungro,Sethy,TUNGRO5_184,Tungro,hamming_dist_1,False
PERCEPTUAL_NEAR_DUP,Sethy,TUNGRO5_185,Tungro,Sethy,TUNGRO5_186,Tungro,hamming_dist_0,False
PERCEPTUAL_NEAR_DUP,Sethy,TUNGRO5_187,Tungro,Sethy,TUNGRO5_188,Tungro,hamming_dist_2,False
PERCEPTUAL_NEAR_DUP,Sethy,TUNGRO5_189,Tungro,Sethy,TUNGRO5_190,Tungro,hamming_dist_3,False
PERCEPTUAL_NEAR_DUP,Sethy,TUNGRO5_19,Tungro,Sethy,TUNGRO5_20,Tungro,hamming_dist_1,False
PERCEPTUAL_NEAR_DUP,Sethy,TUNGRO5_191,Tungro,Sethy,TUNGRO5_192,Tungro,hamming_dist_4,False
PERCEPTUAL_NEAR_DUP,Sethy,TUNGRO5_195,Tungro,Sethy,TUNGRO5_196,Tungro,hamming_dist_2,False
PERCEPTUAL_NEAR_DUP,Sethy,TUNGRO5_197,Tungro,Sethy,TUNGRO5_198,Tungro,hamming_dist_3,False
PERCEPTUAL_NEAR_DUP,Sethy,TUNGRO5_197,Tungro,Sethy,TUNGRO5_199,Tungro,hamming_dist_3,False
PERCEPTUAL_NEAR_DUP,Sethy,TUNGRO5_197,Tungro,Sethy,TUNGRO5_200,Tungro,hamming_dist_2,False
PERCEPTUAL_NEAR_DUP,Sethy,TUNGRO5_198,Tungro,Sethy,TUNGRO5_199,Tungro,hamming_dist_2,False
PERCEPTUAL_NEAR_DUP,Sethy,TUNGRO5_198,Tungro,Sethy,TUNGRO5_200,Tungro,hamming_dist_3,False
PERCEPTUAL_NEAR_DUP,Sethy,TUNGRO5_199,Tungro,Sethy,TUNGRO5_200,Tungro,hamming_dist_1,False
PERCEPTUAL_NEAR_DUP,Sethy,TUNGRO5_21,Tungro,Sethy,TUNGRO5_22,Tungro,hamming_dist_3,False
PERCEPTUAL_NEAR_DUP,Sethy,TUNGRO5_23,Tungro,Sethy,TUNGRO5_24,Tungro,hamming_dist_1,False
PERCEPTUAL_NEAR_DUP,Sethy,TUNGRO5_27,Tungro,Sethy,TUNGRO5_28,Tungro,hamming_dist_3,False
PERCEPTUAL_NEAR_DUP,Sethy,TUNGRO5_29,Tungro,Sethy,TUNGRO5_30,Tungro,hamming_dist_3,False
PERCEPTUAL_NEAR_DUP,Sethy,TUNGRO5_31,Tungro,Sethy,TUNGRO5_32,Tungro,hamming_dist_0,False
PERCEPTUAL_NEAR_DUP,Sethy,TUNGRO5_33,Tungro,Sethy,TUNGRO5_34,Tungro,hamming_dist_4,False
PERCEPTUAL_NEAR_DUP,Sethy,TUNGRO5_35,Tungro,Sethy,TUNGRO5_36,Tungro,hamming_dist_1,False
PERCEPTUAL_NEAR_DUP,Sethy,TUNGRO5_37,Tungro,Sethy,TUNGRO5_38,Tungro,hamming_dist_3,False
PERCEPTUAL_NEAR_DUP,Sethy,TUNGRO5_39,Tungro,Sethy,TUNGRO5_40,Tungro,hamming_dist_3,False
PERCEPTUAL_NEAR_DUP,Sethy,TUNGRO5_41,Tungro,Sethy,TUNGRO5_42,Tungro,hamming_dist_3,False
PERCEPTUAL_NEAR_DUP,Sethy,TUNGRO5_43,Tungro,Sethy,TUNGRO5_44,Tungro,hamming_dist_2,False
PERCEPTUAL_NEAR_DUP,Sethy,TUNGRO5_45,Tungro,Sethy,TUNGRO5_46,Tungro,hamming_dist_0,False
PERCEPTUAL_NEAR_DUP,Sethy,TUNGRO5_47,Tungro,Sethy,TUNGRO5_48,Tungro,hamming_dist_3,False
PERCEPTUAL_NEAR_DUP,Sethy,TUNGRO5_49,Tungro,Sethy,TUNGRO5_50,Tungro,hamming_dist_1,False
PERCEPTUAL_NEAR_DUP,Sethy,TUNGRO5_51,Tungro,Sethy,TUNGRO5_52,Tungro,hamming_dist_3,False
PERCEPTUAL_NEAR_DUP,Sethy,TUNGRO5_65,Tungro,Sethy,TUNGRO5_66,Tungro,hamming_dist_0,False
PERCEPTUAL_NEAR_DUP,Sethy,TUNGRO5_67,Tungro,Sethy,TUNGRO5_68,Tungro,hamming_dist_2,False
PERCEPTUAL_NEAR_DUP,Sethy,TUNGRO5_69,Tungro,Sethy,TUNGRO5_70,Tungro,hamming_dist_3,False
PERCEPTUAL_NEAR_DUP,Sethy,TUNGRO5_71,Tungro,Sethy,TUNGRO5_72,Tungro,hamming_dist_3,False
PERCEPTUAL_NEAR_DUP,Sethy,TUNGRO5_73,Tungro,Sethy,TUNGRO5_74,Tungro,hamming_dist_3,False
PERCEPTUAL_NEAR_DUP,Sethy,TUNGRO5_75,Tungro,Sethy,TUNGRO5_76,Tungro,hamming_dist_0,False
PERCEPTUAL_NEAR_DUP,Sethy,TUNGRO5_79,Tungro,Sethy,TUNGRO5_80,Tungro,hamming_dist_2,False
PERCEPTUAL_NEAR_DUP,Sethy,TUNGRO5_81,Tungro,Sethy,TUNGRO5_82,Tungro,hamming_dist_2,False
PERCEPTUAL_NEAR_DUP,Sethy,TUNGRO5_83,Tungro,Sethy,TUNGRO5_84,Tungro,hamming_dist_0,False
PERCEPTUAL_NEAR_DUP,Sethy,TUNGRO5_85,Tungro,Sethy,TUNGRO5_86,Tungro,hamming_dist_0,False
PERCEPTUAL_NEAR_DUP,Sethy,TUNGRO5_89,Tungro,Sethy,TUNGRO5_90,Tungro,hamming_dist_0,False
PERCEPTUAL_NEAR_DUP,Sethy,TUNGRO5_91,Tungro,Sethy,TUNGRO5_92,Tungro,hamming_dist_3,False
PERCEPTUAL_NEAR_DUP,Sethy,TUNGRO5_93,Tungro,Sethy,TUNGRO5_94,Tungro,hamming_dist_1,False
PERCEPTUAL_NEAR_DUP,Sethy,TUNGRO5_97,Tungro,Sethy,TUNGRO5_98,Tungro,hamming_dist_0,False
PERCEPTUAL_NEAR_DUP,BD5,IMG20241103120555,Blast,BD5,IMG20241103120556,Blast,hamming_dist_3,False
PERCEPTUAL_NEAR_DUP,BD5,IMG20241103120555_01,Blast,BD5,IMG20241103120556,Blast,hamming_dist_2,False
PERCEPTUAL_NEAR_DUP,BD5,IMG20241103120607,Blast,BD5,IMG20241103120608,Blast,hamming_dist_1,False
PERCEPTUAL_NEAR_DUP,BD5,IMG20241103120607,Blast,BD5,IMG20241103121450_01,Blast,hamming_dist_4,False
PERCEPTUAL_NEAR_DUP,BD5,IMG20241103120618,Blast,BD5,IMG20241103120619,Blast,hamming_dist_2,False
PERCEPTUAL_NEAR_DUP,BD5,IMG20241103120624,Blast,BD5,IMG20241103120625,Blast,hamming_dist_4,False
PERCEPTUAL_NEAR_DUP,BD5,IMG20241103120624_01,Blast,BD5,IMG20241103120625,Blast,hamming_dist_1,False
PERCEPTUAL_NEAR_DUP,BD5,IMG20241103120640,Blast,BD5,IMG20241103120640_01,Blast,hamming_dist_3,False
PERCEPTUAL_NEAR_DUP,BD5,IMG20241103120758,Blast,BD5,IMG20241103120758_01,Blast,hamming_dist_0,False
PERCEPTUAL_NEAR_DUP,BD5,IMG20241103120812,Blast,BD5,IMG20241103120813,Blast,hamming_dist_1,False
PERCEPTUAL_NEAR_DUP,BD5,IMG20241103120812,Blast,BD5,IMG20241103120817,Blast,hamming_dist_3,False
PERCEPTUAL_NEAR_DUP,BD5,IMG20241103120813,Blast,BD5,IMG20241103120817,Blast,hamming_dist_4,False
PERCEPTUAL_NEAR_DUP,BD5,IMG20241103120819,Blast,BD5,IMG20241103120819_01,Blast,hamming_dist_2,False
PERCEPTUAL_NEAR_DUP,BD5,IMG20241103120828,Blast,BD5,IMG20241103120828_01,Blast,hamming_dist_3,False
PERCEPTUAL_NEAR_DUP,BD5,IMG20241103120904,Blast,BD5,IMG20241103120905,Blast,hamming_dist_0,False
PERCEPTUAL_NEAR_DUP,BD5,IMG20241103120939,Blast,BD5,IMG20241103120939_01,Blast,hamming_dist_1,False
PERCEPTUAL_NEAR_DUP,BD5,IMG20241103121010,Blast,BD5,IMG20241103121011,Blast,hamming_dist_4,False
PERCEPTUAL_NEAR_DUP,BD5,IMG20241103121011,Blast,BD5,IMG20241103121012,Blast,hamming_dist_3,False
PERCEPTUAL_NEAR_DUP,BD5,IMG20241103121102,Blast,BD5,IMG20241103121103,Blast,hamming_dist_1,False
PERCEPTUAL_NEAR_DUP,BD5,IMG20241103121102,Blast,BD5,IMG20241103121203,Blast,hamming_dist_4,False
PERCEPTUAL_NEAR_DUP,BD5,IMG20241103121102,Blast,BD5,IMG20241103121552,Blast,hamming_dist_4,False
PERCEPTUAL_NEAR_DUP,BD5,IMG20241103121102,Blast,BD5,IMG_20241103_120537,Blast,hamming_dist_4,False
PERCEPTUAL_NEAR_DUP,BD5,IMG20241103121102,Blast,BD5,IMG_20241103_120539,Blast,hamming_dist_3,False
PERCEPTUAL_NEAR_DUP,BD5,IMG20241103121102,Blast,BD5,IMG_20241103_120851,Blast,hamming_dist_4,False
PERCEPTUAL_NEAR_DUP,BD5,IMG20241103121103,Blast,BD5,IMG20241103121203,Blast,hamming_dist_3,False
PERCEPTUAL_NEAR_DUP,BD5,IMG20241103121103,Blast,BD5,IMG20241103121204,Blast,hamming_dist_4,False
PERCEPTUAL_NEAR_DUP,BD5,IMG20241103121103,Blast,BD5,IMG_20241103_120537,Blast,hamming_dist_3,False
PERCEPTUAL_NEAR_DUP,BD5,IMG20241103121103,Blast,BD5,IMG_20241103_120539,Blast,hamming_dist_2,False
PERCEPTUAL_NEAR_DUP,BD5,IMG20241103121103,Blast,BD5,IMG_20241103_120725,Blast,hamming_dist_4,False
PERCEPTUAL_NEAR_DUP,BD5,IMG20241103121106,Blast,BD5,IMG20241103121107,Blast,hamming_dist_4,False
PERCEPTUAL_NEAR_DUP,BD5,IMG20241103121112,Blast,BD5,IMG20241103121113,Blast,hamming_dist_3,False
PERCEPTUAL_NEAR_DUP,BD5,IMG20241103121120,Blast,BD5,IMG20241103121121,Blast,hamming_dist_1,False
PERCEPTUAL_NEAR_DUP,BD5,IMG20241103121120,Blast,BD5,IMG20241103121122,Blast,hamming_dist_1,False
PERCEPTUAL_NEAR_DUP,BD5,IMG20241103121121,Blast,BD5,IMG20241103121122,Blast,hamming_dist_0,False
PERCEPTUAL_NEAR_DUP,BD5,IMG20241103121150,Blast,BD5,IMG20241103121151,Blast,hamming_dist_3,False
PERCEPTUAL_NEAR_DUP,BD5,IMG20241103121151,Blast,BD5,IMG20241103122439,Blast,hamming_dist_4,False
PERCEPTUAL_NEAR_DUP,BD5,IMG20241103121203,Blast,BD5,IMG20241103121204,Blast,hamming_dist_1,False
PERCEPTUAL_NEAR_DUP,BD5,IMG20241103121203,Blast,BD5,IMG_20241103_120537,Blast,hamming_dist_4,False
PERCEPTUAL_NEAR_DUP,BD5,IMG20241103121203,Blast,BD5,IMG_20241103_120539,Blast,hamming_dist_3,False
PERCEPTUAL_NEAR_DUP,BD5,IMG20241103121204,Blast,BD5,IMG20241103122135,Blast,hamming_dist_4,False
PERCEPTUAL_NEAR_DUP,BD5,IMG20241103121204,Blast,BD5,IMG_20241103_120539,Blast,hamming_dist_4,False
PERCEPTUAL_NEAR_DUP,BD5,IMG20241103121204,Blast,BD5,IMG_20241103_120724_1,Blast,hamming_dist_4,False
PERCEPTUAL_NEAR_DUP,BD5,IMG20241103121204,Blast,BD5,IMG_20241103_120725,Blast,hamming_dist_4,False
PERCEPTUAL_NEAR_DUP,BD5,IMG20241103121253,Blast,BD5,IMG20241103121254,Blast,hamming_dist_2,False
PERCEPTUAL_NEAR_DUP,BD5,IMG20241103121253,Blast,BD5,IMG20241103121255,Blast,hamming_dist_3,False
PERCEPTUAL_NEAR_DUP,BD5,IMG20241103121253,Blast,BD5,IMG20241103121301,Blast,hamming_dist_3,False
PERCEPTUAL_NEAR_DUP,BD5,IMG20241103121253,Blast,BD5,IMG20241103121441,Blast,hamming_dist_4,False
PERCEPTUAL_NEAR_DUP,BD5,IMG20241103121253,Blast,BD5,IMG20241103121549,Blast,hamming_dist_2,False
PERCEPTUAL_NEAR_DUP,BD5,IMG20241103121253,Blast,BD5,IMG20241103121550,Blast,hamming_dist_2,False
PERCEPTUAL_NEAR_DUP,BD5,IMG20241103121253,Blast,BD5,IMG20241103121552,Blast,hamming_dist_3,False
PERCEPTUAL_NEAR_DUP,BD5,IMG20241103121253,Blast,BD5,IMG20241103121643,Blast,hamming_dist_3,False
PERCEPTUAL_NEAR_DUP,BD5,IMG20241103121253,Blast,BD5,IMG20241103121644,Blast,hamming_dist_2,False
PERCEPTUAL_NEAR_DUP,BD5,IMG20241103121253,Blast,BD5,IMG20241103121809,Blast,hamming_dist_3,False
PERCEPTUAL_NEAR_DUP,BD5,IMG20241103121253,Blast,BD5,IMG20241103121852,Blast,hamming_dist_4,False
PERCEPTUAL_NEAR_DUP,BD5,IMG20241103121253,Blast,BD5,IMG20241103123654,Blast,hamming_dist_4,False
PERCEPTUAL_NEAR_DUP,BD5,IMG20241103121253,Blast,BD5,IMG20241103123655,Blast,hamming_dist_3,False
PERCEPTUAL_NEAR_DUP,BD5,IMG20241103121253,Blast,BD5,IMG20241103123950,Blast,hamming_dist_4,False
PERCEPTUAL_NEAR_DUP,BD5,IMG20241103121253,Blast,BD5,IMG_20241103_120527,Blast,hamming_dist_2,False
PERCEPTUAL_NEAR_DUP,BD5,IMG20241103121253,Blast,BD5,IMG_20241103_120556,Blast,hamming_dist_3,False
PERCEPTUAL_NEAR_DUP,BD5,IMG20241103121253,Blast,BD5,IMG_20241103_120818,Blast,hamming_dist_4,False
PERCEPTUAL_NEAR_DUP,BD5,IMG20241103121253,Blast,BD5,IMG_20241103_120819,Blast,hamming_dist_4,False
PERCEPTUAL_NEAR_DUP,BD5,IMG20241103121253,Blast,BD5,IMG_20241103_120829,Blast,hamming_dist_1,False
PERCEPTUAL_NEAR_DUP,BD5,IMG20241103121253,Blast,BD5,IMG_20241103_120835,Blast,hamming_dist_4,False
PERCEPTUAL_NEAR_DUP,BD5,IMG20241103121253,Blast,BD5,IMG_20241103_120838,Blast,hamming_dist_2,False
PERCEPTUAL_NEAR_DUP,BD5,IMG20241103121253,Blast,BD5,IMG_20241103_120843,Blast,hamming_dist_2,False
PERCEPTUAL_NEAR_DUP,BD5,IMG20241103121253,Blast,BD5,IMG_20241103_120851,Blast,hamming_dist_3,False
PERCEPTUAL_NEAR_DUP,BD5,IMG20241103121253,Blast,BD5,IMG_20241103_120913,Blast,hamming_dist_4,False
PERCEPTUAL_NEAR_DUP,BD5,IMG20241103121253,Blast,BD5,IMG_20241103_121227,Blast,hamming_dist_4,False
PERCEPTUAL_NEAR_DUP,BD5,IMG20241103121253,Blast,BD5,IMG_20241103_121303,Blast,hamming_dist_2,False
PERCEPTUAL_NEAR_DUP,BD5,IMG20241103121253,Blast,BD5,IMG_20241103_121304_1,Blast,hamming_dist_2,False
PERCEPTUAL_NEAR_DUP,BD5,IMG20241103121253,Blast,BD5,IMG_20241103_121354,Blast,hamming_dist_4,False
PERCEPTUAL_NEAR_DUP,BD5,IMG20241103121253,Blast,BD5,IMG_20241103_121354_1,Blast,hamming_dist_4,False
PERCEPTUAL_NEAR_DUP,BD5,IMG20241103121253,Blast,BD5,IMG_20241103_121355,Blast,hamming_dist_4,False
PERCEPTUAL_NEAR_DUP,BD5,IMG20241103121253,Blast,BD5,IMG_20241103_121356,Blast,hamming_dist_4,False
PERCEPTUAL_NEAR_DUP,BD5,IMG20241103121253,Blast,BD5,IMG_20241103_121358,Blast,hamming_dist_4,False
PERCEPTUAL_NEAR_DUP,BD5,IMG20241103121253,Blast,BD5,IMG_20241103_121742,Blast,hamming_dist_4,False
PERCEPTUAL_NEAR_DUP,BD5,IMG20241103121253,Blast,BD5,IMG_20241103_121904,Blast,hamming_dist_4,False
PERCEPTUAL_NEAR_DUP,BD5,IMG20241103121253,Blast,BD5,IMG_20241103_122838,Blast,hamming_dist_4,False
PERCEPTUAL_NEAR_DUP,BD5,IMG20241103121253,Blast,BD5,IMG_20241103_122839,Blast,hamming_dist_4,False
PERCEPTUAL_NEAR_DUP,BD5,IMG20241103121254,Blast,BD5,IMG20241103121255,Blast,hamming_dist_3,False
PERCEPTUAL_NEAR_DUP,BD5,IMG20241103121254,Blast,BD5,IMG20241103121301,Blast,hamming_dist_3,False
PERCEPTUAL_NEAR_DUP,BD5,IMG20241103121254,Blast,BD5,IMG20241103121441,Blast,hamming_dist_4,False
PERCEPTUAL_NEAR_DUP,BD5,IMG20241103121254,Blast,BD5,IMG20241103121549,Blast,hamming_dist_4,False
PERCEPTUAL_NEAR_DUP,BD5,IMG20241103121254,Blast,BD5,IMG20241103121550,Blast,hamming_dist_4,False
PERCEPTUAL_NEAR_DUP,BD5,IMG20241103121254,Blast,BD5,IMG20241103121643,Blast,hamming_dist_3,False
PERCEPTUAL_NEAR_DUP,BD5,IMG20241103121254,Blast,BD5,IMG20241103121644,Blast,hamming_dist_2,False
PERCEPTUAL_NEAR_DUP,BD5,IMG20241103121254,Blast,BD5,IMG20241103122402_01,Blast,hamming_dist_4,False
PERCEPTUAL_NEAR_DUP,BD5,IMG20241103121254,Blast,BD5,IMG_20241103_120527,Blast,hamming_dist_4,False
PERCEPTUAL_NEAR_DUP,BD5,IMG20241103121254,Blast,BD5,IMG_20241103_120556,Blast,hamming_dist_3,False
PERCEPTUAL_NEAR_DUP,BD5,IMG20241103121254,Blast,BD5,IMG_20241103_120829,Blast,hamming_dist_3,False
PERCEPTUAL_NEAR_DUP,BD5,IMG20241103121254,Blast,BD5,IMG_20241103_120838,Blast,hamming_dist_2,False
PERCEPTUAL_NEAR_DUP,BD5,IMG20241103121254,Blast,BD5,IMG_20241103_120843,Blast,hamming_dist_2,False
PERCEPTUAL_NEAR_DUP,BD5,IMG20241103121254,Blast,BD5,IMG_20241103_120851,Blast,hamming_dist_3,False
PERCEPTUAL_NEAR_DUP,BD5,IMG20241103121254,Blast,BD5,IMG_20241103_121227,Blast,hamming_dist_4,False
PERCEPTUAL_NEAR_DUP,BD5,IMG20241103121254,Blast,BD5,IMG_20241103_121303,Blast,hamming_dist_4,False
PERCEPTUAL_NEAR_DUP,BD5,IMG20241103121254,Blast,BD5,IMG_20241103_121304_1,Blast,hamming_dist_4,False
PERCEPTUAL_NEAR_DUP,BD5,IMG20241103121255,Blast,BD5,IMG_20241103_120829,Blast,hamming_dist_4,False
PERCEPTUAL_NEAR_DUP,BD5,IMG20241103121301,Blast,BD5,IMG20241103121302,Blast,hamming_dist_4,False
PERCEPTUAL_NEAR_DUP,BD5,IMG20241103121301,Blast,BD5,IMG20241103121643,Blast,hamming_dist_4,False
PERCEPTUAL_NEAR_DUP,BD5,IMG20241103121301,Blast,BD5,IMG20241103121644,Blast,hamming_dist_3,False
PERCEPTUAL_NEAR_DUP,BD5,IMG20241103121301,Blast,BD5,IMG_20241103_120556,Blast,hamming_dist_4,False
PERCEPTUAL_NEAR_DUP,BD5,IMG20241103121301,Blast,BD5,IMG_20241103_120829,Blast,hamming_dist_4,False
PERCEPTUAL_NEAR_DUP,BD5,IMG20241103121301,Blast,BD5,IMG_20241103_120838,Blast,hamming_dist_3,False
PERCEPTUAL_NEAR_DUP,BD5,IMG20241103121301,Blast,BD5,IMG_20241103_120843,Blast,hamming_dist_3,False
PERCEPTUAL_NEAR_DUP,BD5,IMG20241103121301,Blast,BD5,IMG_20241103_120851,Blast,hamming_dist_4,False
PERCEPTUAL_NEAR_DUP,BD5,IMG20241103121323,Blast,BD5,IMG20241103121324,Blast,hamming_dist_3,False
PERCEPTUAL_NEAR_DUP,BD5,IMG20241103121333,Blast,BD5,IMG20241103121334,Blast,hamming_dist_3,False
PERCEPTUAL_NEAR_DUP,BD5,IMG20241103121441,Blast,BD5,IMG20241103121644,Blast,hamming_dist_4,False
PERCEPTUAL_NEAR_DUP,BD5,IMG20241103121441,Blast,BD5,IMG_20241103_120527,Blast,hamming_dist_4,False
PERCEPTUAL_NEAR_DUP,BD5,IMG20241103121441,Blast,BD5,IMG_20241103_120838,Blast,hamming_dist_4,False
PERCEPTUAL_NEAR_DUP,BD5,IMG20241103121441,Blast,BD5,IMG_20241103_120843,Blast,hamming_dist_4,False
PERCEPTUAL_NEAR_DUP,BD5,IMG20241103121441,Blast,BD5,IMG_20241103_121227,Blast,hamming_dist_4,False
PERCEPTUAL_NEAR_DUP,BD5,IMG20241103121441,Blast,BD5,IMG_20241103_121445,Blast,hamming_dist_4,False
PERCEPTUAL_NEAR_DUP,BD5,IMG20241103121441,Blast,BD5,IMG_20241103_121445_1,Blast,hamming_dist_4,False
PERCEPTUAL_NEAR_DUP,BD5,IMG20241103121441,Blast,BD5,IMG_20241103_121446,Blast,hamming_dist_4,False
PERCEPTUAL_NEAR_DUP,BD5,IMG20241103121450,Blast,BD5,IMG20241103121450_01,Blast,hamming_dist_3,False
PERCEPTUAL_NEAR_DUP,BD5,IMG20241103121503,Blast,BD5,IMG20241103121503_01,Blast,hamming_dist_2,False
PERCEPTUAL_NEAR_DUP,BD5,IMG20241103121549,Blast,BD5,IMG20241103121550,Blast,hamming_dist_0,False
PERCEPTUAL_NEAR_DUP,BD5,IMG20241103121549,Blast,BD5,IMG20241103121643,Blast,hamming_dist_3,False
PERCEPTUAL_NEAR_DUP,BD5,IMG20241103121549,Blast,BD5,IMG20241103121644,Blast,hamming_dist_4,False
PERCEPTUAL_NEAR_DUP,BD5,IMG20241103121549,Blast,BD5,IMG_20241103_120527,Blast,hamming_dist_4,False
PERCEPTUAL_NEAR_DUP,BD5,IMG20241103121549,Blast,BD5,IMG_20241103_120829,Blast,hamming_dist_3,False
PERCEPTUAL_NEAR_DUP,BD5,IMG20241103121549,Blast,BD5,IMG_20241103_120835,Blast,hamming_dist_4,False
PERCEPTUAL_NEAR_DUP,BD5,IMG20241103121549,Blast,BD5,IMG_20241103_120838,Blast,hamming_dist_4,False
PERCEPTUAL_NEAR_DUP,BD5,IMG20241103121549,Blast,BD5,IMG_20241103_120843,Blast,hamming_dist_2,False
PERCEPTUAL_NEAR_DUP,BD5,IMG20241103121549,Blast,BD5,IMG_20241103_121303,Blast,hamming_dist_4,False
PERCEPTUAL_NEAR_DUP,BD5,IMG20241103121549,Blast,BD5,IMG_20241103_121304_1,Blast,hamming_dist_4,False
PERCEPTUAL_NEAR_DUP,BD5,IMG20241103121550,Blast,BD5,IMG20241103121643,Blast,hamming_dist_3,False
PERCEPTUAL_NEAR_DUP,BD5,IMG20241103121550,Blast,BD5,IMG20241103121644,Blast,hamming_dist_4,False
PERCEPTUAL_NEAR_DUP,BD5,IMG20241103121550,Blast,BD5,IMG_20241103_120527,Blast,hamming_dist_4,False
PERCEPTUAL_NEAR_DUP,BD5,IMG20241103121550,Blast,BD5,IMG_20241103_120829,Blast,hamming_dist_3,False
PERCEPTUAL_NEAR_DUP,BD5,IMG20241103121550,Blast,BD5,IMG_20241103_120835,Blast,hamming_dist_4,False
PERCEPTUAL_NEAR_DUP,BD5,IMG20241103121550,Blast,BD5,IMG_20241103_120838,Blast,hamming_dist_4,False
PERCEPTUAL_NEAR_DUP,BD5,IMG20241103121550,Blast,BD5,IMG_20241103_120843,Blast,hamming_dist_2,False
PERCEPTUAL_NEAR_DUP,BD5,IMG20241103121550,Blast,BD5,IMG_20241103_121303,Blast,hamming_dist_4,False
PERCEPTUAL_NEAR_DUP,BD5,IMG20241103121550,Blast,BD5,IMG_20241103_121304_1,Blast,hamming_dist_4,False
PERCEPTUAL_NEAR_DUP,BD5,IMG20241103121552,Blast,BD5,IMG_20241103_120829,Blast,hamming_dist_4,False
PERCEPTUAL_NEAR_DUP,BD5,IMG20241103121552,Blast,BD5,IMG_20241103_120851,Blast,hamming_dist_4,False
PERCEPTUAL_NEAR_DUP,BD5,IMG20241103121552,Blast,BD5,IMG_20241103_121303,Blast,hamming_dist_3,False
PERCEPTUAL_NEAR_DUP,BD5,IMG20241103121552,Blast,BD5,IMG_20241103_121304_1,Blast,hamming_dist_3,False
PERCEPTUAL_NEAR_DUP,BD5,IMG20241103121552,Blast,BD5,IMG_20241103_121354,Blast,hamming_dist_3,False
PERCEPTUAL_NEAR_DUP,BD5,IMG20241103121552,Blast,BD5,IMG_20241103_121354_1,Blast,hamming_dist_3,False
PERCEPTUAL_NEAR_DUP,BD5,IMG20241103121552,Blast,BD5,IMG_20241103_121355,Blast,hamming_dist_3,False
PERCEPTUAL_NEAR_DUP,BD5,IMG20241103121552,Blast,BD5,IMG_20241103_121356,Blast,hamming_dist_3,False
PERCEPTUAL_NEAR_DUP,BD5,IMG20241103121552,Blast,BD5,IMG_20241103_121358,Blast,hamming_dist_3,False
PERCEPTUAL_NEAR_DUP,BD5,IMG20241103121552,Blast,BD5,IMG_20241103_122838,Blast,hamming_dist_3,False
PERCEPTUAL_NEAR_DUP,BD5,IMG20241103121558,Blast,BD5,IMG20241103121559,Blast,hamming_dist_0,False
PERCEPTUAL_NEAR_DUP,BD5,IMG20241103121558,Blast,BD5,IMG_20241103_120736,Blast,hamming_dist_4,False
PERCEPTUAL_NEAR_DUP,BD5,IMG20241103121559,Blast,BD5,IMG_20241103_120736,Blast,hamming_dist_4,False
PERCEPTUAL_NEAR_DUP,BD5,IMG20241103121610,Blast,BD5,IMG20241103121610_01,Blast,hamming_dist_0,False
PERCEPTUAL_NEAR_DUP,BD5,IMG20241103121623,Blast,BD5,IMG20241103121624,Blast,hamming_dist_0,False
PERCEPTUAL_NEAR_DUP,BD5,IMG20241103121623,Blast,BD5,IMG20241103121625,Blast,hamming_dist_4,False
PERCEPTUAL_NEAR_DUP,BD5,IMG20241103121624,Blast,BD5,IMG20241103121625,Blast,hamming_dist_4,False
PERCEPTUAL_NEAR_DUP,BD5,IMG20241103121643,Blast,BD5,IMG20241103121644,Blast,hamming_dist_1,False
PERCEPTUAL_NEAR_DUP,BD5,IMG20241103121643,Blast,BD5,IMG_20241103_120556,Blast,hamming_dist_4,False
PERCEPTUAL_NEAR_DUP,BD5,IMG20241103121643,Blast,BD5,IMG_20241103_120829,Blast,hamming_dist_4,False
PERCEPTUAL_NEAR_DUP,BD5,IMG20241103121643,Blast,BD5,IMG_20241103_120838,Blast,hamming_dist_3,False
PERCEPTUAL_NEAR_DUP,BD5,IMG20241103121643,Blast,BD5,IMG_20241103_120843,Blast,hamming_dist_3,False
PERCEPTUAL_NEAR_DUP,BD5,IMG20241103121643,Blast,BD5,IMG_20241103_120851,Blast,hamming_dist_4,False
PERCEPTUAL_NEAR_DUP,BD5,IMG20241103121644,Blast,BD5,IMG20241103123950,Blast,hamming_dist_4,False
PERCEPTUAL_NEAR_DUP,BD5,IMG20241103121644,Blast,BD5,IMG_20241103_120527,Blast,hamming_dist_4,False
PERCEPTUAL_NEAR_DUP,BD5,IMG20241103121644,Blast,BD5,IMG_20241103_120556,Blast,hamming_dist_3,False
PERCEPTUAL_NEAR_DUP,BD5,IMG20241103121644,Blast,BD5,IMG_20241103_120829,Blast,hamming_dist_3,False
PERCEPTUAL_NEAR_DUP,BD5,IMG20241103121644,Blast,BD5,IMG_20241103_120838,Blast,hamming_dist_2,False
PERCEPTUAL_NEAR_DUP,BD5,IMG20241103121644,Blast,BD5,IMG_20241103_120843,Blast,hamming_dist_2,False
PERCEPTUAL_NEAR_DUP,BD5,IMG20241103121644,Blast,BD5,IMG_20241103_120851,Blast,hamming_dist_3,False
PERCEPTUAL_NEAR_DUP,BD5,IMG20241103121644,Blast,BD5,IMG_20241103_121227,Blast,hamming_dist_4,False
PERCEPTUAL_NEAR_DUP,BD5,IMG20241103121644,Blast,BD5,IMG_20241103_121303,Blast,hamming_dist_4,False
PERCEPTUAL_NEAR_DUP,BD5,IMG20241103121644,Blast,BD5,IMG_20241103_121304_1,Blast,hamming_dist_4,False
PERCEPTUAL_NEAR_DUP,BD5,IMG20241103121719,Blast,BD5,IMG20241103121719_01,Blast,hamming_dist_2,False
PERCEPTUAL_NEAR_DUP,BD5,IMG20241103121719,Blast,BD5,IMG20241103121720,Blast,hamming_dist_1,False
PERCEPTUAL_NEAR_DUP,BD5,IMG20241103121719_01,Blast,BD5,IMG20241103121720,Blast,hamming_dist_3,False
PERCEPTUAL_NEAR_DUP,BD5,IMG20241103121736,Blast,BD5,IMG_20241103_120829,Blast,hamming_dist_4,False
PERCEPTUAL_NEAR_DUP,BD5,IMG20241103121809,Blast,BD5,IMG20241103123655,Blast,hamming_dist_4,False
PERCEPTUAL_NEAR_DUP,BD5,IMG20241103121809,Blast,BD5,IMG_20241103_120530,Blast,hamming_dist_4,False
PERCEPTUAL_NEAR_DUP,BD5,IMG20241103121809,Blast,BD5,IMG_20241103_120829,Blast,hamming_dist_2,False
PERCEPTUAL_NEAR_DUP,BD5,IMG20241103121809,Blast,BD5,IMG_20241103_120838,Blast,hamming_dist_3,False
PERCEPTUAL_NEAR_DUP,BD5,IMG20241103121809,Blast,BD5,IMG_20241103_120851,Blast,hamming_dist_4,False
PERCEPTUAL_NEAR_DUP,BD5,IMG20241103121809,Blast,BD5,IMG_20241103_121303,Blast,hamming_dist_3,False
PERCEPTUAL_NEAR_DUP,BD5,IMG20241103121809,Blast,BD5,IMG_20241103_121304_1,Blast,hamming_dist_3,False
PERCEPTUAL_NEAR_DUP,BD5,IMG20241103121827,Blast,BD5,IMG20241103121827_01,Blast,hamming_dist_1,False
PERCEPTUAL_NEAR_DUP,BD5,IMG20241103121827,Blast,BD5,IMG20241103121828,Blast,hamming_dist_1,False
PERCEPTUAL_NEAR_DUP,BD5,IMG20241103121827_01,Blast,BD5,IMG20241103121828,Blast,hamming_dist_2,False
PERCEPTUAL_NEAR_DUP,BD5,IMG20241103121842,Blast,BD5,IMG20241103121843,Blast,hamming_dist_0,False
PERCEPTUAL_NEAR_DUP,BD5,IMG20241103121852,Blast,BD5,IMG_20241103_120527,Blast,hamming_dist_4,False
PERCEPTUAL_NEAR_DUP,BD5,IMG20241103121852,Blast,BD5,IMG_20241103_121303,Blast,hamming_dist_4,False
PERCEPTUAL_NEAR_DUP,BD5,IMG20241103121852,Blast,BD5,IMG_20241103_121304_1,Blast,hamming_dist_4,False
PERCEPTUAL_NEAR_DUP,BD5,IMG20241103121852,Blast,BD5,IMG_20241103_122839,Blast,hamming_dist_4,False
PERCEPTUAL_NEAR_DUP,BD5,IMG20241103122013,Blast,BD5,IMG20241103122013_01,Blast,hamming_dist_2,False
PERCEPTUAL_NEAR_DUP,BD5,IMG20241103122013,Blast,BD5,IMG20241103122014,Blast,hamming_dist_1,False
PERCEPTUAL_NEAR_DUP,BD5,IMG20241103122013_01,Blast,BD5,IMG20241103122014,Blast,hamming_dist_3,False
PERCEPTUAL_NEAR_DUP,BD5,IMG20241103122026,Blast,BD5,IMG_20241103_121303,Blast,hamming_dist_4,False
PERCEPTUAL_NEAR_DUP,BD5,IMG20241103122026,Blast,BD5,IMG_20241103_121304_1,Blast,hamming_dist_4,False
PERCEPTUAL_NEAR_DUP,BD5,IMG20241103122026,Blast,BD5,IMG_20241103_121904,Blast,hamming_dist_4,False
PERCEPTUAL_NEAR_DUP,BD5,IMG20241103122033,Blast,BD5,IMG20241103122034,Blast,hamming_dist_1,False
PERCEPTUAL_NEAR_DUP,BD5,IMG20241103122051,Blast,BD5,IMG20241103122052,Blast,hamming_dist_1,False
PERCEPTUAL_NEAR_DUP,BD5,IMG20241103122051,Blast,BD5,IMG20241103122053,Blast,hamming_dist_3,False
PERCEPTUAL_NEAR_DUP,BD5,IMG20241103122052,Blast,BD5,IMG20241103122053,Blast,hamming_dist_4,False
PERCEPTUAL_NEAR_DUP,BD5,IMG20241103122105,Blast,BD5,IMG20241103122106,Blast,hamming_dist_3,False
PERCEPTUAL_NEAR_DUP,BD5,IMG20241103122135,Blast,BD5,IMG20241103122136,Blast,hamming_dist_1,False
PERCEPTUAL_NEAR_DUP,BD5,IMG20241103122220,Blast,BD5,IMG20241103122221,Blast,hamming_dist_0,False
PERCEPTUAL_NEAR_DUP,BD5,IMG20241103122220,Blast,BD5,IMG20241103122222,Blast,hamming_dist_0,False
PERCEPTUAL_NEAR_DUP,BD5,IMG20241103122221,Blast,BD5,IMG20241103122222,Blast,hamming_dist_0,False
PERCEPTUAL_NEAR_DUP,BD5,IMG20241103122319,Blast,BD5,IMG20241103122320,Blast,hamming_dist_4,False
PERCEPTUAL_NEAR_DUP,BD5,IMG20241103122319,Blast,BD5,IMG20241103122322,Blast,hamming_dist_1,False
PERCEPTUAL_NEAR_DUP,BD5,IMG20241103122320,Blast,BD5,IMG20241103122322,Blast,hamming_dist_3,False
PERCEPTUAL_NEAR_DUP,BD5,IMG20241103122354,Blast,BD5,IMG20241103122355,Blast,hamming_dist_3,False
PERCEPTUAL_NEAR_DUP,BD5,IMG20241103122356,Blast,BD5,IMG20241103122357,Blast,hamming_dist_1,False
PERCEPTUAL_NEAR_DUP,BD5,IMG20241103122434,Blast,BD5,IMG20241103122435,Blast,hamming_dist_3,False
PERCEPTUAL_NEAR_DUP,BD5,IMG20241103122438,Blast,BD5,IMG20241103122439,Blast,hamming_dist_1,False
PERCEPTUAL_NEAR_DUP,BD5,IMG20241103122448,Blast,BD5,IMG20241103122450,Blast,hamming_dist_3,False
PERCEPTUAL_NEAR_DUP,BD5,IMG20241103122448,Blast,BD5,IMG20241103122451,Blast,hamming_dist_1,False
PERCEPTUAL_NEAR_DUP,BD5,IMG20241103122450,Blast,BD5,IMG20241103122451,Blast,hamming_dist_2,False
PERCEPTUAL_NEAR_DUP,BD5,IMG20241103122912,Blast,BD5,IMG20241103122912_01,Blast,hamming_dist_0,False
PERCEPTUAL_NEAR_DUP,BD5,IMG20241103122933,Blast,BD5,IMG20241103122933_01,Blast,hamming_dist_1,False
PERCEPTUAL_NEAR_DUP,BD5,IMG20241103122943,Blast,BD5,IMG20241103122943_01,Blast,hamming_dist_2,False
PERCEPTUAL_NEAR_DUP,BD5,IMG20241103122956,Blast,BD5,IMG20241103122957,Blast,hamming_dist_3,False
PERCEPTUAL_NEAR_DUP,BD5,IMG20241103122956,Blast,BD5,IMG20241103122958,Blast,hamming_dist_3,False
PERCEPTUAL_NEAR_DUP,BD5,IMG20241103122957,Blast,BD5,IMG20241103122958,Blast,hamming_dist_2,False
PERCEPTUAL_NEAR_DUP,BD5,IMG20241103123015,Blast,BD5,IMG20241103123016,Blast,hamming_dist_3,False
PERCEPTUAL_NEAR_DUP,BD5,IMG20241103123015,Blast,BD5,IMG20241103123017,Blast,hamming_dist_4,False
PERCEPTUAL_NEAR_DUP,BD5,IMG20241103123016,Blast,BD5,IMG20241103123017,Blast,hamming_dist_1,False
PERCEPTUAL_NEAR_DUP,BD5,IMG20241103123046,Blast,BD5,IMG20241103123048,Blast,hamming_dist_3,False
PERCEPTUAL_NEAR_DUP,BD5,IMG20241103123046,Blast,BD5,IMG20241103123048_01,Blast,hamming_dist_3,False
PERCEPTUAL_NEAR_DUP,BD5,IMG20241103123048,Blast,BD5,IMG20241103123048_01,Blast,hamming_dist_0,False
PERCEPTUAL_NEAR_DUP,BD5,IMG20241103123127,Blast,BD5,IMG20241103123128,Blast,hamming_dist_0,False
PERCEPTUAL_NEAR_DUP,BD5,IMG20241103123127,Blast,BD5,IMG20241103123129,Blast,hamming_dist_4,False
PERCEPTUAL_NEAR_DUP,BD5,IMG20241103123127,Blast,BD5,IMG20241103123151,Blast,hamming_dist_4,False
PERCEPTUAL_NEAR_DUP,BD5,IMG20241103123128,Blast,BD5,IMG20241103123129,Blast,hamming_dist_4,False
PERCEPTUAL_NEAR_DUP,BD5,IMG20241103123128,Blast,BD5,IMG20241103123151,Blast,hamming_dist_4,False
PERCEPTUAL_NEAR_DUP,BD5,IMG20241103123200,Blast,BD5,IMG20241103123202,Blast,hamming_dist_0,False
PERCEPTUAL_NEAR_DUP,BD5,IMG20241103123230,Blast,BD5,IMG20241103123231,Blast,hamming_dist_0,False
PERCEPTUAL_NEAR_DUP,BD5,IMG20241103123230,Blast,BD5,IMG20241103123231_01,Blast,hamming_dist_2,False
PERCEPTUAL_NEAR_DUP,BD5,IMG20241103123231,Blast,BD5,IMG20241103123231_01,Blast,hamming_dist_2,False
PERCEPTUAL_NEAR_DUP,BD5,IMG20241103123251,Blast,BD5,IMG20241103123252,Blast,hamming_dist_0,False
PERCEPTUAL_NEAR_DUP,BD5,IMG20241103123447,Blast,BD5,IMG20241103123448,Blast,hamming_dist_2,False
PERCEPTUAL_NEAR_DUP,BD5,IMG20241103123447,Blast,BD5,IMG20241103123449,Blast,hamming_dist_1,False
PERCEPTUAL_NEAR_DUP,BD5,IMG20241103123448,Blast,BD5,IMG20241103123449,Blast,hamming_dist_1,False
PERCEPTUAL_NEAR_DUP,BD5,IMG20241103123502,Blast,BD5,IMG20241103123503,Blast,hamming_dist_1,False
PERCEPTUAL_NEAR_DUP,BD5,IMG20241103123502,Blast,BD5,IMG20241103123504,Blast,hamming_dist_1,False
PERCEPTUAL_NEAR_DUP,BD5,IMG20241103123503,Blast,BD5,IMG20241103123504,Blast,hamming_dist_0,False
PERCEPTUAL_NEAR_DUP,BD5,IMG20241103123541,Blast,BD5,IMG20241103123542,Blast,hamming_dist_1,False
PERCEPTUAL_NEAR_DUP,BD5,IMG20241103123619,Blast,BD5,IMG20241103123945,Blast,hamming_dist_4,False
PERCEPTUAL_NEAR_DUP,BD5,IMG20241103123619,Blast,BD5,IMG_20241103_121227_1,Blast,hamming_dist_4,False
PERCEPTUAL_NEAR_DUP,BD5,IMG20241103123653_01,Blast,BD5,IMG20241103123655,Blast,hamming_dist_4,False
PERCEPTUAL_NEAR_DUP,BD5,IMG20241103123654,Blast,BD5,IMG20241103123655,Blast,hamming_dist_1,False
PERCEPTUAL_NEAR_DUP,BD5,IMG20241103123654,Blast,BD5,IMG20241103123940,Blast,hamming_dist_4,False
PERCEPTUAL_NEAR_DUP,BD5,IMG20241103123654,Blast,BD5,IMG_20241103_120725,Blast,hamming_dist_4,False
PERCEPTUAL_NEAR_DUP,BD5,IMG20241103123654,Blast,BD5,IMG_20241103_121303,Blast,hamming_dist_4,False
PERCEPTUAL_NEAR_DUP,BD5,IMG20241103123654,Blast,BD5,IMG_20241103_121304_1,Blast,hamming_dist_4,False
PERCEPTUAL_NEAR_DUP,BD5,IMG20241103123655,Blast,BD5,IMG_20241103_120725,Blast,hamming_dist_3,False
PERCEPTUAL_NEAR_DUP,BD5,IMG20241103123655,Blast,BD5,IMG_20241103_120829,Blast,hamming_dist_4,False
PERCEPTUAL_NEAR_DUP,BD5,IMG20241103123655,Blast,BD5,IMG_20241103_120851,Blast,hamming_dist_4,False
PERCEPTUAL_NEAR_DUP,BD5,IMG20241103123655,Blast,BD5,IMG_20241103_121303,Blast,hamming_dist_3,False
PERCEPTUAL_NEAR_DUP,BD5,IMG20241103123655,Blast,BD5,IMG_20241103_121304_1,Blast,hamming_dist_3,False
PERCEPTUAL_NEAR_DUP,BD5,IMG20241103123744_01,Blast,BD5,IMG_20241103_120851,Blast,hamming_dist_4,False
PERCEPTUAL_NEAR_DUP,BD5,IMG20241103123744_01,Blast,BD5,IMG_20241103_121303,Blast,hamming_dist_3,False
PERCEPTUAL_NEAR_DUP,BD5,IMG20241103123744_01,Blast,BD5,IMG_20241103_121304_1,Blast,hamming_dist_3,False
PERCEPTUAL_NEAR_DUP,BD5,IMG20241103123802,Blast,BD5,IMG20241103123802_01,Blast,hamming_dist_2,False
PERCEPTUAL_NEAR_DUP,BD5,IMG20241103123802,Blast,BD5,IMG20241103123803,Blast,hamming_dist_2,False
PERCEPTUAL_NEAR_DUP,BD5,IMG20241103123802_01,Blast,BD5,IMG20241103123803,Blast,hamming_dist_4,False
PERCEPTUAL_NEAR_DUP,BD5,IMG20241103123940,Blast,BD5,IMG20241103123941,Blast,hamming_dist_1,False
PERCEPTUAL_NEAR_DUP,BD5,IMG20241103123940,Blast,BD5,IMG20241103123947,Blast,hamming_dist_4,False
PERCEPTUAL_NEAR_DUP,BD5,IMG20241103123945,Blast,BD5,IMG20241103123947,Blast,hamming_dist_2,False
PERCEPTUAL_NEAR_DUP,BD5,IMG20241103123945,Blast,BD5,IMG_20241103_121227,Blast,hamming_dist_4,False
PERCEPTUAL_NEAR_DUP,BD5,IMG20241103123945,Blast,BD5,IMG_20241103_121227_1,Blast,hamming_dist_2,False
PERCEPTUAL_NEAR_DUP,BD5,IMG20241103123945,Blast,BD5,IMG_20241103_121447,Blast,hamming_dist_4,False
PERCEPTUAL_NEAR_DUP,BD5,IMG20241103123947,Blast,BD5,IMG_20241103_121227_1,Blast,hamming_dist_4,False
PERCEPTUAL_NEAR_DUP,BD5,IMG20241103124013,Blast,BD5,IMG20241103124014,Blast,hamming_dist_2,False
PERCEPTUAL_NEAR_DUP,BD5,IMG20241103124101,Blast,BD5,IMG20241103124102,Blast,hamming_dist_3,False
PERCEPTUAL_NEAR_DUP,BD5,IMG20241103124111,Blast,BD5,IMG20241103124112,Blast,hamming_dist_4,False
PERCEPTUAL_NEAR_DUP,BD5,IMG20241103124118,Blast,BD5,IMG20241103124118_01,Blast,hamming_dist_4,False
PERCEPTUAL_NEAR_DUP,BD5,IMG20241103124122,Blast,BD5,IMG20241103124123,Blast,hamming_dist_0,False
PERCEPTUAL_NEAR_DUP,BD5,IMG_20241103_120527,Blast,BD5,IMG_20241103_120556,Blast,hamming_dist_3,False
PERCEPTUAL_NEAR_DUP,BD5,IMG_20241103_120527,Blast,BD5,IMG_20241103_120829,Blast,hamming_dist_3,False
PERCEPTUAL_NEAR_DUP,BD5,IMG_20241103_120527,Blast,BD5,IMG_20241103_120838,Blast,hamming_dist_4,False
PERCEPTUAL_NEAR_DUP,BD5,IMG_20241103_120527,Blast,BD5,IMG_20241103_120843,Blast,hamming_dist_4,False
PERCEPTUAL_NEAR_DUP,BD5,IMG_20241103_120527,Blast,BD5,IMG_20241103_121303,Blast,hamming_dist_4,False
PERCEPTUAL_NEAR_DUP,BD5,IMG_20241103_120527,Blast,BD5,IMG_20241103_121304_1,Blast,hamming_dist_4,False
PERCEPTUAL_NEAR_DUP,BD5,IMG_20241103_120530,Blast,BD5,IMG_20241103_120829,Blast,hamming_dist_4,False
PERCEPTUAL_NEAR_DUP,BD5,IMG_20241103_120530,Blast,BD5,IMG_20241103_120851,Blast,hamming_dist_4,False
PERCEPTUAL_NEAR_DUP,BD5,IMG_20241103_120530,Blast,BD5,IMG_20241103_121303,Blast,hamming_dist_3,False
PERCEPTUAL_NEAR_DUP,BD5,IMG_20241103_120530,Blast,BD5,IMG_20241103_121304_1,Blast,hamming_dist_3,False
PERCEPTUAL_NEAR_DUP,BD5,IMG_20241103_120537,Blast,BD5,IMG_20241103_120539,Blast,hamming_dist_1,False
PERCEPTUAL_NEAR_DUP,BD5,IMG_20241103_120554,Blast,BD5,IMG_20241103_120556,Blast,hamming_dist_3,False
PERCEPTUAL_NEAR_DUP,BD5,IMG_20241103_120554,Blast,BD5,IMG_20241103_120851,Blast,hamming_dist_3,False
PERCEPTUAL_NEAR_DUP,BD5,IMG_20241103_120554,Blast,BD5,IMG_20241103_120921,Blast,hamming_dist_4,False
PERCEPTUAL_NEAR_DUP,BD5,IMG_20241103_120554,Blast,BD5,IMG_20241103_121303,Blast,hamming_dist_4,False
PERCEPTUAL_NEAR_DUP,BD5,IMG_20241103_120554,Blast,BD5,IMG_20241103_121304_1,Blast,hamming_dist_4,False
PERCEPTUAL_NEAR_DUP,BD5,IMG_20241103_120554,Blast,BD5,IMG_20241103_121354,Blast,hamming_dist_4,False
PERCEPTUAL_NEAR_DUP,BD5,IMG_20241103_120554,Blast,BD5,IMG_20241103_121354_1,Blast,hamming_dist_4,False
PERCEPTUAL_NEAR_DUP,BD5,IMG_20241103_120554,Blast,BD5,IMG_20241103_121355,Blast,hamming_dist_4,False
PERCEPTUAL_NEAR_DUP,BD5,IMG_20241103_120554,Blast,BD5,IMG_20241103_121356,Blast,hamming_dist_4,False
PERCEPTUAL_NEAR_DUP,BD5,IMG_20241103_120554,Blast,BD5,IMG_20241103_121358,Blast,hamming_dist_4,False
PERCEPTUAL_NEAR_DUP,BD5,IMG_20241103_120556,Blast,BD5,IMG_20241103_120829,Blast,hamming_dist_4,False
PERCEPTUAL_NEAR_DUP,BD5,IMG_20241103_120556,Blast,BD5,IMG_20241103_120838,Blast,hamming_dist_3,False
PERCEPTUAL_NEAR_DUP,BD5,IMG_20241103_120556,Blast,BD5,IMG_20241103_120843,Blast,hamming_dist_3,False
PERCEPTUAL_NEAR_DUP,BD5,IMG_20241103_120556,Blast,BD5,IMG_20241103_120851,Blast,hamming_dist_4,False
PERCEPTUAL_NEAR_DUP,BD5,IMG_20241103_120602,Blast,BD5,IMG_20241103_120603,Blast,hamming_dist_2,False
PERCEPTUAL_NEAR_DUP,BD5,IMG_20241103_120606,Blast,BD5,IMG_20241103_120607,Blast,hamming_dist_1,False
PERCEPTUAL_NEAR_DUP,BD5,IMG_20241103_120606,Blast,BD5,IMG_20241103_120609,Blast,hamming_dist_1,False
PERCEPTUAL_NEAR_DUP,BD5,IMG_20241103_120607,Blast,BD5,IMG_20241103_120609,Blast,hamming_dist_0,False
PERCEPTUAL_NEAR_DUP,BD5,IMG_20241103_120710,Blast,BD5,IMG_20241103_120711,Blast,hamming_dist_4,False
PERCEPTUAL_NEAR_DUP,BD5,IMG_20241103_120724_1,Blast,BD5,IMG_20241103_120725,Blast,hamming_dist_2,False
PERCEPTUAL_NEAR_DUP,BD5,IMG_20241103_120745,Blast,BD5,IMG_20241103_120836,Blast,hamming_dist_4,False
PERCEPTUAL_NEAR_DUP,BD5,IMG_20241103_120755,Blast,BD5,IMG_20241103_120756,Blast,hamming_dist_2,False
PERCEPTUAL_NEAR_DUP,BD5,IMG_20241103_120810,Blast,BD5,IMG_20241103_120811,Blast,hamming_dist_1,False
PERCEPTUAL_NEAR_DUP,BD5,IMG_20241103_120818,Blast,BD5,IMG_20241103_120819,Blast,hamming_dist_2,False
PERCEPTUAL_NEAR_DUP,BD5,IMG_20241103_120818,Blast,BD5,IMG_20241103_120835,Blast,hamming_dist_2,False
PERCEPTUAL_NEAR_DUP,BD5,IMG_20241103_120818,Blast,BD5,IMG_20241103_120836,Blast,hamming_dist_3,False
PERCEPTUAL_NEAR_DUP,BD5,IMG_20241103_120818,Blast,BD5,IMG_20241103_121303,Blast,hamming_dist_4,False
PERCEPTUAL_NEAR_DUP,BD5,IMG_20241103_120818,Blast,BD5,IMG_20241103_121304_1,Blast,hamming_dist_4,False
PERCEPTUAL_NEAR_DUP,BD5,IMG_20241103_120818,Blast,BD5,IMG_20241103_121320,Blast,hamming_dist_3,False
PERCEPTUAL_NEAR_DUP,BD5,IMG_20241103_120818,Blast,BD5,IMG_20241103_121322,Blast,hamming_dist_3,False
PERCEPTUAL_NEAR_DUP,BD5,IMG_20241103_120818,Blast,BD5,IMG_20241103_121742,Blast,hamming_dist_4,False
PERCEPTUAL_NEAR_DUP,BD5,IMG_20241103_120819,Blast,BD5,IMG_20241103_120835,Blast,hamming_dist_2,False
PERCEPTUAL_NEAR_DUP,BD5,IMG_20241103_120819,Blast,BD5,IMG_20241103_120836,Blast,hamming_dist_3,False
PERCEPTUAL_NEAR_DUP,BD5,IMG_20241103_120819,Blast,BD5,IMG_20241103_120913,Blast,hamming_dist_4,False
PERCEPTUAL_NEAR_DUP,BD5,IMG_20241103_120819,Blast,BD5,IMG_20241103_121303,Blast,hamming_dist_4,False
PERCEPTUAL_NEAR_DUP,BD5,IMG_20241103_120819,Blast,BD5,IMG_20241103_121304_1,Blast,hamming_dist_4,False
PERCEPTUAL_NEAR_DUP,BD5,IMG_20241103_120819,Blast,BD5,IMG_20241103_121742,Blast,hamming_dist_4,False
PERCEPTUAL_NEAR_DUP,BD5,IMG_20241103_120829,Blast,BD5,IMG_20241103_120838,Blast,hamming_dist_1,False
PERCEPTUAL_NEAR_DUP,BD5,IMG_20241103_120829,Blast,BD5,IMG_20241103_120843,Blast,hamming_dist_3,False
PERCEPTUAL_NEAR_DUP,BD5,IMG_20241103_120829,Blast,BD5,IMG_20241103_120851,Blast,hamming_dist_4,False
PERCEPTUAL_NEAR_DUP,BD5,IMG_20241103_120829,Blast,BD5,IMG_20241103_121303,Blast,hamming_dist_3,False
PERCEPTUAL_NEAR_DUP,BD5,IMG_20241103_120829,Blast,BD5,IMG_20241103_121304_1,Blast,hamming_dist_3,False
PERCEPTUAL_NEAR_DUP,BD5,IMG_20241103_120835,Blast,BD5,IMG_20241103_120836,Blast,hamming_dist_1,False
PERCEPTUAL_NEAR_DUP,BD5,IMG_20241103_120835,Blast,BD5,IMG_20241103_120843,Blast,hamming_dist_4,False
PERCEPTUAL_NEAR_DUP,BD5,IMG_20241103_120835,Blast,BD5,IMG_20241103_121303,Blast,hamming_dist_4,False
PERCEPTUAL_NEAR_DUP,BD5,IMG_20241103_120835,Blast,BD5,IMG_20241103_121304_1,Blast,hamming_dist_4,False
PERCEPTUAL_NEAR_DUP,BD5,IMG_20241103_120835,Blast,BD5,IMG_20241103_121742,Blast,hamming_dist_4,False
PERCEPTUAL_NEAR_DUP,BD5,IMG_20241103_120836,Blast,BD5,IMG_20241103_121320,Blast,hamming_dist_4,False
PERCEPTUAL_NEAR_DUP,BD5,IMG_20241103_120836,Blast,BD5,IMG_20241103_121322,Blast,hamming_dist_4,False
PERCEPTUAL_NEAR_DUP,BD5,IMG_20241103_120836,Blast,BD5,IMG_20241103_121742,Blast,hamming_dist_3,False
PERCEPTUAL_NEAR_DUP,BD5,IMG_20241103_120836,Blast,BD5,IMG_20241103_121743_1,Blast,hamming_dist_4,False
PERCEPTUAL_NEAR_DUP,BD5,IMG_20241103_120836,Blast,BD5,IMG_20241103_121744_1,Blast,hamming_dist_4,False
PERCEPTUAL_NEAR_DUP,BD5,IMG_20241103_120838,Blast,BD5,IMG_20241103_120843,Blast,hamming_dist_2,False
PERCEPTUAL_NEAR_DUP,BD5,IMG_20241103_120838,Blast,BD5,IMG_20241103_120851,Blast,hamming_dist_3,False
PERCEPTUAL_NEAR_DUP,BD5,IMG_20241103_120838,Blast,BD5,IMG_20241103_121227,Blast,hamming_dist_4,False
PERCEPTUAL_NEAR_DUP,BD5,IMG_20241103_120838,Blast,BD5,IMG_20241103_121303,Blast,hamming_dist_4,False
PERCEPTUAL_NEAR_DUP,BD5,IMG_20241103_120838,Blast,BD5,IMG_20241103_121304_1,Blast,hamming_dist_4,False
PERCEPTUAL_NEAR_DUP,BD5,IMG_20241103_120843,Blast,BD5,IMG_20241103_120851,Blast,hamming_dist_3,False
PERCEPTUAL_NEAR_DUP,BD5,IMG_20241103_120843,Blast,BD5,IMG_20241103_121227,Blast,hamming_dist_4,False
PERCEPTUAL_NEAR_DUP,BD5,IMG_20241103_120843,Blast,BD5,IMG_20241103_121303,Blast,hamming_dist_4,False
PERCEPTUAL_NEAR_DUP,BD5,IMG_20241103_120843,Blast,BD5,IMG_20241103_121304_1,Blast,hamming_dist_4,False
PERCEPTUAL_NEAR_DUP,BD5,IMG_20241103_120851,Blast,BD5,IMG_20241103_121303,Blast,hamming_dist_1,False
PERCEPTUAL_NEAR_DUP,BD5,IMG_20241103_120851,Blast,BD5,IMG_20241103_121304_1,Blast,hamming_dist_1,False
PERCEPTUAL_NEAR_DUP,BD5,IMG_20241103_120851,Blast,BD5,IMG_20241103_121354,Blast,hamming_dist_3,False
PERCEPTUAL_NEAR_DUP,BD5,IMG_20241103_120851,Blast,BD5,IMG_20241103_121354_1,Blast,hamming_dist_3,False
PERCEPTUAL_NEAR_DUP,BD5,IMG_20241103_120851,Blast,BD5,IMG_20241103_121355,Blast,hamming_dist_3,False
PERCEPTUAL_NEAR_DUP,BD5,IMG_20241103_120851,Blast,BD5,IMG_20241103_121356,Blast,hamming_dist_3,False
PERCEPTUAL_NEAR_DUP,BD5,IMG_20241103_120851,Blast,BD5,IMG_20241103_121358,Blast,hamming_dist_3,False
PERCEPTUAL_NEAR_DUP,BD5,IMG_20241103_120851,Blast,BD5,IMG_20241103_121955,Blast,hamming_dist_4,False
PERCEPTUAL_NEAR_DUP,BD5,IMG_20241103_120912,Blast,BD5,IMG_20241103_120913,Blast,hamming_dist_2,False
PERCEPTUAL_NEAR_DUP,BD5,IMG_20241103_120913,Blast,BD5,IMG_20241103_121303,Blast,hamming_dist_4,False
PERCEPTUAL_NEAR_DUP,BD5,IMG_20241103_120913,Blast,BD5,IMG_20241103_121304_1,Blast,hamming_dist_4,False
PERCEPTUAL_NEAR_DUP,BD5,IMG_20241103_120921,Blast,BD5,IMG_20241103_121303,Blast,hamming_dist_4,False
PERCEPTUAL_NEAR_DUP,BD5,IMG_20241103_120921,Blast,BD5,IMG_20241103_121304_1,Blast,hamming_dist_4,False
PERCEPTUAL_NEAR_DUP,BD5,IMG_20241103_120921,Blast,BD5,IMG_20241103_121354,Blast,hamming_dist_2,False
PERCEPTUAL_NEAR_DUP,BD5,IMG_20241103_120921,Blast,BD5,IMG_20241103_121354_1,Blast,hamming_dist_2,False
PERCEPTUAL_NEAR_DUP,BD5,IMG_20241103_120921,Blast,BD5,IMG_20241103_121355,Blast,hamming_dist_2,False
PERCEPTUAL_NEAR_DUP,BD5,IMG_20241103_120921,Blast,BD5,IMG_20241103_121356,Blast,hamming_dist_2,False
PERCEPTUAL_NEAR_DUP,BD5,IMG_20241103_120921,Blast,BD5,IMG_20241103_121358,Blast,hamming_dist_2,False
PERCEPTUAL_NEAR_DUP,BD5,IMG_20241103_120934,Blast,BD5,IMG_20241103_120935,Blast,hamming_dist_3,False
PERCEPTUAL_NEAR_DUP,BD5,IMG_20241103_120934_1,Blast,BD5,IMG_20241103_120935_1,Blast,hamming_dist_0,False
PERCEPTUAL_NEAR_DUP,BD5,IMG_20241103_120935,Blast,BD5,IMG_20241103_120936,Blast,hamming_dist_4,False
PERCEPTUAL_NEAR_DUP,BD5,IMG_20241103_120942,Blast,BD5,IMG_20241103_120943,Blast,hamming_dist_2,False
PERCEPTUAL_NEAR_DUP,BD5,IMG_20241103_121014,Blast,BD5,IMG_20241103_121015,Blast,hamming_dist_4,False
PERCEPTUAL_NEAR_DUP,BD5,IMG_20241103_121038,Blast,BD5,IMG_20241103_121039,Blast,hamming_dist_2,False
PERCEPTUAL_NEAR_DUP,BD5,IMG_20241103_121039,Blast,BD5,IMG_20241103_121045,Blast,hamming_dist_4,False
PERCEPTUAL_NEAR_DUP,BD5,IMG_20241103_121056,Blast,BD5,IMG_20241103_121057,Blast,hamming_dist_2,False
PERCEPTUAL_NEAR_DUP,BD5,IMG_20241103_121056,Blast,BD5,IMG_20241103_121058,Blast,hamming_dist_2,False
PERCEPTUAL_NEAR_DUP,BD5,IMG_20241103_121057,Blast,BD5,IMG_20241103_121058,Blast,hamming_dist_2,False
PERCEPTUAL_NEAR_DUP,BD5,IMG_20241103_121121,Blast,BD5,IMG_20241103_121123,Blast,hamming_dist_3,False
PERCEPTUAL_NEAR_DUP,BD5,IMG_20241103_121125,Blast,BD5,IMG_20241103_121126,Blast,hamming_dist_1,False
PERCEPTUAL_NEAR_DUP,BD5,IMG_20241103_121125,Blast,BD5,IMG_20241103_121127,Blast,hamming_dist_2,False
PERCEPTUAL_NEAR_DUP,BD5,IMG_20241103_121126,Blast,BD5,IMG_20241103_121127,Blast,hamming_dist_1,False
PERCEPTUAL_NEAR_DUP,BD5,IMG_20241103_121126,Blast,BD5,IMG_20241103_121127_1,Blast,hamming_dist_4,False
PERCEPTUAL_NEAR_DUP,BD5,IMG_20241103_121127_1,Blast,BD5,IMG_20241103_121128,Blast,hamming_dist_3,False
PERCEPTUAL_NEAR_DUP,BD5,IMG_20241103_121127_1,Blast,BD5,IMG_20241103_121129,Blast,hamming_dist_4,False
PERCEPTUAL_NEAR_DUP,BD5,IMG_20241103_121128,Blast,BD5,IMG_20241103_121129,Blast,hamming_dist_1,False
PERCEPTUAL_NEAR_DUP,BD5,IMG_20241103_121152,Blast,BD5,IMG_20241103_121153,Blast,hamming_dist_3,False
PERCEPTUAL_NEAR_DUP,BD5,IMG_20241103_121152_1,Blast,BD5,IMG_20241103_121153_1,Blast,hamming_dist_2,False
PERCEPTUAL_NEAR_DUP,BD5,IMG_20241103_121153,Blast,BD5,IMG_20241103_121154,Blast,hamming_dist_4,False
PERCEPTUAL_NEAR_DUP,BD5,IMG_20241103_121207,Blast,BD5,IMG_20241103_121208,Blast,hamming_dist_3,False
PERCEPTUAL_NEAR_DUP,BD5,IMG_20241103_121210,Blast,BD5,IMG_20241103_121211,Blast,hamming_dist_1,False
PERCEPTUAL_NEAR_DUP,BD5,IMG_20241103_121217,Blast,BD5,IMG_20241103_121218_1,Blast,hamming_dist_3,False
PERCEPTUAL_NEAR_DUP,BD5,IMG_20241103_121217,Blast,BD5,IMG_20241103_121219_1,Blast,hamming_dist_4,False
PERCEPTUAL_NEAR_DUP,BD5,IMG_20241103_121218_1,Blast,BD5,IMG_20241103_121218_1_1,Blast,hamming_dist_2,False
PERCEPTUAL_NEAR_DUP,BD5,IMG_20241103_121218_1,Blast,BD5,IMG_20241103_121219_1,Blast,hamming_dist_1,False
PERCEPTUAL_NEAR_DUP,BD5,IMG_20241103_121218_1_1,Blast,BD5,IMG_20241103_121219_1,Blast,hamming_dist_1,False
PERCEPTUAL_NEAR_DUP,BD5,IMG_20241103_121227,Blast,BD5,IMG_20241103_121227_1,Blast,hamming_dist_2,False
PERCEPTUAL_NEAR_DUP,BD5,IMG_20241103_121253,Blast,BD5,IMG_20241103_121255,Blast,hamming_dist_4,False
PERCEPTUAL_NEAR_DUP,BD5,IMG_20241103_121255_1,Blast,BD5,IMG_20241103_121256,Blast,hamming_dist_0,False
PERCEPTUAL_NEAR_DUP,BD5,IMG_20241103_121255_1,Blast,BD5,IMG_20241103_121257,Blast,hamming_dist_2,False
PERCEPTUAL_NEAR_DUP,BD5,IMG_20241103_121255_1,Blast,BD5,IMG_20241103_121257_1,Blast,hamming_dist_4,False
PERCEPTUAL_NEAR_DUP,BD5,IMG_20241103_121255_1,Blast,BD5,IMG_20241103_121303,Blast,hamming_dist_4,False
PERCEPTUAL_NEAR_DUP,BD5,IMG_20241103_121255_1,Blast,BD5,IMG_20241103_121304_1,Blast,hamming_dist_4,False
PERCEPTUAL_NEAR_DUP,BD5,IMG_20241103_121255_1,Blast,BD5,IMG_20241103_121354,Blast,hamming_dist_4,False
PERCEPTUAL_NEAR_DUP,BD5,IMG_20241103_121255_1,Blast,BD5,IMG_20241103_121354_1,Blast,hamming_dist_4,False
PERCEPTUAL_NEAR_DUP,BD5,IMG_20241103_121255_1,Blast,BD5,IMG_20241103_121355,Blast,hamming_dist_4,False
PERCEPTUAL_NEAR_DUP,BD5,IMG_20241103_121255_1,Blast,BD5,IMG_20241103_121356,Blast,hamming_dist_4,False
PERCEPTUAL_NEAR_DUP,BD5,IMG_20241103_121255_1,Blast,BD5,IMG_20241103_121358,Blast,hamming_dist_4,False
PERCEPTUAL_NEAR_DUP,BD5,IMG_20241103_121255_1,Blast,BD5,IMG_20241103_122838,Blast,hamming_dist_2,False
PERCEPTUAL_NEAR_DUP,BD5,IMG_20241103_121255_1,Blast,BD5,IMG_20241103_122839,Blast,hamming_dist_4,False
PERCEPTUAL_NEAR_DUP,BD5,IMG_20241103_121256,Blast,BD5,IMG_20241103_121257,Blast,hamming_dist_2,False
PERCEPTUAL_NEAR_DUP,BD5,IMG_20241103_121256,Blast,BD5,IMG_20241103_121257_1,Blast,hamming_dist_4,False
PERCEPTUAL_NEAR_DUP,BD5,IMG_20241103_121256,Blast,BD5,IMG_20241103_121303,Blast,hamming_dist_4,False
PERCEPTUAL_NEAR_DUP,BD5,IMG_20241103_121256,Blast,BD5,IMG_20241103_121304_1,Blast,hamming_dist_4,False
PERCEPTUAL_NEAR_DUP,BD5,IMG_20241103_121256,Blast,BD5,IMG_20241103_121354,Blast,hamming_dist_4,False
PERCEPTUAL_NEAR_DUP,BD5,IMG_20241103_121256,Blast,BD5,IMG_20241103_121354_1,Blast,hamming_dist_4,False
PERCEPTUAL_NEAR_DUP,BD5,IMG_20241103_121256,Blast,BD5,IMG_20241103_121355,Blast,hamming_dist_4,False
PERCEPTUAL_NEAR_DUP,BD5,IMG_20241103_121256,Blast,BD5,IMG_20241103_121356,Blast,hamming_dist_4,False
PERCEPTUAL_NEAR_DUP,BD5,IMG_20241103_121256,Blast,BD5,IMG_20241103_121358,Blast,hamming_dist_4,False
PERCEPTUAL_NEAR_DUP,BD5,IMG_20241103_121256,Blast,BD5,IMG_20241103_122838,Blast,hamming_dist_2,False
PERCEPTUAL_NEAR_DUP,BD5,IMG_20241103_121256,Blast,BD5,IMG_20241103_122839,Blast,hamming_dist_4,False
PERCEPTUAL_NEAR_DUP,BD5,IMG_20241103_121257,Blast,BD5,IMG_20241103_121257_1,Blast,hamming_dist_2,False
PERCEPTUAL_NEAR_DUP,BD5,IMG_20241103_121257,Blast,BD5,IMG_20241103_121258,Blast,hamming_dist_4,False
PERCEPTUAL_NEAR_DUP,BD5,IMG_20241103_121257,Blast,BD5,IMG_20241103_122838,Blast,hamming_dist_4,False
PERCEPTUAL_NEAR_DUP,BD5,IMG_20241103_121257_1,Blast,BD5,IMG_20241103_121258,Blast,hamming_dist_2,False
PERCEPTUAL_NEAR_DUP,BD5,IMG_20241103_121303,Blast,BD5,IMG_20241103_121304_1,Blast,hamming_dist_0,False
PERCEPTUAL_NEAR_DUP,BD5,IMG_20241103_121303,Blast,BD5,IMG_20241103_121354,Blast,hamming_dist_2,False
PERCEPTUAL_NEAR_DUP,BD5,IMG_20241103_121303,Blast,BD5,IMG_20241103_121354_1,Blast,hamming_dist_2,False
PERCEPTUAL_NEAR_DUP,BD5,IMG_20241103_121303,Blast,BD5,IMG_20241103_121355,Blast,hamming_dist_2,False
PERCEPTUAL_NEAR_DUP,BD5,IMG_20241103_121303,Blast,BD5,IMG_20241103_121356,Blast,hamming_dist_2,False
PERCEPTUAL_NEAR_DUP,BD5,IMG_20241103_121303,Blast,BD5,IMG_20241103_121358,Blast,hamming_dist_2,False
PERCEPTUAL_NEAR_DUP,BD5,IMG_20241103_121303,Blast,BD5,IMG_20241103_121742,Blast,hamming_dist_4,False
PERCEPTUAL_NEAR_DUP,BD5,IMG_20241103_121303,Blast,BD5,IMG_20241103_121904,Blast,hamming_dist_4,False
PERCEPTUAL_NEAR_DUP,BD5,IMG_20241103_121303,Blast,BD5,IMG_20241103_121954,Blast,hamming_dist_4,False
PERCEPTUAL_NEAR_DUP,BD5,IMG_20241103_121303,Blast,BD5,IMG_20241103_121955,Blast,hamming_dist_3,False
PERCEPTUAL_NEAR_DUP,BD5,IMG_20241103_121303,Blast,BD5,IMG_20241103_122838,Blast,hamming_dist_4,False
PERCEPTUAL_NEAR_DUP,BD5,IMG_20241103_121303,Blast,BD5,IMG_20241103_122839,Blast,hamming_dist_4,False
PERCEPTUAL_NEAR_DUP,BD5,IMG_20241103_121304_1,Blast,BD5,IMG_20241103_121354,Blast,hamming_dist_2,False
PERCEPTUAL_NEAR_DUP,BD5,IMG_20241103_121304_1,Blast,BD5,IMG_20241103_121354_1,Blast,hamming_dist_2,False
PERCEPTUAL_NEAR_DUP,BD5,IMG_20241103_121304_1,Blast,BD5,IMG_20241103_121355,Blast,hamming_dist_2,False
PERCEPTUAL_NEAR_DUP,BD5,IMG_20241103_121304_1,Blast,BD5,IMG_20241103_121356,Blast,hamming_dist_2,False
PERCEPTUAL_NEAR_DUP,BD5,IMG_20241103_121304_1,Blast,BD5,IMG_20241103_121358,Blast,hamming_dist_2,False
PERCEPTUAL_NEAR_DUP,BD5,IMG_20241103_121304_1,Blast,BD5,IMG_20241103_121742,Blast,hamming_dist_4,False
PERCEPTUAL_NEAR_DUP,BD5,IMG_20241103_121304_1,Blast,BD5,IMG_20241103_121904,Blast,hamming_dist_4,False
PERCEPTUAL_NEAR_DUP,BD5,IMG_20241103_121304_1,Blast,BD5,IMG_20241103_121954,Blast,hamming_dist_4,False
PERCEPTUAL_NEAR_DUP,BD5,IMG_20241103_121304_1,Blast,BD5,IMG_20241103_121955,Blast,hamming_dist_3,False
PERCEPTUAL_NEAR_DUP,BD5,IMG_20241103_121304_1,Blast,BD5,IMG_20241103_122838,Blast,hamming_dist_4,False
PERCEPTUAL_NEAR_DUP,BD5,IMG_20241103_121304_1,Blast,BD5,IMG_20241103_122839,Blast,hamming_dist_4,False
PERCEPTUAL_NEAR_DUP,BD5,IMG_20241103_121320,Blast,BD5,IMG_20241103_121322,Blast,hamming_dist_0,False
PERCEPTUAL_NEAR_DUP,BD5,IMG_20241103_121320,Blast,BD5,IMG_20241103_121732,Blast,hamming_dist_4,False
PERCEPTUAL_NEAR_DUP,BD5,IMG_20241103_121322,Blast,BD5,IMG_20241103_121732,Blast,hamming_dist_4,False
PERCEPTUAL_NEAR_DUP,BD5,IMG_20241103_121324,Blast,BD5,IMG_20241103_121326,Blast,hamming_dist_4,False
PERCEPTUAL_NEAR_DUP,BD5,IMG_20241103_121333,Blast,BD5,IMG_20241103_121334,Blast,hamming_dist_3,False
PERCEPTUAL_NEAR_DUP,BD5,IMG_20241103_121341,Blast,BD5,IMG_20241103_121342,Blast,hamming_dist_1,False
PERCEPTUAL_NEAR_DUP,BD5,IMG_20241103_121343,Blast,BD5,IMG_20241103_121344,Blast,hamming_dist_4,False
PERCEPTUAL_NEAR_DUP,BD5,IMG_20241103_121344,Blast,BD5,IMG_20241103_121345,Blast,hamming_dist_3,False
PERCEPTUAL_NEAR_DUP,BD5,IMG_20241103_121344,Blast,BD5,IMG_20241103_121346,Blast,hamming_dist_4,False
PERCEPTUAL_NEAR_DUP,BD5,IMG_20241103_121345,Blast,BD5,IMG_20241103_121346,Blast,hamming_dist_3,False
PERCEPTUAL_NEAR_DUP,BD5,IMG_20241103_121354,Blast,BD5,IMG_20241103_121354_1,Blast,hamming_dist_0,False
PERCEPTUAL_NEAR_DUP,BD5,IMG_20241103_121354,Blast,BD5,IMG_20241103_121355,Blast,hamming_dist_0,False
PERCEPTUAL_NEAR_DUP,BD5,IMG_20241103_121354,Blast,BD5,IMG_20241103_121356,Blast,hamming_dist_0,False
PERCEPTUAL_NEAR_DUP,BD5,IMG_20241103_121354,Blast,BD5,IMG_20241103_121358,Blast,hamming_dist_0,False
PERCEPTUAL_NEAR_DUP,BD5,IMG_20241103_121354,Blast,BD5,IMG_20241103_121534_1,Blast,hamming_dist_4,False
PERCEPTUAL_NEAR_DUP,BD5,IMG_20241103_121354,Blast,BD5,IMG_20241103_121535,Blast,hamming_dist_3,False
PERCEPTUAL_NEAR_DUP,BD5,IMG_20241103_121354,Blast,BD5,IMG_20241103_122838,Blast,hamming_dist_4,False
PERCEPTUAL_NEAR_DUP,BD5,IMG_20241103_121354_1,Blast,BD5,IMG_20241103_121355,Blast,hamming_dist_0,False
PERCEPTUAL_NEAR_DUP,BD5,IMG_20241103_121354_1,Blast,BD5,IMG_20241103_121356,Blast,hamming_dist_0,False
PERCEPTUAL_NEAR_DUP,BD5,IMG_20241103_121354_1,Blast,BD5,IMG_20241103_121358,Blast,hamming_dist_0,False
PERCEPTUAL_NEAR_DUP,BD5,IMG_20241103_121354_1,Blast,BD5,IMG_20241103_121534_1,Blast,hamming_dist_4,False
PERCEPTUAL_NEAR_DUP,BD5,IMG_20241103_121354_1,Blast,BD5,IMG_20241103_121535,Blast,hamming_dist_3,False
PERCEPTUAL_NEAR_DUP,BD5,IMG_20241103_121354_1,Blast,BD5,IMG_20241103_122838,Blast,hamming_dist_4,False
PERCEPTUAL_NEAR_DUP,BD5,IMG_20241103_121355,Blast,BD5,IMG_20241103_121356,Blast,hamming_dist_0,False
PERCEPTUAL_NEAR_DUP,BD5,IMG_20241103_121355,Blast,BD5,IMG_20241103_121358,Blast,hamming_dist_0,False
PERCEPTUAL_NEAR_DUP,BD5,IMG_20241103_121355,Blast,BD5,IMG_20241103_121534_1,Blast,hamming_dist_4,False
PERCEPTUAL_NEAR_DUP,BD5,IMG_20241103_121355,Blast,BD5,IMG_20241103_121535,Blast,hamming_dist_3,False
PERCEPTUAL_NEAR_DUP,BD5,IMG_20241103_121355,Blast,BD5,IMG_20241103_122838,Blast,hamming_dist_4,False
PERCEPTUAL_NEAR_DUP,BD5,IMG_20241103_121356,Blast,BD5,IMG_20241103_121358,Blast,hamming_dist_0,False
PERCEPTUAL_NEAR_DUP,BD5,IMG_20241103_121356,Blast,BD5,IMG_20241103_121534_1,Blast,hamming_dist_4,False
PERCEPTUAL_NEAR_DUP,BD5,IMG_20241103_121356,Blast,BD5,IMG_20241103_121535,Blast,hamming_dist_3,False
PERCEPTUAL_NEAR_DUP,BD5,IMG_20241103_121356,Blast,BD5,IMG_20241103_122838,Blast,hamming_dist_4,False
PERCEPTUAL_NEAR_DUP,BD5,IMG_20241103_121358,Blast,BD5,IMG_20241103_121534_1,Blast,hamming_dist_4,False
PERCEPTUAL_NEAR_DUP,BD5,IMG_20241103_121358,Blast,BD5,IMG_20241103_121535,Blast,hamming_dist_3,False
PERCEPTUAL_NEAR_DUP,BD5,IMG_20241103_121358,Blast,BD5,IMG_20241103_122838,Blast,hamming_dist_4,False
PERCEPTUAL_NEAR_DUP,BD5,IMG_20241103_121416,Blast,BD5,IMG_20241103_121417,Blast,hamming_dist_4,False
PERCEPTUAL_NEAR_DUP,BD5,IMG_20241103_121425,Blast,BD5,IMG_20241103_121426,Blast,hamming_dist_3,False
PERCEPTUAL_NEAR_DUP,BD5,IMG_20241103_121445,Blast,BD5,IMG_20241103_121445_1,Blast,hamming_dist_0,False
PERCEPTUAL_NEAR_DUP,BD5,IMG_20241103_121445,Blast,BD5,IMG_20241103_121446,Blast,hamming_dist_0,False
PERCEPTUAL_NEAR_DUP,BD5,IMG_20241103_121445,Blast,BD5,IMG_20241103_121447,Blast,hamming_dist_2,False
PERCEPTUAL_NEAR_DUP,BD5,IMG_20241103_121445_1,Blast,BD5,IMG_20241103_121446,Blast,hamming_dist_0,False
PERCEPTUAL_NEAR_DUP,BD5,IMG_20241103_121445_1,Blast,BD5,IMG_20241103_121447,Blast,hamming_dist_2,False
PERCEPTUAL_NEAR_DUP,BD5,IMG_20241103_121446,Blast,BD5,IMG_20241103_121447,Blast,hamming_dist_2,False
PERCEPTUAL_NEAR_DUP,BD5,IMG_20241103_121532,Blast,BD5,IMG_20241103_121534,Blast,hamming_dist_0,False
PERCEPTUAL_NEAR_DUP,BD5,IMG_20241103_121534_1,Blast,BD5,IMG_20241103_121535,Blast,hamming_dist_3,False
PERCEPTUAL_NEAR_DUP,BD5,IMG_20241103_121534_1,Blast,BD5,IMG_20241103_122838,Blast,hamming_dist_4,False
PERCEPTUAL_NEAR_DUP,BD5,IMG_20241103_121545,Blast,BD5,IMG_20241103_121546,Blast,hamming_dist_1,False
PERCEPTUAL_NEAR_DUP,BD5,IMG_20241103_121545,Blast,BD5,IMG_20241103_121546_1,Blast,hamming_dist_3,False
PERCEPTUAL_NEAR_DUP,BD5,IMG_20241103_121545,Blast,BD5,IMG_20241103_121548,Blast,hamming_dist_3,False
PERCEPTUAL_NEAR_DUP,BD5,IMG_20241103_121546,Blast,BD5,IMG_20241103_121546_1,Blast,hamming_dist_2,False
PERCEPTUAL_NEAR_DUP,BD5,IMG_20241103_121546,Blast,BD5,IMG_20241103_121547,Blast,hamming_dist_4,False
PERCEPTUAL_NEAR_DUP,BD5,IMG_20241103_121546,Blast,BD5,IMG_20241103_121548,Blast,hamming_dist_2,False
PERCEPTUAL_NEAR_DUP,BD5,IMG_20241103_121546,Blast,BD5,IMG_20241103_121549,Blast,hamming_dist_4,False
PERCEPTUAL_NEAR_DUP,BD5,IMG_20241103_121546_1,Blast,BD5,IMG_20241103_121548,Blast,hamming_dist_4,False
PERCEPTUAL_NEAR_DUP,BD5,IMG_20241103_121547,Blast,BD5,IMG_20241103_121548,Blast,hamming_dist_2,False
PERCEPTUAL_NEAR_DUP,BD5,IMG_20241103_121547,Blast,BD5,IMG_20241103_121549,Blast,hamming_dist_2,False
PERCEPTUAL_NEAR_DUP,BD5,IMG_20241103_121548,Blast,BD5,IMG_20241103_121549,Blast,hamming_dist_2,False
PERCEPTUAL_NEAR_DUP,BD5,IMG_20241103_121635_1,Blast,BD5,IMG_20241103_121635_2,Blast,hamming_dist_3,False
PERCEPTUAL_NEAR_DUP,BD5,IMG_20241103_121635_1,Blast,BD5,IMG_20241103_121636,Blast,hamming_dist_3,False
PERCEPTUAL_NEAR_DUP,BD5,IMG_20241103_121635_2,Blast,BD5,IMG_20241103_121636,Blast,hamming_dist_4,False
PERCEPTUAL_NEAR_DUP,BD5,IMG_20241103_121643,Blast,BD5,IMG_20241103_121644,Blast,hamming_dist_4,False
PERCEPTUAL_NEAR_DUP,BD5,IMG_20241103_121645_1,Blast,BD5,IMG_20241103_121646,Blast,hamming_dist_2,False
PERCEPTUAL_NEAR_DUP,BD5,IMG_20241103_121649,Blast,BD5,IMG_20241103_121651,Blast,hamming_dist_4,False
PERCEPTUAL_NEAR_DUP,BD5,IMG_20241103_121656,Blast,BD5,IMG_20241103_121657,Blast,hamming_dist_3,False
PERCEPTUAL_NEAR_DUP,BD5,IMG_20241103_121656,Blast,BD5,IMG_20241103_121700,Blast,hamming_dist_4,False
PERCEPTUAL_NEAR_DUP,BD5,IMG_20241103_121657,Blast,BD5,IMG_20241103_121700,Blast,hamming_dist_3,False
PERCEPTUAL_NEAR_DUP,BD5,IMG_20241103_121704,Blast,BD5,IMG_20241103_121705,Blast,hamming_dist_0,False
PERCEPTUAL_NEAR_DUP,BD5,IMG_20241103_121711,Blast,BD5,IMG_20241103_121713,Blast,hamming_dist_0,False
PERCEPTUAL_NEAR_DUP,BD5,IMG_20241103_121713_1,Blast,BD5,IMG_20241103_121714,Blast,hamming_dist_0,False
PERCEPTUAL_NEAR_DUP,BD5,IMG_20241103_121713_1,Blast,BD5,IMG_20241103_121715,Blast,hamming_dist_3,False
PERCEPTUAL_NEAR_DUP,BD5,IMG_20241103_121714,Blast,BD5,IMG_20241103_121715,Blast,hamming_dist_3,False
PERCEPTUAL_NEAR_DUP,BD5,IMG_20241103_121732,Blast,BD5,IMG_20241103_121733,Blast,hamming_dist_1,False
PERCEPTUAL_NEAR_DUP,BD5,IMG_20241103_121732,Blast,BD5,IMG_20241103_121735_1,Blast,hamming_dist_3,False
PERCEPTUAL_NEAR_DUP,BD5,IMG_20241103_121733,Blast,BD5,IMG_20241103_121735_1,Blast,hamming_dist_2,False
PERCEPTUAL_NEAR_DUP,BD5,IMG_20241103_121734,Blast,BD5,IMG_20241103_121735,Blast,hamming_dist_3,False
PERCEPTUAL_NEAR_DUP,BD5,IMG_20241103_121742,Blast,BD5,IMG_20241103_121743_1,Blast,hamming_dist_1,False
PERCEPTUAL_NEAR_DUP,BD5,IMG_20241103_121742,Blast,BD5,IMG_20241103_121744_1,Blast,hamming_dist_1,False
PERCEPTUAL_NEAR_DUP,BD5,IMG_20241103_121742,Blast,BD5,IMG_20241103_121904,Blast,hamming_dist_4,False
PERCEPTUAL_NEAR_DUP,BD5,IMG_20241103_121743_1,Blast,BD5,IMG_20241103_121744_1,Blast,hamming_dist_0,False
PERCEPTUAL_NEAR_DUP,BD5,IMG_20241103_121803,Blast,BD5,IMG_20241103_121805,Blast,hamming_dist_3,False
PERCEPTUAL_NEAR_DUP,BD5,IMG_20241103_121811,Blast,BD5,IMG_20241103_121812_1,Blast,hamming_dist_3,False
PERCEPTUAL_NEAR_DUP,BD5,IMG_20241103_121811,Blast,BD5,IMG_20241103_121813,Blast,hamming_dist_4,False
PERCEPTUAL_NEAR_DUP,BD5,IMG_20241103_121812_1,Blast,BD5,IMG_20241103_121813,Blast,hamming_dist_1,False
PERCEPTUAL_NEAR_DUP,BD5,IMG_20241103_121812_1,Blast,BD5,IMG_20241103_121814,Blast,hamming_dist_2,False
PERCEPTUAL_NEAR_DUP,BD5,IMG_20241103_121813,Blast,BD5,IMG_20241103_121814,Blast,hamming_dist_1,False
PERCEPTUAL_NEAR_DUP,BD5,IMG_20241103_121818,Blast,BD5,IMG_20241103_121819,Blast,hamming_dist_1,False
PERCEPTUAL_NEAR_DUP,BD5,IMG_20241103_121821,Blast,BD5,IMG_20241103_121821_1,Blast,hamming_dist_0,False
PERCEPTUAL_NEAR_DUP,BD5,IMG_20241103_121842,Blast,BD5,IMG_20241103_121843,Blast,hamming_dist_1,False
PERCEPTUAL_NEAR_DUP,BD5,IMG_20241103_121919_1,Blast,BD5,IMG_20241103_121923,Blast,hamming_dist_2,False
PERCEPTUAL_NEAR_DUP,BD5,IMG_20241103_121926,Blast,BD5,IMG_20241103_121927,Blast,hamming_dist_0,False
PERCEPTUAL_NEAR_DUP,BD5,IMG_20241103_121936,Blast,BD5,IMG_20241103_121937,Blast,hamming_dist_3,False
PERCEPTUAL_NEAR_DUP,BD5,IMG_20241103_121954,Blast,BD5,IMG_20241103_121955,Blast,hamming_dist_3,False
PERCEPTUAL_NEAR_DUP,BD5,IMG_20241103_121954,Blast,BD5,IMG_20241103_123007,Blast,hamming_dist_4,False
PERCEPTUAL_NEAR_DUP,BD5,IMG_20241103_122101,Blast,BD5,IMG_20241103_122102,Blast,hamming_dist_2,False
PERCEPTUAL_NEAR_DUP,BD5,IMG_20241103_122116,Blast,BD5,IMG_20241103_122117,Blast,hamming_dist_3,False
PERCEPTUAL_NEAR_DUP,BD5,IMG_20241103_122122,Blast,BD5,IMG_20241103_122123,Blast,hamming_dist_2,False
PERCEPTUAL_NEAR_DUP,BD5,IMG_20241103_122127,Blast,BD5,IMG_20241103_122128,Blast,hamming_dist_1,False
PERCEPTUAL_NEAR_DUP,BD5,IMG_20241103_122150,Blast,BD5,IMG_20241103_122151,Blast,hamming_dist_1,False
PERCEPTUAL_NEAR_DUP,BD5,IMG_20241103_122156,Blast,BD5,IMG_20241103_122157,Blast,hamming_dist_1,False
PERCEPTUAL_NEAR_DUP,BD5,IMG_20241103_122213,Blast,BD5,IMG_20241103_122214,Blast,hamming_dist_4,False
PERCEPTUAL_NEAR_DUP,BD5,IMG_20241103_122230,Blast,BD5,IMG_20241103_122231,Blast,hamming_dist_2,False
PERCEPTUAL_NEAR_DUP,BD5,IMG_20241103_122236,Blast,BD5,IMG_20241103_122237,Blast,hamming_dist_2,False
PERCEPTUAL_NEAR_DUP,BD5,IMG_20241103_122340,Blast,BD5,IMG_20241103_122347,Blast,hamming_dist_2,False
PERCEPTUAL_NEAR_DUP,BD5,IMG_20241103_122447,Blast,BD5,IMG_20241103_122448,Blast,hamming_dist_4,False
PERCEPTUAL_NEAR_DUP,BD5,IMG_20241103_122454,Blast,BD5,IMG_20241103_122454_1,Blast,hamming_dist_3,False
PERCEPTUAL_NEAR_DUP,BD5,IMG_20241103_122518,Blast,BD5,IMG_20241103_122519,Blast,hamming_dist_2,False
PERCEPTUAL_NEAR_DUP,BD5,IMG_20241103_122526,Blast,BD5,IMG_20241103_122527,Blast,hamming_dist_2,False
PERCEPTUAL_NEAR_DUP,BD5,IMG_20241103_122744,Blast,BD5,IMG_20241103_122745,Blast,hamming_dist_4,False
PERCEPTUAL_NEAR_DUP,BD5,IMG_20241103_122744,Blast,BD5,IMG_20241031_130841,Narrow Brown Spot,hamming_dist_3,False
PERCEPTUAL_NEAR_DUP,BD5,IMG_20241103_122825,Blast,BD5,IMG_20241103_122827,Blast,hamming_dist_3,False
PERCEPTUAL_NEAR_DUP,BD5,IMG_20241103_122838,Blast,BD5,IMG_20241103_122839,Blast,hamming_dist_2,False
PERCEPTUAL_NEAR_DUP,BD5,IMG_20241103_122937,Blast,BD5,IMG_20241103_122938,Blast,hamming_dist_2,False
PERCEPTUAL_NEAR_DUP,BD5,IMG_20241103_122952,Blast,BD5,IMG_20241103_122953,Blast,hamming_dist_1,False
PERCEPTUAL_NEAR_DUP,BD5,IMG_20241103_122954,Blast,BD5,IMG_20241103_122955,Blast,hamming_dist_2,False
PERCEPTUAL_NEAR_DUP,BD5,IMG_20241103_122957,Blast,BD5,IMG_20241103_122959,Blast,hamming_dist_3,False
PERCEPTUAL_NEAR_DUP,BD5,IMG_20241103_122957,Blast,BD5,IMG_20241103_123001,Blast,hamming_dist_3,False
PERCEPTUAL_NEAR_DUP,BD5,IMG_20241103_122959,Blast,BD5,IMG_20241103_123001,Blast,hamming_dist_0,False
PERCEPTUAL_NEAR_DUP,BD5,IMG_20241103_123007,Blast,BD5,IMG_20241103_123008,Blast,hamming_dist_1,False
PERCEPTUAL_NEAR_DUP,BD5,IMG_20241103_123011,Blast,BD5,IMG_20241103_123012,Blast,hamming_dist_1,False
PERCEPTUAL_NEAR_DUP,BD5,IMG_20241103_123013,Blast,BD5,IMG_20241103_123015,Blast,hamming_dist_2,False
PERCEPTUAL_NEAR_DUP,BD5,IMG_20241103_123033,Blast,BD5,IMG_20241103_123525,Blast,hamming_dist_2,False
PERCEPTUAL_NEAR_DUP,BD5,IMG_20241103_123033,Blast,BD5,IMG_20241103_123526_1,Blast,hamming_dist_2,False
PERCEPTUAL_NEAR_DUP,BD5,IMG_20241103_123038,Blast,BD5,IMG_20241103_123039,Blast,hamming_dist_0,False
PERCEPTUAL_NEAR_DUP,BD5,IMG_20241103_123038,Blast,BD5,IMG_20241103_123323_1,Blast,hamming_dist_0,False
PERCEPTUAL_NEAR_DUP,BD5,IMG_20241103_123038,Blast,BD5,IMG_20241103_123324_1,Blast,hamming_dist_1,False
PERCEPTUAL_NEAR_DUP,BD5,IMG_20241103_123039,Blast,BD5,IMG_20241103_123323_1,Blast,hamming_dist_0,False
PERCEPTUAL_NEAR_DUP,BD5,IMG_20241103_123039,Blast,BD5,IMG_20241103_123324_1,Blast,hamming_dist_1,False
PERCEPTUAL_NEAR_DUP,BD5,IMG_20241103_123052_1,Blast,BD5,IMG_20241103_123228,Blast,hamming_dist_4,False
PERCEPTUAL_NEAR_DUP,BD5,IMG_20241103_123052_1,Blast,BD5,IMG_20241103_123245,Blast,hamming_dist_2,False
PERCEPTUAL_NEAR_DUP,BD5,IMG_20241103_123056,Blast,BD5,IMG_20241103_123057,Blast,hamming_dist_0,False
PERCEPTUAL_NEAR_DUP,BD5,IMG_20241103_123110_1,Blast,BD5,IMG_20241103_123111_1,Blast,hamming_dist_4,False
PERCEPTUAL_NEAR_DUP,BD5,IMG_20241103_123116,Blast,BD5,IMG_20241103_123117,Blast,hamming_dist_4,False
PERCEPTUAL_NEAR_DUP,BD5,IMG_20241103_123135,Blast,BD5,IMG_20241103_123136,Blast,hamming_dist_1,False
PERCEPTUAL_NEAR_DUP,BD5,IMG_20241103_123139,Blast,BD5,IMG_20241103_123140,Blast,hamming_dist_2,False
PERCEPTUAL_NEAR_DUP,BD5,IMG_20241103_123204,Blast,BD5,IMG_20241103_123205,Blast,hamming_dist_4,False
PERCEPTUAL_NEAR_DUP,BD5,IMG_20241103_123224,Blast,BD5,IMG_20241103_123225,Blast,hamming_dist_3,False
PERCEPTUAL_NEAR_DUP,BD5,IMG_20241103_123228,Blast,BD5,IMG_20241103_123245,Blast,hamming_dist_4,False
PERCEPTUAL_NEAR_DUP,BD5,IMG_20241103_123235,Blast,BD5,IMG_20241103_123236,Blast,hamming_dist_3,False
PERCEPTUAL_NEAR_DUP,BD5,IMG_20241103_123305,Blast,BD5,IMG_20241103_123307,Blast,hamming_dist_3,False
PERCEPTUAL_NEAR_DUP,BD5,IMG_20241103_123312,Blast,BD5,IMG_20241103_123313,Blast,hamming_dist_2,False
PERCEPTUAL_NEAR_DUP,BD5,IMG_20241103_123314,Blast,BD5,IMG_20241103_123315,Blast,hamming_dist_3,False
PERCEPTUAL_NEAR_DUP,BD5,IMG_20241103_123323,Blast,BD5,IMG_20241103_123324,Blast,hamming_dist_2,False
PERCEPTUAL_NEAR_DUP,BD5,IMG_20241103_123323_1,Blast,BD5,IMG_20241103_123324_1,Blast,hamming_dist_1,False
PERCEPTUAL_NEAR_DUP,BD5,IMG_20241103_123331,Blast,BD5,IMG_20241103_123332,Blast,hamming_dist_0,False
PERCEPTUAL_NEAR_DUP,BD5,IMG_20241103_123331,Blast,BD5,IMG_20241103_123333,Blast,hamming_dist_0,False
PERCEPTUAL_NEAR_DUP,BD5,IMG_20241103_123332,Blast,BD5,IMG_20241103_123333,Blast,hamming_dist_0,False
PERCEPTUAL_NEAR_DUP,BD5,IMG_20241103_123342,Blast,BD5,IMG_20241103_123343,Blast,hamming_dist_3,False
PERCEPTUAL_NEAR_DUP,BD5,IMG_20241103_123351,Blast,BD5,IMG_20241103_123352,Blast,hamming_dist_1,False
PERCEPTUAL_NEAR_DUP,BD5,IMG_20241103_123403,Blast,BD5,IMG_20241103_123405,Blast,hamming_dist_2,False
PERCEPTUAL_NEAR_DUP,BD5,IMG_20241103_123403,Blast,BD5,IMG_20241103_123406,Blast,hamming_dist_4,False
PERCEPTUAL_NEAR_DUP,BD5,IMG_20241103_123405,Blast,BD5,IMG_20241103_123406,Blast,hamming_dist_2,False
PERCEPTUAL_NEAR_DUP,BD5,IMG_20241103_123447,Blast,BD5,IMG_20241103_123448,Blast,hamming_dist_2,False
PERCEPTUAL_NEAR_DUP,BD5,IMG_20241103_123500_1,Blast,BD5,IMG_20241103_123501,Blast,hamming_dist_0,False
PERCEPTUAL_NEAR_DUP,BD5,IMG_20241103_123507,Blast,BD5,IMG_20241103_123508,Blast,hamming_dist_3,False
PERCEPTUAL_NEAR_DUP,BD5,IMG_20241103_123513,Blast,BD5,IMG_20241103_123514_1,Blast,hamming_dist_4,False
PERCEPTUAL_NEAR_DUP,BD5,IMG_20241103_123514,Blast,BD5,IMG_20241103_123515,Blast,hamming_dist_1,False
PERCEPTUAL_NEAR_DUP,BD5,IMG_20241103_123525,Blast,BD5,IMG_20241103_123526_1,Blast,hamming_dist_0,False
PERCEPTUAL_NEAR_DUP,BD5,IMG_20241103_123541,Blast,BD5,IMG_20241103_123542,Blast,hamming_dist_3,False
PERCEPTUAL_NEAR_DUP,BD5,IMG_20241103_123546,Blast,BD5,IMG_20241103_123547,Blast,hamming_dist_2,False
PERCEPTUAL_NEAR_DUP,BD5,IMG_20241103_123546,Blast,BD5,IMG_20241103_123548_1,Blast,hamming_dist_4,False
PERCEPTUAL_NEAR_DUP,BD5,IMG_20241103_123547,Blast,BD5,IMG_20241103_123548_1,Blast,hamming_dist_2,False
PERCEPTUAL_NEAR_DUP,BD5,IMG_20241103_123548,Blast,BD5,IMG_20241103_123549,Blast,hamming_dist_4,False
PERCEPTUAL_NEAR_DUP,BD5,IMG_20241103_123559,Blast,BD5,IMG_20241103_123600,Blast,hamming_dist_3,False
PERCEPTUAL_NEAR_DUP,BD5,IMG_20241103_123608,Blast,BD5,IMG_20241103_123608_1,Blast,hamming_dist_3,False
PERCEPTUAL_NEAR_DUP,BD5,IMG_20241103_123623,Blast,BD5,IMG_20241103_123624,Blast,hamming_dist_3,False
PERCEPTUAL_NEAR_DUP,BD5,IMG_20241103_123721,Blast,BD5,IMG_20241103_123722,Blast,hamming_dist_1,False
PERCEPTUAL_NEAR_DUP,BD5,IMG_20241103_123742,Blast,BD5,IMG_20241103_123743,Blast,hamming_dist_1,False
PERCEPTUAL_NEAR_DUP,BD5,IMG_20241103_123753,Blast,BD5,IMG_20241103_123754,Blast,hamming_dist_4,False
PERCEPTUAL_NEAR_DUP,BD5,IMG_20241103_123801,Blast,BD5,IMG_20241103_123803,Blast,hamming_dist_1,False
PERCEPTUAL_NEAR_DUP,BD5,IMG_20241103_123825,Blast,BD5,IMG_20241103_123825_1,Blast,hamming_dist_1,False
PERCEPTUAL_NEAR_DUP,BD5,IMG_20241031_123820,Narrow Brown Spot,BD5,IMG_20241031_123822,Narrow Brown Spot,hamming_dist_2,False
PERCEPTUAL_NEAR_DUP,BD5,IMG_20241031_124013,Narrow Brown Spot,BD5,IMG_20241031_124015,Narrow Brown Spot,hamming_dist_2,False
PERCEPTUAL_NEAR_DUP,BD5,IMG_20241031_124013,Narrow Brown Spot,BD5,IMG_20241031_130742,Narrow Brown Spot,hamming_dist_4,False
PERCEPTUAL_NEAR_DUP,BD5,IMG_20241031_124052,Narrow Brown Spot,BD5,IMG_20241031_124054,Narrow Brown Spot,hamming_dist_1,False
PERCEPTUAL_NEAR_DUP,BD5,IMG_20241031_124100,Narrow Brown Spot,BD5,IMG_20241031_124101,Narrow Brown Spot,hamming_dist_4,False
PERCEPTUAL_NEAR_DUP,BD5,IMG_20241031_124614,Narrow Brown Spot,BD5,IMG_20241031_124614_1,Narrow Brown Spot,hamming_dist_2,False
PERCEPTUAL_NEAR_DUP,BD5,IMG_20241031_124614,Narrow Brown Spot,BD5,IMG_20241031_124615,Narrow Brown Spot,hamming_dist_3,False
PERCEPTUAL_NEAR_DUP,BD5,IMG_20241031_124614_1,Narrow Brown Spot,BD5,IMG_20241031_124615,Narrow Brown Spot,hamming_dist_1,False
PERCEPTUAL_NEAR_DUP,BD5,IMG_20241031_124635,Narrow Brown Spot,BD5,IMG_20241031_124637,Narrow Brown Spot,hamming_dist_3,False
PERCEPTUAL_NEAR_DUP,BD5,IMG_20241031_124744,Narrow Brown Spot,BD5,IMG_20241031_124745,Narrow Brown Spot,hamming_dist_2,False
PERCEPTUAL_NEAR_DUP,BD5,IMG_20241031_124749,Narrow Brown Spot,BD5,IMG_20241031_124750,Narrow Brown Spot,hamming_dist_2,False
PERCEPTUAL_NEAR_DUP,BD5,IMG_20241031_124755,Narrow Brown Spot,BD5,IMG_20241031_124756,Narrow Brown Spot,hamming_dist_4,False
PERCEPTUAL_NEAR_DUP,BD5,IMG_20241031_124803,Narrow Brown Spot,BD5,IMG_20241031_124804,Narrow Brown Spot,hamming_dist_3,False
PERCEPTUAL_NEAR_DUP,BD5,IMG_20241031_124803,Narrow Brown Spot,BD5,IMG_20241031_124805,Narrow Brown Spot,hamming_dist_1,False
PERCEPTUAL_NEAR_DUP,BD5,IMG_20241031_124804,Narrow Brown Spot,BD5,IMG_20241031_124805,Narrow Brown Spot,hamming_dist_2,False
PERCEPTUAL_NEAR_DUP,BD5,IMG_20241031_124819,Narrow Brown Spot,BD5,IMG_20241031_124820,Narrow Brown Spot,hamming_dist_3,False
PERCEPTUAL_NEAR_DUP,BD5,IMG_20241031_124819,Narrow Brown Spot,BD5,IMG_20241031_124821,Narrow Brown Spot,hamming_dist_3,False
PERCEPTUAL_NEAR_DUP,BD5,IMG_20241031_124820,Narrow Brown Spot,BD5,IMG_20241031_124821,Narrow Brown Spot,hamming_dist_2,False
PERCEPTUAL_NEAR_DUP,BD5,IMG_20241031_125253,Narrow Brown Spot,BD5,IMG_20241031_125254,Narrow Brown Spot,hamming_dist_2,False
PERCEPTUAL_NEAR_DUP,BD5,IMG_20241031_125326,Narrow Brown Spot,BD5,IMG_20241031_125327,Narrow Brown Spot,hamming_dist_2,False
PERCEPTUAL_NEAR_DUP,BD5,IMG_20241031_125326,Narrow Brown Spot,BD5,IMG_20241031_125328,Narrow Brown Spot,hamming_dist_4,False
PERCEPTUAL_NEAR_DUP,BD5,IMG_20241031_125327,Narrow Brown Spot,BD5,IMG_20241031_125328,Narrow Brown Spot,hamming_dist_2,False
PERCEPTUAL_NEAR_DUP,BD5,IMG_20241031_125332,Narrow Brown Spot,BD5,IMG_20241031_125332_1,Narrow Brown Spot,hamming_dist_2,False
PERCEPTUAL_NEAR_DUP,BD5,IMG_20241031_125332,Narrow Brown Spot,BD5,IMG_20241031_125333,Narrow Brown Spot,hamming_dist_1,False
PERCEPTUAL_NEAR_DUP,BD5,IMG_20241031_125332_1,Narrow Brown Spot,BD5,IMG_20241031_125333,Narrow Brown Spot,hamming_dist_1,False
PERCEPTUAL_NEAR_DUP,BD5,IMG_20241031_125520,Narrow Brown Spot,BD5,IMG_20241031_125521,Narrow Brown Spot,hamming_dist_3,False
PERCEPTUAL_NEAR_DUP,BD5,IMG_20241031_125520,Narrow Brown Spot,BD5,IMG_20241031_125521_1,Narrow Brown Spot,hamming_dist_3,False
PERCEPTUAL_NEAR_DUP,BD5,IMG_20241031_125521,Narrow Brown Spot,BD5,IMG_20241031_125521_1,Narrow Brown Spot,hamming_dist_2,False
PERCEPTUAL_NEAR_DUP,BD5,IMG_20241031_125533,Narrow Brown Spot,BD5,IMG_20241031_125534,Narrow Brown Spot,hamming_dist_0,False
PERCEPTUAL_NEAR_DUP,BD5,IMG_20241031_125533,Narrow Brown Spot,BD5,IMG_20241031_125535,Narrow Brown Spot,hamming_dist_1,False
PERCEPTUAL_NEAR_DUP,BD5,IMG_20241031_125534,Narrow Brown Spot,BD5,IMG_20241031_125535,Narrow Brown Spot,hamming_dist_1,False
PERCEPTUAL_NEAR_DUP,BD5,IMG_20241031_125856,Narrow Brown Spot,BD5,IMG_20241031_125857,Narrow Brown Spot,hamming_dist_4,False
PERCEPTUAL_NEAR_DUP,BD5,IMG_20241031_130008,Narrow Brown Spot,BD5,IMG_20241031_130009,Narrow Brown Spot,hamming_dist_1,False
PERCEPTUAL_NEAR_DUP,BD5,IMG_20241031_130008,Narrow Brown Spot,BD5,IMG_20241031_130009_1,Narrow Brown Spot,hamming_dist_0,False
PERCEPTUAL_NEAR_DUP,BD5,IMG_20241031_130009,Narrow Brown Spot,BD5,IMG_20241031_130009_1,Narrow Brown Spot,hamming_dist_1,False
PERCEPTUAL_NEAR_DUP,BD5,IMG_20241031_130012,Narrow Brown Spot,BD5,IMG_20241031_130014,Narrow Brown Spot,hamming_dist_4,False
PERCEPTUAL_NEAR_DUP,BD5,IMG_20241031_130013,Narrow Brown Spot,BD5,IMG_20241031_130014,Narrow Brown Spot,hamming_dist_3,False
PERCEPTUAL_NEAR_DUP,BD5,IMG_20241031_130024,Narrow Brown Spot,BD5,IMG_20241031_130024_1,Narrow Brown Spot,hamming_dist_3,False
PERCEPTUAL_NEAR_DUP,BD5,IMG_20241031_130024,Narrow Brown Spot,BD5,IMG_20241031_130025,Narrow Brown Spot,hamming_dist_3,False
PERCEPTUAL_NEAR_DUP,BD5,IMG_20241031_130024,Narrow Brown Spot,BD5,IMG_20241031_130026,Narrow Brown Spot,hamming_dist_4,False
PERCEPTUAL_NEAR_DUP,BD5,IMG_20241031_130024_1,Narrow Brown Spot,BD5,IMG_20241031_130025,Narrow Brown Spot,hamming_dist_4,False
PERCEPTUAL_NEAR_DUP,BD5,IMG_20241031_130025,Narrow Brown Spot,BD5,IMG_20241031_130026,Narrow Brown Spot,hamming_dist_3,False
PERCEPTUAL_NEAR_DUP,BD5,IMG_20241031_130025,Narrow Brown Spot,BD5,IMG_20241031_130027,Narrow Brown Spot,hamming_dist_3,False
PERCEPTUAL_NEAR_DUP,BD5,IMG_20241031_130026,Narrow Brown Spot,BD5,IMG_20241031_130027,Narrow Brown Spot,hamming_dist_4,False
PERCEPTUAL_NEAR_DUP,BD5,IMG_20241031_130037,Narrow Brown Spot,BD5,IMG_20241031_130037_1,Narrow Brown Spot,hamming_dist_2,False
PERCEPTUAL_NEAR_DUP,BD5,IMG_20241031_130045,Narrow Brown Spot,BD5,IMG_20241031_130046,Narrow Brown Spot,hamming_dist_2,False
PERCEPTUAL_NEAR_DUP,BD5,IMG_20241031_130143,Narrow Brown Spot,BD5,IMG_20241031_130145_1,Narrow Brown Spot,hamming_dist_0,False
PERCEPTUAL_NEAR_DUP,BD5,IMG_20241031_130148,Narrow Brown Spot,BD5,IMG_20241031_131556,Narrow Brown Spot,hamming_dist_4,False
PERCEPTUAL_NEAR_DUP,BD5,IMG_20241031_130159,Narrow Brown Spot,BD5,IMG_20241031_130200,Narrow Brown Spot,hamming_dist_4,False
PERCEPTUAL_NEAR_DUP,BD5,IMG_20241031_130159,Narrow Brown Spot,BD5,IMG_20241031_130843,Narrow Brown Spot,hamming_dist_4,False
PERCEPTUAL_NEAR_DUP,BD5,IMG_20241031_130159,Narrow Brown Spot,BD5,IMG_20241031_131012,Narrow Brown Spot,hamming_dist_4,False
PERCEPTUAL_NEAR_DUP,BD5,IMG_20241031_130200,Narrow Brown Spot,BD5,IMG_20241031_130347_1,Narrow Brown Spot,hamming_dist_4,False
PERCEPTUAL_NEAR_DUP,BD5,IMG_20241031_130200,Narrow Brown Spot,BD5,IMG_20241031_130849,Narrow Brown Spot,hamming_dist_4,False
PERCEPTUAL_NEAR_DUP,BD5,IMG_20241031_130200,Narrow Brown Spot,BD5,IMG_20241031_131012,Narrow Brown Spot,hamming_dist_2,False
PERCEPTUAL_NEAR_DUP,BD5,IMG_20241031_130201,Narrow Brown Spot,BD5,IMG_20241031_130655,Narrow Brown Spot,hamming_dist_4,False
PERCEPTUAL_NEAR_DUP,BD5,IMG_20241031_130201,Narrow Brown Spot,BD5,IMG20241103125530,Healthy,hamming_dist_3,False
PERCEPTUAL_NEAR_DUP,BD5,IMG_20241031_130201,Narrow Brown Spot,BD5,IMG20241103125530_01,Healthy,hamming_dist_2,False
PERCEPTUAL_NEAR_DUP,BD5,IMG_20241031_130201,Narrow Brown Spot,BD5,IMG20241103125531,Healthy,hamming_dist_3,False
PERCEPTUAL_NEAR_DUP,BD5,IMG_20241031_130206,Narrow Brown Spot,BD5,IMG_20241031_130207_1,Narrow Brown Spot,hamming_dist_2,False
PERCEPTUAL_NEAR_DUP,BD5,IMG_20241031_130207,Narrow Brown Spot,BD5,IMG_20241031_130805,Narrow Brown Spot,hamming_dist_4,False
PERCEPTUAL_NEAR_DUP,BD5,IMG_20241031_130207,Narrow Brown Spot,BD5,IMG_20241031_130959,Narrow Brown Spot,hamming_dist_4,False
PERCEPTUAL_NEAR_DUP,BD5,IMG_20241031_130207,Narrow Brown Spot,BD5,IMG_20241031_131000,Narrow Brown Spot,hamming_dist_4,False
PERCEPTUAL_NEAR_DUP,BD5,IMG_20241031_130207,Narrow Brown Spot,BD5,IMG_20241031_131502,Narrow Brown Spot,hamming_dist_4,False
PERCEPTUAL_NEAR_DUP,BD5,IMG_20241031_130207,Narrow Brown Spot,BD5,IMG_20241031_135221,Narrow Brown Spot,hamming_dist_3,False
PERCEPTUAL_NEAR_DUP,BD5,IMG_20241031_130208,Narrow Brown Spot,BD5,IMG_20241031_135221,Narrow Brown Spot,hamming_dist_4,False
PERCEPTUAL_NEAR_DUP,BD5,IMG_20241031_130236,Narrow Brown Spot,BD5,IMG_20241031_130237,Narrow Brown Spot,hamming_dist_3,False
PERCEPTUAL_NEAR_DUP,BD5,IMG_20241031_130249,Narrow Brown Spot,BD5,IMG_20241031_130251_1,Narrow Brown Spot,hamming_dist_3,False
PERCEPTUAL_NEAR_DUP,BD5,IMG_20241031_130250,Narrow Brown Spot,BD5,IMG_20241031_130251,Narrow Brown Spot,hamming_dist_1,False
PERCEPTUAL_NEAR_DUP,BD5,IMG_20241031_130250,Narrow Brown Spot,BD5,IMG_20241031_130347,Narrow Brown Spot,hamming_dist_2,False
PERCEPTUAL_NEAR_DUP,BD5,IMG_20241031_130251,Narrow Brown Spot,BD5,IMG_20241031_130347,Narrow Brown Spot,hamming_dist_3,False
PERCEPTUAL_NEAR_DUP,BD5,IMG_20241031_130257,Narrow Brown Spot,BD5,IMG_20241031_130258,Narrow Brown Spot,hamming_dist_4,False
PERCEPTUAL_NEAR_DUP,BD5,IMG_20241031_130258_1,Narrow Brown Spot,BD5,IMG_20241031_130258_2,Narrow Brown Spot,hamming_dist_1,False
PERCEPTUAL_NEAR_DUP,BD5,IMG_20241031_130305,Narrow Brown Spot,BD5,IMG_20241031_130306,Narrow Brown Spot,hamming_dist_2,False
PERCEPTUAL_NEAR_DUP,BD5,IMG_20241031_130312,Narrow Brown Spot,BD5,IMG_20241031_130314,Narrow Brown Spot,hamming_dist_4,False
PERCEPTUAL_NEAR_DUP,BD5,IMG_20241031_130345,Narrow Brown Spot,BD5,IMG_20241031_130346,Narrow Brown Spot,hamming_dist_3,False
PERCEPTUAL_NEAR_DUP,BD5,IMG_20241031_130346,Narrow Brown Spot,BD5,IMG_20241031_130347_1,Narrow Brown Spot,hamming_dist_2,False
PERCEPTUAL_NEAR_DUP,BD5,IMG_20241031_130347_1,Narrow Brown Spot,BD5,IMG_20241031_130849,Narrow Brown Spot,hamming_dist_4,False
PERCEPTUAL_NEAR_DUP,BD5,IMG_20241031_130347_1,Narrow Brown Spot,BD5,IMG_20241031_131012,Narrow Brown Spot,hamming_dist_4,False
PERCEPTUAL_NEAR_DUP,BD5,IMG_20241031_130355,Narrow Brown Spot,BD5,IMG_20241031_130359,Narrow Brown Spot,hamming_dist_4,False
PERCEPTUAL_NEAR_DUP,BD5,IMG_20241031_130358,Narrow Brown Spot,BD5,IMG_20241031_130406,Narrow Brown Spot,hamming_dist_2,False
PERCEPTUAL_NEAR_DUP,BD5,IMG_20241031_130358,Narrow Brown Spot,BD5,IMG_20241031_130408,Narrow Brown Spot,hamming_dist_3,False
PERCEPTUAL_NEAR_DUP,BD5,IMG_20241031_130358_1,Narrow Brown Spot,BD5,IMG_20241031_130359,Narrow Brown Spot,hamming_dist_3,False
PERCEPTUAL_NEAR_DUP,BD5,IMG_20241031_130359,Narrow Brown Spot,BD5,IMG_20241031_130400,Narrow Brown Spot,hamming_dist_3,False
PERCEPTUAL_NEAR_DUP,BD5,IMG_20241031_130407,Narrow Brown Spot,BD5,IMG_20241031_130408,Narrow Brown Spot,hamming_dist_4,False
PERCEPTUAL_NEAR_DUP,BD5,IMG_20241031_130421,Narrow Brown Spot,BD5,IMG_20241031_130422,Narrow Brown Spot,hamming_dist_0,False
PERCEPTUAL_NEAR_DUP,BD5,IMG_20241031_130425,Narrow Brown Spot,BD5,IMG_20241031_130425_1,Narrow Brown Spot,hamming_dist_2,False
PERCEPTUAL_NEAR_DUP,BD5,IMG_20241031_130437,Narrow Brown Spot,BD5,IMG_20241031_130438,Narrow Brown Spot,hamming_dist_1,False
PERCEPTUAL_NEAR_DUP,BD5,IMG_20241031_130442,Narrow Brown Spot,BD5,IMG_20241031_130445,Narrow Brown Spot,hamming_dist_4,False
PERCEPTUAL_NEAR_DUP,BD5,IMG_20241031_130448,Narrow Brown Spot,BD5,IMG_20241031_130450,Narrow Brown Spot,hamming_dist_2,False
PERCEPTUAL_NEAR_DUP,BD5,IMG_20241031_130448,Narrow Brown Spot,BD5,IMG_20241031_130452,Narrow Brown Spot,hamming_dist_1,False
PERCEPTUAL_NEAR_DUP,BD5,IMG_20241031_130450,Narrow Brown Spot,BD5,IMG_20241031_130452,Narrow Brown Spot,hamming_dist_3,False
PERCEPTUAL_NEAR_DUP,BD5,IMG_20241031_130451,Narrow Brown Spot,BD5,IMG_20241031_130452_1,Narrow Brown Spot,hamming_dist_3,False
PERCEPTUAL_NEAR_DUP,BD5,IMG_20241031_130540,Narrow Brown Spot,BD5,IMG_20241031_130542,Narrow Brown Spot,hamming_dist_2,False
PERCEPTUAL_NEAR_DUP,BD5,IMG_20241031_130612,Narrow Brown Spot,BD5,IMG_20241031_130638,Narrow Brown Spot,hamming_dist_2,False
PERCEPTUAL_NEAR_DUP,BD5,IMG_20241031_130612,Narrow Brown Spot,BD5,IMG_20241031_130704,Narrow Brown Spot,hamming_dist_2,False
PERCEPTUAL_NEAR_DUP,BD5,IMG_20241031_130613,Narrow Brown Spot,BD5,IMG_20241031_130615,Narrow Brown Spot,hamming_dist_4,False
PERCEPTUAL_NEAR_DUP,BD5,IMG_20241031_130615,Narrow Brown Spot,BD5,IMG_20241031_130621,Narrow Brown Spot,hamming_dist_2,False
PERCEPTUAL_NEAR_DUP,BD5,IMG_20241031_130615,Narrow Brown Spot,BD5,IMG_20241031_130622,Narrow Brown Spot,hamming_dist_2,False
PERCEPTUAL_NEAR_DUP,BD5,IMG_20241031_130615,Narrow Brown Spot,BD5,IMG_20241031_130623,Narrow Brown Spot,hamming_dist_4,False
PERCEPTUAL_NEAR_DUP,BD5,IMG_20241031_130621,Narrow Brown Spot,BD5,IMG_20241031_130622,Narrow Brown Spot,hamming_dist_4,False
PERCEPTUAL_NEAR_DUP,BD5,IMG_20241031_130621,Narrow Brown Spot,BD5,IMG_20241031_130623,Narrow Brown Spot,hamming_dist_4,False
PERCEPTUAL_NEAR_DUP,BD5,IMG_20241031_130622,Narrow Brown Spot,BD5,IMG_20241031_130623,Narrow Brown Spot,hamming_dist_2,False
PERCEPTUAL_NEAR_DUP,BD5,IMG_20241031_130638,Narrow Brown Spot,BD5,IMG_20241031_130704,Narrow Brown Spot,hamming_dist_0,False
PERCEPTUAL_NEAR_DUP,BD5,IMG_20241031_130646,Narrow Brown Spot,BD5,IMG_20241031_130647,Narrow Brown Spot,hamming_dist_4,False
PERCEPTUAL_NEAR_DUP,BD5,IMG_20241031_130655,Narrow Brown Spot,BD5,IMG20241103125530_01,Healthy,hamming_dist_4,False
PERCEPTUAL_NEAR_DUP,BD5,IMG_20241031_130657,Narrow Brown Spot,BD5,IMG_20241031_130705_1,Narrow Brown Spot,hamming_dist_2,False
PERCEPTUAL_NEAR_DUP,BD5,IMG_20241031_130705,Narrow Brown Spot,BD5,IMG_20241031_131526,Narrow Brown Spot,hamming_dist_4,False
PERCEPTUAL_NEAR_DUP,BD5,IMG_20241031_130707,Narrow Brown Spot,BD5,IMG_20241031_130707_1,Narrow Brown Spot,hamming_dist_0,False
PERCEPTUAL_NEAR_DUP,BD5,IMG_20241031_130712,Narrow Brown Spot,BD5,IMG_20241031_130713,Narrow Brown Spot,hamming_dist_4,False
PERCEPTUAL_NEAR_DUP,BD5,IMG_20241031_130712,Narrow Brown Spot,BD5,IMG_20241031_130714,Narrow Brown Spot,hamming_dist_4,False
PERCEPTUAL_NEAR_DUP,BD5,IMG_20241031_130713,Narrow Brown Spot,BD5,IMG_20241031_130714,Narrow Brown Spot,hamming_dist_2,False
PERCEPTUAL_NEAR_DUP,BD5,IMG_20241031_130713,Narrow Brown Spot,BD5,IMG_20241031_130742,Narrow Brown Spot,hamming_dist_3,False
PERCEPTUAL_NEAR_DUP,BD5,IMG_20241031_130713,Narrow Brown Spot,BD5,IMG_20241031_130743,Narrow Brown Spot,hamming_dist_3,False
PERCEPTUAL_NEAR_DUP,BD5,IMG_20241031_130714,Narrow Brown Spot,BD5,IMG_20241031_130742,Narrow Brown Spot,hamming_dist_3,False
PERCEPTUAL_NEAR_DUP,BD5,IMG_20241031_130714,Narrow Brown Spot,BD5,IMG_20241031_130743,Narrow Brown Spot,hamming_dist_1,False
PERCEPTUAL_NEAR_DUP,BD5,IMG_20241031_130742,Narrow Brown Spot,BD5,IMG_20241031_130743,Narrow Brown Spot,hamming_dist_2,False
PERCEPTUAL_NEAR_DUP,BD5,IMG_20241031_130748,Narrow Brown Spot,BD5,IMG_20241031_130750_1,Narrow Brown Spot,hamming_dist_4,False
PERCEPTUAL_NEAR_DUP,BD5,IMG_20241031_130749,Narrow Brown Spot,BD5,IMG_20241031_130750,Narrow Brown Spot,hamming_dist_3,False
PERCEPTUAL_NEAR_DUP,BD5,IMG_20241031_130803,Narrow Brown Spot,BD5,IMG_20241031_130804,Narrow Brown Spot,hamming_dist_4,False
PERCEPTUAL_NEAR_DUP,BD5,IMG_20241031_130803,Narrow Brown Spot,BD5,IMG_20241031_130805,Narrow Brown Spot,hamming_dist_4,False
PERCEPTUAL_NEAR_DUP,BD5,IMG_20241031_130803,Narrow Brown Spot,BD5,IMG_20241031_130959,Narrow Brown Spot,hamming_dist_4,False
PERCEPTUAL_NEAR_DUP,BD5,IMG_20241031_130803,Narrow Brown Spot,BD5,IMG_20241031_131000,Narrow Brown Spot,hamming_dist_4,False
PERCEPTUAL_NEAR_DUP,BD5,IMG_20241031_130804,Narrow Brown Spot,BD5,IMG_20241031_130805,Narrow Brown Spot,hamming_dist_2,False
PERCEPTUAL_NEAR_DUP,BD5,IMG_20241031_130804,Narrow Brown Spot,BD5,IMG_20241031_130959,Narrow Brown Spot,hamming_dist_2,False
PERCEPTUAL_NEAR_DUP,BD5,IMG_20241031_130804,Narrow Brown Spot,BD5,IMG_20241031_131000,Narrow Brown Spot,hamming_dist_2,False
PERCEPTUAL_NEAR_DUP,BD5,IMG_20241031_130804,Narrow Brown Spot,BD5,IMG20241103131513,Healthy,hamming_dist_4,False
PERCEPTUAL_NEAR_DUP,BD5,IMG_20241031_130805,Narrow Brown Spot,BD5,IMG_20241031_130959,Narrow Brown Spot,hamming_dist_0,False
PERCEPTUAL_NEAR_DUP,BD5,IMG_20241031_130805,Narrow Brown Spot,BD5,IMG_20241031_131000,Narrow Brown Spot,hamming_dist_0,False
PERCEPTUAL_NEAR_DUP,BD5,IMG_20241031_130805,Narrow Brown Spot,BD5,IMG_20241031_132622,Narrow Brown Spot,hamming_dist_4,False
PERCEPTUAL_NEAR_DUP,BD5,IMG_20241031_130805,Narrow Brown Spot,BD5,IMG_20241031_132624,Narrow Brown Spot,hamming_dist_4,False
PERCEPTUAL_NEAR_DUP,BD5,IMG_20241031_130805,Narrow Brown Spot,BD5,IMG_20241031_135221,Narrow Brown Spot,hamming_dist_3,False
PERCEPTUAL_NEAR_DUP,BD5,IMG_20241031_130813,Narrow Brown Spot,BD5,IMG_20241031_134909,Narrow Brown Spot,hamming_dist_4,False
PERCEPTUAL_NEAR_DUP,BD5,IMG_20241031_130813,Narrow Brown Spot,BD5,IMG_20241031_135012,Narrow Brown Spot,hamming_dist_4,False
PERCEPTUAL_NEAR_DUP,BD5,IMG_20241031_130822,Narrow Brown Spot,BD5,IMG_20241031_130823,Narrow Brown Spot,hamming_dist_4,False
PERCEPTUAL_NEAR_DUP,BD5,IMG_20241031_130829,Narrow Brown Spot,BD5,IMG_20241031_130841,Narrow Brown Spot,hamming_dist_2,False
PERCEPTUAL_NEAR_DUP,BD5,IMG_20241031_130829,Narrow Brown Spot,BD5,IMG_20241031_130842,Narrow Brown Spot,hamming_dist_2,False
PERCEPTUAL_NEAR_DUP,BD5,IMG_20241031_130829,Narrow Brown Spot,BD5,IMG_20241031_130843,Narrow Brown Spot,hamming_dist_3,False
PERCEPTUAL_NEAR_DUP,BD5,IMG_20241031_130829,Narrow Brown Spot,BD5,IMG_20241031_130846,Narrow Brown Spot,hamming_dist_4,False
PERCEPTUAL_NEAR_DUP,BD5,IMG_20241031_130830,Narrow Brown Spot,BD5,IMG20241103131543,Healthy,hamming_dist_4,False
PERCEPTUAL_NEAR_DUP,BD5,IMG_20241031_130830,Narrow Brown Spot,BD5,IMG20241103131543_01,Healthy,hamming_dist_4,False
PERCEPTUAL_NEAR_DUP,BD5,IMG_20241031_130841,Narrow Brown Spot,BD5,IMG_20241031_130842,Narrow Brown Spot,hamming_dist_2,False
PERCEPTUAL_NEAR_DUP,BD5,IMG_20241031_130841,Narrow Brown Spot,BD5,IMG_20241031_130843,Narrow Brown Spot,hamming_dist_3,False
PERCEPTUAL_NEAR_DUP,BD5,IMG_20241031_130842,Narrow Brown Spot,BD5,IMG_20241031_130843,Narrow Brown Spot,hamming_dist_3,False
PERCEPTUAL_NEAR_DUP,BD5,IMG_20241031_130843,Narrow Brown Spot,BD5,IMG_20241031_131012,Narrow Brown Spot,hamming_dist_4,False
PERCEPTUAL_NEAR_DUP,BD5,IMG_20241031_130846,Narrow Brown Spot,BD5,IMG_20241031_131012,Narrow Brown Spot,hamming_dist_3,False
PERCEPTUAL_NEAR_DUP,BD5,IMG_20241031_130846,Narrow Brown Spot,BD5,IMG_20241031_134909,Narrow Brown Spot,hamming_dist_4,False
PERCEPTUAL_NEAR_DUP,BD5,IMG_20241031_130846,Narrow Brown Spot,BD5,IMG20241103125957,Healthy,hamming_dist_3,False
PERCEPTUAL_NEAR_DUP,BD5,IMG_20241031_130849,Narrow Brown Spot,BD5,IMG_20241031_130937,Narrow Brown Spot,hamming_dist_4,False
PERCEPTUAL_NEAR_DUP,BD5,IMG_20241031_130849,Narrow Brown Spot,BD5,IMG_20241031_131012,Narrow Brown Spot,hamming_dist_2,False
PERCEPTUAL_NEAR_DUP,BD5,IMG_20241031_130913,Narrow Brown Spot,BD5,IMG_20241031_130914,Narrow Brown Spot,hamming_dist_2,False
PERCEPTUAL_NEAR_DUP,BD5,IMG_20241031_130913,Narrow Brown Spot,BD5,IMG_20241031_132443,Narrow Brown Spot,hamming_dist_4,False
PERCEPTUAL_NEAR_DUP,BD5,IMG_20241031_130914,Narrow Brown Spot,BD5,IMG_20241031_130954,Narrow Brown Spot,hamming_dist_4,False
PERCEPTUAL_NEAR_DUP,BD5,IMG_20241031_130914,Narrow Brown Spot,BD5,IMG_20241031_132443,Narrow Brown Spot,hamming_dist_2,False
PERCEPTUAL_NEAR_DUP,BD5,IMG_20241031_130914,Narrow Brown Spot,BD5,IMG_20241031_132444,Narrow Brown Spot,hamming_dist_3,False
PERCEPTUAL_NEAR_DUP,BD5,IMG_20241031_130914,Narrow Brown Spot,BD5,IMG_20241031_135109,Narrow Brown Spot,hamming_dist_3,False
PERCEPTUAL_NEAR_DUP,BD5,IMG_20241031_130923,Narrow Brown Spot,BD5,IMG_20241031_130925,Narrow Brown Spot,hamming_dist_4,False
PERCEPTUAL_NEAR_DUP,BD5,IMG_20241031_130934,Narrow Brown Spot,BD5,IMG_20241031_130935,Narrow Brown Spot,hamming_dist_4,False
PERCEPTUAL_NEAR_DUP,BD5,IMG_20241031_130937,Narrow Brown Spot,BD5,IMG_20241031_131012,Narrow Brown Spot,hamming_dist_4,False
PERCEPTUAL_NEAR_DUP,BD5,IMG_20241031_130940,Narrow Brown Spot,BD5,IMG_20241031_130941,Narrow Brown Spot,hamming_dist_2,False
PERCEPTUAL_NEAR_DUP,BD5,IMG_20241031_130941,Narrow Brown Spot,BD5,IMG_20241031_134851,Narrow Brown Spot,hamming_dist_4,False
PERCEPTUAL_NEAR_DUP,BD5,IMG_20241031_130959,Narrow Brown Spot,BD5,IMG_20241031_131000,Narrow Brown Spot,hamming_dist_0,False
PERCEPTUAL_NEAR_DUP,BD5,IMG_20241031_130959,Narrow Brown Spot,BD5,IMG_20241031_132622,Narrow Brown Spot,hamming_dist_4,False
PERCEPTUAL_NEAR_DUP,BD5,IMG_20241031_130959,Narrow Brown Spot,BD5,IMG_20241031_132624,Narrow Brown Spot,hamming_dist_4,False
PERCEPTUAL_NEAR_DUP,BD5,IMG_20241031_130959,Narrow Brown Spot,BD5,IMG_20241031_135221,Narrow Brown Spot,hamming_dist_3,False
PERCEPTUAL_NEAR_DUP,BD5,IMG_20241031_131000,Narrow Brown Spot,BD5,IMG_20241031_132622,Narrow Brown Spot,hamming_dist_4,False
PERCEPTUAL_NEAR_DUP,BD5,IMG_20241031_131000,Narrow Brown Spot,BD5,IMG_20241031_132624,Narrow Brown Spot,hamming_dist_4,False
PERCEPTUAL_NEAR_DUP,BD5,IMG_20241031_131000,Narrow Brown Spot,BD5,IMG_20241031_135221,Narrow Brown Spot,hamming_dist_3,False
PERCEPTUAL_NEAR_DUP,BD5,IMG_20241031_131004,Narrow Brown Spot,BD5,IMG_20241031_135221,Narrow Brown Spot,hamming_dist_4,False
PERCEPTUAL_NEAR_DUP,BD5,IMG_20241031_131012,Narrow Brown Spot,BD5,IMG_20241031_131234,Narrow Brown Spot,hamming_dist_3,False
PERCEPTUAL_NEAR_DUP,BD5,IMG_20241031_131026,Narrow Brown Spot,BD5,IMG_20241031_131027,Narrow Brown Spot,hamming_dist_3,False
PERCEPTUAL_NEAR_DUP,BD5,IMG_20241031_131033,Narrow Brown Spot,BD5,IMG_20241031_131036,Narrow Brown Spot,hamming_dist_3,False
PERCEPTUAL_NEAR_DUP,BD5,IMG_20241031_131302,Narrow Brown Spot,BD5,IMG_20241031_131303,Narrow Brown Spot,hamming_dist_2,False
PERCEPTUAL_NEAR_DUP,BD5,IMG_20241031_131304_1,Narrow Brown Spot,BD5,IMG_20241031_131305,Narrow Brown Spot,hamming_dist_0,False
PERCEPTUAL_NEAR_DUP,BD5,IMG_20241031_131344,Narrow Brown Spot,BD5,IMG_20241031_135012,Narrow Brown Spot,hamming_dist_3,False
PERCEPTUAL_NEAR_DUP,BD5,IMG_20241031_131409,Narrow Brown Spot,BD5,IMG_20241031_131410,Narrow Brown Spot,hamming_dist_3,False
PERCEPTUAL_NEAR_DUP,BD5,IMG_20241031_131430,Narrow Brown Spot,BD5,IMG_20241031_133852,Healthy,hamming_dist_2,False
PERCEPTUAL_NEAR_DUP,BD5,IMG_20241031_131453,Narrow Brown Spot,BD5,IMG_20241031_132451,Narrow Brown Spot,hamming_dist_3,False
PERCEPTUAL_NEAR_DUP,BD5,IMG_20241031_131525,Narrow Brown Spot,BD5,IMG_20241031_131526,Narrow Brown Spot,hamming_dist_3,False
PERCEPTUAL_NEAR_DUP,BD5,IMG_20241031_131543,Narrow Brown Spot,BD5,IMG_20241031_131545,Narrow Brown Spot,hamming_dist_3,False
PERCEPTUAL_NEAR_DUP,BD5,IMG_20241031_131544,Narrow Brown Spot,BD5,IMG_20241031_131545,Narrow Brown Spot,hamming_dist_2,False
PERCEPTUAL_NEAR_DUP,BD5,IMG_20241031_131605,Narrow Brown Spot,BD5,IMG_20241031_131607,Narrow Brown Spot,hamming_dist_4,False
PERCEPTUAL_NEAR_DUP,BD5,IMG_20241031_131607,Narrow Brown Spot,BD5,IMG20241103131559,Healthy,hamming_dist_4,False
PERCEPTUAL_NEAR_DUP,BD5,IMG_20241031_131641,Narrow Brown Spot,BD5,IMG_20241031_131641_1,Narrow Brown Spot,hamming_dist_4,False
PERCEPTUAL_NEAR_DUP,BD5,IMG_20241031_131658_1,Narrow Brown Spot,BD5,IMG_20241031_131659,Narrow Brown Spot,hamming_dist_4,False
PERCEPTUAL_NEAR_DUP,BD5,IMG_20241031_132408,Narrow Brown Spot,BD5,IMG_20241031_132409,Narrow Brown Spot,hamming_dist_3,False
PERCEPTUAL_NEAR_DUP,BD5,IMG_20241031_132443,Narrow Brown Spot,BD5,IMG_20241031_132444,Narrow Brown Spot,hamming_dist_3,False
PERCEPTUAL_NEAR_DUP,BD5,IMG_20241031_132444,Narrow Brown Spot,BD5,IMG_20241031_135109,Narrow Brown Spot,hamming_dist_4,False
PERCEPTUAL_NEAR_DUP,BD5,IMG_20241031_132622,Narrow Brown Spot,BD5,IMG_20241031_132624,Narrow Brown Spot,hamming_dist_0,False
PERCEPTUAL_NEAR_DUP,BD5,IMG_20241031_133220,Narrow Brown Spot,BD5,IMG_20241031_133223,Narrow Brown Spot,hamming_dist_3,False
PERCEPTUAL_NEAR_DUP,BD5,IMG_20241031_133614,Narrow Brown Spot,BD5,IMG20241103125530,Healthy,hamming_dist_3,False
PERCEPTUAL_NEAR_DUP,BD5,IMG_20241031_133614,Narrow Brown Spot,BD5,IMG20241103125530_01,Healthy,hamming_dist_4,False
PERCEPTUAL_NEAR_DUP,BD5,IMG_20241031_133614_1,Narrow Brown Spot,BD5,IMG_20241031_133621,Narrow Brown Spot,hamming_dist_3,False
PERCEPTUAL_NEAR_DUP,BD5,IMG_20241031_133652,Narrow Brown Spot,BD5,IMG_20241031_133653,Narrow Brown Spot,hamming_dist_3,False
PERCEPTUAL_NEAR_DUP,BD5,IMG_20241031_133911,Narrow Brown Spot,BD5,IMG_20241031_133910,Healthy,hamming_dist_2,False
PERCEPTUAL_NEAR_DUP,BD5,IMG_20241031_133940,Narrow Brown Spot,BD5,IMG_20241031_133941,Narrow Brown Spot,hamming_dist_4,False
PERCEPTUAL_NEAR_DUP,BD5,IMG_20241031_134016,Narrow Brown Spot,BD5,IMG_20241031_134017,Narrow Brown Spot,hamming_dist_2,False
PERCEPTUAL_NEAR_DUP,BD5,IMG_20241031_134909,Narrow Brown Spot,BD5,IMG_20241031_135012,Narrow Brown Spot,hamming_dist_2,False
PERCEPTUAL_NEAR_DUP,BD5,IMG_20241031_135012,Narrow Brown Spot,BD5,IMG_20241031_135325,Healthy,hamming_dist_4,False
PERCEPTUAL_NEAR_DUP,BD5,IMG_20241031_135023,Narrow Brown Spot,BD5,IMG_20241031_135026,Narrow Brown Spot,hamming_dist_3,False
PERCEPTUAL_NEAR_DUP,BD5,IMG_20241031_135114,Narrow Brown Spot,BD5,IMG_20241031_135117,Narrow Brown Spot,hamming_dist_3,False
PERCEPTUAL_NEAR_DUP,BD5,IMG_20241031_135127,Narrow Brown Spot,BD5,IMG_20241031_135128,Narrow Brown Spot,hamming_dist_2,False
PERCEPTUAL_NEAR_DUP,BD5,IMG_20241031_135749,Narrow Brown Spot,BD5,IMG_20241031_135750,Narrow Brown Spot,hamming_dist_4,False
PERCEPTUAL_NEAR_DUP,BD5,IMG_20241031_140728,Narrow Brown Spot,BD5,IMG_20241031_140729,Narrow Brown Spot,hamming_dist_2,False
PERCEPTUAL_NEAR_DUP,BD5,IMG_20241031_140744,Narrow Brown Spot,BD5,IMG_20241031_140745,Narrow Brown Spot,hamming_dist_0,False
PERCEPTUAL_NEAR_DUP,BD5,IMG_20241031_141031,Narrow Brown Spot,BD5,IMG_20241031_141032,Narrow Brown Spot,hamming_dist_4,False
PERCEPTUAL_NEAR_DUP,BD5,IMG20241103125228,Healthy,BD5,IMG20241103125229,Healthy,hamming_dist_0,False
PERCEPTUAL_NEAR_DUP,BD5,IMG20241103125228,Healthy,BD5,IMG20241103125230,Healthy,hamming_dist_0,False
PERCEPTUAL_NEAR_DUP,BD5,IMG20241103125229,Healthy,BD5,IMG20241103125230,Healthy,hamming_dist_0,False
PERCEPTUAL_NEAR_DUP,BD5,IMG20241103125234,Healthy,BD5,IMG20241103125234_01,Healthy,hamming_dist_1,False
PERCEPTUAL_NEAR_DUP,BD5,IMG20241103125247,Healthy,BD5,IMG20241103125248,Healthy,hamming_dist_4,False
PERCEPTUAL_NEAR_DUP,BD5,IMG20241103125252,Healthy,BD5,IMG20241103125252_01,Healthy,hamming_dist_1,False
PERCEPTUAL_NEAR_DUP,BD5,IMG20241103125259,Healthy,BD5,IMG20241103125300,Healthy,hamming_dist_3,False
PERCEPTUAL_NEAR_DUP,BD5,IMG20241103125326,Healthy,BD5,IMG20241103125326_01,Healthy,hamming_dist_4,False
PERCEPTUAL_NEAR_DUP,BD5,IMG20241103125326_01,Healthy,BD5,IMG20241103125327,Healthy,hamming_dist_2,False
PERCEPTUAL_NEAR_DUP,BD5,IMG20241103125354,Healthy,BD5,IMG20241103125355,Healthy,hamming_dist_0,False
PERCEPTUAL_NEAR_DUP,BD5,IMG20241103125402,Healthy,BD5,IMG20241103125403,Healthy,hamming_dist_4,False
PERCEPTUAL_NEAR_DUP,BD5,IMG20241103125418_01,Healthy,BD5,IMG20241103125419,Healthy,hamming_dist_2,False
PERCEPTUAL_NEAR_DUP,BD5,IMG20241103125445,Healthy,BD5,IMG20241103125445_01,Healthy,hamming_dist_2,False
PERCEPTUAL_NEAR_DUP,BD5,IMG20241103125451,Healthy,BD5,IMG20241103125452,Healthy,hamming_dist_1,False
PERCEPTUAL_NEAR_DUP,BD5,IMG20241103125517,Healthy,BD5,IMG20241103125518,Healthy,hamming_dist_4,False
PERCEPTUAL_NEAR_DUP,BD5,IMG20241103125523,Healthy,BD5,IMG20241103125821,Healthy,hamming_dist_4,False
PERCEPTUAL_NEAR_DUP,BD5,IMG20241103125530,Healthy,BD5,IMG20241103125530_01,Healthy,hamming_dist_1,False
PERCEPTUAL_NEAR_DUP,BD5,IMG20241103125530,Healthy,BD5,IMG20241103125531,Healthy,hamming_dist_2,False
PERCEPTUAL_NEAR_DUP,BD5,IMG20241103125530_01,Healthy,BD5,IMG20241103125531,Healthy,hamming_dist_3,False
PERCEPTUAL_NEAR_DUP,BD5,IMG20241103125613,Healthy,BD5,IMG20241103125614,Healthy,hamming_dist_3,False
PERCEPTUAL_NEAR_DUP,BD5,IMG20241103125631,Healthy,BD5,IMG20241103125631_01,Healthy,hamming_dist_3,False
PERCEPTUAL_NEAR_DUP,BD5,IMG20241103125643,Healthy,BD5,IMG20241103125643_01,Healthy,hamming_dist_3,False
PERCEPTUAL_NEAR_DUP,BD5,IMG20241103125656,Healthy,BD5,IMG20241103125658,Healthy,hamming_dist_2,False
PERCEPTUAL_NEAR_DUP,BD5,IMG20241103125717,Healthy,BD5,IMG20241103125729,Healthy,hamming_dist_4,False
PERCEPTUAL_NEAR_DUP,BD5,IMG20241103125717,Healthy,BD5,IMG20241103125957,Healthy,hamming_dist_4,False
PERCEPTUAL_NEAR_DUP,BD5,IMG20241103125717,Healthy,BD5,IMG20241103131543,Healthy,hamming_dist_4,False
PERCEPTUAL_NEAR_DUP,BD5,IMG20241103125717,Healthy,BD5,IMG20241103131543_01,Healthy,hamming_dist_4,False
PERCEPTUAL_NEAR_DUP,BD5,IMG20241103125717,Healthy,BD5,IMG20241103131608,Healthy,hamming_dist_4,False
PERCEPTUAL_NEAR_DUP,BD5,IMG20241103125729,Healthy,BD5,IMG20241103125730,Healthy,hamming_dist_1,False
PERCEPTUAL_NEAR_DUP,BD5,IMG20241103125729,Healthy,BD5,IMG20241103131608,Healthy,hamming_dist_2,False
PERCEPTUAL_NEAR_DUP,BD5,IMG20241103125730,Healthy,BD5,IMG20241103131608,Healthy,hamming_dist_3,False
PERCEPTUAL_NEAR_DUP,BD5,IMG20241103125806,Healthy,BD5,IMG20241103125806_01,Healthy,hamming_dist_4,False
PERCEPTUAL_NEAR_DUP,BD5,IMG20241103125815,Healthy,BD5,IMG20241103125816,Healthy,hamming_dist_4,False
PERCEPTUAL_NEAR_DUP,BD5,IMG20241103125834,Healthy,BD5,IMG20241103125835,Healthy,hamming_dist_1,False
PERCEPTUAL_NEAR_DUP,BD5,IMG20241103125839,Healthy,BD5,IMG20241103125841,Healthy,hamming_dist_3,False
PERCEPTUAL_NEAR_DUP,BD5,IMG20241103125918,Healthy,BD5,IMG20241103125919,Healthy,hamming_dist_2,False
PERCEPTUAL_NEAR_DUP,BD5,IMG20241103125938,Healthy,BD5,IMG20241103125938_01,Healthy,hamming_dist_0,False
PERCEPTUAL_NEAR_DUP,BD5,IMG20241103125957,Healthy,BD5,IMG20241103131543,Healthy,hamming_dist_2,False
PERCEPTUAL_NEAR_DUP,BD5,IMG20241103125957,Healthy,BD5,IMG20241103131543_01,Healthy,hamming_dist_2,False
PERCEPTUAL_NEAR_DUP,BD5,IMG20241103125957,Healthy,BD5,IMG20241103131552,Healthy,hamming_dist_4,False
PERCEPTUAL_NEAR_DUP,BD5,IMG20241103130203,Healthy,BD5,IMG20241103130204,Healthy,hamming_dist_3,False
PERCEPTUAL_NEAR_DUP,BD5,IMG20241103130209,Healthy,BD5,IMG20241103130210,Healthy,hamming_dist_3,False
PERCEPTUAL_NEAR_DUP,BD5,IMG20241103130250,Healthy,BD5,IMG20241103130251,Healthy,hamming_dist_3,False
PERCEPTUAL_NEAR_DUP,BD5,IMG20241103130328,Healthy,BD5,IMG20241103130329,Healthy,hamming_dist_2,False
PERCEPTUAL_NEAR_DUP,BD5,IMG20241103130343,Healthy,BD5,IMG20241103130344,Healthy,hamming_dist_3,False
PERCEPTUAL_NEAR_DUP,BD5,IMG20241103130346,Healthy,BD5,IMG20241103130347,Healthy,hamming_dist_3,False
PERCEPTUAL_NEAR_DUP,BD5,IMG20241103130353,Healthy,BD5,IMG20241103130354,Healthy,hamming_dist_4,False
PERCEPTUAL_NEAR_DUP,BD5,IMG20241103130356,Healthy,BD5,IMG20241103130357,Healthy,hamming_dist_4,False
PERCEPTUAL_NEAR_DUP,BD5,IMG20241103130400,Healthy,BD5,IMG20241103130400_01,Healthy,hamming_dist_1,False
PERCEPTUAL_NEAR_DUP,BD5,IMG20241103130404,Healthy,BD5,IMG20241103130405,Healthy,hamming_dist_1,False
PERCEPTUAL_NEAR_DUP,BD5,IMG20241103130404,Healthy,BD5,IMG20241103130405_01,Healthy,hamming_dist_1,False
PERCEPTUAL_NEAR_DUP,BD5,IMG20241103130405,Healthy,BD5,IMG20241103130405_01,Healthy,hamming_dist_2,False
PERCEPTUAL_NEAR_DUP,BD5,IMG20241103130415,Healthy,BD5,IMG20241103130416,Healthy,hamming_dist_3,False
PERCEPTUAL_NEAR_DUP,BD5,IMG20241103130422,Healthy,BD5,IMG20241103130423,Healthy,hamming_dist_1,False
PERCEPTUAL_NEAR_DUP,BD5,IMG20241103130441,Healthy,BD5,IMG20241103130441_01,Healthy,hamming_dist_3,False
PERCEPTUAL_NEAR_DUP,BD5,IMG20241103130442,Healthy,BD5,IMG20241103130442_01,Healthy,hamming_dist_3,False
PERCEPTUAL_NEAR_DUP,BD5,IMG20241103130454,Healthy,BD5,IMG20241103130455,Healthy,hamming_dist_2,False
PERCEPTUAL_NEAR_DUP,BD5,IMG20241103130629,Healthy,BD5,IMG20241103130630,Healthy,hamming_dist_1,False
PERCEPTUAL_NEAR_DUP,BD5,IMG20241103130634,Healthy,BD5,IMG20241103130634_01,Healthy,hamming_dist_3,False
PERCEPTUAL_NEAR_DUP,BD5,IMG20241103130906,Healthy,BD5,IMG20241103130907,Healthy,hamming_dist_2,False
PERCEPTUAL_NEAR_DUP,BD5,IMG20241103131307,Healthy,BD5,IMG20241103131307_01,Healthy,hamming_dist_1,False
PERCEPTUAL_NEAR_DUP,BD5,IMG20241103131311,Healthy,BD5,IMG20241103131311_01,Healthy,hamming_dist_0,False
PERCEPTUAL_NEAR_DUP,BD5,IMG20241103131315,Healthy,BD5,IMG20241103131316,Healthy,hamming_dist_3,False
PERCEPTUAL_NEAR_DUP,BD5,IMG20241103131325,Healthy,BD5,IMG20241103131326,Healthy,hamming_dist_3,False
PERCEPTUAL_NEAR_DUP,BD5,IMG20241103131329,Healthy,BD5,IMG20241103131329_01,Healthy,hamming_dist_2,False
PERCEPTUAL_NEAR_DUP,BD5,IMG20241103131332,Healthy,BD5,IMG20241103131332_01,Healthy,hamming_dist_0,False
PERCEPTUAL_NEAR_DUP,BD5,IMG20241103131352,Healthy,BD5,IMG20241103131352_01,Healthy,hamming_dist_1,False
PERCEPTUAL_NEAR_DUP,BD5,IMG20241103131450,Healthy,BD5,IMG20241103131451,Healthy,hamming_dist_2,False
PERCEPTUAL_NEAR_DUP,BD5,IMG20241103131450,Healthy,BD5,IMG20241103131451_01,Healthy,hamming_dist_1,False
PERCEPTUAL_NEAR_DUP,BD5,IMG20241103131451,Healthy,BD5,IMG20241103131451_01,Healthy,hamming_dist_1,False
PERCEPTUAL_NEAR_DUP,BD5,IMG20241103131513,Healthy,BD5,IMG20241103131552,Healthy,hamming_dist_4,False
PERCEPTUAL_NEAR_DUP,BD5,IMG20241103131527,Healthy,BD5,IMG20241103131528,Healthy,hamming_dist_2,False
PERCEPTUAL_NEAR_DUP,BD5,IMG20241103131538,Healthy,BD5,IMG20241103131539,Healthy,hamming_dist_1,False
PERCEPTUAL_NEAR_DUP,BD5,IMG20241103131543,Healthy,BD5,IMG20241103131543_01,Healthy,hamming_dist_0,False
PERCEPTUAL_NEAR_DUP,BD5,IMG20241103131543,Healthy,BD5,IMG20241103131559,Healthy,hamming_dist_3,False
PERCEPTUAL_NEAR_DUP,BD5,IMG20241103131543_01,Healthy,BD5,IMG20241103131559,Healthy,hamming_dist_3,False
PERCEPTUAL_NEAR_DUP,BD5,IMG20241103131547,Healthy,BD5,IMG20241103131547_01,Healthy,hamming_dist_1,False
PERCEPTUAL_NEAR_DUP,BD5,IMG20241103131547_01,Healthy,BD5,IMG20241103131548,Healthy,hamming_dist_4,False
PERCEPTUAL_NEAR_DUP,BD5,IMG20241103131559,Healthy,BD5,IMG20241103131602,Healthy,hamming_dist_2,False
PERCEPTUAL_NEAR_DUP,BD5,IMG_20241031_132451,Healthy,BD5,IMG_20241031_132452,Healthy,hamming_dist_4,False
PERCEPTUAL_NEAR_DUP,BD5,IMG_20241031_132458,Healthy,BD5,IMG_20241031_132500,Healthy,hamming_dist_3,False
PERCEPTUAL_NEAR_DUP,BD5,IMG_20241031_132537,Healthy,BD5,IMG_20241031_132538,Healthy,hamming_dist_3,False
PERCEPTUAL_NEAR_DUP,BD5,IMG_20241031_132634,Healthy,BD5,IMG_20241031_132635,Healthy,hamming_dist_3,False
PERCEPTUAL_NEAR_DUP,BD5,IMG_20241031_132751,Healthy,BD5,IMG_20241031_132752,Healthy,hamming_dist_1,False
PERCEPTUAL_NEAR_DUP,BD5,IMG_20241031_132802,Healthy,BD5,IMG_20241031_132803,Healthy,hamming_dist_2,False
PERCEPTUAL_NEAR_DUP,BD5,IMG_20241031_133011,Healthy,BD5,IMG_20241031_133012,Healthy,hamming_dist_1,False
PERCEPTUAL_NEAR_DUP,BD5,IMG_20241031_133020,Healthy,BD5,IMG_20241031_133021,Healthy,hamming_dist_1,False
PERCEPTUAL_NEAR_DUP,BD5,IMG_20241031_133020,Healthy,BD5,IMG_20241031_133023,Healthy,hamming_dist_4,False
PERCEPTUAL_NEAR_DUP,BD5,IMG_20241031_133021,Healthy,BD5,IMG_20241031_133023,Healthy,hamming_dist_3,False
PERCEPTUAL_NEAR_DUP,BD5,IMG_20241031_133036,Healthy,BD5,IMG_20241031_133037,Healthy,hamming_dist_0,False
PERCEPTUAL_NEAR_DUP,BD5,IMG_20241031_133036,Healthy,BD5,IMG_20241031_133038,Healthy,hamming_dist_3,False
PERCEPTUAL_NEAR_DUP,BD5,IMG_20241031_133037,Healthy,BD5,IMG_20241031_133038,Healthy,hamming_dist_3,False
PERCEPTUAL_NEAR_DUP,BD5,IMG_20241031_133515,Healthy,BD5,IMG_20241031_133516,Healthy,hamming_dist_4,False
PERCEPTUAL_NEAR_DUP,BD5,IMG_20241031_133522,Healthy,BD5,IMG_20241031_133524,Healthy,hamming_dist_2,False
PERCEPTUAL_NEAR_DUP,BD5,IMG_20241031_133539,Healthy,BD5,IMG_20241031_133540,Healthy,hamming_dist_4,False
PERCEPTUAL_NEAR_DUP,BD5,IMG_20241031_133539_1,Healthy,BD5,IMG_20241031_133540,Healthy,hamming_dist_2,False
PERCEPTUAL_NEAR_DUP,BD5,IMG_20241031_133605,Healthy,BD5,IMG_20241031_133606,Healthy,hamming_dist_1,False
PERCEPTUAL_NEAR_DUP,BD5,IMG_20241031_133610,Healthy,BD5,IMG_20241031_133612,Healthy,hamming_dist_4,False
PERCEPTUAL_NEAR_DUP,BD5,IMG_20241031_133648,Healthy,BD5,IMG_20241031_133649,Healthy,hamming_dist_3,False
PERCEPTUAL_NEAR_DUP,BD5,IMG_20241031_133648,Healthy,BD5,IMG_20241031_133650,Healthy,hamming_dist_3,False
PERCEPTUAL_NEAR_DUP,BD5,IMG_20241031_133649,Healthy,BD5,IMG_20241031_133650,Healthy,hamming_dist_0,False
PERCEPTUAL_NEAR_DUP,BD5,IMG_20241031_133656,Healthy,BD5,IMG_20241031_133657,Healthy,hamming_dist_2,False
PERCEPTUAL_NEAR_DUP,BD5,IMG_20241031_133714,Healthy,BD5,IMG_20241031_133715,Healthy,hamming_dist_4,False
PERCEPTUAL_NEAR_DUP,BD5,IMG_20241031_133730,Healthy,BD5,IMG_20241031_133731,Healthy,hamming_dist_2,False
PERCEPTUAL_NEAR_DUP,BD5,IMG_20241031_133730,Healthy,BD5,IMG_20241031_133732,Healthy,hamming_dist_2,False
PERCEPTUAL_NEAR_DUP,BD5,IMG_20241031_133731,Healthy,BD5,IMG_20241031_133732,Healthy,hamming_dist_2,False
PERCEPTUAL_NEAR_DUP,BD5,IMG_20241031_133823,Healthy,BD5,IMG_20241031_133824,Healthy,hamming_dist_3,False
PERCEPTUAL_NEAR_DUP,BD5,IMG_20241031_133824,Healthy,BD5,IMG_20241031_133825,Healthy,hamming_dist_2,False
PERCEPTUAL_NEAR_DUP,BD5,IMG_20241031_133838,Healthy,BD5,IMG_20241031_133839,Healthy,hamming_dist_4,False
PERCEPTUAL_NEAR_DUP,BD5,IMG_20241031_133838,Healthy,BD5,IMG_20241031_133839_1,Healthy,hamming_dist_3,False
PERCEPTUAL_NEAR_DUP,BD5,IMG_20241031_133839,Healthy,BD5,IMG_20241031_133839_1,Healthy,hamming_dist_1,False
PERCEPTUAL_NEAR_DUP,BD5,IMG_20241031_133858,Healthy,BD5,IMG_20241031_133859,Healthy,hamming_dist_4,False
PERCEPTUAL_NEAR_DUP,BD5,IMG_20241031_133918,Healthy,BD5,IMG_20241031_133919,Healthy,hamming_dist_3,False
PERCEPTUAL_NEAR_DUP,BD5,IMG_20241031_133923,Healthy,BD5,IMG_20241031_133924,Healthy,hamming_dist_1,False
PERCEPTUAL_NEAR_DUP,BD5,IMG_20241031_133929,Healthy,BD5,IMG_20241031_133930,Healthy,hamming_dist_1,False
PERCEPTUAL_NEAR_DUP,BD5,IMG_20241031_133929,Healthy,BD5,IMG_20241031_133931,Healthy,hamming_dist_1,False
PERCEPTUAL_NEAR_DUP,BD5,IMG_20241031_133930,Healthy,BD5,IMG_20241031_133931,Healthy,hamming_dist_0,False
PERCEPTUAL_NEAR_DUP,BD5,IMG_20241031_133940_1,Healthy,BD5,IMG_20241031_133941,Healthy,hamming_dist_2,False
PERCEPTUAL_NEAR_DUP,BD5,IMG_20241031_133952,Healthy,BD5,IMG_20241031_133953,Healthy,hamming_dist_2,False
PERCEPTUAL_NEAR_DUP,BD5,IMG_20241031_133952,Healthy,BD5,IMG_20241031_133954,Healthy,hamming_dist_2,False
PERCEPTUAL_NEAR_DUP,BD5,IMG_20241031_133953,Healthy,BD5,IMG_20241031_133954,Healthy,hamming_dist_2,False
PERCEPTUAL_NEAR_DUP,BD5,IMG_20241031_134028,Healthy,BD5,IMG_20241031_134028_1,Healthy,hamming_dist_3,False
PERCEPTUAL_NEAR_DUP,BD5,IMG_20241031_134028,Healthy,BD5,IMG_20241031_134032,Healthy,hamming_dist_2,False
PERCEPTUAL_NEAR_DUP,BD5,IMG_20241031_134028,Healthy,BD5,IMG_20241031_134033,Healthy,hamming_dist_4,False
PERCEPTUAL_NEAR_DUP,BD5,IMG_20241031_134028,Healthy,BD5,IMG_20241031_134034,Healthy,hamming_dist_2,False
PERCEPTUAL_NEAR_DUP,BD5,IMG_20241031_134032,Healthy,BD5,IMG_20241031_134033,Healthy,hamming_dist_2,False
PERCEPTUAL_NEAR_DUP,BD5,IMG_20241031_134032,Healthy,BD5,IMG_20241031_134034,Healthy,hamming_dist_2,False
PERCEPTUAL_NEAR_DUP,BD5,IMG_20241031_134033,Healthy,BD5,IMG_20241031_134034,Healthy,hamming_dist_2,False
PERCEPTUAL_NEAR_DUP,BD5,IMG_20241031_134041,Healthy,BD5,IMG_20241031_134042,Healthy,hamming_dist_3,False
PERCEPTUAL_NEAR_DUP,BD5,IMG_20241031_134127,Healthy,BD5,IMG_20241031_134128,Healthy,hamming_dist_2,False
PERCEPTUAL_NEAR_DUP,BD5,IMG_20241031_134146,Healthy,BD5,IMG_20241031_134147,Healthy,hamming_dist_2,False
PERCEPTUAL_NEAR_DUP,BD5,IMG_20241031_134154,Healthy,BD5,IMG_20241031_134155,Healthy,hamming_dist_4,False
PERCEPTUAL_NEAR_DUP,BD5,IMG_20241031_134225,Healthy,BD5,IMG_20241031_134226,Healthy,hamming_dist_4,False
PERCEPTUAL_NEAR_DUP,BD5,IMG_20241031_134226,Healthy,BD5,IMG_20241031_134228,Healthy,hamming_dist_2,False
PERCEPTUAL_NEAR_DUP,BD5,IMG_20241031_134240,Healthy,BD5,IMG_20241031_134240_1,Healthy,hamming_dist_3,False
PERCEPTUAL_NEAR_DUP,BD5,IMG_20241031_134250_1,Healthy,BD5,IMG_20241031_134250_2,Healthy,hamming_dist_1,False
PERCEPTUAL_NEAR_DUP,BD5,IMG_20241031_134250_1,Healthy,BD5,IMG_20241031_134251,Healthy,hamming_dist_3,False
PERCEPTUAL_NEAR_DUP,BD5,IMG_20241031_134250_2,Healthy,BD5,IMG_20241031_134251,Healthy,hamming_dist_4,False
PERCEPTUAL_NEAR_DUP,BD5,IMG_20241031_134413,Healthy,BD5,IMG_20241031_134414,Healthy,hamming_dist_4,False
PERCEPTUAL_NEAR_DUP,BD5,IMG_20241031_134438,Healthy,BD5,IMG_20241031_134439,Healthy,hamming_dist_3,False
PERCEPTUAL_NEAR_DUP,BD5,IMG_20241031_134439,Healthy,BD5,IMG_20241031_134439_1,Healthy,hamming_dist_4,False
PERCEPTUAL_NEAR_DUP,BD5,IMG_20241031_134509,Healthy,BD5,IMG_20241031_134510,Healthy,hamming_dist_1,False
PERCEPTUAL_NEAR_DUP,BD5,IMG_20241031_134509,Healthy,BD5,IMG_20241031_134511,Healthy,hamming_dist_3,False
PERCEPTUAL_NEAR_DUP,BD5,IMG_20241031_134510,Healthy,BD5,IMG_20241031_134511,Healthy,hamming_dist_4,False
PERCEPTUAL_NEAR_DUP,BD5,IMG_20241031_134529,Healthy,BD5,IMG_20241031_134529_1,Healthy,hamming_dist_1,False
PERCEPTUAL_NEAR_DUP,BD5,IMG_20241031_134550,Healthy,BD5,IMG_20241031_134551,Healthy,hamming_dist_4,False
PERCEPTUAL_NEAR_DUP,BD5,IMG_20241031_134651,Healthy,BD5,IMG_20241031_134652,Healthy,hamming_dist_3,False
PERCEPTUAL_NEAR_DUP,BD5,IMG_20241031_135052,Healthy,BD5,IMG_20241031_135053,Healthy,hamming_dist_3,False
PERCEPTUAL_NEAR_DUP,BD5,IMG_20241031_135058,Healthy,BD5,IMG_20241031_135059,Healthy,hamming_dist_3,False
PERCEPTUAL_NEAR_DUP,BD5,IMG_20241031_135106,Healthy,BD5,IMG_20241031_135107,Healthy,hamming_dist_4,False
PERCEPTUAL_NEAR_DUP,BD5,IMG_20241031_135106,Healthy,BD5,IMG_20241031_135109,Healthy,hamming_dist_4,False
PERCEPTUAL_NEAR_DUP,BD5,IMG_20241031_135107,Healthy,BD5,IMG_20241031_135108,Healthy,hamming_dist_3,False
PERCEPTUAL_NEAR_DUP,BD5,IMG_20241031_135107,Healthy,BD5,IMG_20241031_135109,Healthy,hamming_dist_2,False
PERCEPTUAL_NEAR_DUP,BD5,IMG_20241031_135108,Healthy,BD5,IMG_20241031_135109,Healthy,hamming_dist_1,False
PERCEPTUAL_NEAR_DUP,BD5,IMG_20241031_135121,Healthy,BD5,IMG_20241031_135122,Healthy,hamming_dist_4,False
PERCEPTUAL_NEAR_DUP,BD5,IMG_20241031_135126,Healthy,BD5,IMG_20241031_135128,Healthy,hamming_dist_0,False
PERCEPTUAL_NEAR_DUP,BD5,IMG_20241031_135145,Healthy,BD5,IMG_20241031_135146,Healthy,hamming_dist_1,False
PERCEPTUAL_NEAR_DUP,BD5,IMG_20241031_135145,Healthy,BD5,IMG_20241031_135147,Healthy,hamming_dist_2,False
PERCEPTUAL_NEAR_DUP,BD5,IMG_20241031_135146,Healthy,BD5,IMG_20241031_135147,Healthy,hamming_dist_3,False
PERCEPTUAL_NEAR_DUP,BD5,IMG_20241031_135154,Healthy,BD5,IMG_20241031_135155_1,Healthy,hamming_dist_0,False
PERCEPTUAL_NEAR_DUP,BD5,IMG_20241031_135156,Healthy,BD5,IMG_20241031_135156_1,Healthy,hamming_dist_4,False
PERCEPTUAL_NEAR_DUP,BD5,IMG_20241031_135156,Healthy,BD5,IMG_20241031_135331,Healthy,hamming_dist_3,False
PERCEPTUAL_NEAR_DUP,BD5,IMG_20241031_135156_1,Healthy,BD5,IMG_20241031_135331,Healthy,hamming_dist_1,False
PERCEPTUAL_NEAR_DUP,BD5,IMG_20241031_135156_1,Healthy,BD5,IMG_20241031_135519,Healthy,hamming_dist_2,False
PERCEPTUAL_NEAR_DUP,BD5,IMG_20241031_135207,Healthy,BD5,IMG_20241031_135208,Healthy,hamming_dist_2,False
PERCEPTUAL_NEAR_DUP,BD5,IMG_20241031_135301,Healthy,BD5,IMG_20241031_135302,Healthy,hamming_dist_1,False
PERCEPTUAL_NEAR_DUP,BD5,IMG_20241031_135301,Healthy,BD5,IMG_20241031_135303,Healthy,hamming_dist_3,False
PERCEPTUAL_NEAR_DUP,BD5,IMG_20241031_135302,Healthy,BD5,IMG_20241031_135303,Healthy,hamming_dist_2,False
PERCEPTUAL_NEAR_DUP,BD5,IMG_20241031_135313,Healthy,BD5,IMG_20241031_135314,Healthy,hamming_dist_3,False
PERCEPTUAL_NEAR_DUP,BD5,IMG_20241031_135313,Healthy,BD5,IMG_20241031_135315,Healthy,hamming_dist_0,False
PERCEPTUAL_NEAR_DUP,BD5,IMG_20241031_135314,Healthy,BD5,IMG_20241031_135315,Healthy,hamming_dist_3,False
PERCEPTUAL_NEAR_DUP,BD5,IMG_20241031_135325_1,Healthy,BD5,IMG_20241031_135326,Healthy,hamming_dist_3,False
PERCEPTUAL_NEAR_DUP,BD5,IMG_20241031_135331,Healthy,BD5,IMG_20241031_135519,Healthy,hamming_dist_3,False
PERCEPTUAL_NEAR_DUP,BD5,IMG_20241031_135353_1,Healthy,BD5,IMG_20241031_135354,Healthy,hamming_dist_1,False
PERCEPTUAL_NEAR_DUP,BD5,IMG_20241031_135415,Healthy,BD5,IMG_20241031_135536,Healthy,hamming_dist_4,False
PERCEPTUAL_NEAR_DUP,BD5,IMG_20241031_135421,Healthy,BD5,IMG_20241031_135422,Healthy,hamming_dist_2,False
PERCEPTUAL_NEAR_DUP,BD5,IMG_20241031_135421,Healthy,BD5,IMG_20241031_135536,Healthy,hamming_dist_4,False
PERCEPTUAL_NEAR_DUP,BD5,IMG_20241031_135422,Healthy,BD5,IMG_20241031_135536,Healthy,hamming_dist_4,False
PERCEPTUAL_NEAR_DUP,BD5,IMG_20241031_135422,Healthy,BD5,IMG_20241031_135537,Healthy,hamming_dist_3,False
PERCEPTUAL_NEAR_DUP,BD5,IMG_20241031_135423,Healthy,BD5,IMG_20241031_135425,Healthy,hamming_dist_4,False
PERCEPTUAL_NEAR_DUP,BD5,IMG_20241031_135437,Healthy,BD5,IMG_20241031_135438,Healthy,hamming_dist_4,False
PERCEPTUAL_NEAR_DUP,BD5,IMG_20241031_135442,Healthy,BD5,IMG_20241031_135444,Healthy,hamming_dist_1,False
PERCEPTUAL_NEAR_DUP,BD5,IMG_20241031_135443,Healthy,BD5,IMG_20241031_135444_1,Healthy,hamming_dist_2,False
PERCEPTUAL_NEAR_DUP,BD5,IMG_20241031_135444_1,Healthy,BD5,IMG_20241031_135445,Healthy,hamming_dist_3,False
PERCEPTUAL_NEAR_DUP,BD5,IMG_20241031_135508,Healthy,BD5,IMG_20241031_135510,Healthy,hamming_dist_4,False
PERCEPTUAL_NEAR_DUP,BD5,IMG_20241031_135517,Healthy,BD5,IMG_20241031_135519,Healthy,hamming_dist_4,False
PERCEPTUAL_NEAR_DUP,BD5,IMG_20241031_135536,Healthy,BD5,IMG_20241031_135537,Healthy,hamming_dist_1,False
PERCEPTUAL_NEAR_DUP,BD5,IMG_20241031_135542,Healthy,BD5,IMG_20241031_135543,Healthy,hamming_dist_3,False
PERCEPTUAL_NEAR_DUP,BD5,IMG_20241031_135636,Healthy,BD5,IMG_20241031_135638,Healthy,hamming_dist_4,False
PERCEPTUAL_NEAR_DUP,BD5,IMG_20241031_135706,Healthy,BD5,IMG_20241031_135707,Healthy,hamming_dist_3,False
PERCEPTUAL_NEAR_DUP,BD5,IMG_20241031_135718,Healthy,BD5,IMG_20241031_135719,Healthy,hamming_dist_0,False
PERCEPTUAL_NEAR_DUP,BD5,IMG_20241031_135749,Healthy,BD5,IMG_20241031_135749_1,Healthy,hamming_dist_3,False
PERCEPTUAL_NEAR_DUP,BD5,IMG_20241031_135749,Healthy,BD5,IMG_20241031_135750,Healthy,hamming_dist_3,False
PERCEPTUAL_NEAR_DUP,BD5,IMG_20241031_135749,Healthy,BD5,IMG_20241031_135752,Healthy,hamming_dist_2,False
PERCEPTUAL_NEAR_DUP,BD5,IMG_20241031_135749_1,Healthy,BD5,IMG_20241031_135750,Healthy,hamming_dist_2,False
PERCEPTUAL_NEAR_DUP,BD5,IMG_20241031_135749_1,Healthy,BD5,IMG_20241031_135752,Healthy,hamming_dist_3,False
PERCEPTUAL_NEAR_DUP,BD5,IMG_20241031_135750,Healthy,BD5,IMG_20241031_135752,Healthy,hamming_dist_3,False
PERCEPTUAL_NEAR_DUP,BD5,IMG_20241031_135803,Healthy,BD5,IMG_20241031_135804,Healthy,hamming_dist_4,False
PERCEPTUAL_NEAR_DUP,BD5,IMG_20241031_135810,Healthy,BD5,IMG_20241031_135811,Healthy,hamming_dist_4,False
PERCEPTUAL_NEAR_DUP,BD5,IMG_20241031_135812,Healthy,BD5,IMG_20241031_135813,Healthy,hamming_dist_3,False
PERCEPTUAL_NEAR_DUP,BD5,IMG_20241031_135818,Healthy,BD5,IMG_20241031_135819,Healthy,hamming_dist_2,False
PERCEPTUAL_NEAR_DUP,BD5,IMG_20241031_135819,Healthy,BD5,IMG_20241031_135829,Healthy,hamming_dist_3,False
PERCEPTUAL_NEAR_DUP,BD5,IMG_20241031_135837,Healthy,BD5,IMG_20241031_135838,Healthy,hamming_dist_3,False
PERCEPTUAL_NEAR_DUP,BD5,IMG_20241031_135839,Healthy,BD5,IMG_20241031_135840,Healthy,hamming_dist_1,False
PERCEPTUAL_NEAR_DUP,BD5,IMG_20241031_135839,Healthy,BD5,IMG_20241031_135841,Healthy,hamming_dist_3,False
PERCEPTUAL_NEAR_DUP,BD5,IMG_20241031_135840,Healthy,BD5,IMG_20241031_135841,Healthy,hamming_dist_2,False
PERCEPTUAL_NEAR_DUP,BD5,IMG_20241031_135900,Healthy,BD5,IMG_20241031_135901,Healthy,hamming_dist_4,False
PERCEPTUAL_NEAR_DUP,BD5,IMG_20241031_135933,Healthy,BD5,IMG_20241031_135934,Healthy,hamming_dist_2,False
PERCEPTUAL_NEAR_DUP,BD5,IMG_20241031_140047,Healthy,BD5,IMG_20241031_140048,Healthy,hamming_dist_0,False
PERCEPTUAL_NEAR_DUP,BD5,IMG_20241031_140053,Healthy,BD5,IMG_20241031_140054,Healthy,hamming_dist_0,False
PERCEPTUAL_NEAR_DUP,BD5,IMG_20241031_140053,Healthy,BD5,IMG_20241031_140054_1,Healthy,hamming_dist_1,False
PERCEPTUAL_NEAR_DUP,BD5,IMG_20241031_140053,Healthy,BD5,IMG_20241031_140055_1,Healthy,hamming_dist_3,False
PERCEPTUAL_NEAR_DUP,BD5,IMG_20241031_140054,Healthy,BD5,IMG_20241031_140054_1,Healthy,hamming_dist_1,False
PERCEPTUAL_NEAR_DUP,BD5,IMG_20241031_140054,Healthy,BD5,IMG_20241031_140055_1,Healthy,hamming_dist_3,False
PERCEPTUAL_NEAR_DUP,BD5,IMG_20241031_140054_1,Healthy,BD5,IMG_20241031_140055_1,Healthy,hamming_dist_2,False
PERCEPTUAL_NEAR_DUP,BD5,IMG_20241031_140055,Healthy,BD5,IMG_20241031_140056,Healthy,hamming_dist_1,False
PERCEPTUAL_NEAR_DUP,BD5,IMG_20241031_140107,Healthy,BD5,IMG_20241031_140108,Healthy,hamming_dist_4,False
PERCEPTUAL_NEAR_DUP,BD5,IMG_20241031_140111,Healthy,BD5,IMG_20241031_140112,Healthy,hamming_dist_1,False
PERCEPTUAL_NEAR_DUP,BD5,IMG_20241031_140111,Healthy,BD5,IMG_20241031_140113,Healthy,hamming_dist_0,False
PERCEPTUAL_NEAR_DUP,BD5,IMG_20241031_140112,Healthy,BD5,IMG_20241031_140113,Healthy,hamming_dist_1,False
PERCEPTUAL_NEAR_DUP,BD5,IMG_20241031_140151,Healthy,BD5,IMG_20241031_140154,Healthy,hamming_dist_2,False
PERCEPTUAL_NEAR_DUP,BD5,IMG_20241031_140203,Healthy,BD5,IMG_20241031_140206,Healthy,hamming_dist_4,False
PERCEPTUAL_NEAR_DUP,BD5,IMG_20241031_140204,Healthy,BD5,IMG_20241031_140206,Healthy,hamming_dist_1,False
PERCEPTUAL_NEAR_DUP,BD5,IMG_20241031_140209,Healthy,BD5,IMG_20241031_140209_1,Healthy,hamming_dist_0,False
PERCEPTUAL_NEAR_DUP,BD5,IMG_20241031_140223,Healthy,BD5,IMG_20241031_140224,Healthy,hamming_dist_1,False
PERCEPTUAL_NEAR_DUP,BD5,IMG_20241031_140239,Healthy,BD5,IMG_20241031_140239_1,Healthy,hamming_dist_4,False
PERCEPTUAL_NEAR_DUP,BD5,IMG_20241031_140245,Healthy,BD5,IMG_20241031_140246,Healthy,hamming_dist_3,False
PERCEPTUAL_NEAR_DUP,BD5,IMG_20241031_140252,Healthy,BD5,IMG_20241031_140252_1,Healthy,hamming_dist_2,False
PERCEPTUAL_NEAR_DUP,BD5,IMG_20241031_140338,Healthy,BD5,IMG_20241031_140339,Healthy,hamming_dist_2,False
PERCEPTUAL_NEAR_DUP,BD5,IMG_20241031_140347,Healthy,BD5,IMG_20241031_140348,Healthy,hamming_dist_3,False
PERCEPTUAL_NEAR_DUP,BD5,IMG_20241031_140354,Healthy,BD5,IMG_20241031_140355,Healthy,hamming_dist_1,False
PERCEPTUAL_NEAR_DUP,BD5,IMG_20241031_140419,Healthy,BD5,IMG_20241031_140420_1,Healthy,hamming_dist_0,False
PERCEPTUAL_NEAR_DUP,BD5,IMG_20241031_140430,Healthy,BD5,IMG_20241031_140430_1,Healthy,hamming_dist_2,False
PERCEPTUAL_NEAR_DUP,BD5,IMG_20241031_140439,Healthy,BD5,IMG_20241031_140440,Healthy,hamming_dist_4,False
PERCEPTUAL_NEAR_DUP,BD5,IMG_20241031_140439,Healthy,BD5,IMG_20241031_140441,Healthy,hamming_dist_3,False
PERCEPTUAL_NEAR_DUP,BD5,IMG_20241031_140440,Healthy,BD5,IMG_20241031_140441,Healthy,hamming_dist_3,False
PERCEPTUAL_NEAR_DUP,BD5,IMG_20241031_140449,Healthy,BD5,IMG_20241031_140450,Healthy,hamming_dist_1,False
PERCEPTUAL_NEAR_DUP,BD5,IMG_20241031_140459,Healthy,BD5,IMG_20241031_140459_1,Healthy,hamming_dist_4,False
PERCEPTUAL_NEAR_DUP,BD5,IMG_20241031_140513,Healthy,BD5,IMG_20241031_140514,Healthy,hamming_dist_3,False
PERCEPTUAL_NEAR_DUP,BD5,IMG_20241031_140513,Healthy,BD5,IMG_20241031_140514_1,Healthy,hamming_dist_1,False
PERCEPTUAL_NEAR_DUP,BD5,IMG_20241031_140514,Healthy,BD5,IMG_20241031_140514_1,Healthy,hamming_dist_2,False
PERCEPTUAL_NEAR_DUP,BD5,IMG_20241031_140549,Healthy,BD5,IMG_20241031_140550,Healthy,hamming_dist_3,False
PERCEPTUAL_NEAR_DUP,BD5,IMG_20241031_140549,Healthy,BD5,IMG_20241031_140553,Healthy,hamming_dist_3,False
PERCEPTUAL_NEAR_DUP,BD5,IMG_20241031_140550,Healthy,BD5,IMG_20241031_140552,Healthy,hamming_dist_4,False
PERCEPTUAL_NEAR_DUP,BD5,IMG_20241031_140550,Healthy,BD5,IMG_20241031_140553,Healthy,hamming_dist_4,False
PERCEPTUAL_NEAR_DUP,BD5,IMG_20241031_140552,Healthy,BD5,IMG_20241031_140553,Healthy,hamming_dist_4,False
PERCEPTUAL_NEAR_DUP,BD5,IMG_20241031_140706,Healthy,BD5,IMG_20241031_140707,Healthy,hamming_dist_2,False
PERCEPTUAL_NEAR_DUP,BD5,IMG_20241031_140832,Healthy,BD5,IMG_20241031_140833,Healthy,hamming_dist_3,False
PERCEPTUAL_NEAR_DUP,BD5,IMG_20241031_140838,Healthy,BD5,IMG_20241031_140838_1,Healthy,hamming_dist_4,False
PERCEPTUAL_NEAR_DUP,BD5,IMG_20241031_140840,Healthy,BD5,IMG_20241031_140841,Healthy,hamming_dist_4,False
PERCEPTUAL_NEAR_DUP,BD5,IMG_20241031_140840,Healthy,BD5,IMG_20241031_140842,Healthy,hamming_dist_4,False
PERCEPTUAL_NEAR_DUP,BD5,IMG_20241031_140841,Healthy,BD5,IMG_20241031_140842,Healthy,hamming_dist_4,False
PERCEPTUAL_NEAR_DUP,BD5,IMG_20241031_140841,Healthy,BD5,IMG_20241031_140843,Healthy,hamming_dist_3,False
PERCEPTUAL_NEAR_DUP,BD5,IMG_20241031_140842,Healthy,BD5,IMG_20241031_140843,Healthy,hamming_dist_3,False
PERCEPTUAL_NEAR_DUP,BD5,IMG_20241031_140914,Healthy,BD5,IMG_20241031_140915,Healthy,hamming_dist_3,False
PERCEPTUAL_NEAR_DUP,BD5,IMG_20241031_140921,Healthy,BD5,IMG_20241031_140922,Healthy,hamming_dist_1,False
PERCEPTUAL_NEAR_DUP,BD5,IMG_20241031_140937,Healthy,BD5,IMG_20241031_140937_1,Healthy,hamming_dist_3,False
PERCEPTUAL_NEAR_DUP,BD5,IMG_20241031_140941,Healthy,BD5,IMG_20241031_140942,Healthy,hamming_dist_3,False
PERCEPTUAL_NEAR_DUP,BD5,IMG_20241031_140949,Healthy,BD5,IMG_20241031_140950,Healthy,hamming_dist_0,False
PERCEPTUAL_NEAR_DUP,BD5,IMG_20241031_140957,Healthy,BD5,IMG_20241031_140958,Healthy,hamming_dist_2,False
PERCEPTUAL_NEAR_DUP,BD5,IMG_20241031_140957,Healthy,BD5,IMG_20241031_140959,Healthy,hamming_dist_2,False
PERCEPTUAL_NEAR_DUP,BD5,IMG_20241031_140958,Healthy,BD5,IMG_20241031_140959,Healthy,hamming_dist_0,False
PERCEPTUAL_NEAR_DUP,BD5,IMG_20241031_140958,Healthy,BD5,IMG_20241031_141000_1,Healthy,hamming_dist_3,False
PERCEPTUAL_NEAR_DUP,BD5,IMG_20241031_140959,Healthy,BD5,IMG_20241031_141000_1,Healthy,hamming_dist_3,False
PERCEPTUAL_NEAR_DUP,BD5,IMG_20241031_141004,Healthy,BD5,IMG_20241031_141005,Healthy,hamming_dist_4,False
PERCEPTUAL_NEAR_DUP,BD5,IMG_20241031_141049,Healthy,BD5,IMG_20241031_141050,Healthy,hamming_dist_4,False
PERCEPTUAL_NEAR_DUP,BD5,IMG_20241031_141102,Healthy,BD5,IMG_20241031_141103,Healthy,hamming_dist_1,False
PERCEPTUAL_NEAR_DUP,BD5,IMG_20241031_141143,Healthy,BD5,IMG_20241031_141144,Healthy,hamming_dist_1,False
PERCEPTUAL_NEAR_DUP,BD5,IMG_20241031_141148,Healthy,BD5,IMG_20241031_141150,Healthy,hamming_dist_4,False
PERCEPTUAL_NEAR_DUP,BD5,IMG_20241031_141149,Healthy,BD5,IMG_20241031_141150,Healthy,hamming_dist_2,False
PERCEPTUAL_NEAR_DUP,BD5,IMG_20241031_141159,Healthy,BD5,IMG_20241031_141200,Healthy,hamming_dist_4,False
PERCEPTUAL_NEAR_DUP,BD5,IMG_20241031_141204,Healthy,BD5,IMG_20241031_141205,Healthy,hamming_dist_2,False
PERCEPTUAL_NEAR_DUP,BD5,IMG_20241031_141204,Healthy,BD5,IMG_20241031_141206,Healthy,hamming_dist_3,False
PERCEPTUAL_NEAR_DUP,BD5,IMG_20241031_141217,Healthy,BD5,IMG_20241031_141217_1,Healthy,hamming_dist_0,False
PERCEPTUAL_NEAR_DUP,BD5,IMG_20241031_141217,Healthy,BD5,IMG_20241031_141218,Healthy,hamming_dist_3,False
PERCEPTUAL_NEAR_DUP,BD5,IMG_20241031_141217_1,Healthy,BD5,IMG_20241031_141218,Healthy,hamming_dist_3,False
PERCEPTUAL_NEAR_DUP,BD5,IMG_20241031_141229,Healthy,BD5,IMG_20241031_141230,Healthy,hamming_dist_1,False
PERCEPTUAL_NEAR_DUP,BD5,IMG_20241031_141235,Healthy,BD5,IMG_20241031_141236,Healthy,hamming_dist_3,False
PERCEPTUAL_NEAR_DUP,BD5,IMG_20241031_141313,Healthy,BD5,IMG_20241031_141313_1,Healthy,hamming_dist_2,False
PERCEPTUAL_NEAR_DUP,BD5,IMG_20241103_124651,Healthy,BD5,IMG_20241103_124651_1,Healthy,hamming_dist_0,False
PERCEPTUAL_NEAR_DUP,BD5,IMG_20241029_114202,Sheath Blight,BD5,IMG_20241029_114209,Sheath Blight,hamming_dist_4,False
PERCEPTUAL_NEAR_DUP,BD5,IMG_20241029_114313,Sheath Blight,BD5,IMG_20241029_114318,Sheath Blight,hamming_dist_0,False
PERCEPTUAL_NEAR_DUP,BD5,IMG_20241029_114407,Sheath Blight,BD5,IMG_20241029_114409,Sheath Blight,hamming_dist_4,False
PERCEPTUAL_NEAR_DUP,BD5,IMG_20241029_115022,Sheath Blight,BD5,IMG_20241029_115132,Sheath Blight,hamming_dist_3,False
PERCEPTUAL_NEAR_DUP,BD5,IMG_20241029_115130,Sheath Blight,BD5,IMG_20241029_115133,Sheath Blight,hamming_dist_0,False
PERCEPTUAL_NEAR_DUP,BD5,IMG_20241029_120233,Sheath Blight,BD5,IMG_20241029_120236,Sheath Blight,hamming_dist_4,False
PERCEPTUAL_NEAR_DUP,BD5,IMG_20241029_120236,Sheath Blight,BD5,IMG_20241029_120239,Sheath Blight,hamming_dist_1,False
PERCEPTUAL_NEAR_DUP,BD5,IMG_20241029_120633,Sheath Blight,BD5,IMG_20241029_120635,Sheath Blight,hamming_dist_1,False
PERCEPTUAL_NEAR_DUP,BD5,IMG_20241029_120635,Sheath Blight,BD5,IMG_20241029_120640,Sheath Blight,hamming_dist_4,False
PERCEPTUAL_NEAR_DUP,BD5,IMG_20241029_120640,Sheath Blight,BD5,IMG_20241029_120641,Sheath Blight,hamming_dist_4,False
PERCEPTUAL_NEAR_DUP,BD5,IMG_20241029_120640,Sheath Blight,BD5,IMG_20241029_120644,Sheath Blight,hamming_dist_2,False
PERCEPTUAL_NEAR_DUP,BD5,IMG_20241029_120641,Sheath Blight,BD5,IMG_20241029_120644,Sheath Blight,hamming_dist_2,False
PERCEPTUAL_NEAR_DUP,BD5,IMG_20241029_120641,Sheath Blight,BD5,IMG_20241029_120647,Sheath Blight,hamming_dist_2,False
PERCEPTUAL_NEAR_DUP,BD5,IMG_20241029_120643,Sheath Blight,BD5,IMG_20241029_120647,Sheath Blight,hamming_dist_4,False
PERCEPTUAL_NEAR_DUP,BD5,IMG_20241029_120644,Sheath Blight,BD5,IMG_20241029_120647,Sheath Blight,hamming_dist_4,False
PERCEPTUAL_NEAR_DUP,BD5,IMG_20241029_120647_1,Sheath Blight,BD5,IMG_20241029_124550,Sheath Blight,hamming_dist_3,False
PERCEPTUAL_NEAR_DUP,BD5,IMG_20241029_120647_1,Sheath Blight,BD5,IMG_20241029_124552,Sheath Blight,hamming_dist_4,False
PERCEPTUAL_NEAR_DUP,BD5,IMG_20241029_120731,Sheath Blight,BD5,IMG_20241029_120733,Sheath Blight,hamming_dist_2,False
PERCEPTUAL_NEAR_DUP,BD5,IMG_20241029_120731,Sheath Blight,BD5,IMG_20241029_120735,Sheath Blight,hamming_dist_3,False
PERCEPTUAL_NEAR_DUP,BD5,IMG_20241029_120731,Sheath Blight,BD5,IMG_20241029_120736,Sheath Blight,hamming_dist_4,False
PERCEPTUAL_NEAR_DUP,BD5,IMG_20241029_120735,Sheath Blight,BD5,IMG_20241029_120736,Sheath Blight,hamming_dist_1,False
PERCEPTUAL_NEAR_DUP,BD5,IMG_20241029_120735,Sheath Blight,BD5,IMG_20241029_120740,Sheath Blight,hamming_dist_4,False
PERCEPTUAL_NEAR_DUP,BD5,IMG_20241029_120735,Sheath Blight,BD5,IMG_20241029_120746,Sheath Blight,hamming_dist_4,False
PERCEPTUAL_NEAR_DUP,BD5,IMG_20241029_120738,Sheath Blight,BD5,IMG_20241029_120740,Sheath Blight,hamming_dist_2,False
PERCEPTUAL_NEAR_DUP,BD5,IMG_20241029_120738,Sheath Blight,BD5,IMG_20241029_120741,Sheath Blight,hamming_dist_0,False
PERCEPTUAL_NEAR_DUP,BD5,IMG_20241029_120738,Sheath Blight,BD5,IMG_20241029_120743,Sheath Blight,hamming_dist_0,False
PERCEPTUAL_NEAR_DUP,BD5,IMG_20241029_120738,Sheath Blight,BD5,IMG_20241029_120745,Sheath Blight,hamming_dist_0,False
PERCEPTUAL_NEAR_DUP,BD5,IMG_20241029_120738,Sheath Blight,BD5,IMG_20241029_120746,Sheath Blight,hamming_dist_2,False
PERCEPTUAL_NEAR_DUP,BD5,IMG_20241029_120738,Sheath Blight,BD5,IMG_20241029_120748,Sheath Blight,hamming_dist_4,False
PERCEPTUAL_NEAR_DUP,BD5,IMG_20241029_120738,Sheath Blight,BD5,IMG_20241029_120749,Sheath Blight,hamming_dist_3,False
PERCEPTUAL_NEAR_DUP,BD5,IMG_20241029_120738,Sheath Blight,BD5,IMG_20241029_120750,Sheath Blight,hamming_dist_2,False
PERCEPTUAL_NEAR_DUP,BD5,IMG_20241029_120740,Sheath Blight,BD5,IMG_20241029_120741,Sheath Blight,hamming_dist_2,False
PERCEPTUAL_NEAR_DUP,BD5,IMG_20241029_120740,Sheath Blight,BD5,IMG_20241029_120743,Sheath Blight,hamming_dist_2,False
PERCEPTUAL_NEAR_DUP,BD5,IMG_20241029_120740,Sheath Blight,BD5,IMG_20241029_120745,Sheath Blight,hamming_dist_2,False
PERCEPTUAL_NEAR_DUP,BD5,IMG_20241029_120740,Sheath Blight,BD5,IMG_20241029_120746,Sheath Blight,hamming_dist_0,False
PERCEPTUAL_NEAR_DUP,BD5,IMG_20241029_120740,Sheath Blight,BD5,IMG_20241029_120748,Sheath Blight,hamming_dist_2,False
PERCEPTUAL_NEAR_DUP,BD5,IMG_20241029_120740,Sheath Blight,BD5,IMG_20241029_120749,Sheath Blight,hamming_dist_1,False
PERCEPTUAL_NEAR_DUP,BD5,IMG_20241029_120740,Sheath Blight,BD5,IMG_20241029_120750,Sheath Blight,hamming_dist_4,False
PERCEPTUAL_NEAR_DUP,BD5,IMG_20241029_120741,Sheath Blight,BD5,IMG_20241029_120743,Sheath Blight,hamming_dist_0,False
PERCEPTUAL_NEAR_DUP,BD5,IMG_20241029_120741,Sheath Blight,BD5,IMG_20241029_120745,Sheath Blight,hamming_dist_0,False
PERCEPTUAL_NEAR_DUP,BD5,IMG_20241029_120741,Sheath Blight,BD5,IMG_20241029_120746,Sheath Blight,hamming_dist_2,False
PERCEPTUAL_NEAR_DUP,BD5,IMG_20241029_120741,Sheath Blight,BD5,IMG_20241029_120748,Sheath Blight,hamming_dist_4,False
PERCEPTUAL_NEAR_DUP,BD5,IMG_20241029_120741,Sheath Blight,BD5,IMG_20241029_120749,Sheath Blight,hamming_dist_3,False
PERCEPTUAL_NEAR_DUP,BD5,IMG_20241029_120741,Sheath Blight,BD5,IMG_20241029_120750,Sheath Blight,hamming_dist_2,False
PERCEPTUAL_NEAR_DUP,BD5,IMG_20241029_120743,Sheath Blight,BD5,IMG_20241029_120745,Sheath Blight,hamming_dist_0,False
PERCEPTUAL_NEAR_DUP,BD5,IMG_20241029_120743,Sheath Blight,BD5,IMG_20241029_120746,Sheath Blight,hamming_dist_2,False
PERCEPTUAL_NEAR_DUP,BD5,IMG_20241029_120743,Sheath Blight,BD5,IMG_20241029_120748,Sheath Blight,hamming_dist_4,False
PERCEPTUAL_NEAR_DUP,BD5,IMG_20241029_120743,Sheath Blight,BD5,IMG_20241029_120749,Sheath Blight,hamming_dist_3,False
PERCEPTUAL_NEAR_DUP,BD5,IMG_20241029_120743,Sheath Blight,BD5,IMG_20241029_120750,Sheath Blight,hamming_dist_2,False
PERCEPTUAL_NEAR_DUP,BD5,IMG_20241029_120745,Sheath Blight,BD5,IMG_20241029_120746,Sheath Blight,hamming_dist_2,False
PERCEPTUAL_NEAR_DUP,BD5,IMG_20241029_120745,Sheath Blight,BD5,IMG_20241029_120748,Sheath Blight,hamming_dist_4,False
PERCEPTUAL_NEAR_DUP,BD5,IMG_20241029_120745,Sheath Blight,BD5,IMG_20241029_120749,Sheath Blight,hamming_dist_3,False
PERCEPTUAL_NEAR_DUP,BD5,IMG_20241029_120745,Sheath Blight,BD5,IMG_20241029_120750,Sheath Blight,hamming_dist_2,False
PERCEPTUAL_NEAR_DUP,BD5,IMG_20241029_120746,Sheath Blight,BD5,IMG_20241029_120748,Sheath Blight,hamming_dist_2,False
PERCEPTUAL_NEAR_DUP,BD5,IMG_20241029_120746,Sheath Blight,BD5,IMG_20241029_120749,Sheath Blight,hamming_dist_1,False
PERCEPTUAL_NEAR_DUP,BD5,IMG_20241029_120746,Sheath Blight,BD5,IMG_20241029_120750,Sheath Blight,hamming_dist_4,False
PERCEPTUAL_NEAR_DUP,BD5,IMG_20241029_120748,Sheath Blight,BD5,IMG_20241029_120749,Sheath Blight,hamming_dist_1,False
PERCEPTUAL_NEAR_DUP,BD5,IMG_20241029_120748,Sheath Blight,BD5,IMG_20241029_120750,Sheath Blight,hamming_dist_4,False
PERCEPTUAL_NEAR_DUP,BD5,IMG_20241029_120749,Sheath Blight,BD5,IMG_20241029_120750,Sheath Blight,hamming_dist_3,False
PERCEPTUAL_NEAR_DUP,BD5,IMG_20241029_120750,Sheath Blight,BD5,IMG_20241029_120754,Sheath Blight,hamming_dist_4,False
PERCEPTUAL_NEAR_DUP,BD5,IMG_20241029_120752,Sheath Blight,BD5,IMG_20241029_120753,Sheath Blight,hamming_dist_2,False
PERCEPTUAL_NEAR_DUP,BD5,IMG_20241029_124550,Sheath Blight,BD5,IMG_20241029_124552,Sheath Blight,hamming_dist_1,False
PERCEPTUAL_NEAR_DUP,BD5,IMG_20241029_124550,Sheath Blight,BD5,IMG_20241029_124553,Sheath Blight,hamming_dist_3,False
PERCEPTUAL_NEAR_DUP,BD5,IMG_20241029_124550,Sheath Blight,BD5,IMG_20241029_124554,Sheath Blight,hamming_dist_3,False
PERCEPTUAL_NEAR_DUP,BD5,IMG_20241029_124550,Sheath Blight,BD5,IMG_20241029_124556,Sheath Blight,hamming_dist_2,False
PERCEPTUAL_NEAR_DUP,BD5,IMG_20241029_124552,Sheath Blight,BD5,IMG_20241029_124553,Sheath Blight,hamming_dist_2,False
PERCEPTUAL_NEAR_DUP,BD5,IMG_20241029_124552,Sheath Blight,BD5,IMG_20241029_124554,Sheath Blight,hamming_dist_2,False
PERCEPTUAL_NEAR_DUP,BD5,IMG_20241029_124552,Sheath Blight,BD5,IMG_20241029_124556,Sheath Blight,hamming_dist_1,False
PERCEPTUAL_NEAR_DUP,BD5,IMG_20241029_124553,Sheath Blight,BD5,IMG_20241029_124554,Sheath Blight,hamming_dist_2,False
PERCEPTUAL_NEAR_DUP,BD5,IMG_20241029_124553,Sheath Blight,BD5,IMG_20241029_124556,Sheath Blight,hamming_dist_3,False
PERCEPTUAL_NEAR_DUP,BD5,IMG_20241029_124554,Sheath Blight,BD5,IMG_20241029_124556,Sheath Blight,hamming_dist_3,False
PERCEPTUAL_NEAR_DUP,BD5,IMG_20241029_124617,Sheath Blight,BD5,IMG_20241029_124619,Sheath Blight,hamming_dist_3,False
PERCEPTUAL_NEAR_DUP,BD5,IMG_20241029_124617,Sheath Blight,BD5,IMG_20241029_124620,Sheath Blight,hamming_dist_3,False
PERCEPTUAL_NEAR_DUP,BD5,IMG_20241029_124617,Sheath Blight,BD5,IMG_20241029_124621,Sheath Blight,hamming_dist_3,False
PERCEPTUAL_NEAR_DUP,BD5,IMG_20241029_124619,Sheath Blight,BD5,IMG_20241029_124620,Sheath Blight,hamming_dist_2,False
PERCEPTUAL_NEAR_DUP,BD5,IMG_20241029_124619,Sheath Blight,BD5,IMG_20241029_124621,Sheath Blight,hamming_dist_2,False
PERCEPTUAL_NEAR_DUP,BD5,IMG_20241029_124619,Sheath Blight,BD5,IMG_20241029_124622,Sheath Blight,hamming_dist_2,False
PERCEPTUAL_NEAR_DUP,BD5,IMG_20241029_124620,Sheath Blight,BD5,IMG_20241029_124621,Sheath Blight,hamming_dist_0,False
PERCEPTUAL_NEAR_DUP,BD5,IMG_20241029_124620,Sheath Blight,BD5,IMG_20241029_124622,Sheath Blight,hamming_dist_4,False
PERCEPTUAL_NEAR_DUP,BD5,IMG_20241029_124621,Sheath Blight,BD5,IMG_20241029_124622,Sheath Blight,hamming_dist_4,False
PERCEPTUAL_NEAR_DUP,BD5,IMG_20241029_124636,Sheath Blight,BD5,IMG_20241029_124638,Sheath Blight,hamming_dist_3,False
PERCEPTUAL_NEAR_DUP,BD5,IMG_20241029_124636,Sheath Blight,BD5,IMG_20241029_124648,Sheath Blight,hamming_dist_3,False
PERCEPTUAL_NEAR_DUP,BD5,IMG_20241029_124638,Sheath Blight,BD5,IMG_20241029_124648,Sheath Blight,hamming_dist_0,False
PERCEPTUAL_NEAR_DUP,BD5,IMG_20241029_124638,Sheath Blight,BD5,IMG_20241029_124651,Sheath Blight,hamming_dist_2,False
PERCEPTUAL_NEAR_DUP,BD5,IMG_20241029_124648,Sheath Blight,BD5,IMG_20241029_124651,Sheath Blight,hamming_dist_2,False
PERCEPTUAL_NEAR_DUP,BD5,IMG_20241029_124718,Sheath Blight,BD5,IMG_20241029_124721,Sheath Blight,hamming_dist_4,False
PERCEPTUAL_NEAR_DUP,BD5,IMG_20241029_124719,Sheath Blight,BD5,IMG_20241029_124721,Sheath Blight,hamming_dist_4,False
PERCEPTUAL_NEAR_DUP,BD5,IMG_20241029_124719,Sheath Blight,BD5,IMG_20241029_124722,Sheath Blight,hamming_dist_1,False
PERCEPTUAL_NEAR_DUP,BD5,IMG_20241029_124719,Sheath Blight,BD5,IMG_20241029_124723,Sheath Blight,hamming_dist_4,False
PERCEPTUAL_NEAR_DUP,BD5,IMG_20241029_124722,Sheath Blight,BD5,IMG_20241029_124723,Sheath Blight,hamming_dist_3,False
PERCEPTUAL_NEAR_DUP,BD5,IMG_20241029_124743,Sheath Blight,BD5,IMG_20241029_124747,Sheath Blight,hamming_dist_2,False
PERCEPTUAL_NEAR_DUP,BD5,IMG_20241029_124743,Sheath Blight,BD5,IMG_20241029_124748,Sheath Blight,hamming_dist_1,False
PERCEPTUAL_NEAR_DUP,BD5,IMG_20241029_124743,Sheath Blight,BD5,IMG_20241029_124750,Sheath Blight,hamming_dist_3,False
PERCEPTUAL_NEAR_DUP,BD5,IMG_20241029_124745,Sheath Blight,BD5,IMG_20241029_124747,Sheath Blight,hamming_dist_3,False
PERCEPTUAL_NEAR_DUP,BD5,IMG_20241029_124745,Sheath Blight,BD5,IMG_20241029_124748,Sheath Blight,hamming_dist_4,False
PERCEPTUAL_NEAR_DUP,BD5,IMG_20241029_124745,Sheath Blight,BD5,IMG_20241029_124750,Sheath Blight,hamming_dist_4,False
PERCEPTUAL_NEAR_DUP,BD5,IMG_20241029_124747,Sheath Blight,BD5,IMG_20241029_124748,Sheath Blight,hamming_dist_1,False
PERCEPTUAL_NEAR_DUP,BD5,IMG_20241029_124747,Sheath Blight,BD5,IMG_20241029_124750,Sheath Blight,hamming_dist_3,False
PERCEPTUAL_NEAR_DUP,BD5,IMG_20241029_124748,Sheath Blight,BD5,IMG_20241029_124750,Sheath Blight,hamming_dist_2,False
PERCEPTUAL_NEAR_DUP,BD5,IMG_20241029_124812,Sheath Blight,BD5,IMG_20241029_124813,Sheath Blight,hamming_dist_2,False
PERCEPTUAL_NEAR_DUP,BD5,IMG_20241029_124848,Sheath Blight,BD5,IMG_20241029_124850,Sheath Blight,hamming_dist_0,False
PERCEPTUAL_NEAR_DUP,BD5,IMG_20241029_124848,Sheath Blight,BD5,IMG_20241029_124856,Sheath Blight,hamming_dist_4,False
PERCEPTUAL_NEAR_DUP,BD5,IMG_20241029_124850,Sheath Blight,BD5,IMG_20241029_124856,Sheath Blight,hamming_dist_4,False
PERCEPTUAL_NEAR_DUP,BD5,IMG_20241029_124853,Sheath Blight,BD5,IMG_20241029_124855,Sheath Blight,hamming_dist_2,False
PERCEPTUAL_NEAR_DUP,BD5,IMG_20241029_124853,Sheath Blight,BD5,IMG_20241029_124856,Sheath Blight,hamming_dist_3,False
PERCEPTUAL_NEAR_DUP,BD5,IMG_20241029_124853,Sheath Blight,BD5,IMG_20241029_124858,Sheath Blight,hamming_dist_0,False
PERCEPTUAL_NEAR_DUP,BD5,IMG_20241029_124855,Sheath Blight,BD5,IMG_20241029_124856,Sheath Blight,hamming_dist_1,False
PERCEPTUAL_NEAR_DUP,BD5,IMG_20241029_124855,Sheath Blight,BD5,IMG_20241029_124858,Sheath Blight,hamming_dist_2,False
PERCEPTUAL_NEAR_DUP,BD5,IMG_20241029_124856,Sheath Blight,BD5,IMG_20241029_124858,Sheath Blight,hamming_dist_3,False
PERCEPTUAL_NEAR_DUP,BD5,IMG_20241029_124922,Sheath Blight,BD5,IMG_20241029_124924,Sheath Blight,hamming_dist_4,False
PERCEPTUAL_NEAR_DUP,BD5,IMG_20241029_124922,Sheath Blight,BD5,IMG_20241029_124927,Sheath Blight,hamming_dist_4,False
PERCEPTUAL_NEAR_DUP,BD5,IMG_20241029_124924,Sheath Blight,BD5,IMG_20241029_124927,Sheath Blight,hamming_dist_2,False
PERCEPTUAL_NEAR_DUP,BD5,IMG_20241029_124924,Sheath Blight,BD5,IMG_20241029_124928,Sheath Blight,hamming_dist_3,False
PERCEPTUAL_NEAR_DUP,BD5,IMG_20241029_124927,Sheath Blight,BD5,IMG_20241029_124928,Sheath Blight,hamming_dist_3,False
PERCEPTUAL_NEAR_DUP,BD5,IMG_20241029_124937,Sheath Blight,BD5,IMG_20241029_124938,Sheath Blight,hamming_dist_2,False
PERCEPTUAL_NEAR_DUP,BD5,IMG_20241029_124954,Sheath Blight,BD5,IMG_20241029_124955,Sheath Blight,hamming_dist_3,False
PERCEPTUAL_NEAR_DUP,BD5,IMG_20241029_124955,Sheath Blight,BD5,IMG_20241029_125011,Sheath Blight,hamming_dist_4,False
PERCEPTUAL_NEAR_DUP,BD5,IMG_20241029_124955,Sheath Blight,BD5,IMG_20241029_125013,Sheath Blight,hamming_dist_2,False
PERCEPTUAL_NEAR_DUP,BD5,IMG_20241029_125009,Sheath Blight,BD5,IMG_20241029_125011,Sheath Blight,hamming_dist_3,False
PERCEPTUAL_NEAR_DUP,BD5,IMG_20241029_125009,Sheath Blight,BD5,IMG_20241029_125012,Sheath Blight,hamming_dist_4,False
PERCEPTUAL_NEAR_DUP,BD5,IMG_20241029_125009,Sheath Blight,BD5,IMG_20241029_125013,Sheath Blight,hamming_dist_3,False
PERCEPTUAL_NEAR_DUP,BD5,IMG_20241029_125009,Sheath Blight,BD5,IMG_20241029_125015,Sheath Blight,hamming_dist_3,False
PERCEPTUAL_NEAR_DUP,BD5,IMG_20241029_125011,Sheath Blight,BD5,IMG_20241029_125013,Sheath Blight,hamming_dist_2,False
PERCEPTUAL_NEAR_DUP,BD5,IMG_20241029_125011,Sheath Blight,BD5,IMG_20241029_125015,Sheath Blight,hamming_dist_4,False
PERCEPTUAL_NEAR_DUP,BD5,IMG_20241029_125012,Sheath Blight,BD5,IMG_20241029_125013,Sheath Blight,hamming_dist_3,False
PERCEPTUAL_NEAR_DUP,BD5,IMG_20241029_125012,Sheath Blight,BD5,IMG_20241029_125015,Sheath Blight,hamming_dist_3,False
PERCEPTUAL_NEAR_DUP,BD5,IMG_20241029_125013,Sheath Blight,BD5,IMG_20241029_125015,Sheath Blight,hamming_dist_4,False
PERCEPTUAL_NEAR_DUP,BD5,IMG_20241029_125032,Sheath Blight,BD5,IMG_20241029_125033,Sheath Blight,hamming_dist_0,False
PERCEPTUAL_NEAR_DUP,BD5,IMG_20241029_125032,Sheath Blight,BD5,IMG_20241029_125034,Sheath Blight,hamming_dist_0,False
PERCEPTUAL_NEAR_DUP,BD5,IMG_20241029_125032,Sheath Blight,BD5,IMG_20241029_125037,Sheath Blight,hamming_dist_0,False
PERCEPTUAL_NEAR_DUP,BD5,IMG_20241029_125033,Sheath Blight,BD5,IMG_20241029_125034,Sheath Blight,hamming_dist_0,False
PERCEPTUAL_NEAR_DUP,BD5,IMG_20241029_125033,Sheath Blight,BD5,IMG_20241029_125037,Sheath Blight,hamming_dist_0,False
PERCEPTUAL_NEAR_DUP,BD5,IMG_20241029_125034,Sheath Blight,BD5,IMG_20241029_125037,Sheath Blight,hamming_dist_0,False
PERCEPTUAL_NEAR_DUP,BD5,IMG_20241029_125059,Sheath Blight,BD5,IMG_20241029_125101,Sheath Blight,hamming_dist_4,False
PERCEPTUAL_NEAR_DUP,BD5,IMG_20241029_125119,Sheath Blight,BD5,IMG_20241029_125120,Sheath Blight,hamming_dist_4,False
PERCEPTUAL_NEAR_DUP,BD5,IMG_20241029_125119,Sheath Blight,BD5,IMG_20241029_125122,Sheath Blight,hamming_dist_2,False
PERCEPTUAL_NEAR_DUP,BD5,IMG_20241029_125120,Sheath Blight,BD5,IMG_20241029_125122,Sheath Blight,hamming_dist_2,False
PERCEPTUAL_NEAR_DUP,BD5,IMG_20241029_125259,Sheath Blight,BD5,IMG_20241029_125300,Sheath Blight,hamming_dist_1,False
PERCEPTUAL_NEAR_DUP,BD5,IMG_20241029_125259,Sheath Blight,BD5,IMG_20241029_125301,Sheath Blight,hamming_dist_4,False
PERCEPTUAL_NEAR_DUP,BD5,IMG_20241029_125259,Sheath Blight,BD5,IMG_20241029_125302,Sheath Blight,hamming_dist_4,False
PERCEPTUAL_NEAR_DUP,BD5,IMG_20241029_125300,Sheath Blight,BD5,IMG_20241029_125302,Sheath Blight,hamming_dist_3,False
PERCEPTUAL_NEAR_DUP,BD5,IMG_20241029_125433,Sheath Blight,BD5,IMG_20241029_125436,Sheath Blight,hamming_dist_4,False
PERCEPTUAL_NEAR_DUP,BD5,IMG_20241029_125509,Sheath Blight,BD5,IMG_20241029_125510,Sheath Blight,hamming_dist_1,False
PERCEPTUAL_NEAR_DUP,BD5,IMG_20241029_125509,Sheath Blight,BD5,IMG_20241029_125512,Sheath Blight,hamming_dist_1,False
PERCEPTUAL_NEAR_DUP,BD5,IMG_20241029_125510,Sheath Blight,BD5,IMG_20241029_125512,Sheath Blight,hamming_dist_2,False
PERCEPTUAL_NEAR_DUP,BD5,IMG_20241029_130318,Sheath Blight,BD5,IMG_20241029_130320,Sheath Blight,hamming_dist_2,False
PERCEPTUAL_NEAR_DUP,BD5,IMG_20241029_130406,Sheath Blight,BD5,IMG_20241029_130410,Sheath Blight,hamming_dist_1,False
PERCEPTUAL_NEAR_DUP,BD5,IMG_20241029_130408,Sheath Blight,BD5,IMG_20241029_130410,Sheath Blight,hamming_dist_4,False
PERCEPTUAL_NEAR_DUP,BD5,IMG_20241029_130606,Sheath Blight,BD5,IMG_20241029_130609,Sheath Blight,hamming_dist_3,False
PERCEPTUAL_NEAR_DUP,BD5,IMG_20241029_130709,Sheath Blight,BD5,IMG_20241029_130711,Sheath Blight,hamming_dist_1,False
PERCEPTUAL_NEAR_DUP,BD5,IMG_20241029_130731,Sheath Blight,BD5,IMG_20241029_130732,Sheath Blight,hamming_dist_1,False
PERCEPTUAL_NEAR_DUP,BD5,IMG_20241029_131433,Sheath Blight,BD5,IMG_20241029_131436,Sheath Blight,hamming_dist_2,False
PERCEPTUAL_NEAR_DUP,BD5,IMG_20241029_131803,Sheath Blight,BD5,IMG_20241029_131807,Sheath Blight,hamming_dist_2,False
PERCEPTUAL_NEAR_DUP,BD5,IMG_20241029_131803,Sheath Blight,BD5,IMG_20241029_131808,Sheath Blight,hamming_dist_1,False
PERCEPTUAL_NEAR_DUP,BD5,IMG_20241029_131807,Sheath Blight,BD5,IMG_20241029_131808,Sheath Blight,hamming_dist_1,False
PERCEPTUAL_NEAR_DUP,BD5,IMG_20241029_132029,Sheath Blight,BD5,IMG_20241029_132030,Sheath Blight,hamming_dist_3,False
PERCEPTUAL_NEAR_DUP,BD5,IMG_20241029_132802,Sheath Blight,BD5,IMG_20241029_132805,Sheath Blight,hamming_dist_2,False
PERCEPTUAL_NEAR_DUP,BD5,IMG_20241029_132919,Sheath Blight,BD5,IMG_20241029_132919_1,Sheath Blight,hamming_dist_4,False
PERCEPTUAL_NEAR_DUP,BD5,IMG_20241029_132919,Sheath Blight,BD5,IMG_20241029_132921,Sheath Blight,hamming_dist_3,False
PERCEPTUAL_NEAR_DUP,BD5,IMG_20241029_132919,Sheath Blight,BD5,IMG_20241029_132923,Sheath Blight,hamming_dist_4,False
PERCEPTUAL_NEAR_DUP,BD5,IMG_20241029_132919_1,Sheath Blight,BD5,IMG_20241029_132921,Sheath Blight,hamming_dist_1,False
PERCEPTUAL_NEAR_DUP,BD5,IMG_20241029_132919_1,Sheath Blight,BD5,IMG_20241029_132921_1,Sheath Blight,hamming_dist_4,False
PERCEPTUAL_NEAR_DUP,BD5,IMG_20241029_132921,Sheath Blight,BD5,IMG_20241029_132921_1,Sheath Blight,hamming_dist_3,False
PERCEPTUAL_NEAR_DUP,BD5,IMG_20241029_133009,Sheath Blight,BD5,IMG_20241029_133010_1,Sheath Blight,hamming_dist_4,False
PERCEPTUAL_NEAR_DUP,BD5,IMG_20241029_133010_1,Sheath Blight,BD5,IMG_20241029_133012,Sheath Blight,hamming_dist_3,False
PERCEPTUAL_NEAR_DUP,BD5,IMG_20241029_133811,Sheath Blight,BD5,IMG_20241029_133817,Sheath Blight,hamming_dist_4,False
PERCEPTUAL_NEAR_DUP,BD5,IMG_20241029_140145,Sheath Blight,BD5,IMG_20241029_140147,Sheath Blight,hamming_dist_2,False
PERCEPTUAL_NEAR_DUP,BD5,IMG_20241029_140236,Sheath Blight,BD5,IMG_20241029_140237,Sheath Blight,hamming_dist_3,False
PERCEPTUAL_NEAR_DUP,BD5,IMG_20241029_140255,Sheath Blight,BD5,IMG_20241029_140256,Sheath Blight,hamming_dist_2,False
PERCEPTUAL_NEAR_DUP,BD5,IMG_20241029_140403,Sheath Blight,BD5,IMG_20241029_140404,Sheath Blight,hamming_dist_2,False
PERCEPTUAL_NEAR_DUP,BD5,IMG_20241029_140536,Sheath Blight,BD5,IMG_20241029_140538,Sheath Blight,hamming_dist_3,False
PERCEPTUAL_NEAR_DUP,BD5,IMG_20241029_140838,Sheath Blight,BD5,IMG_20241029_140839,Sheath Blight,hamming_dist_2,False
PERCEPTUAL_NEAR_DUP,BD5,IMG_20241029_140949,Sheath Blight,BD5,IMG_20241029_140950,Sheath Blight,hamming_dist_1,False
PERCEPTUAL_NEAR_DUP,BD5,IMG_20241029_141734,Sheath Blight,BD5,IMG_20241029_141735,Sheath Blight,hamming_dist_1,False
PERCEPTUAL_NEAR_DUP,BD5,IMG_20241029_141811,Sheath Blight,BD5,IMG_20241029_141812,Sheath Blight,hamming_dist_2,False
PERCEPTUAL_NEAR_DUP,BD5,IMG_20241029_142033,Sheath Blight,BD5,IMG_20241029_142047,Sheath Blight,hamming_dist_2,False
PERCEPTUAL_NEAR_DUP,BD5,IMG_20241029_142244,Sheath Blight,BD5,IMG_20241029_142245,Sheath Blight,hamming_dist_4,False
PERCEPTUAL_NEAR_DUP,BD5,IMG_20241029_142612,Sheath Blight,BD5,IMG_20241029_142614,Sheath Blight,hamming_dist_3,False
PERCEPTUAL_NEAR_DUP,BD5,IMG_20241031_123812,Sheath Blight,BD5,IMG_20241031_124235,Sheath Blight,hamming_dist_4,False
PERCEPTUAL_NEAR_DUP,BD5,IMG_20241031_124235,Sheath Blight,BD5,IMG_20241031_124412,Sheath Blight,hamming_dist_4,False
PERCEPTUAL_NEAR_DUP,BD5,IMG_20241031_124235,Sheath Blight,BD5,IMG_20241031_125346,Sheath Blight,hamming_dist_4,False
PERCEPTUAL_NEAR_DUP,BD5,IMG_20241031_124235,Sheath Blight,BD5,IMG_20241031_125520,Sheath Blight,hamming_dist_2,False
PERCEPTUAL_NEAR_DUP,BD5,IMG_20241031_124235,Sheath Blight,BD5,IMG20241103113301,Tungro,hamming_dist_4,False
PERCEPTUAL_NEAR_DUP,BD5,IMG_20241031_124235,Sheath Blight,BD5,IMG20241103113510,Tungro,hamming_dist_4,False
PERCEPTUAL_NEAR_DUP,BD5,IMG_20241031_124412,Sheath Blight,BD5,IMG_20241031_124726,Sheath Blight,hamming_dist_4,False
PERCEPTUAL_NEAR_DUP,BD5,IMG_20241031_124412,Sheath Blight,BD5,IMG_20241031_125346,Sheath Blight,hamming_dist_4,False
PERCEPTUAL_NEAR_DUP,BD5,IMG_20241031_124412,Sheath Blight,BD5,IMG_20241031_125520,Sheath Blight,hamming_dist_4,False
PERCEPTUAL_NEAR_DUP,BD5,IMG_20241031_124412,Sheath Blight,BD5,IMG20241103113301,Tungro,hamming_dist_4,False
PERCEPTUAL_NEAR_DUP,BD5,IMG_20241031_124641,Sheath Blight,BD5,IMG_20241031_124642,Sheath Blight,hamming_dist_0,False
PERCEPTUAL_NEAR_DUP,BD5,IMG_20241031_124726,Sheath Blight,BD5,IMG_20241031_125346,Sheath Blight,hamming_dist_4,False
PERCEPTUAL_NEAR_DUP,BD5,IMG_20241031_124726,Sheath Blight,BD5,IMG_20241031_125520,Sheath Blight,hamming_dist_4,False
PERCEPTUAL_NEAR_DUP,BD5,IMG_20241031_125257,Sheath Blight,BD5,IMG_20241031_125520,Sheath Blight,hamming_dist_4,False
PERCEPTUAL_NEAR_DUP,BD5,IMG_20241031_125346,Sheath Blight,BD5,IMG_20241031_125442,Sheath Blight,hamming_dist_4,False
PERCEPTUAL_NEAR_DUP,BD5,IMG_20241031_125346,Sheath Blight,BD5,IMG_20241031_125520,Sheath Blight,hamming_dist_2,False
PERCEPTUAL_NEAR_DUP,BD5,IMG_20241031_125346,Sheath Blight,BD5,IMG20241103113301,Tungro,hamming_dist_4,False
PERCEPTUAL_NEAR_DUP,BD5,IMG_20241031_125431,Sheath Blight,BD5,IMG20241103113301,Tungro,hamming_dist_4,False
PERCEPTUAL_NEAR_DUP,BD5,IMG_20241031_125442,Sheath Blight,BD5,IMG_20241031_125520,Sheath Blight,hamming_dist_4,False
PERCEPTUAL_NEAR_DUP,BD5,IMG_20241031_125520,Sheath Blight,BD5,IMG20241103113229,Tungro,hamming_dist_3,False
PERCEPTUAL_NEAR_DUP,BD5,IMG_20241031_125520,Sheath Blight,BD5,IMG20241103113329,Tungro,hamming_dist_3,False
PERCEPTUAL_NEAR_DUP,BD5,IMG_20241031_125644,Sheath Blight,BD5,IMG_20241031_125646,Sheath Blight,hamming_dist_2,False
PERCEPTUAL_NEAR_DUP,BD5,IMG_20241031_125644,Sheath Blight,BD5,IMG_20241031_125648,Sheath Blight,hamming_dist_4,False
PERCEPTUAL_NEAR_DUP,BD5,IMG_20241031_125646,Sheath Blight,BD5,IMG_20241031_125648,Sheath Blight,hamming_dist_2,False
PERCEPTUAL_NEAR_DUP,BD5,IMG_20241031_125658,Sheath Blight,BD5,IMG_20241031_125700,Sheath Blight,hamming_dist_0,False
PERCEPTUAL_NEAR_DUP,BD5,IMG_20241031_125740,Sheath Blight,BD5,IMG_20241031_125741,Sheath Blight,hamming_dist_2,False
PERCEPTUAL_NEAR_DUP,BD5,IMG_20241031_125741,Sheath Blight,BD5,IMG_20241031_125743,Sheath Blight,hamming_dist_3,False
PERCEPTUAL_NEAR_DUP,BD5,IMG_20241031_125741,Sheath Blight,BD5,IMG_20241031_125744,Sheath Blight,hamming_dist_3,False
PERCEPTUAL_NEAR_DUP,BD5,IMG_20241031_125743,Sheath Blight,BD5,IMG_20241031_125744,Sheath Blight,hamming_dist_2,False
PERCEPTUAL_NEAR_DUP,BD5,IMG20241103103718,Tungro,BD5,IMG20241103103722,Tungro,hamming_dist_3,False
PERCEPTUAL_NEAR_DUP,BD5,IMG20241103111122,Tungro,BD5,IMG20241103111123,Tungro,hamming_dist_4,False
PERCEPTUAL_NEAR_DUP,BD5,IMG20241103111146,Tungro,BD5,IMG20241103111148,Tungro,hamming_dist_2,False
PERCEPTUAL_NEAR_DUP,BD5,IMG20241103112430,Tungro,BD5,IMG20241103112431,Tungro,hamming_dist_1,False
PERCEPTUAL_NEAR_DUP,BD5,IMG20241103112524,Tungro,BD5,IMG20241103112526,Tungro,hamming_dist_2,False
PERCEPTUAL_NEAR_DUP,BD5,IMG20241103112653,Tungro,BD5,IMG20241103112654,Tungro,hamming_dist_4,False
PERCEPTUAL_NEAR_DUP,BD5,IMG20241103112714,Tungro,BD5,IMG20241103112715,Tungro,hamming_dist_2,False
PERCEPTUAL_NEAR_DUP,BD5,IMG20241103112744,Tungro,BD5,IMG20241103112745,Tungro,hamming_dist_1,False
PERCEPTUAL_NEAR_DUP,BD5,IMG20241103113141,Tungro,BD5,IMG20241103113142,Tungro,hamming_dist_1,False
PERCEPTUAL_NEAR_DUP,BD5,IMG20241103113159,Tungro,BD5,IMG20241103113159_01,Tungro,hamming_dist_4,False
PERCEPTUAL_NEAR_DUP,BD5,IMG20241103113203,Tungro,BD5,IMG20241103113203_01,Tungro,hamming_dist_2,False
PERCEPTUAL_NEAR_DUP,BD5,IMG20241103113212,Tungro,BD5,IMG20241103113212_01,Tungro,hamming_dist_2,False
PERCEPTUAL_NEAR_DUP,BD5,IMG20241103113229,Tungro,BD5,IMG20241103113329,Tungro,hamming_dist_2,False
PERCEPTUAL_NEAR_DUP,BD5,IMG20241103113242,Tungro,BD5,IMG20241103113243,Tungro,hamming_dist_1,False
PERCEPTUAL_NEAR_DUP,BD5,IMG20241103113242,Tungro,BD5,IMG20241103113244,Tungro,hamming_dist_1,False
PERCEPTUAL_NEAR_DUP,BD5,IMG20241103113243,Tungro,BD5,IMG20241103113244,Tungro,hamming_dist_2,False
PERCEPTUAL_NEAR_DUP,BD5,IMG20241103113252,Tungro,BD5,IMG20241103113253,Tungro,hamming_dist_3,False
PERCEPTUAL_NEAR_DUP,BD5,IMG20241103113447,Tungro,BD5,IMG20241103113752,Tungro,hamming_dist_4,False
PERCEPTUAL_NEAR_DUP,BD5,IMG20241103113616,Tungro,BD5,IMG20241103113617,Tungro,hamming_dist_0,False
PERCEPTUAL_NEAR_DUP,BD5,IMG20241103113630,Tungro,BD5,IMG20241103113632,Tungro,hamming_dist_3,False
PERCEPTUAL_NEAR_DUP,BD5,IMG20241103113636,Tungro,BD5,IMG20241103113636_01,Tungro,hamming_dist_2,False
PERCEPTUAL_NEAR_DUP,BD5,IMG20241103113641,Tungro,BD5,IMG20241103113642,Tungro,hamming_dist_3,False
PERCEPTUAL_NEAR_DUP,BD5,IMG20241103113657,Tungro,BD5,IMG20241103113657_01,Tungro,hamming_dist_2,False
PERCEPTUAL_NEAR_DUP,BD5,IMG20241103113721,Tungro,BD5,IMG20241103113722,Tungro,hamming_dist_2,False
PERCEPTUAL_NEAR_DUP,BD5,IMG20241103113746,Tungro,BD5,IMG20241103113747,Tungro,hamming_dist_2,False
PERCEPTUAL_NEAR_DUP,BD5,IMG20241103113752,Tungro,BD5,IMG20241103113753,Tungro,hamming_dist_1,False
PERCEPTUAL_NEAR_DUP,BD5,IMG20241103113757,Tungro,BD5,IMG20241103113758,Tungro,hamming_dist_0,False
PERCEPTUAL_NEAR_DUP,BD5,IMG20241103113813,Tungro,BD5,IMG20241103113814,Tungro,hamming_dist_1,False
PERCEPTUAL_NEAR_DUP,BD5,IMG20241103113817,Tungro,BD5,IMG20241103113818,Tungro,hamming_dist_3,False
PERCEPTUAL_NEAR_DUP,BD5,IMG20241103113837,Tungro,BD5,IMG20241103113837_01,Tungro,hamming_dist_1,False
PERCEPTUAL_NEAR_DUP,BD5,IMG_20241103_103838,Tungro,BD5,IMG_20241103_103839,Tungro,hamming_dist_3,False
PERCEPTUAL_NEAR_DUP,BD5,IMG_20241103_104014,Tungro,BD5,IMG_20241103_104015,Tungro,hamming_dist_3,False
PERCEPTUAL_NEAR_DUP,BD5,IMG_20241103_104039,Tungro,BD5,IMG_20241103_104041,Tungro,hamming_dist_2,False
PERCEPTUAL_NEAR_DUP,BD5,IMG_20241103_104039,Tungro,BD5,IMG_20241103_104042,Tungro,hamming_dist_2,False
PERCEPTUAL_NEAR_DUP,BD5,IMG_20241103_104041,Tungro,BD5,IMG_20241103_104042,Tungro,hamming_dist_2,False
PERCEPTUAL_NEAR_DUP,BD5,IMG_20241103_104129,Tungro,BD5,IMG_20241103_104132,Tungro,hamming_dist_4,False
PERCEPTUAL_NEAR_DUP,BD5,IMG_20241103_105117,Tungro,BD5,IMG_20241103_105118,Tungro,hamming_dist_0,False
PERCEPTUAL_NEAR_DUP,BD5,IMG_20241103_105117,Tungro,BD5,IMG_20241103_105120,Tungro,hamming_dist_0,False
PERCEPTUAL_NEAR_DUP,BD5,IMG_20241103_105118,Tungro,BD5,IMG_20241103_105120,Tungro,hamming_dist_0,False
PERCEPTUAL_NEAR_DUP,BD5,IMG_20241103_105227,Tungro,BD5,IMG_20241103_105228,Tungro,hamming_dist_0,False
PERCEPTUAL_NEAR_DUP,BD5,IMG_20241103_105227,Tungro,BD5,IMG_20241103_105229,Tungro,hamming_dist_4,False
PERCEPTUAL_NEAR_DUP,BD5,IMG_20241103_105228,Tungro,BD5,IMG_20241103_105229,Tungro,hamming_dist_4,False
PERCEPTUAL_NEAR_DUP,BD5,IMG_20241103_105242,Tungro,BD5,IMG_20241103_105243,Tungro,hamming_dist_2,False
PERCEPTUAL_NEAR_DUP,BD5,IMG_20241103_105318,Tungro,BD5,IMG_20241103_105319,Tungro,hamming_dist_1,False
PERCEPTUAL_NEAR_DUP,BD5,IMG_20241103_105359,Tungro,BD5,IMG_20241103_105400,Tungro,hamming_dist_1,False
PERCEPTUAL_NEAR_DUP,BD5,IMG_20241103_105419,Tungro,BD5,IMG_20241103_105421,Tungro,hamming_dist_3,False
PERCEPTUAL_NEAR_DUP,BD5,IMG_20241103_105429,Tungro,BD5,IMG_20241103_105430,Tungro,hamming_dist_3,False
PERCEPTUAL_NEAR_DUP,BD5,IMG_20241103_105430,Tungro,BD5,IMG_20241103_105434,Tungro,hamming_dist_2,False
PERCEPTUAL_NEAR_DUP,BD5,IMG_20241103_105450,Tungro,BD5,IMG_20241103_105452,Tungro,hamming_dist_3,False
PERCEPTUAL_NEAR_DUP,BD5,IMG_20241103_105505,Tungro,BD5,IMG_20241103_105506,Tungro,hamming_dist_2,False
PERCEPTUAL_NEAR_DUP,BD5,IMG_20241103_105505,Tungro,BD5,IMG_20241103_105507,Tungro,hamming_dist_2,False
PERCEPTUAL_NEAR_DUP,BD5,IMG_20241103_105506,Tungro,BD5,IMG_20241103_105507,Tungro,hamming_dist_2,False
PERCEPTUAL_NEAR_DUP,BD5,IMG_20241103_105537,Tungro,BD5,IMG_20241103_105538,Tungro,hamming_dist_4,False
PERCEPTUAL_NEAR_DUP,BD5,IMG_20241103_105600,Tungro,BD5,IMG_20241103_105603,Tungro,hamming_dist_3,False
PERCEPTUAL_NEAR_DUP,BD5,IMG_20241103_105620,Tungro,BD5,IMG_20241103_105621,Tungro,hamming_dist_2,False
PERCEPTUAL_NEAR_DUP,BD5,IMG_20241103_105654,Tungro,BD5,IMG_20241103_105655,Tungro,hamming_dist_3,False
PERCEPTUAL_NEAR_DUP,BD5,IMG_20241103_105701,Tungro,BD5,IMG_20241103_105702,Tungro,hamming_dist_0,False
PERCEPTUAL_NEAR_DUP,BD5,IMG_20241103_105705,Tungro,BD5,IMG_20241103_105706,Tungro,hamming_dist_3,False
PERCEPTUAL_NEAR_DUP,BD5,IMG_20241103_105923,Tungro,BD5,IMG_20241103_105924,Tungro,hamming_dist_4,False
PERCEPTUAL_NEAR_DUP,BD5,IMG_20241103_110018,Tungro,BD5,IMG_20241103_110019,Tungro,hamming_dist_1,False
PERCEPTUAL_NEAR_DUP,BD5,IMG_20241103_110123,Tungro,BD5,IMG_20241103_110124,Tungro,hamming_dist_2,False
PERCEPTUAL_NEAR_DUP,BD5,IMG_20241103_110123,Tungro,BD5,IMG_20241103_110126,Tungro,hamming_dist_2,False
PERCEPTUAL_NEAR_DUP,BD5,IMG_20241103_110124,Tungro,BD5,IMG_20241103_110126,Tungro,hamming_dist_4,False
PERCEPTUAL_NEAR_DUP,BD5,IMG_20241103_110130,Tungro,BD5,IMG_20241103_110132,Tungro,hamming_dist_1,False
PERCEPTUAL_NEAR_DUP,BD5,IMG_20241103_110140,Tungro,BD5,IMG_20241103_110141,Tungro,hamming_dist_2,False
PERCEPTUAL_NEAR_DUP,BD5,IMG_20241103_110207,Tungro,BD5,IMG_20241103_110208,Tungro,hamming_dist_3,False
PERCEPTUAL_NEAR_DUP,BD5,IMG_20241103_110215,Tungro,BD5,IMG_20241103_110216,Tungro,hamming_dist_2,False
PERCEPTUAL_NEAR_DUP,BD5,IMG_20241103_110237,Tungro,BD5,IMG_20241103_110239,Tungro,hamming_dist_3,False
PERCEPTUAL_NEAR_DUP,BD5,IMG_20241103_110237,Tungro,BD5,IMG_20241103_110240,Tungro,hamming_dist_4,False
PERCEPTUAL_NEAR_DUP,BD5,IMG_20241103_110237,Tungro,BD5,IMG_20241103_110242,Tungro,hamming_dist_2,False
PERCEPTUAL_NEAR_DUP,BD5,IMG_20241103_110239,Tungro,BD5,IMG_20241103_110240,Tungro,hamming_dist_3,False
PERCEPTUAL_NEAR_DUP,BD5,IMG_20241103_110239,Tungro,BD5,IMG_20241103_110242,Tungro,hamming_dist_1,False
PERCEPTUAL_NEAR_DUP,BD5,IMG_20241103_110240,Tungro,BD5,IMG_20241103_110242,Tungro,hamming_dist_2,False
PERCEPTUAL_NEAR_DUP,BD5,IMG_20241103_110330,Tungro,BD5,IMG_20241103_110331,Tungro,hamming_dist_2,False
PERCEPTUAL_NEAR_DUP,BD5,IMG_20241103_110342,Tungro,BD5,IMG_20241103_110343,Tungro,hamming_dist_4,False
PERCEPTUAL_NEAR_DUP,BD5,IMG_20241103_110343,Tungro,BD5,IMG_20241103_110344,Tungro,hamming_dist_1,False
PERCEPTUAL_NEAR_DUP,BD5,IMG_20241103_110350,Tungro,BD5,IMG_20241103_110351,Tungro,hamming_dist_1,False
PERCEPTUAL_NEAR_DUP,BD5,IMG_20241103_110355,Tungro,BD5,IMG_20241103_110357,Tungro,hamming_dist_2,False
PERCEPTUAL_NEAR_DUP,BD5,IMG_20241103_110425,Tungro,BD5,IMG_20241103_110426,Tungro,hamming_dist_3,False
PERCEPTUAL_NEAR_DUP,BD5,IMG_20241103_110508,Tungro,BD5,IMG_20241103_110511,Tungro,hamming_dist_2,False
PERCEPTUAL_NEAR_DUP,BD5,IMG_20241103_110508,Tungro,BD5,IMG_20241103_110512,Tungro,hamming_dist_1,False
PERCEPTUAL_NEAR_DUP,BD5,IMG_20241103_110508,Tungro,BD5,IMG_20241103_110514,Tungro,hamming_dist_0,False
PERCEPTUAL_NEAR_DUP,BD5,IMG_20241103_110511,Tungro,BD5,IMG_20241103_110512,Tungro,hamming_dist_3,False
PERCEPTUAL_NEAR_DUP,BD5,IMG_20241103_110511,Tungro,BD5,IMG_20241103_110514,Tungro,hamming_dist_2,False
PERCEPTUAL_NEAR_DUP,BD5,IMG_20241103_110512,Tungro,BD5,IMG_20241103_110514,Tungro,hamming_dist_1,False
PERCEPTUAL_NEAR_DUP,BD5,IMG_20241103_110529,Tungro,BD5,IMG_20241103_110530,Tungro,hamming_dist_2,False
PERCEPTUAL_NEAR_DUP,BD5,IMG_20241103_110546,Tungro,BD5,IMG_20241103_110547,Tungro,hamming_dist_3,False
PERCEPTUAL_NEAR_DUP,BD5,IMG_20241103_110605,Tungro,BD5,IMG_20241103_110606,Tungro,hamming_dist_4,False
PERCEPTUAL_NEAR_DUP,BD5,IMG_20241103_110631,Tungro,BD5,IMG_20241103_110632,Tungro,hamming_dist_2,False
PERCEPTUAL_NEAR_DUP,BD5,IMG_20241103_110721,Tungro,BD5,IMG_20241103_110722,Tungro,hamming_dist_4,False
PERCEPTUAL_NEAR_DUP,BD5,IMG_20241103_110732,Tungro,BD5,IMG_20241103_110733,Tungro,hamming_dist_2,False
PERCEPTUAL_NEAR_DUP,BD5,IMG_20241103_110754,Tungro,BD5,IMG_20241103_110755,Tungro,hamming_dist_0,False
PERCEPTUAL_NEAR_DUP,BD5,IMG_20241103_110846,Tungro,BD5,IMG_20241103_110847,Tungro,hamming_dist_2,False
PERCEPTUAL_NEAR_DUP,BD5,IMG_20241103_110847,Tungro,BD5,IMG_20241103_110849,Tungro,hamming_dist_3,False
PERCEPTUAL_NEAR_DUP,BD5,IMG_20241103_110924,Tungro,BD5,IMG_20241103_110925,Tungro,hamming_dist_4,False
PERCEPTUAL_NEAR_DUP,BD5,IMG_20241103_110949,Tungro,BD5,IMG_20241103_110950,Tungro,hamming_dist_1,False
PERCEPTUAL_NEAR_DUP,BD5,IMG_20241103_110949,Tungro,BD5,IMG_20241103_110952,Tungro,hamming_dist_3,False
PERCEPTUAL_NEAR_DUP,BD5,IMG_20241103_110950,Tungro,BD5,IMG_20241103_110952,Tungro,hamming_dist_4,False
PERCEPTUAL_NEAR_DUP,BD5,IMG_20241103_111109,Tungro,BD5,IMG_20241103_111110,Tungro,hamming_dist_3,False
PERCEPTUAL_NEAR_DUP,BD5,IMG_20241103_111130,Tungro,BD5,IMG_20241103_111132,Tungro,hamming_dist_3,False
PERCEPTUAL_NEAR_DUP,BD5,IMG_20241103_111412,Tungro,BD5,IMG_20241103_111413,Tungro,hamming_dist_2,False
PERCEPTUAL_NEAR_DUP,BD5,IMG_20241103_111419,Tungro,BD5,IMG_20241103_111420,Tungro,hamming_dist_2,False
PERCEPTUAL_NEAR_DUP,BD5,IMG_20241103_111457,Tungro,BD5,IMG_20241103_111458,Tungro,hamming_dist_4,False
PERCEPTUAL_NEAR_DUP,BD5,IMG_20241103_111518,Tungro,BD5,IMG_20241103_111520,Tungro,hamming_dist_4,False
PERCEPTUAL_NEAR_DUP,BD5,IMG_20241103_111538,Tungro,BD5,IMG_20241103_111539,Tungro,hamming_dist_2,False
PERCEPTUAL_NEAR_DUP,BD5,IMG_20241103_111539,Tungro,BD5,IMG_20241103_111540,Tungro,hamming_dist_3,False
PERCEPTUAL_NEAR_DUP,BD5,IMG_20241103_111546,Tungro,BD5,IMG_20241103_111547,Tungro,hamming_dist_4,False
PERCEPTUAL_NEAR_DUP,BD5,IMG_20241103_111554,Tungro,BD5,IMG_20241103_111555,Tungro,hamming_dist_4,False
PERCEPTUAL_NEAR_DUP,BD5,IMG_20241103_111607,Tungro,BD5,IMG_20241103_111608,Tungro,hamming_dist_4,False
PERCEPTUAL_NEAR_DUP,BD5,IMG_20241103_111757,Tungro,BD5,IMG_20241103_111758,Tungro,hamming_dist_3,False
PERCEPTUAL_NEAR_DUP,BD5,IMG_20241103_111837,Tungro,BD5,IMG_20241103_111838,Tungro,hamming_dist_3,False
PERCEPTUAL_NEAR_DUP,BD5,IMG_20241103_111903,Tungro,BD5,IMG_20241103_111904,Tungro,hamming_dist_3,False
PERCEPTUAL_NEAR_DUP,BD5,IMG_20241103_111917,Tungro,BD5,IMG_20241103_111919,Tungro,hamming_dist_1,False
PERCEPTUAL_NEAR_DUP,BD5,IMG_20241103_111928,Tungro,BD5,IMG_20241103_111930,Tungro,hamming_dist_2,False
PERCEPTUAL_NEAR_DUP,BD5,IMG_20241103_112014,Tungro,BD5,IMG_20241103_112015,Tungro,hamming_dist_4,False
PERCEPTUAL_NEAR_DUP,BD5,IMG_20241103_112015,Tungro,BD5,IMG_20241103_112015_1,Tungro,hamming_dist_4,False
PERCEPTUAL_NEAR_DUP,BD5,IMG_20241103_113158,Tungro,BD5,IMG_20241103_113159,Tungro,hamming_dist_4,False
PERCEPTUAL_NEAR_DUP,BD5,IMG_20241103_113231,Tungro,BD5,IMG_20241103_113232,Tungro,hamming_dist_4,False
PERCEPTUAL_NEAR_DUP,BD5,IMG_20241103_113236,Tungro,BD5,IMG_20241103_113237,Tungro,hamming_dist_2,False
PERCEPTUAL_NEAR_DUP,BD5,IMG_20241103_113443,Tungro,BD5,IMG_20241103_113444,Tungro,hamming_dist_2,False
PERCEPTUAL_NEAR_DUP,BD5,IMG_20241103_113452,Tungro,BD5,IMG_20241103_113453,Tungro,hamming_dist_3,False
PERCEPTUAL_NEAR_DUP,BD5,IMG_20241103_113459,Tungro,BD5,IMG_20241103_113500,Tungro,hamming_dist_0,False
PERCEPTUAL_NEAR_DUP,BD5,IMG_20241103_113518,Tungro,BD5,IMG_20241103_113519,Tungro,hamming_dist_3,False
PERCEPTUAL_NEAR_DUP,BD5,IMG_20241103_113604,Tungro,BD5,IMG_20241103_113605,Tungro,hamming_dist_2,False
PERCEPTUAL_NEAR_DUP,BD5,IMG_20241103_113609,Tungro,BD5,IMG_20241103_113610,Tungro,hamming_dist_3,False
PERCEPTUAL_NEAR_DUP,BD5,IMG_20241103_113610,Tungro,BD5,IMG_20241103_113611,Tungro,hamming_dist_3,False
PERCEPTUAL_NEAR_DUP,BD5,IMG_20241103_113631,Tungro,BD5,IMG_20241103_113632,Tungro,hamming_dist_4,False
PERCEPTUAL_NEAR_DUP,BD5,IMG_20241103_113641,Tungro,BD5,IMG_20241103_113642,Tungro,hamming_dist_1,False
PERCEPTUAL_NEAR_DUP,BD5,IMG_20241103_113806,Tungro,BD5,IMG_20241103_113806_1,Tungro,hamming_dist_2,False
PERCEPTUAL_NEAR_DUP,BD5,IMG_20241103_113811,Tungro,BD5,IMG_20241103_113812,Tungro,hamming_dist_2,False
PERCEPTUAL_NEAR_DUP,BD5,IMG_20241103_113823,Tungro,BD5,IMG_20241103_113824,Tungro,hamming_dist_4,False
PERCEPTUAL_NEAR_DUP,BD5,IMG_20241103_113857,Tungro,BD5,IMG_20241103_113858,Tungro,hamming_dist_1,False
PERCEPTUAL_NEAR_DUP,BD5,IMG_20241103_113922,Tungro,BD5,IMG_20241103_113923,Tungro,hamming_dist_3,False
