sample_idx,image_path,canonical_class,gt_class_idx,phase2b_pred_class,phase2b_pred_idx,phase2b_conf,phase2b_correct,phase3b_pred_class,phase3b_pred_idx,phase3b_conf,phase3b_correct,category,num_gt_boxes,num_pred_boxes,max_matched_iou,has_tp_box,is_healthy_fp,is_lesion_miss,is_high_conf_poor_loc,is_good_loc_bad_cls
0,RiceLeafDiseaseBD A Field-Based Annotated Smartpho/RiceLeafDiseaseBD A Field-Based Annotated Smartpho/RiceLeafDiseaseBD/Original images/Blast/blast_1002.jpg,Blast,1,Healthy,0,0.9999548196792603,0,Healthy,0,0.9702206254005432,0,mutual_errors,6,0,0.0,False,False,True,True,False
1,RiceLeafDiseaseBD A Field-Based Annotated Smartpho/RiceLeafDiseaseBD A Field-Based Annotated Smartpho/RiceLeafDiseaseBD/Original images/Blast/blast_1003.jpg,Blast,1,Healthy,0,0.9995129108428955,0,Healthy,0,0.9905120730400085,0,mutual_errors,6,0,0.0,False,False,True,True,False
2,RiceLeafDiseaseBD A Field-Based Annotated Smartpho/RiceLeafDiseaseBD A Field-Based Annotated Smartpho/RiceLeafDiseaseBD/Original images/Blast/blast_1007.jpg,Blast,1,Healthy,0,0.999743640422821,0,Healthy,0,0.9935232400894165,0,mutual_errors,6,0,0.0,False,False,True,True,False
3,RiceLeafDiseaseBD A Field-Based Annotated Smartpho/RiceLeafDiseaseBD A Field-Based Annotated Smartpho/RiceLeafDiseaseBD/Original images/Blast/blast_1026.jpg,Blast,1,Healthy,0,0.9998289346694946,0,Healthy,0,0.9946320056915283,0,mutual_errors,2,0,0.0,False,False,True,True,False
4,RiceLeafDiseaseBD A Field-Based Annotated Smartpho/RiceLeafDiseaseBD A Field-Based Annotated Smartpho/RiceLeafDiseaseBD/Original images/Blast/blast_1029.jpg,Blast,1,Healthy,0,0.9993454813957214,0,Healthy,0,0.9907848834991455,0,mutual_errors,3,0,0.0,False,False,True,True,False
5,RiceLeafDiseaseBD A Field-Based Annotated Smartpho/RiceLeafDiseaseBD A Field-Based Annotated Smartpho/RiceLeafDiseaseBD/Original images/Blast/blast_103.jpg,Blast,1,Healthy,0,0.9997014403343201,0,Healthy,0,0.9978511333465576,0,mutual_errors,4,0,0.0,False,False,True,True,False
6,RiceLeafDiseaseBD A Field-Based Annotated Smartpho/RiceLeafDiseaseBD A Field-Based Annotated Smartpho/RiceLeafDiseaseBD/Original images/Blast/blast_1035.jpg,Blast,1,Healthy,0,0.9989400506019592,0,Healthy,0,0.9994545578956604,0,mutual_errors,3,0,0.0,False,False,True,True,False
7,RiceLeafDiseaseBD A Field-Based Annotated Smartpho/RiceLeafDiseaseBD A Field-Based Annotated Smartpho/RiceLeafDiseaseBD/Original images/Blast/blast_1039.jpg,Blast,1,Healthy,0,0.9984691739082336,0,Healthy,0,0.9982367753982544,0,mutual_errors,5,0,0.0,False,False,True,True,False
8,RiceLeafDiseaseBD A Field-Based Annotated Smartpho/RiceLeafDiseaseBD A Field-Based Annotated Smartpho/RiceLeafDiseaseBD/Original images/Blast/blast_1042.jpg,Blast,1,Healthy,0,0.9987081289291382,0,Healthy,0,0.9987731575965881,0,mutual_errors,5,0,0.0,False,False,True,True,False
9,RiceLeafDiseaseBD A Field-Based Annotated Smartpho/RiceLeafDiseaseBD A Field-Based Annotated Smartpho/RiceLeafDiseaseBD/Original images/Blast/blast_1051.jpg,Blast,1,Healthy,0,0.9948300719261169,0,Healthy,0,0.9972923398017883,0,mutual_errors,4,0,0.0,False,False,True,True,False
10,RiceLeafDiseaseBD A Field-Based Annotated Smartpho/RiceLeafDiseaseBD A Field-Based Annotated Smartpho/RiceLeafDiseaseBD/Original images/Blast/blast_1053.jpg,Blast,1,Healthy,0,0.9948840737342834,0,Healthy,0,0.994631290435791,0,mutual_errors,3,0,0.0,False,False,True,True,False
11,RiceLeafDiseaseBD A Field-Based Annotated Smartpho/RiceLeafDiseaseBD A Field-Based Annotated Smartpho/RiceLeafDiseaseBD/Original images/Blast/blast_1058.jpg,Blast,1,Healthy,0,0.996436357498169,0,Healthy,0,0.9919752478599548,0,mutual_errors,4,0,0.0,False,False,True,True,False
12,RiceLeafDiseaseBD A Field-Based Annotated Smartpho/RiceLeafDiseaseBD A Field-Based Annotated Smartpho/RiceLeafDiseaseBD/Original images/Blast/blast_1072.jpg,Blast,1,Healthy,0,0.9991872906684875,0,Healthy,0,0.9945264458656311,0,mutual_errors,4,0,0.0,False,False,True,True,False
13,RiceLeafDiseaseBD A Field-Based Annotated Smartpho/RiceLeafDiseaseBD A Field-Based Annotated Smartpho/RiceLeafDiseaseBD/Original images/Blast/blast_1073.jpg,Blast,1,Healthy,0,0.9990599751472473,0,Healthy,0,0.996496856212616,0,mutual_errors,9,0,0.0,False,False,True,True,False
14,RiceLeafDiseaseBD A Field-Based Annotated Smartpho/RiceLeafDiseaseBD A Field-Based Annotated Smartpho/RiceLeafDiseaseBD/Original images/Blast/blast_1076.jpg,Blast,1,Healthy,0,0.9873194694519043,0,Healthy,0,0.99852055311203,0,mutual_errors,4,0,0.0,False,False,True,True,False
15,RiceLeafDiseaseBD A Field-Based Annotated Smartpho/RiceLeafDiseaseBD A Field-Based Annotated Smartpho/RiceLeafDiseaseBD/Original images/Blast/blast_108.jpg,Blast,1,Healthy,0,0.9999539852142334,0,Healthy,0,0.9142495393753052,0,mutual_errors,2,0,0.0,False,False,True,True,False
16,RiceLeafDiseaseBD A Field-Based Annotated Smartpho/RiceLeafDiseaseBD A Field-Based Annotated Smartpho/RiceLeafDiseaseBD/Original images/Blast/blast_1081.jpg,Blast,1,Healthy,0,0.9942324757575989,0,Healthy,0,0.9991142153739929,0,mutual_errors,3,0,0.0,False,False,True,True,False
17,RiceLeafDiseaseBD A Field-Based Annotated Smartpho/RiceLeafDiseaseBD A Field-Based Annotated Smartpho/RiceLeafDiseaseBD/Original images/Blast/blast_1085.jpg,Blast,1,Healthy,0,0.9968854784965515,0,Healthy,0,0.9987170696258545,0,mutual_errors,8,0,0.0,False,False,True,True,False
18,RiceLeafDiseaseBD A Field-Based Annotated Smartpho/RiceLeafDiseaseBD A Field-Based Annotated Smartpho/RiceLeafDiseaseBD/Original images/Blast/blast_1098.jpg,Blast,1,Healthy,0,0.9983596205711365,0,Healthy,0,0.9904273748397827,0,mutual_errors,2,0,0.0,False,False,True,True,False
19,RiceLeafDiseaseBD A Field-Based Annotated Smartpho/RiceLeafDiseaseBD A Field-Based Annotated Smartpho/RiceLeafDiseaseBD/Original images/Blast/blast_1107.jpg,Blast,1,Healthy,0,0.999381422996521,0,Healthy,0,0.9754703640937805,0,mutual_errors,8,0,0.0,False,False,True,True,False
20,RiceLeafDiseaseBD A Field-Based Annotated Smartpho/RiceLeafDiseaseBD A Field-Based Annotated Smartpho/RiceLeafDiseaseBD/Original images/Blast/blast_1108.jpg,Blast,1,Healthy,0,0.9957019686698914,0,Healthy,0,0.981562077999115,0,mutual_errors,9,0,0.0,False,False,True,True,False
21,RiceLeafDiseaseBD A Field-Based Annotated Smartpho/RiceLeafDiseaseBD A Field-Based Annotated Smartpho/RiceLeafDiseaseBD/Original images/Blast/blast_1115.jpg,Blast,1,Healthy,0,0.9994630217552185,0,Brown Spot,2,0.6979048848152161,0,mutual_errors,7,0,0.0,False,False,True,False,False
22,RiceLeafDiseaseBD A Field-Based Annotated Smartpho/RiceLeafDiseaseBD A Field-Based Annotated Smartpho/RiceLeafDiseaseBD/Original images/Blast/blast_1121.jpg,Blast,1,Healthy,0,0.9999547004699707,0,Blast,1,0.8624674677848816,1,multitask_wins,4,0,0.0,False,False,True,True,False
23,RiceLeafDiseaseBD A Field-Based Annotated Smartpho/RiceLeafDiseaseBD A Field-Based Annotated Smartpho/RiceLeafDiseaseBD/Original images/Blast/blast_1128.jpg,Blast,1,Healthy,0,0.9999245405197144,0,Blast,1,0.8630743622779846,1,multitask_wins,2,0,0.0,False,False,True,True,False
24,RiceLeafDiseaseBD A Field-Based Annotated Smartpho/RiceLeafDiseaseBD A Field-Based Annotated Smartpho/RiceLeafDiseaseBD/Original images/Blast/blast_1155.jpg,Blast,1,Healthy,0,0.9794418811798096,0,Healthy,0,0.9990725517272949,0,mutual_errors,8,0,0.0,False,False,True,True,False
25,RiceLeafDiseaseBD A Field-Based Annotated Smartpho/RiceLeafDiseaseBD A Field-Based Annotated Smartpho/RiceLeafDiseaseBD/Original images/Blast/blast_1156.jpg,Blast,1,Healthy,0,0.9767098426818848,0,Healthy,0,0.998916506767273,0,mutual_errors,8,0,0.0,False,False,True,True,False
26,RiceLeafDiseaseBD A Field-Based Annotated Smartpho/RiceLeafDiseaseBD A Field-Based Annotated Smartpho/RiceLeafDiseaseBD/Original images/Blast/blast_116.jpg,Blast,1,Healthy,0,0.9999078512191772,0,Healthy,0,0.9929071664810181,0,mutual_errors,1,0,0.0,False,False,True,True,False
27,RiceLeafDiseaseBD A Field-Based Annotated Smartpho/RiceLeafDiseaseBD A Field-Based Annotated Smartpho/RiceLeafDiseaseBD/Original images/Blast/blast_1166.jpg,Blast,1,Healthy,0,0.9793729186058044,0,Healthy,0,0.9989981055259705,0,mutual_errors,8,0,0.0,False,False,True,True,False
28,RiceLeafDiseaseBD A Field-Based Annotated Smartpho/RiceLeafDiseaseBD A Field-Based Annotated Smartpho/RiceLeafDiseaseBD/Original images/Blast/blast_1177.jpg,Blast,1,Healthy,0,0.9978452920913696,0,Healthy,0,0.9989141225814819,0,mutual_errors,3,0,0.0,False,False,True,True,False
29,RiceLeafDiseaseBD A Field-Based Annotated Smartpho/RiceLeafDiseaseBD A Field-Based Annotated Smartpho/RiceLeafDiseaseBD/Original images/Blast/blast_1179.jpg,Blast,1,Healthy,0,0.9977350234985352,0,Healthy,0,0.9992721676826477,0,mutual_errors,3,0,0.0,False,False,True,True,False
30,RiceLeafDiseaseBD A Field-Based Annotated Smartpho/RiceLeafDiseaseBD A Field-Based Annotated Smartpho/RiceLeafDiseaseBD/Original images/Blast/blast_118.jpg,Blast,1,Healthy,0,0.9999639987945557,0,Blast,1,0.9645610451698303,1,multitask_wins,1,3,0.026832046730375356,False,False,True,True,False
31,RiceLeafDiseaseBD A Field-Based Annotated Smartpho/RiceLeafDiseaseBD A Field-Based Annotated Smartpho/RiceLeafDiseaseBD/Original images/Blast/blast_1183.jpg,Blast,1,Healthy,0,0.9999871253967285,0,Blast,1,0.9619163274765015,1,multitask_wins,5,3,0.0,False,False,True,True,False
32,RiceLeafDiseaseBD A Field-Based Annotated Smartpho/RiceLeafDiseaseBD A Field-Based Annotated Smartpho/RiceLeafDiseaseBD/Original images/Blast/blast_1191.jpg,Blast,1,Healthy,0,0.9999550580978394,0,Brown Spot,2,0.9987919926643372,0,mutual_errors,1,0,0.0,False,False,True,True,False
33,RiceLeafDiseaseBD A Field-Based Annotated Smartpho/RiceLeafDiseaseBD A Field-Based Annotated Smartpho/RiceLeafDiseaseBD/Original images/Blast/blast_1200.jpg,Blast,1,Healthy,0,0.9997323155403137,0,Healthy,0,0.9897900223731995,0,mutual_errors,2,0,0.0,False,False,True,True,False
34,RiceLeafDiseaseBD A Field-Based Annotated Smartpho/RiceLeafDiseaseBD A Field-Based Annotated Smartpho/RiceLeafDiseaseBD/Original images/Blast/blast_1204.jpg,Blast,1,Healthy,0,0.9997727274894714,0,Blast,1,0.7343814373016357,1,multitask_wins,2,0,0.0,False,False,True,False,False
35,RiceLeafDiseaseBD A Field-Based Annotated Smartpho/RiceLeafDiseaseBD A Field-Based Annotated Smartpho/RiceLeafDiseaseBD/Original images/Blast/blast_1209.jpg,Blast,1,Healthy,0,0.9983704686164856,0,Brown Spot,2,0.9999912977218628,0,mutual_errors,3,0,0.0,False,False,True,True,False
36,RiceLeafDiseaseBD A Field-Based Annotated Smartpho/RiceLeafDiseaseBD A Field-Based Annotated Smartpho/RiceLeafDiseaseBD/Original images/Blast/blast_1214.jpg,Blast,1,Healthy,0,0.9914062023162842,0,Healthy,0,0.5885322093963623,0,mutual_errors,1,3,0.029164895469644347,False,False,True,False,False
37,RiceLeafDiseaseBD A Field-Based Annotated Smartpho/RiceLeafDiseaseBD A Field-Based Annotated Smartpho/RiceLeafDiseaseBD/Original images/Blast/blast_123.jpg,Blast,1,Healthy,0,0.9997678399085999,0,Blast,1,0.9911708235740662,1,multitask_wins,2,3,0.0,False,False,True,True,False
38,RiceLeafDiseaseBD A Field-Based Annotated Smartpho/RiceLeafDiseaseBD A Field-Based Annotated Smartpho/RiceLeafDiseaseBD/Original images/Blast/blast_1235.jpg,Blast,1,Healthy,0,0.9996199607849121,0,Healthy,0,0.9478803873062134,0,mutual_errors,5,0,0.0,False,False,True,True,False
39,RiceLeafDiseaseBD A Field-Based Annotated Smartpho/RiceLeafDiseaseBD A Field-Based Annotated Smartpho/RiceLeafDiseaseBD/Original images/Blast/blast_1237.jpg,Blast,1,Healthy,0,0.9985929131507874,0,Healthy,0,0.9729337096214294,0,mutual_errors,3,0,0.0,False,False,True,True,False
40,RiceLeafDiseaseBD A Field-Based Annotated Smartpho/RiceLeafDiseaseBD A Field-Based Annotated Smartpho/RiceLeafDiseaseBD/Original images/Blast/blast_1238.jpg,Blast,1,Healthy,0,0.9991697072982788,0,Healthy,0,0.9475860595703125,0,mutual_errors,4,0,0.0,False,False,True,True,False
41,RiceLeafDiseaseBD A Field-Based Annotated Smartpho/RiceLeafDiseaseBD A Field-Based Annotated Smartpho/RiceLeafDiseaseBD/Original images/Blast/blast_1254.jpg,Blast,1,Healthy,0,0.9989460110664368,0,Healthy,0,0.955098569393158,0,mutual_errors,6,0,0.0,False,False,True,True,False
42,RiceLeafDiseaseBD A Field-Based Annotated Smartpho/RiceLeafDiseaseBD A Field-Based Annotated Smartpho/RiceLeafDiseaseBD/Original images/Blast/blast_1265.jpg,Blast,1,Healthy,0,0.993665337562561,0,Healthy,0,0.9951508045196533,0,mutual_errors,5,0,0.0,False,False,True,True,False
43,RiceLeafDiseaseBD A Field-Based Annotated Smartpho/RiceLeafDiseaseBD A Field-Based Annotated Smartpho/RiceLeafDiseaseBD/Original images/Blast/blast_127.jpg,Blast,1,Healthy,0,0.9999182224273682,0,Healthy,0,0.8389367461204529,0,mutual_errors,2,0,0.0,False,False,True,True,False
44,RiceLeafDiseaseBD A Field-Based Annotated Smartpho/RiceLeafDiseaseBD A Field-Based Annotated Smartpho/RiceLeafDiseaseBD/Original images/Blast/blast_1272.jpg,Blast,1,Healthy,0,0.9998903274536133,0,Blast,1,0.7453976273536682,1,multitask_wins,6,3,0.0,False,False,True,False,False
45,RiceLeafDiseaseBD A Field-Based Annotated Smartpho/RiceLeafDiseaseBD A Field-Based Annotated Smartpho/RiceLeafDiseaseBD/Original images/Blast/blast_1284.jpg,Blast,1,Healthy,0,0.9979633092880249,0,Healthy,0,0.9962761402130127,0,mutual_errors,7,0,0.0,False,False,True,True,False
46,RiceLeafDiseaseBD A Field-Based Annotated Smartpho/RiceLeafDiseaseBD A Field-Based Annotated Smartpho/RiceLeafDiseaseBD/Original images/Blast/blast_1299.jpg,Blast,1,Healthy,0,0.9998863935470581,0,Blast,1,0.9827398061752319,1,multitask_wins,1,0,0.0,False,False,True,True,False
47,RiceLeafDiseaseBD A Field-Based Annotated Smartpho/RiceLeafDiseaseBD A Field-Based Annotated Smartpho/RiceLeafDiseaseBD/Original images/Blast/blast_1305.jpg,Blast,1,Healthy,0,0.9953790903091431,0,Healthy,0,0.998241662979126,0,mutual_errors,10,0,0.0,False,False,True,True,False
48,RiceLeafDiseaseBD A Field-Based Annotated Smartpho/RiceLeafDiseaseBD A Field-Based Annotated Smartpho/RiceLeafDiseaseBD/Original images/Blast/blast_1306.jpg,Blast,1,Healthy,0,0.998155415058136,0,Healthy,0,0.9197388887405396,0,mutual_errors,2,0,0.0,False,False,True,True,False
49,RiceLeafDiseaseBD A Field-Based Annotated Smartpho/RiceLeafDiseaseBD A Field-Based Annotated Smartpho/RiceLeafDiseaseBD/Original images/Blast/blast_1309.jpg,Blast,1,Healthy,0,0.9982243180274963,0,Healthy,0,0.9021263122558594,0,mutual_errors,2,0,0.0,False,False,True,True,False
50,RiceLeafDiseaseBD A Field-Based Annotated Smartpho/RiceLeafDiseaseBD A Field-Based Annotated Smartpho/RiceLeafDiseaseBD/Original images/Blast/blast_1320.jpg,Blast,1,Healthy,0,0.9998952150344849,0,Blast,1,0.9966927766799927,1,multitask_wins,6,3,0.0,False,False,True,True,False
51,RiceLeafDiseaseBD A Field-Based Annotated Smartpho/RiceLeafDiseaseBD A Field-Based Annotated Smartpho/RiceLeafDiseaseBD/Original images/Blast/blast_1323.jpg,Blast,1,Healthy,0,0.9995343685150146,0,Healthy,0,0.9924448132514954,0,mutual_errors,5,0,0.0,False,False,True,True,False
52,RiceLeafDiseaseBD A Field-Based Annotated Smartpho/RiceLeafDiseaseBD A Field-Based Annotated Smartpho/RiceLeafDiseaseBD/Original images/Blast/blast_154.jpg,Blast,1,Healthy,0,0.9990147352218628,0,Healthy,0,0.916938066482544,0,mutual_errors,1,3,0.004224669670193532,False,False,True,True,False
53,RiceLeafDiseaseBD A Field-Based Annotated Smartpho/RiceLeafDiseaseBD A Field-Based Annotated Smartpho/RiceLeafDiseaseBD/Original images/Blast/blast_157.jpg,Blast,1,Healthy,0,0.999876856803894,0,Healthy,0,0.9495980739593506,0,mutual_errors,2,3,0.0,False,False,True,True,False
54,RiceLeafDiseaseBD A Field-Based Annotated Smartpho/RiceLeafDiseaseBD A Field-Based Annotated Smartpho/RiceLeafDiseaseBD/Original images/Blast/blast_164.jpg,Blast,1,Healthy,0,0.9999371767044067,0,Healthy,0,0.9934301972389221,0,mutual_errors,1,0,0.0,False,False,True,True,False
55,RiceLeafDiseaseBD A Field-Based Annotated Smartpho/RiceLeafDiseaseBD A Field-Based Annotated Smartpho/RiceLeafDiseaseBD/Original images/Blast/blast_167.jpg,Blast,1,Healthy,0,0.9996507167816162,0,Healthy,0,0.7352438569068909,0,mutual_errors,1,0,0.0,False,False,True,False,False
56,RiceLeafDiseaseBD A Field-Based Annotated Smartpho/RiceLeafDiseaseBD A Field-Based Annotated Smartpho/RiceLeafDiseaseBD/Original images/Blast/blast_175.jpg,Blast,1,Healthy,0,0.9999674558639526,0,Healthy,0,0.45139843225479126,0,mutual_errors,4,0,0.0,False,False,True,False,False
57,RiceLeafDiseaseBD A Field-Based Annotated Smartpho/RiceLeafDiseaseBD A Field-Based Annotated Smartpho/RiceLeafDiseaseBD/Original images/Blast/blast_186.jpg,Blast,1,Healthy,0,0.9999675750732422,0,Healthy,0,0.9213379621505737,0,mutual_errors,1,2,0.004701948437160591,False,False,True,True,False
58,RiceLeafDiseaseBD A Field-Based Annotated Smartpho/RiceLeafDiseaseBD A Field-Based Annotated Smartpho/RiceLeafDiseaseBD/Original images/Blast/blast_188.jpg,Blast,1,Healthy,0,0.99907386302948,0,Healthy,0,0.9416387677192688,0,mutual_errors,2,2,0.0,False,False,True,True,False
59,RiceLeafDiseaseBD A Field-Based Annotated Smartpho/RiceLeafDiseaseBD A Field-Based Annotated Smartpho/RiceLeafDiseaseBD/Original images/Blast/blast_19.jpg,Blast,1,Healthy,0,0.9999568462371826,0,Blast,1,0.998375415802002,1,multitask_wins,2,0,0.0,False,False,True,True,False
60,RiceLeafDiseaseBD A Field-Based Annotated Smartpho/RiceLeafDiseaseBD A Field-Based Annotated Smartpho/RiceLeafDiseaseBD/Original images/Blast/blast_190.jpg,Blast,1,Healthy,0,0.9973311424255371,0,Healthy,0,0.9982099533081055,0,mutual_errors,3,0,0.0,False,False,True,True,False
61,RiceLeafDiseaseBD A Field-Based Annotated Smartpho/RiceLeafDiseaseBD A Field-Based Annotated Smartpho/RiceLeafDiseaseBD/Original images/Blast/blast_210.jpg,Blast,1,Healthy,0,0.9998200535774231,0,Healthy,0,0.993664026260376,0,mutual_errors,4,0,0.0,False,False,True,True,False
62,RiceLeafDiseaseBD A Field-Based Annotated Smartpho/RiceLeafDiseaseBD A Field-Based Annotated Smartpho/RiceLeafDiseaseBD/Original images/Blast/blast_211.jpg,Blast,1,Healthy,0,0.9998162388801575,0,Healthy,0,0.9802103638648987,0,mutual_errors,1,0,0.0,False,False,True,True,False
63,RiceLeafDiseaseBD A Field-Based Annotated Smartpho/RiceLeafDiseaseBD A Field-Based Annotated Smartpho/RiceLeafDiseaseBD/Original images/Blast/blast_22.jpg,Blast,1,Healthy,0,0.9999581575393677,0,Healthy,0,0.6104034185409546,0,mutual_errors,1,2,0.0,False,False,True,False,False
64,RiceLeafDiseaseBD A Field-Based Annotated Smartpho/RiceLeafDiseaseBD A Field-Based Annotated Smartpho/RiceLeafDiseaseBD/Original images/Blast/blast_224.jpg,Blast,1,Healthy,0,0.9999449253082275,0,Healthy,0,0.7630059123039246,0,mutual_errors,3,3,0.0,False,False,True,False,False
65,RiceLeafDiseaseBD A Field-Based Annotated Smartpho/RiceLeafDiseaseBD A Field-Based Annotated Smartpho/RiceLeafDiseaseBD/Original images/Blast/blast_23.jpg,Blast,1,Healthy,0,0.999982476234436,0,Brown Spot,2,0.640465497970581,0,mutual_errors,2,3,0.0,False,False,True,False,False
66,RiceLeafDiseaseBD A Field-Based Annotated Smartpho/RiceLeafDiseaseBD A Field-Based Annotated Smartpho/RiceLeafDiseaseBD/Original images/Blast/blast_231.jpg,Blast,1,Healthy,0,0.9999598264694214,0,Healthy,0,0.3959697484970093,0,mutual_errors,4,0,0.0,False,False,True,False,False
67,RiceLeafDiseaseBD A Field-Based Annotated Smartpho/RiceLeafDiseaseBD A Field-Based Annotated Smartpho/RiceLeafDiseaseBD/Original images/Blast/blast_232.jpg,Blast,1,Healthy,0,0.9999477863311768,0,Healthy,0,0.9874516129493713,0,mutual_errors,1,0,0.0,False,False,True,True,False
68,RiceLeafDiseaseBD A Field-Based Annotated Smartpho/RiceLeafDiseaseBD A Field-Based Annotated Smartpho/RiceLeafDiseaseBD/Original images/Blast/blast_235.jpg,Blast,1,Healthy,0,0.9999371767044067,0,Healthy,0,0.9109153151512146,0,mutual_errors,5,0,0.0,False,False,True,True,False
69,RiceLeafDiseaseBD A Field-Based Annotated Smartpho/RiceLeafDiseaseBD A Field-Based Annotated Smartpho/RiceLeafDiseaseBD/Original images/Blast/blast_24.jpg,Blast,1,Healthy,0,0.999962329864502,0,Blast,1,0.9899024963378906,1,multitask_wins,1,3,0.0,False,False,True,True,False
70,RiceLeafDiseaseBD A Field-Based Annotated Smartpho/RiceLeafDiseaseBD A Field-Based Annotated Smartpho/RiceLeafDiseaseBD/Original images/Blast/blast_25.jpg,Blast,1,Healthy,0,0.9999638795852661,0,Blast,1,0.8162639737129211,1,multitask_wins,1,1,0.0,False,False,True,True,False
71,RiceLeafDiseaseBD A Field-Based Annotated Smartpho/RiceLeafDiseaseBD A Field-Based Annotated Smartpho/RiceLeafDiseaseBD/Original images/Blast/blast_261.jpg,Blast,1,Healthy,0,0.9997816681861877,0,Healthy,0,0.8832062482833862,0,mutual_errors,2,1,0.0,False,False,True,True,False
72,RiceLeafDiseaseBD A Field-Based Annotated Smartpho/RiceLeafDiseaseBD A Field-Based Annotated Smartpho/RiceLeafDiseaseBD/Original images/Blast/blast_266.jpg,Blast,1,Healthy,0,0.9998520612716675,0,Healthy,0,0.9960934519767761,0,mutual_errors,1,0,0.0,False,False,True,True,False
73,RiceLeafDiseaseBD A Field-Based Annotated Smartpho/RiceLeafDiseaseBD A Field-Based Annotated Smartpho/RiceLeafDiseaseBD/Original images/Blast/blast_267.jpg,Blast,1,Healthy,0,0.9999809265136719,0,Healthy,0,0.9800080060958862,0,mutual_errors,1,0,0.0,False,False,True,True,False
74,RiceLeafDiseaseBD A Field-Based Annotated Smartpho/RiceLeafDiseaseBD A Field-Based Annotated Smartpho/RiceLeafDiseaseBD/Original images/Blast/blast_269.jpg,Blast,1,Healthy,0,0.9998699426651001,0,Healthy,0,0.7976374626159668,0,mutual_errors,3,0,0.0,False,False,True,False,False
75,RiceLeafDiseaseBD A Field-Based Annotated Smartpho/RiceLeafDiseaseBD A Field-Based Annotated Smartpho/RiceLeafDiseaseBD/Original images/Blast/blast_282.jpg,Blast,1,Healthy,0,0.9830229878425598,0,Healthy,0,0.9685904383659363,0,mutual_errors,3,1,0.0,False,False,True,True,False
76,RiceLeafDiseaseBD A Field-Based Annotated Smartpho/RiceLeafDiseaseBD A Field-Based Annotated Smartpho/RiceLeafDiseaseBD/Original images/Blast/blast_290.jpg,Blast,1,Healthy,0,0.999448835849762,0,Healthy,0,0.9646996855735779,0,mutual_errors,7,0,0.0,False,False,True,True,False
77,RiceLeafDiseaseBD A Field-Based Annotated Smartpho/RiceLeafDiseaseBD A Field-Based Annotated Smartpho/RiceLeafDiseaseBD/Original images/Blast/blast_307.jpg,Blast,1,Healthy,0,0.9999784231185913,0,Healthy,0,0.6545435786247253,0,mutual_errors,2,0,0.0,False,False,True,False,False
78,RiceLeafDiseaseBD A Field-Based Annotated Smartpho/RiceLeafDiseaseBD A Field-Based Annotated Smartpho/RiceLeafDiseaseBD/Original images/Blast/blast_31.jpg,Blast,1,Healthy,0,0.9999737739562988,0,Healthy,0,0.8189018964767456,0,mutual_errors,1,0,0.0,False,False,True,True,False
79,RiceLeafDiseaseBD A Field-Based Annotated Smartpho/RiceLeafDiseaseBD A Field-Based Annotated Smartpho/RiceLeafDiseaseBD/Original images/Blast/blast_310.jpg,Blast,1,Healthy,0,0.9996492862701416,0,Healthy,0,0.9956674575805664,0,mutual_errors,1,0,0.0,False,False,True,True,False
80,RiceLeafDiseaseBD A Field-Based Annotated Smartpho/RiceLeafDiseaseBD A Field-Based Annotated Smartpho/RiceLeafDiseaseBD/Original images/Blast/blast_324.jpg,Blast,1,Healthy,0,0.999782145023346,0,Healthy,0,0.8115215301513672,0,mutual_errors,3,1,0.0,False,False,True,True,False
81,RiceLeafDiseaseBD A Field-Based Annotated Smartpho/RiceLeafDiseaseBD A Field-Based Annotated Smartpho/RiceLeafDiseaseBD/Original images/Blast/blast_329.jpg,Blast,1,Healthy,0,0.9997993111610413,0,Blast,1,0.3535754084587097,1,multitask_wins,5,3,0.0,False,False,True,False,False
82,RiceLeafDiseaseBD A Field-Based Annotated Smartpho/RiceLeafDiseaseBD A Field-Based Annotated Smartpho/RiceLeafDiseaseBD/Original images/Blast/blast_333.jpg,Blast,1,Healthy,0,0.999964714050293,0,Healthy,0,0.9901524186134338,0,mutual_errors,4,0,0.0,False,False,True,True,False
83,RiceLeafDiseaseBD A Field-Based Annotated Smartpho/RiceLeafDiseaseBD A Field-Based Annotated Smartpho/RiceLeafDiseaseBD/Original images/Blast/blast_341.jpg,Blast,1,Healthy,0,0.999967098236084,0,Healthy,0,0.9467782974243164,0,mutual_errors,4,0,0.0,False,False,True,True,False
84,RiceLeafDiseaseBD A Field-Based Annotated Smartpho/RiceLeafDiseaseBD A Field-Based Annotated Smartpho/RiceLeafDiseaseBD/Original images/Blast/blast_344.jpg,Blast,1,Healthy,0,0.9997709393501282,0,Healthy,0,0.9869819283485413,0,mutual_errors,3,0,0.0,False,False,True,True,False
85,RiceLeafDiseaseBD A Field-Based Annotated Smartpho/RiceLeafDiseaseBD A Field-Based Annotated Smartpho/RiceLeafDiseaseBD/Original images/Blast/blast_352.jpg,Blast,1,Healthy,0,0.9998124241828918,0,Blast,1,0.9756660461425781,1,multitask_wins,1,3,0.0,False,False,True,True,False
86,RiceLeafDiseaseBD A Field-Based Annotated Smartpho/RiceLeafDiseaseBD A Field-Based Annotated Smartpho/RiceLeafDiseaseBD/Original images/Blast/blast_365.jpg,Blast,1,Healthy,0,0.9999121427536011,0,Healthy,0,0.9408993721008301,0,mutual_errors,2,0,0.0,False,False,True,True,False
87,RiceLeafDiseaseBD A Field-Based Annotated Smartpho/RiceLeafDiseaseBD A Field-Based Annotated Smartpho/RiceLeafDiseaseBD/Original images/Blast/blast_372.jpg,Blast,1,Healthy,0,0.9999744892120361,0,Healthy,0,0.9615832567214966,0,mutual_errors,1,3,0.0,False,False,True,True,False
88,RiceLeafDiseaseBD A Field-Based Annotated Smartpho/RiceLeafDiseaseBD A Field-Based Annotated Smartpho/RiceLeafDiseaseBD/Original images/Blast/blast_374.jpg,Blast,1,Healthy,0,0.9996457099914551,0,Healthy,0,0.9928661584854126,0,mutual_errors,4,0,0.0,False,False,True,True,False
89,RiceLeafDiseaseBD A Field-Based Annotated Smartpho/RiceLeafDiseaseBD A Field-Based Annotated Smartpho/RiceLeafDiseaseBD/Original images/Blast/blast_379.jpg,Blast,1,Healthy,0,0.9995214939117432,0,Healthy,0,0.9922738671302795,0,mutual_errors,2,0,0.0,False,False,True,True,False
90,RiceLeafDiseaseBD A Field-Based Annotated Smartpho/RiceLeafDiseaseBD A Field-Based Annotated Smartpho/RiceLeafDiseaseBD/Original images/Blast/blast_40.jpg,Blast,1,Healthy,0,0.9999443292617798,0,Blast,1,0.5930768847465515,1,multitask_wins,2,0,0.0,False,False,True,False,False
91,RiceLeafDiseaseBD A Field-Based Annotated Smartpho/RiceLeafDiseaseBD A Field-Based Annotated Smartpho/RiceLeafDiseaseBD/Original images/Blast/blast_403.jpg,Blast,1,Healthy,0,0.9998764991760254,0,Healthy,0,0.98441481590271,0,mutual_errors,1,0,0.0,False,False,True,True,False
92,RiceLeafDiseaseBD A Field-Based Annotated Smartpho/RiceLeafDiseaseBD A Field-Based Annotated Smartpho/RiceLeafDiseaseBD/Original images/Blast/blast_408.jpg,Blast,1,Healthy,0,0.9980694651603699,0,Healthy,0,0.9899882674217224,0,mutual_errors,1,0,0.0,False,False,True,True,False
93,RiceLeafDiseaseBD A Field-Based Annotated Smartpho/RiceLeafDiseaseBD A Field-Based Annotated Smartpho/RiceLeafDiseaseBD/Original images/Blast/blast_43.jpg,Blast,1,Healthy,0,0.9999651908874512,0,Healthy,0,0.9962347149848938,0,mutual_errors,2,0,0.0,False,False,True,True,False
94,RiceLeafDiseaseBD A Field-Based Annotated Smartpho/RiceLeafDiseaseBD A Field-Based Annotated Smartpho/RiceLeafDiseaseBD/Original images/Blast/blast_448.jpg,Blast,1,Healthy,0,0.9986637830734253,0,Healthy,0,0.9981986880302429,0,mutual_errors,5,0,0.0,False,False,True,True,False
95,RiceLeafDiseaseBD A Field-Based Annotated Smartpho/RiceLeafDiseaseBD A Field-Based Annotated Smartpho/RiceLeafDiseaseBD/Original images/Blast/blast_449.jpg,Blast,1,Healthy,0,0.9985051155090332,0,Healthy,0,0.9970337152481079,0,mutual_errors,4,0,0.0,False,False,True,True,False
96,RiceLeafDiseaseBD A Field-Based Annotated Smartpho/RiceLeafDiseaseBD A Field-Based Annotated Smartpho/RiceLeafDiseaseBD/Original images/Blast/blast_457.jpg,Blast,1,Healthy,0,0.9997108578681946,0,Healthy,0,0.9913603663444519,0,mutual_errors,4,0,0.0,False,False,True,True,False
97,RiceLeafDiseaseBD A Field-Based Annotated Smartpho/RiceLeafDiseaseBD A Field-Based Annotated Smartpho/RiceLeafDiseaseBD/Original images/Blast/blast_467.jpg,Blast,1,Healthy,0,0.9995866417884827,0,Tungro,4,0.9999998807907104,0,mutual_errors,1,1,0.0,False,False,True,True,False
98,RiceLeafDiseaseBD A Field-Based Annotated Smartpho/RiceLeafDiseaseBD A Field-Based Annotated Smartpho/RiceLeafDiseaseBD/Original images/Blast/blast_471.jpg,Blast,1,Healthy,0,0.9999856948852539,0,Blast,1,0.8332219123840332,1,multitask_wins,1,3,0.0,False,False,True,True,False
99,RiceLeafDiseaseBD A Field-Based Annotated Smartpho/RiceLeafDiseaseBD A Field-Based Annotated Smartpho/RiceLeafDiseaseBD/Original images/Blast/blast_483.jpg,Blast,1,Healthy,0,0.9917425513267517,0,Healthy,0,0.812064528465271,0,mutual_errors,3,0,0.0,False,False,True,True,False
100,RiceLeafDiseaseBD A Field-Based Annotated Smartpho/RiceLeafDiseaseBD A Field-Based Annotated Smartpho/RiceLeafDiseaseBD/Original images/Blast/blast_49.jpg,Blast,1,Healthy,0,0.9999192953109741,0,Healthy,0,0.9994760155677795,0,mutual_errors,1,0,0.0,False,False,True,True,False
101,RiceLeafDiseaseBD A Field-Based Annotated Smartpho/RiceLeafDiseaseBD A Field-Based Annotated Smartpho/RiceLeafDiseaseBD/Original images/Blast/blast_490.jpg,Blast,1,Healthy,0,0.999599277973175,0,Healthy,0,0.9735011458396912,0,mutual_errors,5,0,0.0,False,False,True,True,False
102,RiceLeafDiseaseBD A Field-Based Annotated Smartpho/RiceLeafDiseaseBD A Field-Based Annotated Smartpho/RiceLeafDiseaseBD/Original images/Blast/blast_497.jpg,Blast,1,Healthy,0,0.9999449253082275,0,Healthy,0,0.9686333537101746,0,mutual_errors,1,0,0.0,False,False,True,True,False
103,RiceLeafDiseaseBD A Field-Based Annotated Smartpho/RiceLeafDiseaseBD A Field-Based Annotated Smartpho/RiceLeafDiseaseBD/Original images/Blast/blast_503.jpg,Blast,1,Healthy,0,0.9955347776412964,0,Healthy,0,0.9912803769111633,0,mutual_errors,8,2,0.006540481254449925,False,False,True,True,False
104,RiceLeafDiseaseBD A Field-Based Annotated Smartpho/RiceLeafDiseaseBD A Field-Based Annotated Smartpho/RiceLeafDiseaseBD/Original images/Blast/blast_506.jpg,Blast,1,Healthy,0,0.9999589920043945,0,Healthy,0,0.9876147508621216,0,mutual_errors,3,0,0.0,False,False,True,True,False
105,RiceLeafDiseaseBD A Field-Based Annotated Smartpho/RiceLeafDiseaseBD A Field-Based Annotated Smartpho/RiceLeafDiseaseBD/Original images/Blast/blast_508.jpg,Blast,1,Healthy,0,0.9999089241027832,0,Healthy,0,0.9680072069168091,0,mutual_errors,5,0,0.0,False,False,True,True,False
106,RiceLeafDiseaseBD A Field-Based Annotated Smartpho/RiceLeafDiseaseBD A Field-Based Annotated Smartpho/RiceLeafDiseaseBD/Original images/Blast/blast_515.jpg,Blast,1,Healthy,0,0.9999233484268188,0,Healthy,0,0.7736977338790894,0,mutual_errors,9,0,0.0,False,False,True,False,False
107,RiceLeafDiseaseBD A Field-Based Annotated Smartpho/RiceLeafDiseaseBD A Field-Based Annotated Smartpho/RiceLeafDiseaseBD/Original images/Blast/blast_520.jpg,Blast,1,Healthy,0,0.9991575479507446,0,Healthy,0,0.9889705181121826,0,mutual_errors,4,0,0.0,False,False,True,True,False
108,RiceLeafDiseaseBD A Field-Based Annotated Smartpho/RiceLeafDiseaseBD A Field-Based Annotated Smartpho/RiceLeafDiseaseBD/Original images/Blast/blast_527.jpg,Blast,1,Healthy,0,0.9999699592590332,0,Healthy,0,0.9537461996078491,0,mutual_errors,2,0,0.0,False,False,True,True,False
109,RiceLeafDiseaseBD A Field-Based Annotated Smartpho/RiceLeafDiseaseBD A Field-Based Annotated Smartpho/RiceLeafDiseaseBD/Original images/Blast/blast_534.jpg,Blast,1,Healthy,0,0.9997625946998596,0,Healthy,0,0.7039452195167542,0,mutual_errors,6,3,0.06420212914251369,False,False,True,False,False
110,RiceLeafDiseaseBD A Field-Based Annotated Smartpho/RiceLeafDiseaseBD A Field-Based Annotated Smartpho/RiceLeafDiseaseBD/Original images/Blast/blast_546.jpg,Blast,1,Healthy,0,0.9993554949760437,0,Healthy,0,0.9883754253387451,0,mutual_errors,6,0,0.0,False,False,True,True,False
111,RiceLeafDiseaseBD A Field-Based Annotated Smartpho/RiceLeafDiseaseBD A Field-Based Annotated Smartpho/RiceLeafDiseaseBD/Original images/Blast/blast_548.jpg,Blast,1,Healthy,0,0.999975323677063,0,Healthy,0,0.917942464351654,0,mutual_errors,3,0,0.0,False,False,True,True,False
112,RiceLeafDiseaseBD A Field-Based Annotated Smartpho/RiceLeafDiseaseBD A Field-Based Annotated Smartpho/RiceLeafDiseaseBD/Original images/Blast/blast_556.jpg,Blast,1,Healthy,0,0.9993540644645691,0,Healthy,0,0.980941653251648,0,mutual_errors,11,0,0.0,False,False,True,True,False
113,RiceLeafDiseaseBD A Field-Based Annotated Smartpho/RiceLeafDiseaseBD A Field-Based Annotated Smartpho/RiceLeafDiseaseBD/Original images/Blast/blast_559.jpg,Blast,1,Healthy,0,0.9937898516654968,0,Healthy,0,0.9989996552467346,0,mutual_errors,17,0,0.0,False,False,True,True,False
114,RiceLeafDiseaseBD A Field-Based Annotated Smartpho/RiceLeafDiseaseBD A Field-Based Annotated Smartpho/RiceLeafDiseaseBD/Original images/Blast/blast_569.jpg,Blast,1,Healthy,0,0.9998378753662109,0,Healthy,0,0.9901965856552124,0,mutual_errors,1,0,0.0,False,False,True,True,False
115,RiceLeafDiseaseBD A Field-Based Annotated Smartpho/RiceLeafDiseaseBD A Field-Based Annotated Smartpho/RiceLeafDiseaseBD/Original images/Blast/blast_572.jpg,Blast,1,Healthy,0,0.998029887676239,0,Healthy,0,0.9986292123794556,0,mutual_errors,1,0,0.0,False,False,True,True,False
116,RiceLeafDiseaseBD A Field-Based Annotated Smartpho/RiceLeafDiseaseBD A Field-Based Annotated Smartpho/RiceLeafDiseaseBD/Original images/Blast/blast_579.jpg,Blast,1,Healthy,0,0.9996907711029053,0,Healthy,0,0.9882689714431763,0,mutual_errors,1,0,0.0,False,False,True,True,False
117,RiceLeafDiseaseBD A Field-Based Annotated Smartpho/RiceLeafDiseaseBD A Field-Based Annotated Smartpho/RiceLeafDiseaseBD/Original images/Blast/blast_582.jpg,Blast,1,Healthy,0,0.9993859529495239,0,Healthy,0,0.988298773765564,0,mutual_errors,1,0,0.0,False,False,True,True,False
118,RiceLeafDiseaseBD A Field-Based Annotated Smartpho/RiceLeafDiseaseBD A Field-Based Annotated Smartpho/RiceLeafDiseaseBD/Original images/Blast/blast_599.jpg,Blast,1,Healthy,0,0.9967998266220093,0,Healthy,0,0.9952332377433777,0,mutual_errors,3,0,0.0,False,False,True,True,False
119,RiceLeafDiseaseBD A Field-Based Annotated Smartpho/RiceLeafDiseaseBD A Field-Based Annotated Smartpho/RiceLeafDiseaseBD/Original images/Blast/blast_60.jpg,Blast,1,Healthy,0,0.9998873472213745,0,Healthy,0,0.9956022500991821,0,mutual_errors,3,0,0.0,False,False,True,True,False
120,RiceLeafDiseaseBD A Field-Based Annotated Smartpho/RiceLeafDiseaseBD A Field-Based Annotated Smartpho/RiceLeafDiseaseBD/Original images/Blast/blast_611.jpg,Blast,1,Healthy,0,0.995979905128479,0,Healthy,0,0.9873693585395813,0,mutual_errors,4,0,0.0,False,False,True,True,False
121,RiceLeafDiseaseBD A Field-Based Annotated Smartpho/RiceLeafDiseaseBD A Field-Based Annotated Smartpho/RiceLeafDiseaseBD/Original images/Blast/blast_617.jpg,Blast,1,Healthy,0,0.9986732006072998,0,Healthy,0,0.835780918598175,0,mutual_errors,4,0,0.0,False,False,True,True,False
122,RiceLeafDiseaseBD A Field-Based Annotated Smartpho/RiceLeafDiseaseBD A Field-Based Annotated Smartpho/RiceLeafDiseaseBD/Original images/Blast/blast_620.jpg,Blast,1,Healthy,0,0.9995853304862976,0,Healthy,0,0.8733157515525818,0,mutual_errors,1,0,0.0,False,False,True,True,False
123,RiceLeafDiseaseBD A Field-Based Annotated Smartpho/RiceLeafDiseaseBD A Field-Based Annotated Smartpho/RiceLeafDiseaseBD/Original images/Blast/blast_622.jpg,Blast,1,Healthy,0,0.9995812773704529,0,Healthy,0,0.6817172169685364,0,mutual_errors,3,0,0.0,False,False,True,False,False
124,RiceLeafDiseaseBD A Field-Based Annotated Smartpho/RiceLeafDiseaseBD A Field-Based Annotated Smartpho/RiceLeafDiseaseBD/Original images/Blast/blast_63.jpg,Blast,1,Healthy,0,0.9992769360542297,0,Healthy,0,0.9978947043418884,0,mutual_errors,1,0,0.0,False,False,True,True,False
125,RiceLeafDiseaseBD A Field-Based Annotated Smartpho/RiceLeafDiseaseBD A Field-Based Annotated Smartpho/RiceLeafDiseaseBD/Original images/Blast/blast_632.jpg,Blast,1,Healthy,0,0.9992659687995911,0,Healthy,0,0.9661673307418823,0,mutual_errors,7,0,0.0,False,False,True,True,False
126,RiceLeafDiseaseBD A Field-Based Annotated Smartpho/RiceLeafDiseaseBD A Field-Based Annotated Smartpho/RiceLeafDiseaseBD/Original images/Blast/blast_634.jpg,Blast,1,Healthy,0,0.9977465271949768,0,Healthy,0,0.97712242603302,0,mutual_errors,7,0,0.0,False,False,True,True,False
127,RiceLeafDiseaseBD A Field-Based Annotated Smartpho/RiceLeafDiseaseBD A Field-Based Annotated Smartpho/RiceLeafDiseaseBD/Original images/Blast/blast_640.jpg,Blast,1,Healthy,0,0.9992977380752563,0,Healthy,0,0.9404447078704834,0,mutual_errors,3,0,0.0,False,False,True,True,False
128,RiceLeafDiseaseBD A Field-Based Annotated Smartpho/RiceLeafDiseaseBD A Field-Based Annotated Smartpho/RiceLeafDiseaseBD/Original images/Blast/blast_643.jpg,Blast,1,Healthy,0,0.9991211295127869,0,Healthy,0,0.5111520886421204,0,mutual_errors,4,0,0.0,False,False,True,False,False
129,RiceLeafDiseaseBD A Field-Based Annotated Smartpho/RiceLeafDiseaseBD A Field-Based Annotated Smartpho/RiceLeafDiseaseBD/Original images/Blast/blast_648.jpg,Blast,1,Healthy,0,0.999782383441925,0,Blast,1,0.991685688495636,1,multitask_wins,3,0,0.0,False,False,True,True,False
130,RiceLeafDiseaseBD A Field-Based Annotated Smartpho/RiceLeafDiseaseBD A Field-Based Annotated Smartpho/RiceLeafDiseaseBD/Original images/Blast/blast_651.jpg,Blast,1,Healthy,0,0.9998682737350464,0,Blast,1,0.7330480813980103,1,multitask_wins,2,0,0.0,False,False,True,False,False
131,RiceLeafDiseaseBD A Field-Based Annotated Smartpho/RiceLeafDiseaseBD A Field-Based Annotated Smartpho/RiceLeafDiseaseBD/Original images/Blast/blast_66.jpg,Blast,1,Healthy,0,0.9982547163963318,0,Healthy,0,0.9961811304092407,0,mutual_errors,1,0,0.0,False,False,True,True,False
132,RiceLeafDiseaseBD A Field-Based Annotated Smartpho/RiceLeafDiseaseBD A Field-Based Annotated Smartpho/RiceLeafDiseaseBD/Original images/Blast/blast_673.jpg,Blast,1,Healthy,0,0.9969022274017334,0,Healthy,0,0.9988032579421997,0,mutual_errors,2,0,0.0,False,False,True,True,False
133,RiceLeafDiseaseBD A Field-Based Annotated Smartpho/RiceLeafDiseaseBD A Field-Based Annotated Smartpho/RiceLeafDiseaseBD/Original images/Blast/blast_675.jpg,Blast,1,Healthy,0,0.999618649482727,0,Healthy,0,0.9770151376724243,0,mutual_errors,2,0,0.0,False,False,True,True,False
134,RiceLeafDiseaseBD A Field-Based Annotated Smartpho/RiceLeafDiseaseBD A Field-Based Annotated Smartpho/RiceLeafDiseaseBD/Original images/Blast/blast_678.jpg,Blast,1,Healthy,0,0.9960470795631409,0,Healthy,0,0.9987433552742004,0,mutual_errors,2,0,0.0,False,False,True,True,False
135,RiceLeafDiseaseBD A Field-Based Annotated Smartpho/RiceLeafDiseaseBD A Field-Based Annotated Smartpho/RiceLeafDiseaseBD/Original images/Blast/blast_685.jpg,Blast,1,Healthy,0,0.9906405210494995,0,Healthy,0,0.9992062449455261,0,mutual_errors,2,0,0.0,False,False,True,True,False
136,RiceLeafDiseaseBD A Field-Based Annotated Smartpho/RiceLeafDiseaseBD A Field-Based Annotated Smartpho/RiceLeafDiseaseBD/Original images/Blast/blast_699.jpg,Blast,1,Healthy,0,0.9975727200508118,0,Healthy,0,0.5298177599906921,0,mutual_errors,3,0,0.0,False,False,True,False,False
137,RiceLeafDiseaseBD A Field-Based Annotated Smartpho/RiceLeafDiseaseBD A Field-Based Annotated Smartpho/RiceLeafDiseaseBD/Original images/Blast/blast_702.jpg,Blast,1,Healthy,0,0.997767448425293,0,Healthy,0,0.979106068611145,0,mutual_errors,2,0,0.0,False,False,True,True,False
138,RiceLeafDiseaseBD A Field-Based Annotated Smartpho/RiceLeafDiseaseBD A Field-Based Annotated Smartpho/RiceLeafDiseaseBD/Original images/Blast/blast_703.jpg,Blast,1,Healthy,0,0.9982853531837463,0,Tungro,4,0.41480791568756104,0,mutual_errors,2,0,0.0,False,False,True,False,False
139,RiceLeafDiseaseBD A Field-Based Annotated Smartpho/RiceLeafDiseaseBD A Field-Based Annotated Smartpho/RiceLeafDiseaseBD/Original images/Blast/blast_714.jpg,Blast,1,Healthy,0,0.9999507665634155,0,Blast,1,0.9979183077812195,1,multitask_wins,1,3,0.0,False,False,True,True,False
140,RiceLeafDiseaseBD A Field-Based Annotated Smartpho/RiceLeafDiseaseBD A Field-Based Annotated Smartpho/RiceLeafDiseaseBD/Original images/Blast/blast_716.jpg,Blast,1,Healthy,0,0.9999833106994629,0,Healthy,0,0.8062919974327087,0,mutual_errors,1,0,0.0,False,False,True,True,False
141,RiceLeafDiseaseBD A Field-Based Annotated Smartpho/RiceLeafDiseaseBD A Field-Based Annotated Smartpho/RiceLeafDiseaseBD/Original images/Blast/blast_718.jpg,Blast,1,Healthy,0,0.9999545812606812,0,Blast,1,0.4174244999885559,1,multitask_wins,1,1,0.0,False,False,True,False,False
142,RiceLeafDiseaseBD A Field-Based Annotated Smartpho/RiceLeafDiseaseBD A Field-Based Annotated Smartpho/RiceLeafDiseaseBD/Original images/Blast/blast_720.jpg,Blast,1,Healthy,0,0.9999380111694336,0,Blast,1,0.8727108240127563,1,multitask_wins,1,3,0.0,False,False,True,True,False
143,RiceLeafDiseaseBD A Field-Based Annotated Smartpho/RiceLeafDiseaseBD A Field-Based Annotated Smartpho/RiceLeafDiseaseBD/Original images/Blast/blast_728.jpg,Blast,1,Healthy,0,0.9985790252685547,0,Blast,1,0.9799849987030029,1,multitask_wins,4,1,0.0,False,False,True,True,False
144,RiceLeafDiseaseBD A Field-Based Annotated Smartpho/RiceLeafDiseaseBD A Field-Based Annotated Smartpho/RiceLeafDiseaseBD/Original images/Blast/blast_734.jpg,Blast,1,Healthy,0,0.9942547678947449,0,Blast,1,0.7817796468734741,1,multitask_wins,7,0,0.0,False,False,True,False,False
145,RiceLeafDiseaseBD A Field-Based Annotated Smartpho/RiceLeafDiseaseBD A Field-Based Annotated Smartpho/RiceLeafDiseaseBD/Original images/Blast/blast_743.jpg,Blast,1,Healthy,0,0.9952338337898254,0,Blast,1,0.9997320771217346,1,multitask_wins,5,0,0.0,False,False,True,True,False
146,RiceLeafDiseaseBD A Field-Based Annotated Smartpho/RiceLeafDiseaseBD A Field-Based Annotated Smartpho/RiceLeafDiseaseBD/Original images/Blast/blast_745.jpg,Blast,1,Healthy,0,0.9916552305221558,0,Blast,1,0.9229527711868286,1,multitask_wins,5,3,0.0,False,False,True,True,False
147,RiceLeafDiseaseBD A Field-Based Annotated Smartpho/RiceLeafDiseaseBD A Field-Based Annotated Smartpho/RiceLeafDiseaseBD/Original images/Blast/blast_749.jpg,Blast,1,Healthy,0,0.9950888752937317,0,Blast,1,0.6052948236465454,1,multitask_wins,3,0,0.0,False,False,True,False,False
148,RiceLeafDiseaseBD A Field-Based Annotated Smartpho/RiceLeafDiseaseBD A Field-Based Annotated Smartpho/RiceLeafDiseaseBD/Original images/Blast/blast_761.jpg,Blast,1,Healthy,0,0.9922778606414795,0,Healthy,0,0.8443906307220459,0,mutual_errors,3,0,0.0,False,False,True,True,False
149,RiceLeafDiseaseBD A Field-Based Annotated Smartpho/RiceLeafDiseaseBD A Field-Based Annotated Smartpho/RiceLeafDiseaseBD/Original images/Blast/blast_771.jpg,Blast,1,Healthy,0,0.99089515209198,0,Healthy,0,0.6015146374702454,0,mutual_errors,5,0,0.0,False,False,True,False,False
150,RiceLeafDiseaseBD A Field-Based Annotated Smartpho/RiceLeafDiseaseBD A Field-Based Annotated Smartpho/RiceLeafDiseaseBD/Original images/Blast/blast_78.jpg,Blast,1,Healthy,0,0.9989405274391174,0,Healthy,0,0.9993153810501099,0,mutual_errors,2,0,0.0,False,False,True,True,False
151,RiceLeafDiseaseBD A Field-Based Annotated Smartpho/RiceLeafDiseaseBD A Field-Based Annotated Smartpho/RiceLeafDiseaseBD/Original images/Blast/blast_780.jpg,Blast,1,Healthy,0,0.9837671518325806,0,Healthy,0,0.9986317753791809,0,mutual_errors,5,0,0.0,False,False,True,True,False
152,RiceLeafDiseaseBD A Field-Based Annotated Smartpho/RiceLeafDiseaseBD A Field-Based Annotated Smartpho/RiceLeafDiseaseBD/Original images/Blast/blast_784.jpg,Blast,1,Healthy,0,0.9842287302017212,0,Healthy,0,0.9978581070899963,0,mutual_errors,3,0,0.0,False,False,True,True,False
153,RiceLeafDiseaseBD A Field-Based Annotated Smartpho/RiceLeafDiseaseBD A Field-Based Annotated Smartpho/RiceLeafDiseaseBD/Original images/Blast/blast_79.jpg,Blast,1,Healthy,0,0.9924061894416809,0,Healthy,0,0.9985694885253906,0,mutual_errors,2,0,0.0,False,False,True,True,False
154,RiceLeafDiseaseBD A Field-Based Annotated Smartpho/RiceLeafDiseaseBD A Field-Based Annotated Smartpho/RiceLeafDiseaseBD/Original images/Blast/blast_793.jpg,Blast,1,Healthy,0,0.9924018383026123,0,Healthy,0,0.9816548824310303,0,mutual_errors,2,0,0.0,False,False,True,True,False
155,RiceLeafDiseaseBD A Field-Based Annotated Smartpho/RiceLeafDiseaseBD A Field-Based Annotated Smartpho/RiceLeafDiseaseBD/Original images/Blast/blast_794.jpg,Blast,1,Healthy,0,0.9972960352897644,0,Healthy,0,0.8292514085769653,0,mutual_errors,2,0,0.0,False,False,True,True,False
156,RiceLeafDiseaseBD A Field-Based Annotated Smartpho/RiceLeafDiseaseBD A Field-Based Annotated Smartpho/RiceLeafDiseaseBD/Original images/Blast/blast_795.jpg,Blast,1,Healthy,0,0.995701014995575,0,Blast,1,0.9745813012123108,1,multitask_wins,2,0,0.0,False,False,True,True,False
157,RiceLeafDiseaseBD A Field-Based Annotated Smartpho/RiceLeafDiseaseBD A Field-Based Annotated Smartpho/RiceLeafDiseaseBD/Original images/Blast/blast_8.jpg,Blast,1,Healthy,0,0.9999600648880005,0,Tungro,4,0.7664377689361572,0,mutual_errors,1,0,0.0,False,False,True,False,False
158,RiceLeafDiseaseBD A Field-Based Annotated Smartpho/RiceLeafDiseaseBD A Field-Based Annotated Smartpho/RiceLeafDiseaseBD/Original images/Blast/blast_814.jpg,Blast,1,Healthy,0,0.9919393658638,0,Healthy,0,0.8792017698287964,0,mutual_errors,2,0,0.0,False,False,True,True,False
159,RiceLeafDiseaseBD A Field-Based Annotated Smartpho/RiceLeafDiseaseBD A Field-Based Annotated Smartpho/RiceLeafDiseaseBD/Original images/Blast/blast_816.jpg,Blast,1,Healthy,0,0.9719679355621338,0,Healthy,0,0.9812449216842651,0,mutual_errors,5,0,0.0,False,False,True,True,False
160,RiceLeafDiseaseBD A Field-Based Annotated Smartpho/RiceLeafDiseaseBD A Field-Based Annotated Smartpho/RiceLeafDiseaseBD/Original images/Blast/blast_819.jpg,Blast,1,Healthy,0,0.9698076248168945,0,Healthy,0,0.9943163990974426,0,mutual_errors,6,0,0.0,False,False,True,True,False
161,RiceLeafDiseaseBD A Field-Based Annotated Smartpho/RiceLeafDiseaseBD A Field-Based Annotated Smartpho/RiceLeafDiseaseBD/Original images/Blast/blast_820.jpg,Blast,1,Healthy,0,0.9792755842208862,0,Healthy,0,0.994295060634613,0,mutual_errors,5,0,0.0,False,False,True,True,False
162,RiceLeafDiseaseBD A Field-Based Annotated Smartpho/RiceLeafDiseaseBD A Field-Based Annotated Smartpho/RiceLeafDiseaseBD/Original images/Blast/blast_825.jpg,Blast,1,Healthy,0,0.9614691734313965,0,Healthy,0,0.9934499859809875,0,mutual_errors,4,1,0.006204329430865852,False,False,True,True,False
163,RiceLeafDiseaseBD A Field-Based Annotated Smartpho/RiceLeafDiseaseBD A Field-Based Annotated Smartpho/RiceLeafDiseaseBD/Original images/Blast/blast_828.jpg,Blast,1,Healthy,0,0.9892351031303406,0,Tungro,4,0.6536144018173218,0,mutual_errors,6,0,0.0,False,False,True,False,False
164,RiceLeafDiseaseBD A Field-Based Annotated Smartpho/RiceLeafDiseaseBD A Field-Based Annotated Smartpho/RiceLeafDiseaseBD/Original images/Blast/blast_829.jpg,Blast,1,Healthy,0,0.9771983623504639,0,Healthy,0,0.47681358456611633,0,mutual_errors,1,0,0.0,False,False,True,False,False
165,RiceLeafDiseaseBD A Field-Based Annotated Smartpho/RiceLeafDiseaseBD A Field-Based Annotated Smartpho/RiceLeafDiseaseBD/Original images/Blast/blast_831.jpg,Blast,1,Healthy,0,0.9959906935691833,0,Blast,1,0.6801957488059998,1,multitask_wins,1,0,0.0,False,False,True,False,False
166,RiceLeafDiseaseBD A Field-Based Annotated Smartpho/RiceLeafDiseaseBD A Field-Based Annotated Smartpho/RiceLeafDiseaseBD/Original images/Blast/blast_837.jpg,Blast,1,Healthy,0,0.9921731948852539,0,Blast,1,0.9686803221702576,1,multitask_wins,3,0,0.0,False,False,True,True,False
167,RiceLeafDiseaseBD A Field-Based Annotated Smartpho/RiceLeafDiseaseBD A Field-Based Annotated Smartpho/RiceLeafDiseaseBD/Original images/Blast/blast_838.jpg,Blast,1,Healthy,0,0.9822126626968384,0,Blast,1,0.7715001702308655,1,multitask_wins,1,0,0.0,False,False,True,False,False
168,RiceLeafDiseaseBD A Field-Based Annotated Smartpho/RiceLeafDiseaseBD A Field-Based Annotated Smartpho/RiceLeafDiseaseBD/Original images/Blast/blast_842.jpg,Blast,1,Healthy,0,0.993884265422821,0,Healthy,0,0.9749451875686646,0,mutual_errors,2,0,0.0,False,False,True,True,False
169,RiceLeafDiseaseBD A Field-Based Annotated Smartpho/RiceLeafDiseaseBD A Field-Based Annotated Smartpho/RiceLeafDiseaseBD/Original images/Blast/blast_847.jpg,Blast,1,Healthy,0,0.9950379729270935,0,Healthy,0,0.9939033389091492,0,mutual_errors,2,0,0.0,False,False,True,True,False
170,RiceLeafDiseaseBD A Field-Based Annotated Smartpho/RiceLeafDiseaseBD A Field-Based Annotated Smartpho/RiceLeafDiseaseBD/Original images/Blast/blast_850.jpg,Blast,1,Healthy,0,0.9824150204658508,0,Healthy,0,0.9775157570838928,0,mutual_errors,3,0,0.0,False,False,True,True,False
171,RiceLeafDiseaseBD A Field-Based Annotated Smartpho/RiceLeafDiseaseBD A Field-Based Annotated Smartpho/RiceLeafDiseaseBD/Original images/Blast/blast_856.jpg,Blast,1,Healthy,0,0.999698281288147,0,Blast,1,0.9801745414733887,1,multitask_wins,2,3,0.0,False,False,True,True,False
172,RiceLeafDiseaseBD A Field-Based Annotated Smartpho/RiceLeafDiseaseBD A Field-Based Annotated Smartpho/RiceLeafDiseaseBD/Original images/Blast/blast_861.jpg,Blast,1,Healthy,0,0.9994134902954102,0,Blast,1,0.979005753993988,1,multitask_wins,2,3,0.0,False,False,True,True,False
173,RiceLeafDiseaseBD A Field-Based Annotated Smartpho/RiceLeafDiseaseBD A Field-Based Annotated Smartpho/RiceLeafDiseaseBD/Original images/Blast/blast_867.jpg,Blast,1,Healthy,0,0.9994901418685913,0,Healthy,0,0.6272525787353516,0,mutual_errors,2,3,0.04531257883976871,False,False,True,False,False
174,RiceLeafDiseaseBD A Field-Based Annotated Smartpho/RiceLeafDiseaseBD A Field-Based Annotated Smartpho/RiceLeafDiseaseBD/Original images/Blast/blast_870.jpg,Blast,1,Healthy,0,0.9994382262229919,0,Healthy,0,0.5567882061004639,0,mutual_errors,2,0,0.0,False,False,True,False,False
175,RiceLeafDiseaseBD A Field-Based Annotated Smartpho/RiceLeafDiseaseBD A Field-Based Annotated Smartpho/RiceLeafDiseaseBD/Original images/Blast/blast_876.jpg,Blast,1,Healthy,0,0.9992313385009766,0,Healthy,0,0.9139565825462341,0,mutual_errors,2,0,0.0,False,False,True,True,False
176,RiceLeafDiseaseBD A Field-Based Annotated Smartpho/RiceLeafDiseaseBD A Field-Based Annotated Smartpho/RiceLeafDiseaseBD/Original images/Blast/blast_88.jpg,Blast,1,Healthy,0,0.9994107484817505,0,Healthy,0,0.9991023540496826,0,mutual_errors,1,0,0.0,False,False,True,True,False
177,RiceLeafDiseaseBD A Field-Based Annotated Smartpho/RiceLeafDiseaseBD A Field-Based Annotated Smartpho/RiceLeafDiseaseBD/Original images/Blast/blast_902.jpg,Blast,1,Healthy,0,0.9966552257537842,0,Blast,1,0.9721402525901794,1,multitask_wins,3,3,0.0,False,False,True,True,False
178,RiceLeafDiseaseBD A Field-Based Annotated Smartpho/RiceLeafDiseaseBD A Field-Based Annotated Smartpho/RiceLeafDiseaseBD/Original images/Blast/blast_909.jpg,Blast,1,Healthy,0,0.9936962723731995,0,Healthy,0,0.9738063216209412,0,mutual_errors,1,0,0.0,False,False,True,True,False
179,RiceLeafDiseaseBD A Field-Based Annotated Smartpho/RiceLeafDiseaseBD A Field-Based Annotated Smartpho/RiceLeafDiseaseBD/Original images/Blast/blast_91.jpg,Blast,1,Healthy,0,0.9959173798561096,0,Healthy,0,0.9993104934692383,0,mutual_errors,1,0,0.0,False,False,True,True,False
180,RiceLeafDiseaseBD A Field-Based Annotated Smartpho/RiceLeafDiseaseBD A Field-Based Annotated Smartpho/RiceLeafDiseaseBD/Original images/Blast/blast_912.jpg,Blast,1,Healthy,0,0.9949860572814941,0,Healthy,0,0.9672873616218567,0,mutual_errors,1,0,0.0,False,False,True,True,False
181,RiceLeafDiseaseBD A Field-Based Annotated Smartpho/RiceLeafDiseaseBD A Field-Based Annotated Smartpho/RiceLeafDiseaseBD/Original images/Blast/blast_913.jpg,Blast,1,Healthy,0,0.9944129586219788,0,Healthy,0,0.9753929972648621,0,mutual_errors,1,0,0.0,False,False,True,True,False
182,RiceLeafDiseaseBD A Field-Based Annotated Smartpho/RiceLeafDiseaseBD A Field-Based Annotated Smartpho/RiceLeafDiseaseBD/Original images/Blast/blast_919.jpg,Blast,1,Healthy,0,0.9995019435882568,0,Healthy,0,0.6711623072624207,0,mutual_errors,2,0,0.0,False,False,True,False,False
183,RiceLeafDiseaseBD A Field-Based Annotated Smartpho/RiceLeafDiseaseBD A Field-Based Annotated Smartpho/RiceLeafDiseaseBD/Original images/Blast/blast_927.jpg,Blast,1,Healthy,0,0.9985865354537964,0,Healthy,0,0.9979937076568604,0,mutual_errors,6,0,0.0,False,False,True,True,False
184,RiceLeafDiseaseBD A Field-Based Annotated Smartpho/RiceLeafDiseaseBD A Field-Based Annotated Smartpho/RiceLeafDiseaseBD/Original images/Blast/blast_930.jpg,Blast,1,Healthy,0,0.9980239868164062,0,Healthy,0,0.9803598523139954,0,mutual_errors,6,0,0.0,False,False,True,True,False
185,RiceLeafDiseaseBD A Field-Based Annotated Smartpho/RiceLeafDiseaseBD A Field-Based Annotated Smartpho/RiceLeafDiseaseBD/Original images/Blast/blast_940.jpg,Blast,1,Healthy,0,0.9999380111694336,0,Brown Spot,2,0.9994280934333801,0,mutual_errors,3,0,0.0,False,False,True,True,False
186,RiceLeafDiseaseBD A Field-Based Annotated Smartpho/RiceLeafDiseaseBD A Field-Based Annotated Smartpho/RiceLeafDiseaseBD/Original images/Blast/blast_943.jpg,Blast,1,Healthy,0,0.9999517202377319,0,Brown Spot,2,0.9994204044342041,0,mutual_errors,4,3,0.01725134668046733,False,False,True,True,False
187,RiceLeafDiseaseBD A Field-Based Annotated Smartpho/RiceLeafDiseaseBD A Field-Based Annotated Smartpho/RiceLeafDiseaseBD/Original images/Blast/blast_944.jpg,Blast,1,Healthy,0,0.9997959733009338,0,Blast,1,0.43233922123908997,1,multitask_wins,5,0,0.0,False,False,True,False,False
188,RiceLeafDiseaseBD A Field-Based Annotated Smartpho/RiceLeafDiseaseBD A Field-Based Annotated Smartpho/RiceLeafDiseaseBD/Original images/Blast/blast_946.jpg,Blast,1,Healthy,0,0.9985571503639221,0,Healthy,0,0.9875680208206177,0,mutual_errors,11,1,0.004233590832253538,False,False,True,True,False
189,RiceLeafDiseaseBD A Field-Based Annotated Smartpho/RiceLeafDiseaseBD A Field-Based Annotated Smartpho/RiceLeafDiseaseBD/Original images/Blast/blast_95.jpg,Blast,1,Healthy,0,0.9950013756752014,0,Healthy,0,0.9992756247520447,0,mutual_errors,2,0,0.0,False,False,True,True,False
190,RiceLeafDiseaseBD A Field-Based Annotated Smartpho/RiceLeafDiseaseBD A Field-Based Annotated Smartpho/RiceLeafDiseaseBD/Original images/Blast/blast_950.jpg,Blast,1,Healthy,0,0.9980789422988892,0,Healthy,0,0.9783329367637634,0,mutual_errors,10,0,0.0,False,False,True,True,False
191,RiceLeafDiseaseBD A Field-Based Annotated Smartpho/RiceLeafDiseaseBD A Field-Based Annotated Smartpho/RiceLeafDiseaseBD/Original images/Blast/blast_953.jpg,Blast,1,Healthy,0,0.9997028708457947,0,Healthy,0,0.9805861711502075,0,mutual_errors,12,0,0.0,False,False,True,True,False
192,RiceLeafDiseaseBD A Field-Based Annotated Smartpho/RiceLeafDiseaseBD A Field-Based Annotated Smartpho/RiceLeafDiseaseBD/Original images/Blast/blast_955.jpg,Blast,1,Healthy,0,0.9651141166687012,0,Healthy,0,0.9152642488479614,0,mutual_errors,9,0,0.0,False,False,True,True,False
193,RiceLeafDiseaseBD A Field-Based Annotated Smartpho/RiceLeafDiseaseBD A Field-Based Annotated Smartpho/RiceLeafDiseaseBD/Original images/Blast/blast_960.jpg,Blast,1,Healthy,0,0.9512841105461121,0,Healthy,0,0.9642674326896667,0,mutual_errors,10,3,0.0,False,False,True,True,False
194,RiceLeafDiseaseBD A Field-Based Annotated Smartpho/RiceLeafDiseaseBD A Field-Based Annotated Smartpho/RiceLeafDiseaseBD/Original images/Blast/blast_966.jpg,Blast,1,Healthy,0,0.9995984435081482,0,Healthy,0,0.9984886646270752,0,mutual_errors,6,0,0.0,False,False,True,True,False
195,RiceLeafDiseaseBD A Field-Based Annotated Smartpho/RiceLeafDiseaseBD A Field-Based Annotated Smartpho/RiceLeafDiseaseBD/Original images/Blast/blast_97.jpg,Blast,1,Healthy,0,0.999769389629364,0,Healthy,0,0.9269582629203796,0,mutual_errors,2,0,0.0,False,False,True,True,False
196,RiceLeafDiseaseBD A Field-Based Annotated Smartpho/RiceLeafDiseaseBD A Field-Based Annotated Smartpho/RiceLeafDiseaseBD/Original images/Blast/blast_971.jpg,Blast,1,Healthy,0,0.998687207698822,0,Healthy,0,0.9738552570343018,0,mutual_errors,7,0,0.0,False,False,True,True,False
197,RiceLeafDiseaseBD A Field-Based Annotated Smartpho/RiceLeafDiseaseBD A Field-Based Annotated Smartpho/RiceLeafDiseaseBD/Original images/Blast/blast_991.jpg,Blast,1,Healthy,0,0.9995304346084595,0,Healthy,0,0.9986085295677185,0,mutual_errors,5,0,0.0,False,False,True,True,False
198,RiceLeafDiseaseBD A Field-Based Annotated Smartpho/RiceLeafDiseaseBD A Field-Based Annotated Smartpho/RiceLeafDiseaseBD/Original images/Blast/blast_992.jpg,Blast,1,Healthy,0,0.9992673993110657,0,Healthy,0,0.9979149699211121,0,mutual_errors,4,0,0.0,False,False,True,True,False
199,RiceLeafDiseaseBD A Field-Based Annotated Smartpho/RiceLeafDiseaseBD A Field-Based Annotated Smartpho/RiceLeafDiseaseBD/Original images/Brown spot/brown spot_1003.jpg,Brown Spot,2,Healthy,0,0.9978016018867493,0,Healthy,0,0.9636632800102234,0,mutual_errors,9,0,0.0,False,False,True,True,False
200,RiceLeafDiseaseBD A Field-Based Annotated Smartpho/RiceLeafDiseaseBD A Field-Based Annotated Smartpho/RiceLeafDiseaseBD/Original images/Brown spot/brown spot_1012.jpg,Brown Spot,2,Healthy,0,0.9998564720153809,0,Healthy,0,0.9975160360336304,0,mutual_errors,4,0,0.0,False,False,True,True,False
201,RiceLeafDiseaseBD A Field-Based Annotated Smartpho/RiceLeafDiseaseBD A Field-Based Annotated Smartpho/RiceLeafDiseaseBD/Original images/Brown spot/brown spot_1023.jpg,Brown Spot,2,Healthy,0,0.9973224997520447,0,Healthy,0,0.9979777932167053,0,mutual_errors,6,0,0.0,False,False,True,True,False
202,RiceLeafDiseaseBD A Field-Based Annotated Smartpho/RiceLeafDiseaseBD A Field-Based Annotated Smartpho/RiceLeafDiseaseBD/Original images/Brown spot/brown spot_1029.jpg,Brown Spot,2,Healthy,0,0.9967484474182129,0,Healthy,0,0.9772027134895325,0,mutual_errors,5,0,0.0,False,False,True,True,False
203,RiceLeafDiseaseBD A Field-Based Annotated Smartpho/RiceLeafDiseaseBD A Field-Based Annotated Smartpho/RiceLeafDiseaseBD/Original images/Brown spot/brown spot_1037.jpg,Brown Spot,2,Healthy,0,0.9976153373718262,0,Brown Spot,2,0.9353618025779724,1,multitask_wins,5,3,0.03408323519148312,False,False,True,True,False
204,RiceLeafDiseaseBD A Field-Based Annotated Smartpho/RiceLeafDiseaseBD A Field-Based Annotated Smartpho/RiceLeafDiseaseBD/Original images/Brown spot/brown spot_1041.jpg,Brown Spot,2,Healthy,0,0.9981504082679749,0,Healthy,0,0.7869806289672852,0,mutual_errors,7,0,0.0,False,False,True,False,False
205,RiceLeafDiseaseBD A Field-Based Annotated Smartpho/RiceLeafDiseaseBD A Field-Based Annotated Smartpho/RiceLeafDiseaseBD/Original images/Brown spot/brown spot_1043.jpg,Brown Spot,2,Healthy,0,0.9999037981033325,0,Healthy,0,0.46116510033607483,0,mutual_errors,8,0,0.0,False,False,True,False,False
206,RiceLeafDiseaseBD A Field-Based Annotated Smartpho/RiceLeafDiseaseBD A Field-Based Annotated Smartpho/RiceLeafDiseaseBD/Original images/Brown spot/brown spot_1049.jpg,Brown Spot,2,Healthy,0,0.9995797276496887,0,Healthy,0,0.9758027195930481,0,mutual_errors,1,0,0.0,False,False,True,True,False
207,RiceLeafDiseaseBD A Field-Based Annotated Smartpho/RiceLeafDiseaseBD A Field-Based Annotated Smartpho/RiceLeafDiseaseBD/Original images/Brown spot/brown spot_1052.jpg,Brown Spot,2,Healthy,0,0.9996935129165649,0,Healthy,0,0.9841181039810181,0,mutual_errors,1,0,0.0,False,False,True,True,False
208,RiceLeafDiseaseBD A Field-Based Annotated Smartpho/RiceLeafDiseaseBD A Field-Based Annotated Smartpho/RiceLeafDiseaseBD/Original images/Brown spot/brown spot_1057.jpg,Brown Spot,2,Healthy,0,0.9999823570251465,0,Healthy,0,0.6373071670532227,0,mutual_errors,1,0,0.0,False,False,True,False,False
209,RiceLeafDiseaseBD A Field-Based Annotated Smartpho/RiceLeafDiseaseBD A Field-Based Annotated Smartpho/RiceLeafDiseaseBD/Original images/Brown spot/brown spot_106.jpg,Brown Spot,2,Healthy,0,0.9999017715454102,0,Brown Spot,2,0.9123573899269104,1,multitask_wins,1,0,0.0,False,False,True,True,False
210,RiceLeafDiseaseBD A Field-Based Annotated Smartpho/RiceLeafDiseaseBD A Field-Based Annotated Smartpho/RiceLeafDiseaseBD/Original images/Brown spot/brown spot_1082.jpg,Brown Spot,2,Healthy,0,0.9999678134918213,0,Healthy,0,0.5520046949386597,0,mutual_errors,5,0,0.0,False,False,True,False,False
211,RiceLeafDiseaseBD A Field-Based Annotated Smartpho/RiceLeafDiseaseBD A Field-Based Annotated Smartpho/RiceLeafDiseaseBD/Original images/Brown spot/brown spot_1084.jpg,Brown Spot,2,Healthy,0,0.9999784231185913,0,Healthy,0,0.8321377635002136,0,mutual_errors,5,0,0.0,False,False,True,True,False
212,RiceLeafDiseaseBD A Field-Based Annotated Smartpho/RiceLeafDiseaseBD A Field-Based Annotated Smartpho/RiceLeafDiseaseBD/Original images/Brown spot/brown spot_1085.jpg,Brown Spot,2,Healthy,0,0.9999809265136719,0,Healthy,0,0.750826895236969,0,mutual_errors,5,0,0.0,False,False,True,False,False
213,RiceLeafDiseaseBD A Field-Based Annotated Smartpho/RiceLeafDiseaseBD A Field-Based Annotated Smartpho/RiceLeafDiseaseBD/Original images/Brown spot/brown spot_1090.jpg,Brown Spot,2,Healthy,0,0.999976396560669,0,Healthy,0,0.7762377858161926,0,mutual_errors,5,0,0.0,False,False,True,False,False
214,RiceLeafDiseaseBD A Field-Based Annotated Smartpho/RiceLeafDiseaseBD A Field-Based Annotated Smartpho/RiceLeafDiseaseBD/Original images/Brown spot/brown spot_1097.jpg,Brown Spot,2,Healthy,0,0.9999669790267944,0,Healthy,0,0.8926271200180054,0,mutual_errors,5,0,0.0,False,False,True,True,False
215,RiceLeafDiseaseBD A Field-Based Annotated Smartpho/RiceLeafDiseaseBD A Field-Based Annotated Smartpho/RiceLeafDiseaseBD/Original images/Brown spot/brown spot_11.jpg,Brown Spot,2,Healthy,0,0.9996840953826904,0,Blast,1,0.41732490062713623,0,mutual_errors,11,1,0.0,False,False,True,False,False
216,RiceLeafDiseaseBD A Field-Based Annotated Smartpho/RiceLeafDiseaseBD A Field-Based Annotated Smartpho/RiceLeafDiseaseBD/Original images/Brown spot/brown spot_1100.jpg,Brown Spot,2,Healthy,0,0.9940171241760254,0,Healthy,0,0.9962659478187561,0,mutual_errors,5,0,0.0,False,False,True,True,False
217,RiceLeafDiseaseBD A Field-Based Annotated Smartpho/RiceLeafDiseaseBD A Field-Based Annotated Smartpho/RiceLeafDiseaseBD/Original images/Brown spot/brown spot_1103.jpg,Brown Spot,2,Healthy,0,0.9954277276992798,0,Healthy,0,0.9958828687667847,0,mutual_errors,6,0,0.0,False,False,True,True,False
218,RiceLeafDiseaseBD A Field-Based Annotated Smartpho/RiceLeafDiseaseBD A Field-Based Annotated Smartpho/RiceLeafDiseaseBD/Original images/Brown spot/brown spot_111.jpg,Brown Spot,2,Healthy,0,0.9999808073043823,0,Healthy,0,0.6920388340950012,0,mutual_errors,1,0,0.0,False,False,True,False,False
219,RiceLeafDiseaseBD A Field-Based Annotated Smartpho/RiceLeafDiseaseBD A Field-Based Annotated Smartpho/RiceLeafDiseaseBD/Original images/Brown spot/brown spot_1115.jpg,Brown Spot,2,Healthy,0,0.996235191822052,0,Healthy,0,0.9973214268684387,0,mutual_errors,4,0,0.0,False,False,True,True,False
220,RiceLeafDiseaseBD A Field-Based Annotated Smartpho/RiceLeafDiseaseBD A Field-Based Annotated Smartpho/RiceLeafDiseaseBD/Original images/Brown spot/brown spot_1120.jpg,Brown Spot,2,Healthy,0,0.9986780285835266,0,Healthy,0,0.9977625608444214,0,mutual_errors,5,0,0.0,False,False,True,True,False
221,RiceLeafDiseaseBD A Field-Based Annotated Smartpho/RiceLeafDiseaseBD A Field-Based Annotated Smartpho/RiceLeafDiseaseBD/Original images/Brown spot/brown spot_1129.jpg,Brown Spot,2,Healthy,0,0.9995067119598389,0,Blast,1,0.981028139591217,0,mutual_errors,5,0,0.0,False,False,True,True,False
222,RiceLeafDiseaseBD A Field-Based Annotated Smartpho/RiceLeafDiseaseBD A Field-Based Annotated Smartpho/RiceLeafDiseaseBD/Original images/Brown spot/brown spot_1133.jpg,Brown Spot,2,Healthy,0,0.9991576671600342,0,Healthy,0,0.6184241771697998,0,mutual_errors,8,2,0.0,False,False,True,False,False
223,RiceLeafDiseaseBD A Field-Based Annotated Smartpho/RiceLeafDiseaseBD A Field-Based Annotated Smartpho/RiceLeafDiseaseBD/Original images/Brown spot/brown spot_1134.jpg,Brown Spot,2,Healthy,0,0.9992499947547913,0,Healthy,0,0.9591836929321289,0,mutual_errors,5,0,0.0,False,False,True,True,False
224,RiceLeafDiseaseBD A Field-Based Annotated Smartpho/RiceLeafDiseaseBD A Field-Based Annotated Smartpho/RiceLeafDiseaseBD/Original images/Brown spot/brown spot_114.jpg,Brown Spot,2,Healthy,0,0.9999486207962036,0,Healthy,0,0.9864012598991394,0,mutual_errors,2,0,0.0,False,False,True,True,False
225,RiceLeafDiseaseBD A Field-Based Annotated Smartpho/RiceLeafDiseaseBD A Field-Based Annotated Smartpho/RiceLeafDiseaseBD/Original images/Brown spot/brown spot_1154.jpg,Brown Spot,2,Healthy,0,0.998462438583374,0,Healthy,0,0.9813923239707947,0,mutual_errors,6,0,0.0,False,False,True,True,False
226,RiceLeafDiseaseBD A Field-Based Annotated Smartpho/RiceLeafDiseaseBD A Field-Based Annotated Smartpho/RiceLeafDiseaseBD/Original images/Brown spot/brown spot_1159.jpg,Brown Spot,2,Healthy,0,0.999693751335144,0,Healthy,0,0.9952412843704224,0,mutual_errors,8,0,0.0,False,False,True,True,False
227,RiceLeafDiseaseBD A Field-Based Annotated Smartpho/RiceLeafDiseaseBD A Field-Based Annotated Smartpho/RiceLeafDiseaseBD/Original images/Brown spot/brown spot_1170.jpg,Brown Spot,2,Healthy,0,0.9974760413169861,0,Healthy,0,0.978453516960144,0,mutual_errors,3,0,0.0,False,False,True,True,False
228,RiceLeafDiseaseBD A Field-Based Annotated Smartpho/RiceLeafDiseaseBD A Field-Based Annotated Smartpho/RiceLeafDiseaseBD/Original images/Brown spot/brown spot_1174.jpg,Brown Spot,2,Healthy,0,0.9988111257553101,0,Healthy,0,0.9148812890052795,0,mutual_errors,2,0,0.0,False,False,True,True,False
229,RiceLeafDiseaseBD A Field-Based Annotated Smartpho/RiceLeafDiseaseBD A Field-Based Annotated Smartpho/RiceLeafDiseaseBD/Original images/Brown spot/brown spot_1175.jpg,Brown Spot,2,Healthy,0,0.999884843826294,0,Healthy,0,0.9208527207374573,0,mutual_errors,2,0,0.0,False,False,True,True,False
230,RiceLeafDiseaseBD A Field-Based Annotated Smartpho/RiceLeafDiseaseBD A Field-Based Annotated Smartpho/RiceLeafDiseaseBD/Original images/Brown spot/brown spot_1181.jpg,Brown Spot,2,Healthy,0,0.9999696016311646,0,Healthy,0,0.9869814515113831,0,mutual_errors,6,0,0.0,False,False,True,True,False
231,RiceLeafDiseaseBD A Field-Based Annotated Smartpho/RiceLeafDiseaseBD A Field-Based Annotated Smartpho/RiceLeafDiseaseBD/Original images/Brown spot/brown spot_1190.jpg,Brown Spot,2,Healthy,0,0.9997729659080505,0,Healthy,0,0.9636769890785217,0,mutual_errors,4,0,0.0,False,False,True,True,False
232,RiceLeafDiseaseBD A Field-Based Annotated Smartpho/RiceLeafDiseaseBD A Field-Based Annotated Smartpho/RiceLeafDiseaseBD/Original images/Brown spot/brown spot_1195.jpg,Brown Spot,2,Healthy,0,0.9991588592529297,0,Healthy,0,0.9329179525375366,0,mutual_errors,4,0,0.0,False,False,True,True,False
233,RiceLeafDiseaseBD A Field-Based Annotated Smartpho/RiceLeafDiseaseBD A Field-Based Annotated Smartpho/RiceLeafDiseaseBD/Original images/Brown spot/brown spot_1208.jpg,Brown Spot,2,Healthy,0,0.9993358254432678,0,Healthy,0,0.9944661259651184,0,mutual_errors,6,0,0.0,False,False,True,True,False
234,RiceLeafDiseaseBD A Field-Based Annotated Smartpho/RiceLeafDiseaseBD A Field-Based Annotated Smartpho/RiceLeafDiseaseBD/Original images/Brown spot/brown spot_1231.jpg,Brown Spot,2,Healthy,0,0.9997934699058533,0,Healthy,0,0.9826908707618713,0,mutual_errors,4,0,0.0,False,False,True,True,False
235,RiceLeafDiseaseBD A Field-Based Annotated Smartpho/RiceLeafDiseaseBD A Field-Based Annotated Smartpho/RiceLeafDiseaseBD/Original images/Brown spot/brown spot_125.jpg,Brown Spot,2,Healthy,0,0.9999626874923706,0,Brown Spot,2,0.5303271412849426,1,multitask_wins,2,0,0.0,False,False,True,False,False
236,RiceLeafDiseaseBD A Field-Based Annotated Smartpho/RiceLeafDiseaseBD A Field-Based Annotated Smartpho/RiceLeafDiseaseBD/Original images/Brown spot/brown spot_1258.jpg,Brown Spot,2,Healthy,0,0.9971230626106262,0,Healthy,0,0.993419349193573,0,mutual_errors,1,0,0.0,False,False,True,True,False
237,RiceLeafDiseaseBD A Field-Based Annotated Smartpho/RiceLeafDiseaseBD A Field-Based Annotated Smartpho/RiceLeafDiseaseBD/Original images/Brown spot/brown spot_1260.jpg,Brown Spot,2,Healthy,0,0.9987303614616394,0,Healthy,0,0.9966989159584045,0,mutual_errors,1,0,0.0,False,False,True,True,False
238,RiceLeafDiseaseBD A Field-Based Annotated Smartpho/RiceLeafDiseaseBD A Field-Based Annotated Smartpho/RiceLeafDiseaseBD/Original images/Brown spot/brown spot_1263.jpg,Brown Spot,2,Healthy,0,0.9998283386230469,0,Healthy,0,0.9910169839859009,0,mutual_errors,4,0,0.0,False,False,True,True,False
239,RiceLeafDiseaseBD A Field-Based Annotated Smartpho/RiceLeafDiseaseBD A Field-Based Annotated Smartpho/RiceLeafDiseaseBD/Original images/Brown spot/brown spot_1267.jpg,Brown Spot,2,Healthy,0,0.9996100068092346,0,Healthy,0,0.9403511881828308,0,mutual_errors,5,0,0.0,False,False,True,True,False
240,RiceLeafDiseaseBD A Field-Based Annotated Smartpho/RiceLeafDiseaseBD A Field-Based Annotated Smartpho/RiceLeafDiseaseBD/Original images/Brown spot/brown spot_128.jpg,Brown Spot,2,Healthy,0,0.9987751841545105,0,Healthy,0,0.9807531237602234,0,mutual_errors,4,0,0.0,False,False,True,True,False
241,RiceLeafDiseaseBD A Field-Based Annotated Smartpho/RiceLeafDiseaseBD A Field-Based Annotated Smartpho/RiceLeafDiseaseBD/Original images/Brown spot/brown spot_1282.jpg,Brown Spot,2,Healthy,0,0.9994933605194092,0,Healthy,0,0.9677423238754272,0,mutual_errors,3,0,0.0,False,False,True,True,False
242,RiceLeafDiseaseBD A Field-Based Annotated Smartpho/RiceLeafDiseaseBD A Field-Based Annotated Smartpho/RiceLeafDiseaseBD/Original images/Brown spot/brown spot_1296.jpg,Brown Spot,2,Healthy,0,0.9998942613601685,0,Healthy,0,0.9973377585411072,0,mutual_errors,4,0,0.0,False,False,True,True,False
243,RiceLeafDiseaseBD A Field-Based Annotated Smartpho/RiceLeafDiseaseBD A Field-Based Annotated Smartpho/RiceLeafDiseaseBD/Original images/Brown spot/brown spot_1300.jpg,Brown Spot,2,Healthy,0,0.9997548460960388,0,Healthy,0,0.9945981502532959,0,mutual_errors,4,0,0.0,False,False,True,True,False
244,RiceLeafDiseaseBD A Field-Based Annotated Smartpho/RiceLeafDiseaseBD A Field-Based Annotated Smartpho/RiceLeafDiseaseBD/Original images/Brown spot/brown spot_1305.jpg,Brown Spot,2,Healthy,0,0.999750554561615,0,Healthy,0,0.9947007894515991,0,mutual_errors,3,0,0.0,False,False,True,True,False
245,RiceLeafDiseaseBD A Field-Based Annotated Smartpho/RiceLeafDiseaseBD A Field-Based Annotated Smartpho/RiceLeafDiseaseBD/Original images/Brown spot/brown spot_1312.jpg,Brown Spot,2,Healthy,0,0.9999605417251587,0,Blast,1,0.8413412570953369,0,mutual_errors,4,3,0.026340734047188338,False,False,True,True,False
246,RiceLeafDiseaseBD A Field-Based Annotated Smartpho/RiceLeafDiseaseBD A Field-Based Annotated Smartpho/RiceLeafDiseaseBD/Original images/Brown spot/brown spot_1324.jpg,Brown Spot,2,Healthy,0,0.9990537762641907,0,Brown Spot,2,0.9998998641967773,1,multitask_wins,2,3,0.0,False,False,True,True,False
247,RiceLeafDiseaseBD A Field-Based Annotated Smartpho/RiceLeafDiseaseBD A Field-Based Annotated Smartpho/RiceLeafDiseaseBD/Original images/Brown spot/brown spot_1355.jpg,Brown Spot,2,Healthy,0,0.9992233514785767,0,Healthy,0,0.9996845722198486,0,mutual_errors,4,0,0.0,False,False,True,True,False
248,RiceLeafDiseaseBD A Field-Based Annotated Smartpho/RiceLeafDiseaseBD A Field-Based Annotated Smartpho/RiceLeafDiseaseBD/Original images/Brown spot/brown spot_1361.jpg,Brown Spot,2,Healthy,0,0.9995468258857727,0,Healthy,0,0.9996627569198608,0,mutual_errors,6,0,0.0,False,False,True,True,False
249,RiceLeafDiseaseBD A Field-Based Annotated Smartpho/RiceLeafDiseaseBD A Field-Based Annotated Smartpho/RiceLeafDiseaseBD/Original images/Brown spot/brown spot_1363.jpg,Brown Spot,2,Healthy,0,0.9998050332069397,0,Healthy,0,0.9971137046813965,0,mutual_errors,4,0,0.0,False,False,True,True,False
250,RiceLeafDiseaseBD A Field-Based Annotated Smartpho/RiceLeafDiseaseBD A Field-Based Annotated Smartpho/RiceLeafDiseaseBD/Original images/Brown spot/brown spot_1371.jpg,Brown Spot,2,Healthy,0,0.9991270899772644,0,Healthy,0,0.9995564818382263,0,mutual_errors,1,0,0.0,False,False,True,True,False
251,RiceLeafDiseaseBD A Field-Based Annotated Smartpho/RiceLeafDiseaseBD A Field-Based Annotated Smartpho/RiceLeafDiseaseBD/Original images/Brown spot/brown spot_1372.jpg,Brown Spot,2,Healthy,0,0.99418044090271,0,Healthy,0,0.9931127429008484,0,mutual_errors,1,0,0.0,False,False,True,True,False
252,RiceLeafDiseaseBD A Field-Based Annotated Smartpho/RiceLeafDiseaseBD A Field-Based Annotated Smartpho/RiceLeafDiseaseBD/Original images/Brown spot/brown spot_1373.jpg,Brown Spot,2,Healthy,0,0.9930659532546997,0,Healthy,0,0.9890934228897095,0,mutual_errors,4,0,0.0,False,False,True,True,False
253,RiceLeafDiseaseBD A Field-Based Annotated Smartpho/RiceLeafDiseaseBD A Field-Based Annotated Smartpho/RiceLeafDiseaseBD/Original images/Brown spot/brown spot_1376.jpg,Brown Spot,2,Healthy,0,0.999601423740387,0,Healthy,0,0.9943032264709473,0,mutual_errors,3,0,0.0,False,False,True,True,False
254,RiceLeafDiseaseBD A Field-Based Annotated Smartpho/RiceLeafDiseaseBD A Field-Based Annotated Smartpho/RiceLeafDiseaseBD/Original images/Brown spot/brown spot_1378.jpg,Brown Spot,2,Healthy,0,0.9995753169059753,0,Healthy,0,0.9955400824546814,0,mutual_errors,3,0,0.0,False,False,True,True,False
255,RiceLeafDiseaseBD A Field-Based Annotated Smartpho/RiceLeafDiseaseBD A Field-Based Annotated Smartpho/RiceLeafDiseaseBD/Original images/Brown spot/brown spot_1380.jpg,Brown Spot,2,Healthy,0,0.9995330572128296,0,Healthy,0,0.9970695972442627,0,mutual_errors,3,0,0.0,False,False,True,True,False
256,RiceLeafDiseaseBD A Field-Based Annotated Smartpho/RiceLeafDiseaseBD A Field-Based Annotated Smartpho/RiceLeafDiseaseBD/Original images/Brown spot/brown spot_139.jpg,Brown Spot,2,Healthy,0,0.9998903274536133,0,Healthy,0,0.9903606176376343,0,mutual_errors,3,0,0.0,False,False,True,True,False
257,RiceLeafDiseaseBD A Field-Based Annotated Smartpho/RiceLeafDiseaseBD A Field-Based Annotated Smartpho/RiceLeafDiseaseBD/Original images/Brown spot/brown spot_1393.jpg,Brown Spot,2,Healthy,0,0.9944104552268982,0,Healthy,0,0.988860011100769,0,mutual_errors,6,0,0.0,False,False,True,True,False
258,RiceLeafDiseaseBD A Field-Based Annotated Smartpho/RiceLeafDiseaseBD A Field-Based Annotated Smartpho/RiceLeafDiseaseBD/Original images/Brown spot/brown spot_1394.jpg,Brown Spot,2,Healthy,0,0.9957854151725769,0,Healthy,0,0.9839771389961243,0,mutual_errors,4,0,0.0,False,False,True,True,False
259,RiceLeafDiseaseBD A Field-Based Annotated Smartpho/RiceLeafDiseaseBD A Field-Based Annotated Smartpho/RiceLeafDiseaseBD/Original images/Brown spot/brown spot_1407.jpg,Brown Spot,2,Healthy,0,0.9998413324356079,0,Healthy,0,0.997468113899231,0,mutual_errors,4,0,0.0,False,False,True,True,False
260,RiceLeafDiseaseBD A Field-Based Annotated Smartpho/RiceLeafDiseaseBD A Field-Based Annotated Smartpho/RiceLeafDiseaseBD/Original images/Brown spot/brown spot_141.jpg,Brown Spot,2,Healthy,0,0.999876856803894,0,Healthy,0,0.5325601696968079,0,mutual_errors,7,0,0.0,False,False,True,False,False
261,RiceLeafDiseaseBD A Field-Based Annotated Smartpho/RiceLeafDiseaseBD A Field-Based Annotated Smartpho/RiceLeafDiseaseBD/Original images/Brown spot/brown spot_1412.jpg,Brown Spot,2,Healthy,0,0.9989474415779114,0,Healthy,0,0.9979142546653748,0,mutual_errors,3,0,0.0,False,False,True,True,False
262,RiceLeafDiseaseBD A Field-Based Annotated Smartpho/RiceLeafDiseaseBD A Field-Based Annotated Smartpho/RiceLeafDiseaseBD/Original images/Brown spot/brown spot_1456.jpg,Brown Spot,2,Healthy,0,0.9912881255149841,0,Healthy,0,0.974376380443573,0,mutual_errors,3,0,0.0,False,False,True,True,False
263,RiceLeafDiseaseBD A Field-Based Annotated Smartpho/RiceLeafDiseaseBD A Field-Based Annotated Smartpho/RiceLeafDiseaseBD/Original images/Brown spot/brown spot_1465.jpg,Brown Spot,2,Healthy,0,0.9969488978385925,0,Healthy,0,0.9980292916297913,0,mutual_errors,4,0,0.0,False,False,True,True,False
264,RiceLeafDiseaseBD A Field-Based Annotated Smartpho/RiceLeafDiseaseBD A Field-Based Annotated Smartpho/RiceLeafDiseaseBD/Original images/Brown spot/brown spot_1467.jpg,Brown Spot,2,Healthy,0,0.998843789100647,0,Healthy,0,0.9980860948562622,0,mutual_errors,4,0,0.0,False,False,True,True,False
265,RiceLeafDiseaseBD A Field-Based Annotated Smartpho/RiceLeafDiseaseBD A Field-Based Annotated Smartpho/RiceLeafDiseaseBD/Original images/Brown spot/brown spot_1474.jpg,Brown Spot,2,Healthy,0,0.9970491528511047,0,Healthy,0,0.9975783228874207,0,mutual_errors,9,0,0.0,False,False,True,True,False
266,RiceLeafDiseaseBD A Field-Based Annotated Smartpho/RiceLeafDiseaseBD A Field-Based Annotated Smartpho/RiceLeafDiseaseBD/Original images/Brown spot/brown spot_1476.jpg,Brown Spot,2,Healthy,0,0.9950401186943054,0,Healthy,0,0.9983312487602234,0,mutual_errors,8,0,0.0,False,False,True,True,False
267,RiceLeafDiseaseBD A Field-Based Annotated Smartpho/RiceLeafDiseaseBD A Field-Based Annotated Smartpho/RiceLeafDiseaseBD/Original images/Brown spot/brown spot_1480.jpg,Brown Spot,2,Healthy,0,0.9848524928092957,0,Healthy,0,0.996025562286377,0,mutual_errors,9,0,0.0,False,False,True,True,False
268,RiceLeafDiseaseBD A Field-Based Annotated Smartpho/RiceLeafDiseaseBD A Field-Based Annotated Smartpho/RiceLeafDiseaseBD/Original images/Brown spot/brown spot_1488.jpg,Brown Spot,2,Healthy,0,0.9996870756149292,0,Healthy,0,0.9993525147438049,0,mutual_errors,4,0,0.0,False,False,True,True,False
269,RiceLeafDiseaseBD A Field-Based Annotated Smartpho/RiceLeafDiseaseBD A Field-Based Annotated Smartpho/RiceLeafDiseaseBD/Original images/Brown spot/brown spot_1490.jpg,Brown Spot,2,Healthy,0,0.9893091917037964,0,Healthy,0,0.9976232647895813,0,mutual_errors,4,0,0.0,False,False,True,True,False
270,RiceLeafDiseaseBD A Field-Based Annotated Smartpho/RiceLeafDiseaseBD A Field-Based Annotated Smartpho/RiceLeafDiseaseBD/Original images/Brown spot/brown spot_1498.jpg,Brown Spot,2,Healthy,0,0.9975523352622986,0,Healthy,0,0.9997543692588806,0,mutual_errors,4,0,0.0,False,False,True,True,False
271,RiceLeafDiseaseBD A Field-Based Annotated Smartpho/RiceLeafDiseaseBD A Field-Based Annotated Smartpho/RiceLeafDiseaseBD/Original images/Brown spot/brown spot_1501.jpg,Brown Spot,2,Healthy,0,0.9984630346298218,0,Healthy,0,0.9993880987167358,0,mutual_errors,6,0,0.0,False,False,True,True,False
272,RiceLeafDiseaseBD A Field-Based Annotated Smartpho/RiceLeafDiseaseBD A Field-Based Annotated Smartpho/RiceLeafDiseaseBD/Original images/Brown spot/brown spot_1503.jpg,Brown Spot,2,Healthy,0,0.9883695840835571,0,Healthy,0,0.9992771744728088,0,mutual_errors,8,0,0.0,False,False,True,True,False
273,RiceLeafDiseaseBD A Field-Based Annotated Smartpho/RiceLeafDiseaseBD A Field-Based Annotated Smartpho/RiceLeafDiseaseBD/Original images/Brown spot/brown spot_1507.jpg,Brown Spot,2,Healthy,0,0.9914684295654297,0,Healthy,0,0.9969831109046936,0,mutual_errors,2,0,0.0,False,False,True,True,False
274,RiceLeafDiseaseBD A Field-Based Annotated Smartpho/RiceLeafDiseaseBD A Field-Based Annotated Smartpho/RiceLeafDiseaseBD/Original images/Brown spot/brown spot_1508.jpg,Brown Spot,2,Healthy,0,0.9797323942184448,0,Healthy,0,0.9988340735435486,0,mutual_errors,10,0,0.0,False,False,True,True,False
275,RiceLeafDiseaseBD A Field-Based Annotated Smartpho/RiceLeafDiseaseBD A Field-Based Annotated Smartpho/RiceLeafDiseaseBD/Original images/Brown spot/brown spot_152.jpg,Brown Spot,2,Healthy,0,0.999864935874939,0,Healthy,0,0.9962228536605835,0,mutual_errors,3,0,0.0,False,False,True,True,False
276,RiceLeafDiseaseBD A Field-Based Annotated Smartpho/RiceLeafDiseaseBD A Field-Based Annotated Smartpho/RiceLeafDiseaseBD/Original images/Brown spot/brown spot_1521.jpg,Brown Spot,2,Healthy,0,0.999943733215332,0,Healthy,0,0.7730509638786316,0,mutual_errors,8,0,0.0,False,False,True,False,False
277,RiceLeafDiseaseBD A Field-Based Annotated Smartpho/RiceLeafDiseaseBD A Field-Based Annotated Smartpho/RiceLeafDiseaseBD/Original images/Brown spot/brown spot_1524.jpg,Brown Spot,2,Healthy,0,0.9999451637268066,0,Healthy,0,0.8869052529335022,0,mutual_errors,10,0,0.0,False,False,True,True,False
278,RiceLeafDiseaseBD A Field-Based Annotated Smartpho/RiceLeafDiseaseBD A Field-Based Annotated Smartpho/RiceLeafDiseaseBD/Original images/Brown spot/brown spot_153.jpg,Brown Spot,2,Healthy,0,0.9999815225601196,0,Healthy,0,0.9820472002029419,0,mutual_errors,2,0,0.0,False,False,True,True,False
279,RiceLeafDiseaseBD A Field-Based Annotated Smartpho/RiceLeafDiseaseBD A Field-Based Annotated Smartpho/RiceLeafDiseaseBD/Original images/Brown spot/brown spot_1530.jpg,Brown Spot,2,Healthy,0,0.9958913326263428,0,Healthy,0,0.9974476099014282,0,mutual_errors,3,0,0.0,False,False,True,True,False
280,RiceLeafDiseaseBD A Field-Based Annotated Smartpho/RiceLeafDiseaseBD A Field-Based Annotated Smartpho/RiceLeafDiseaseBD/Original images/Brown spot/brown spot_1544.jpg,Brown Spot,2,Healthy,0,0.9995205402374268,0,Healthy,0,0.9998718500137329,0,mutual_errors,7,0,0.0,False,False,True,True,False
281,RiceLeafDiseaseBD A Field-Based Annotated Smartpho/RiceLeafDiseaseBD A Field-Based Annotated Smartpho/RiceLeafDiseaseBD/Original images/Brown spot/brown spot_1546.jpg,Brown Spot,2,Healthy,0,0.9981574416160583,0,Healthy,0,0.9996863603591919,0,mutual_errors,6,0,0.0,False,False,True,True,False
282,RiceLeafDiseaseBD A Field-Based Annotated Smartpho/RiceLeafDiseaseBD A Field-Based Annotated Smartpho/RiceLeafDiseaseBD/Original images/Brown spot/brown spot_1547.jpg,Brown Spot,2,Healthy,0,0.9990838766098022,0,Healthy,0,0.9995371103286743,0,mutual_errors,6,0,0.0,False,False,True,True,False
283,RiceLeafDiseaseBD A Field-Based Annotated Smartpho/RiceLeafDiseaseBD A Field-Based Annotated Smartpho/RiceLeafDiseaseBD/Original images/Brown spot/brown spot_1560.jpg,Brown Spot,2,Healthy,0,0.999505877494812,0,Healthy,0,0.9992091059684753,0,mutual_errors,4,0,0.0,False,False,True,True,False
284,RiceLeafDiseaseBD A Field-Based Annotated Smartpho/RiceLeafDiseaseBD A Field-Based Annotated Smartpho/RiceLeafDiseaseBD/Original images/Brown spot/brown spot_1564.jpg,Brown Spot,2,Healthy,0,0.9992102384567261,0,Healthy,0,0.9988875985145569,0,mutual_errors,3,0,0.0,False,False,True,True,False
285,RiceLeafDiseaseBD A Field-Based Annotated Smartpho/RiceLeafDiseaseBD A Field-Based Annotated Smartpho/RiceLeafDiseaseBD/Original images/Brown spot/brown spot_1565.jpg,Brown Spot,2,Healthy,0,0.9969745874404907,0,Healthy,0,0.9989243149757385,0,mutual_errors,5,0,0.0,False,False,True,True,False
286,RiceLeafDiseaseBD A Field-Based Annotated Smartpho/RiceLeafDiseaseBD A Field-Based Annotated Smartpho/RiceLeafDiseaseBD/Original images/Brown spot/brown spot_1568.jpg,Brown Spot,2,Healthy,0,0.990925669670105,0,Healthy,0,0.9915710687637329,0,mutual_errors,6,0,0.0,False,False,True,True,False
287,RiceLeafDiseaseBD A Field-Based Annotated Smartpho/RiceLeafDiseaseBD A Field-Based Annotated Smartpho/RiceLeafDiseaseBD/Original images/Brown spot/brown spot_1569.jpg,Brown Spot,2,Healthy,0,0.9949774146080017,0,Healthy,0,0.9896174669265747,0,mutual_errors,3,0,0.0,False,False,True,True,False
288,RiceLeafDiseaseBD A Field-Based Annotated Smartpho/RiceLeafDiseaseBD A Field-Based Annotated Smartpho/RiceLeafDiseaseBD/Original images/Brown spot/brown spot_1570.jpg,Brown Spot,2,Healthy,0,0.992388904094696,0,Healthy,0,0.9949222207069397,0,mutual_errors,6,0,0.0,False,False,True,True,False
289,RiceLeafDiseaseBD A Field-Based Annotated Smartpho/RiceLeafDiseaseBD A Field-Based Annotated Smartpho/RiceLeafDiseaseBD/Original images/Brown spot/brown spot_158.jpg,Brown Spot,2,Healthy,0,0.999964714050293,0,Healthy,0,0.9870376586914062,0,mutual_errors,3,0,0.0,False,False,True,True,False
290,RiceLeafDiseaseBD A Field-Based Annotated Smartpho/RiceLeafDiseaseBD A Field-Based Annotated Smartpho/RiceLeafDiseaseBD/Original images/Brown spot/brown spot_1582.jpg,Brown Spot,2,Healthy,0,0.9998074173927307,0,Healthy,0,0.9751303791999817,0,mutual_errors,3,0,0.0,False,False,True,True,False
291,RiceLeafDiseaseBD A Field-Based Annotated Smartpho/RiceLeafDiseaseBD A Field-Based Annotated Smartpho/RiceLeafDiseaseBD/Original images/Brown spot/brown spot_1598.jpg,Brown Spot,2,Healthy,0,0.9998636245727539,0,Healthy,0,0.9980429410934448,0,mutual_errors,3,0,0.0,False,False,True,True,False
292,RiceLeafDiseaseBD A Field-Based Annotated Smartpho/RiceLeafDiseaseBD A Field-Based Annotated Smartpho/RiceLeafDiseaseBD/Original images/Brown spot/brown spot_161.jpg,Brown Spot,2,Healthy,0,0.9997624754905701,0,Healthy,0,0.9816930294036865,0,mutual_errors,2,0,0.0,False,False,True,True,False
293,RiceLeafDiseaseBD A Field-Based Annotated Smartpho/RiceLeafDiseaseBD A Field-Based Annotated Smartpho/RiceLeafDiseaseBD/Original images/Brown spot/brown spot_1613.jpg,Brown Spot,2,Healthy,0,0.9998487234115601,0,Blast,1,0.9739881157875061,0,mutual_errors,6,0,0.0,False,False,True,True,False
294,RiceLeafDiseaseBD A Field-Based Annotated Smartpho/RiceLeafDiseaseBD A Field-Based Annotated Smartpho/RiceLeafDiseaseBD/Original images/Brown spot/brown spot_1615.jpg,Brown Spot,2,Healthy,0,0.9999068975448608,0,Blast,1,0.97194504737854,0,mutual_errors,6,0,0.0,False,False,True,True,False
295,RiceLeafDiseaseBD A Field-Based Annotated Smartpho/RiceLeafDiseaseBD A Field-Based Annotated Smartpho/RiceLeafDiseaseBD/Original images/Brown spot/brown spot_1639.jpg,Brown Spot,2,Healthy,0,0.9918798804283142,0,Healthy,0,0.9987284541130066,0,mutual_errors,9,0,0.0,False,False,True,True,False
296,RiceLeafDiseaseBD A Field-Based Annotated Smartpho/RiceLeafDiseaseBD A Field-Based Annotated Smartpho/RiceLeafDiseaseBD/Original images/Brown spot/brown spot_1640.jpg,Brown Spot,2,Healthy,0,0.9934347867965698,0,Healthy,0,0.9988090991973877,0,mutual_errors,9,0,0.0,False,False,True,True,False
297,RiceLeafDiseaseBD A Field-Based Annotated Smartpho/RiceLeafDiseaseBD A Field-Based Annotated Smartpho/RiceLeafDiseaseBD/Original images/Brown spot/brown spot_1641.jpg,Brown Spot,2,Healthy,0,0.9953052997589111,0,Healthy,0,0.9991040825843811,0,mutual_errors,9,0,0.0,False,False,True,True,False
298,RiceLeafDiseaseBD A Field-Based Annotated Smartpho/RiceLeafDiseaseBD A Field-Based Annotated Smartpho/RiceLeafDiseaseBD/Original images/Brown spot/brown spot_1645.jpg,Brown Spot,2,Healthy,0,0.994879961013794,0,Healthy,0,0.9693875908851624,0,mutual_errors,5,0,0.0,False,False,True,True,False
299,RiceLeafDiseaseBD A Field-Based Annotated Smartpho/RiceLeafDiseaseBD A Field-Based Annotated Smartpho/RiceLeafDiseaseBD/Original images/Brown spot/brown spot_166.jpg,Brown Spot,2,Healthy,0,0.9999669790267944,0,Healthy,0,0.9752283692359924,0,mutual_errors,2,0,0.0,False,False,True,True,False
300,RiceLeafDiseaseBD A Field-Based Annotated Smartpho/RiceLeafDiseaseBD A Field-Based Annotated Smartpho/RiceLeafDiseaseBD/Original images/Brown spot/brown spot_1660.jpg,Brown Spot,2,Healthy,0,0.9973068237304688,0,Healthy,0,0.9895081520080566,0,mutual_errors,5,0,0.0,False,False,True,True,False
301,RiceLeafDiseaseBD A Field-Based Annotated Smartpho/RiceLeafDiseaseBD A Field-Based Annotated Smartpho/RiceLeafDiseaseBD/Original images/Brown spot/brown spot_1661.jpg,Brown Spot,2,Healthy,0,0.9978994131088257,0,Healthy,0,0.9838044047355652,0,mutual_errors,2,0,0.0,False,False,True,True,False
302,RiceLeafDiseaseBD A Field-Based Annotated Smartpho/RiceLeafDiseaseBD A Field-Based Annotated Smartpho/RiceLeafDiseaseBD/Original images/Brown spot/brown spot_1692.jpg,Brown Spot,2,Healthy,0,0.9998853206634521,0,Healthy,0,0.7594045400619507,0,mutual_errors,6,0,0.0,False,False,True,False,False
303,RiceLeafDiseaseBD A Field-Based Annotated Smartpho/RiceLeafDiseaseBD A Field-Based Annotated Smartpho/RiceLeafDiseaseBD/Original images/Brown spot/brown spot_1694.jpg,Brown Spot,2,Healthy,0,0.9998669624328613,0,Blast,1,0.9834174513816833,0,mutual_errors,7,2,0.0,False,False,True,True,False
304,RiceLeafDiseaseBD A Field-Based Annotated Smartpho/RiceLeafDiseaseBD A Field-Based Annotated Smartpho/RiceLeafDiseaseBD/Original images/Brown spot/brown spot_1698.jpg,Brown Spot,2,Healthy,0,0.9998700618743896,0,Healthy,0,0.7954171895980835,0,mutual_errors,8,0,0.0,False,False,True,False,False
305,RiceLeafDiseaseBD A Field-Based Annotated Smartpho/RiceLeafDiseaseBD A Field-Based Annotated Smartpho/RiceLeafDiseaseBD/Original images/Brown spot/brown spot_170.jpg,Brown Spot,2,Healthy,0,0.9999420642852783,0,Healthy,0,0.9919058084487915,0,mutual_errors,5,0,0.0,False,False,True,True,False
306,RiceLeafDiseaseBD A Field-Based Annotated Smartpho/RiceLeafDiseaseBD A Field-Based Annotated Smartpho/RiceLeafDiseaseBD/Original images/Brown spot/brown spot_1704.jpg,Brown Spot,2,Healthy,0,0.9998300075531006,0,Blast,1,0.9892942905426025,0,mutual_errors,6,3,0.0,False,False,True,True,False
307,RiceLeafDiseaseBD A Field-Based Annotated Smartpho/RiceLeafDiseaseBD A Field-Based Annotated Smartpho/RiceLeafDiseaseBD/Original images/Brown spot/brown spot_171.jpg,Brown Spot,2,Healthy,0,0.999686598777771,0,Healthy,0,0.9944263696670532,0,mutual_errors,2,0,0.0,False,False,True,True,False
308,RiceLeafDiseaseBD A Field-Based Annotated Smartpho/RiceLeafDiseaseBD A Field-Based Annotated Smartpho/RiceLeafDiseaseBD/Original images/Brown spot/brown spot_1719.jpg,Brown Spot,2,Healthy,0,0.9999539852142334,0,Blast,1,0.827817976474762,0,mutual_errors,8,0,0.0,False,False,True,True,False
309,RiceLeafDiseaseBD A Field-Based Annotated Smartpho/RiceLeafDiseaseBD A Field-Based Annotated Smartpho/RiceLeafDiseaseBD/Original images/Brown spot/brown spot_1720.jpg,Brown Spot,2,Healthy,0,0.9999771118164062,0,Blast,1,0.8014650940895081,0,mutual_errors,2,3,0.0,False,False,True,True,False
310,RiceLeafDiseaseBD A Field-Based Annotated Smartpho/RiceLeafDiseaseBD A Field-Based Annotated Smartpho/RiceLeafDiseaseBD/Original images/Brown spot/brown spot_1731.jpg,Brown Spot,2,Healthy,0,0.9999252557754517,0,Healthy,0,0.9953435063362122,0,mutual_errors,4,0,0.0,False,False,True,True,False
311,RiceLeafDiseaseBD A Field-Based Annotated Smartpho/RiceLeafDiseaseBD A Field-Based Annotated Smartpho/RiceLeafDiseaseBD/Original images/Brown spot/brown spot_1734.jpg,Brown Spot,2,Healthy,0,0.9998220801353455,0,Healthy,0,0.9947980642318726,0,mutual_errors,3,0,0.0,False,False,True,True,False
312,RiceLeafDiseaseBD A Field-Based Annotated Smartpho/RiceLeafDiseaseBD A Field-Based Annotated Smartpho/RiceLeafDiseaseBD/Original images/Brown spot/brown spot_1735.jpg,Brown Spot,2,Healthy,0,0.9993707537651062,0,Healthy,0,0.9983689188957214,0,mutual_errors,3,0,0.0,False,False,True,True,False
313,RiceLeafDiseaseBD A Field-Based Annotated Smartpho/RiceLeafDiseaseBD A Field-Based Annotated Smartpho/RiceLeafDiseaseBD/Original images/Brown spot/brown spot_174.jpg,Brown Spot,2,Healthy,0,0.9997588992118835,0,Healthy,0,0.9687263369560242,0,mutual_errors,4,0,0.0,False,False,True,True,False
314,RiceLeafDiseaseBD A Field-Based Annotated Smartpho/RiceLeafDiseaseBD A Field-Based Annotated Smartpho/RiceLeafDiseaseBD/Original images/Brown spot/brown spot_1745.jpg,Brown Spot,2,Healthy,0,0.9998264908790588,0,Healthy,0,0.5281371474266052,0,mutual_errors,5,0,0.0,False,False,True,False,False
315,RiceLeafDiseaseBD A Field-Based Annotated Smartpho/RiceLeafDiseaseBD A Field-Based Annotated Smartpho/RiceLeafDiseaseBD/Original images/Brown spot/brown spot_1747.jpg,Brown Spot,2,Healthy,0,0.9997050166130066,0,Healthy,0,0.9711502194404602,0,mutual_errors,6,0,0.0,False,False,True,True,False
316,RiceLeafDiseaseBD A Field-Based Annotated Smartpho/RiceLeafDiseaseBD A Field-Based Annotated Smartpho/RiceLeafDiseaseBD/Original images/Brown spot/brown spot_175.jpg,Brown Spot,2,Healthy,0,0.9998729228973389,0,Healthy,0,0.9766488671302795,0,mutual_errors,4,0,0.0,False,False,True,True,False
317,RiceLeafDiseaseBD A Field-Based Annotated Smartpho/RiceLeafDiseaseBD A Field-Based Annotated Smartpho/RiceLeafDiseaseBD/Original images/Brown spot/brown spot_176.jpg,Brown Spot,2,Healthy,0,0.9980892539024353,0,Healthy,0,0.992766261100769,0,mutual_errors,2,0,0.0,False,False,True,True,False
318,RiceLeafDiseaseBD A Field-Based Annotated Smartpho/RiceLeafDiseaseBD A Field-Based Annotated Smartpho/RiceLeafDiseaseBD/Original images/Brown spot/brown spot_1765.jpg,Brown Spot,2,Healthy,0,0.9998873472213745,0,Healthy,0,0.4543459415435791,0,mutual_errors,16,0,0.0,False,False,True,False,False
319,RiceLeafDiseaseBD A Field-Based Annotated Smartpho/RiceLeafDiseaseBD A Field-Based Annotated Smartpho/RiceLeafDiseaseBD/Original images/Brown spot/brown spot_1776.jpg,Brown Spot,2,Healthy,0,0.9990002512931824,0,Healthy,0,0.994964599609375,0,mutual_errors,6,0,0.0,False,False,True,True,False
320,RiceLeafDiseaseBD A Field-Based Annotated Smartpho/RiceLeafDiseaseBD A Field-Based Annotated Smartpho/RiceLeafDiseaseBD/Original images/Brown spot/brown spot_178.jpg,Brown Spot,2,Healthy,0,0.9999186992645264,0,Healthy,0,0.8895474076271057,0,mutual_errors,1,0,0.0,False,False,True,True,False
321,RiceLeafDiseaseBD A Field-Based Annotated Smartpho/RiceLeafDiseaseBD A Field-Based Annotated Smartpho/RiceLeafDiseaseBD/Original images/Brown spot/brown spot_1782.jpg,Brown Spot,2,Healthy,0,0.9909642934799194,0,Healthy,0,0.9909797310829163,0,mutual_errors,3,0,0.0,False,False,True,True,False
322,RiceLeafDiseaseBD A Field-Based Annotated Smartpho/RiceLeafDiseaseBD A Field-Based Annotated Smartpho/RiceLeafDiseaseBD/Original images/Brown spot/brown spot_18.jpg,Brown Spot,2,Healthy,0,0.9986683130264282,0,Healthy,0,0.8470028638839722,0,mutual_errors,2,0,0.0,False,False,True,True,False
323,RiceLeafDiseaseBD A Field-Based Annotated Smartpho/RiceLeafDiseaseBD A Field-Based Annotated Smartpho/RiceLeafDiseaseBD/Original images/Brown spot/brown spot_1802.jpg,Brown Spot,2,Healthy,0,0.9971399307250977,0,Blast,1,0.8638360500335693,0,mutual_errors,3,3,0.0,False,False,True,True,False
324,RiceLeafDiseaseBD A Field-Based Annotated Smartpho/RiceLeafDiseaseBD A Field-Based Annotated Smartpho/RiceLeafDiseaseBD/Original images/Brown spot/brown spot_1804.jpg,Brown Spot,2,Healthy,0,0.9958726763725281,0,Blast,1,0.9624391198158264,0,mutual_errors,3,3,0.0,False,False,True,True,False
325,RiceLeafDiseaseBD A Field-Based Annotated Smartpho/RiceLeafDiseaseBD A Field-Based Annotated Smartpho/RiceLeafDiseaseBD/Original images/Brown spot/brown spot_1805.jpg,Brown Spot,2,Healthy,0,0.997560977935791,0,Healthy,0,0.9964150190353394,0,mutual_errors,3,0,0.0,False,False,True,True,False
326,RiceLeafDiseaseBD A Field-Based Annotated Smartpho/RiceLeafDiseaseBD A Field-Based Annotated Smartpho/RiceLeafDiseaseBD/Original images/Brown spot/brown spot_1808.jpg,Brown Spot,2,Healthy,0,0.998038113117218,0,Blast,1,0.5641402006149292,0,mutual_errors,3,0,0.0,False,False,True,False,False
327,RiceLeafDiseaseBD A Field-Based Annotated Smartpho/RiceLeafDiseaseBD A Field-Based Annotated Smartpho/RiceLeafDiseaseBD/Original images/Brown spot/brown spot_1812.jpg,Brown Spot,2,Healthy,0,0.9974873065948486,0,Healthy,0,0.6531549096107483,0,mutual_errors,8,0,0.0,False,False,True,False,False
328,RiceLeafDiseaseBD A Field-Based Annotated Smartpho/RiceLeafDiseaseBD A Field-Based Annotated Smartpho/RiceLeafDiseaseBD/Original images/Brown spot/brown spot_1824.jpg,Brown Spot,2,Healthy,0,0.998820960521698,0,Blast,1,0.8898890614509583,0,mutual_errors,4,0,0.0,False,False,True,True,False
329,RiceLeafDiseaseBD A Field-Based Annotated Smartpho/RiceLeafDiseaseBD A Field-Based Annotated Smartpho/RiceLeafDiseaseBD/Original images/Brown spot/brown spot_1831.jpg,Brown Spot,2,Healthy,0,0.9996678829193115,0,Blast,1,0.8985201120376587,0,mutual_errors,6,0,0.0,False,False,True,True,False
330,RiceLeafDiseaseBD A Field-Based Annotated Smartpho/RiceLeafDiseaseBD A Field-Based Annotated Smartpho/RiceLeafDiseaseBD/Original images/Brown spot/brown spot_1840.jpg,Brown Spot,2,Healthy,0,0.9999068975448608,0,Blast,1,0.9956424236297607,0,mutual_errors,2,3,0.0,False,False,True,True,False
331,RiceLeafDiseaseBD A Field-Based Annotated Smartpho/RiceLeafDiseaseBD A Field-Based Annotated Smartpho/RiceLeafDiseaseBD/Original images/Brown spot/brown spot_1844.jpg,Brown Spot,2,Healthy,0,0.9998421669006348,0,Blast,1,0.9910097122192383,0,mutual_errors,1,3,0.0,False,False,True,True,False
332,RiceLeafDiseaseBD A Field-Based Annotated Smartpho/RiceLeafDiseaseBD A Field-Based Annotated Smartpho/RiceLeafDiseaseBD/Original images/Brown spot/brown spot_1845.jpg,Brown Spot,2,Healthy,0,0.9999040365219116,0,Blast,1,0.9772701263427734,0,mutual_errors,2,3,0.0,False,False,True,True,False
333,RiceLeafDiseaseBD A Field-Based Annotated Smartpho/RiceLeafDiseaseBD A Field-Based Annotated Smartpho/RiceLeafDiseaseBD/Original images/Brown spot/brown spot_1849.jpg,Brown Spot,2,Healthy,0,0.9999841451644897,0,Blast,1,0.9926872253417969,0,mutual_errors,8,3,0.0,False,False,True,True,False
334,RiceLeafDiseaseBD A Field-Based Annotated Smartpho/RiceLeafDiseaseBD A Field-Based Annotated Smartpho/RiceLeafDiseaseBD/Original images/Brown spot/brown spot_1863.jpg,Brown Spot,2,Healthy,0,0.9992840886116028,0,Healthy,0,0.8893221616744995,0,mutual_errors,7,0,0.0,False,False,True,True,False
335,RiceLeafDiseaseBD A Field-Based Annotated Smartpho/RiceLeafDiseaseBD A Field-Based Annotated Smartpho/RiceLeafDiseaseBD/Original images/Brown spot/brown spot_1891.jpg,Brown Spot,2,Healthy,0,0.9965468049049377,0,Healthy,0,0.9263819456100464,0,mutual_errors,11,0,0.0,False,False,True,True,False
336,RiceLeafDiseaseBD A Field-Based Annotated Smartpho/RiceLeafDiseaseBD A Field-Based Annotated Smartpho/RiceLeafDiseaseBD/Original images/Brown spot/brown spot_1894.jpg,Brown Spot,2,Healthy,0,0.9986810088157654,0,Healthy,0,0.8578563332557678,0,mutual_errors,4,0,0.0,False,False,True,True,False
337,RiceLeafDiseaseBD A Field-Based Annotated Smartpho/RiceLeafDiseaseBD A Field-Based Annotated Smartpho/RiceLeafDiseaseBD/Original images/Brown spot/brown spot_1895.jpg,Brown Spot,2,Healthy,0,0.9999302625656128,0,Healthy,0,0.6873053312301636,0,mutual_errors,5,0,0.0,False,False,True,False,False
338,RiceLeafDiseaseBD A Field-Based Annotated Smartpho/RiceLeafDiseaseBD A Field-Based Annotated Smartpho/RiceLeafDiseaseBD/Original images/Brown spot/brown spot_1900.jpg,Brown Spot,2,Healthy,0,0.9992510676383972,0,Blast,1,0.9994475245475769,0,mutual_errors,4,0,0.0,False,False,True,True,False
339,RiceLeafDiseaseBD A Field-Based Annotated Smartpho/RiceLeafDiseaseBD A Field-Based Annotated Smartpho/RiceLeafDiseaseBD/Original images/Brown spot/brown spot_1901.jpg,Brown Spot,2,Healthy,0,0.9990695118904114,0,Blast,1,0.9940900206565857,0,mutual_errors,5,0,0.0,False,False,True,True,False
340,RiceLeafDiseaseBD A Field-Based Annotated Smartpho/RiceLeafDiseaseBD A Field-Based Annotated Smartpho/RiceLeafDiseaseBD/Original images/Brown spot/brown spot_1902.jpg,Brown Spot,2,Healthy,0,0.9994137287139893,0,Blast,1,0.9787494540214539,0,mutual_errors,2,0,0.0,False,False,True,True,False
341,RiceLeafDiseaseBD A Field-Based Annotated Smartpho/RiceLeafDiseaseBD A Field-Based Annotated Smartpho/RiceLeafDiseaseBD/Original images/Brown spot/brown spot_1912.jpg,Brown Spot,2,Healthy,0,0.9995573163032532,0,Brown Spot,2,0.7682322859764099,1,multitask_wins,7,0,0.0,False,False,True,False,False
342,RiceLeafDiseaseBD A Field-Based Annotated Smartpho/RiceLeafDiseaseBD A Field-Based Annotated Smartpho/RiceLeafDiseaseBD/Original images/Brown spot/brown spot_1921.jpg,Brown Spot,2,Healthy,0,0.984130322933197,0,Healthy,0,0.9244476556777954,0,mutual_errors,4,0,0.0,False,False,True,True,False
343,RiceLeafDiseaseBD A Field-Based Annotated Smartpho/RiceLeafDiseaseBD A Field-Based Annotated Smartpho/RiceLeafDiseaseBD/Original images/Brown spot/brown spot_1923.jpg,Brown Spot,2,Healthy,0,0.9991724491119385,0,Tungro,4,0.6917505264282227,0,mutual_errors,4,0,0.0,False,False,True,False,False
344,RiceLeafDiseaseBD A Field-Based Annotated Smartpho/RiceLeafDiseaseBD A Field-Based Annotated Smartpho/RiceLeafDiseaseBD/Original images/Brown spot/brown spot_1931.jpg,Brown Spot,2,Healthy,0,0.999923586845398,0,Blast,1,0.8384580016136169,0,mutual_errors,8,3,0.0,False,False,True,True,False
345,RiceLeafDiseaseBD A Field-Based Annotated Smartpho/RiceLeafDiseaseBD A Field-Based Annotated Smartpho/RiceLeafDiseaseBD/Original images/Brown spot/brown spot_1933.jpg,Brown Spot,2,Healthy,0,0.9999080896377563,0,Brown Spot,2,0.6059356927871704,1,multitask_wins,10,3,0.0,False,False,True,False,False
346,RiceLeafDiseaseBD A Field-Based Annotated Smartpho/RiceLeafDiseaseBD A Field-Based Annotated Smartpho/RiceLeafDiseaseBD/Original images/Brown spot/brown spot_1934.jpg,Brown Spot,2,Healthy,0,0.9999004602432251,0,Blast,1,0.875095009803772,0,mutual_errors,12,3,0.043275788744158245,False,False,True,True,False
347,RiceLeafDiseaseBD A Field-Based Annotated Smartpho/RiceLeafDiseaseBD A Field-Based Annotated Smartpho/RiceLeafDiseaseBD/Original images/Brown spot/brown spot_1937.jpg,Brown Spot,2,Healthy,0,0.9992627501487732,0,Blast,1,0.837887167930603,0,mutual_errors,5,0,0.0,False,False,True,True,False
348,RiceLeafDiseaseBD A Field-Based Annotated Smartpho/RiceLeafDiseaseBD A Field-Based Annotated Smartpho/RiceLeafDiseaseBD/Original images/Brown spot/brown spot_1938.jpg,Brown Spot,2,Healthy,0,0.9993484616279602,0,Blast,1,0.6177646517753601,0,mutual_errors,7,0,0.0,False,False,True,False,False
349,RiceLeafDiseaseBD A Field-Based Annotated Smartpho/RiceLeafDiseaseBD A Field-Based Annotated Smartpho/RiceLeafDiseaseBD/Original images/Brown spot/brown spot_194.jpg,Brown Spot,2,Healthy,0,0.999829888343811,0,Healthy,0,0.8810387849807739,0,mutual_errors,2,0,0.0,False,False,True,True,False
350,RiceLeafDiseaseBD A Field-Based Annotated Smartpho/RiceLeafDiseaseBD A Field-Based Annotated Smartpho/RiceLeafDiseaseBD/Original images/Brown spot/brown spot_1944.jpg,Brown Spot,2,Healthy,0,0.9986369013786316,0,Healthy,0,0.7529805898666382,0,mutual_errors,7,0,0.0,False,False,True,False,False
351,RiceLeafDiseaseBD A Field-Based Annotated Smartpho/RiceLeafDiseaseBD A Field-Based Annotated Smartpho/RiceLeafDiseaseBD/Original images/Brown spot/brown spot_1946.jpg,Brown Spot,2,Healthy,0,0.9989307522773743,0,Blast,1,0.5320671796798706,0,mutual_errors,8,0,0.0,False,False,True,False,False
352,RiceLeafDiseaseBD A Field-Based Annotated Smartpho/RiceLeafDiseaseBD A Field-Based Annotated Smartpho/RiceLeafDiseaseBD/Original images/Brown spot/brown spot_1952.jpg,Brown Spot,2,Healthy,0,0.9999630451202393,0,Blast,1,0.9015398025512695,0,mutual_errors,7,3,0.0,False,False,True,True,False
353,RiceLeafDiseaseBD A Field-Based Annotated Smartpho/RiceLeafDiseaseBD A Field-Based Annotated Smartpho/RiceLeafDiseaseBD/Original images/Brown spot/brown spot_1954.jpg,Brown Spot,2,Healthy,0,0.999920129776001,0,Blast,1,0.9884644150733948,0,mutual_errors,8,0,0.0,False,False,True,True,False
354,RiceLeafDiseaseBD A Field-Based Annotated Smartpho/RiceLeafDiseaseBD A Field-Based Annotated Smartpho/RiceLeafDiseaseBD/Original images/Brown spot/brown spot_1963.jpg,Brown Spot,2,Healthy,0,0.9998069405555725,0,Blast,1,0.6196429133415222,0,mutual_errors,6,0,0.0,False,False,True,False,False
355,RiceLeafDiseaseBD A Field-Based Annotated Smartpho/RiceLeafDiseaseBD A Field-Based Annotated Smartpho/RiceLeafDiseaseBD/Original images/Brown spot/brown spot_1970.jpg,Brown Spot,2,Healthy,0,0.9997414946556091,0,Brown Spot,2,0.9999996423721313,1,multitask_wins,3,0,0.0,False,False,True,True,False
356,RiceLeafDiseaseBD A Field-Based Annotated Smartpho/RiceLeafDiseaseBD A Field-Based Annotated Smartpho/RiceLeafDiseaseBD/Original images/Brown spot/brown spot_1986.jpg,Brown Spot,2,Healthy,0,0.9990038275718689,0,Brown Spot,2,1.0,1,multitask_wins,3,3,0.0,False,False,True,True,False
357,RiceLeafDiseaseBD A Field-Based Annotated Smartpho/RiceLeafDiseaseBD A Field-Based Annotated Smartpho/RiceLeafDiseaseBD/Original images/Brown spot/brown spot_1999.jpg,Brown Spot,2,Healthy,0,0.9998953342437744,0,Brown Spot,2,0.7706032395362854,1,multitask_wins,6,0,0.0,False,False,True,False,False
358,RiceLeafDiseaseBD A Field-Based Annotated Smartpho/RiceLeafDiseaseBD A Field-Based Annotated Smartpho/RiceLeafDiseaseBD/Original images/Brown spot/brown spot_2000.jpg,Brown Spot,2,Healthy,0,0.9990381002426147,0,Blast,1,0.8634023070335388,0,mutual_errors,9,0,0.0,False,False,True,True,False
359,RiceLeafDiseaseBD A Field-Based Annotated Smartpho/RiceLeafDiseaseBD A Field-Based Annotated Smartpho/RiceLeafDiseaseBD/Original images/Brown spot/brown spot_2005.jpg,Brown Spot,2,Healthy,0,0.9990373849868774,0,Blast,1,0.8154464960098267,0,mutual_errors,7,0,0.0,False,False,True,True,False
360,RiceLeafDiseaseBD A Field-Based Annotated Smartpho/RiceLeafDiseaseBD A Field-Based Annotated Smartpho/RiceLeafDiseaseBD/Original images/Brown spot/brown spot_2009.jpg,Brown Spot,2,Healthy,0,0.9990411400794983,0,Brown Spot,2,0.9927777647972107,1,multitask_wins,9,3,0.03797104887691526,False,False,True,True,False
361,RiceLeafDiseaseBD A Field-Based Annotated Smartpho/RiceLeafDiseaseBD A Field-Based Annotated Smartpho/RiceLeafDiseaseBD/Original images/Brown spot/brown spot_2011.jpg,Brown Spot,2,Healthy,0,0.9949230551719666,0,Healthy,0,0.9919866323471069,0,mutual_errors,10,0,0.0,False,False,True,True,False
362,RiceLeafDiseaseBD A Field-Based Annotated Smartpho/RiceLeafDiseaseBD A Field-Based Annotated Smartpho/RiceLeafDiseaseBD/Original images/Brown spot/brown spot_2021.jpg,Brown Spot,2,Healthy,0,0.9999130964279175,0,Brown Spot,2,0.9999982118606567,1,multitask_wins,8,1,0.0,False,False,True,True,False
363,RiceLeafDiseaseBD A Field-Based Annotated Smartpho/RiceLeafDiseaseBD A Field-Based Annotated Smartpho/RiceLeafDiseaseBD/Original images/Brown spot/brown spot_2037.jpg,Brown Spot,2,Healthy,0,0.9996380805969238,0,Healthy,0,0.6097093224525452,0,mutual_errors,4,0,0.0,False,False,True,False,False
364,RiceLeafDiseaseBD A Field-Based Annotated Smartpho/RiceLeafDiseaseBD A Field-Based Annotated Smartpho/RiceLeafDiseaseBD/Original images/Brown spot/brown spot_2041.jpg,Brown Spot,2,Healthy,0,0.9997633099555969,0,Blast,1,0.5006699562072754,0,mutual_errors,4,0,0.0,False,False,True,False,False
365,RiceLeafDiseaseBD A Field-Based Annotated Smartpho/RiceLeafDiseaseBD A Field-Based Annotated Smartpho/RiceLeafDiseaseBD/Original images/Brown spot/brown spot_2054.jpg,Brown Spot,2,Healthy,0,0.9767636060714722,0,Healthy,0,0.9686190485954285,0,mutual_errors,3,0,0.0,False,False,True,True,False
366,RiceLeafDiseaseBD A Field-Based Annotated Smartpho/RiceLeafDiseaseBD A Field-Based Annotated Smartpho/RiceLeafDiseaseBD/Original images/Brown spot/brown spot_2063.jpg,Brown Spot,2,Healthy,0,0.9977983832359314,0,Healthy,0,0.9380331039428711,0,mutual_errors,13,0,0.0,False,False,True,True,False
367,RiceLeafDiseaseBD A Field-Based Annotated Smartpho/RiceLeafDiseaseBD A Field-Based Annotated Smartpho/RiceLeafDiseaseBD/Original images/Brown spot/brown spot_2066.jpg,Brown Spot,2,Healthy,0,0.992987334728241,0,Healthy,0,0.9993793964385986,0,mutual_errors,5,0,0.0,False,False,True,True,False
368,RiceLeafDiseaseBD A Field-Based Annotated Smartpho/RiceLeafDiseaseBD A Field-Based Annotated Smartpho/RiceLeafDiseaseBD/Original images/Brown spot/brown spot_2070.jpg,Brown Spot,2,Healthy,0,0.9924271702766418,0,Healthy,0,0.9552863240242004,0,mutual_errors,5,0,0.0,False,False,True,True,False
369,RiceLeafDiseaseBD A Field-Based Annotated Smartpho/RiceLeafDiseaseBD A Field-Based Annotated Smartpho/RiceLeafDiseaseBD/Original images/Brown spot/brown spot_2084.jpg,Brown Spot,2,Healthy,0,0.9990549683570862,0,Blast,1,0.6359202861785889,0,mutual_errors,7,3,0.0,False,False,True,False,False
370,RiceLeafDiseaseBD A Field-Based Annotated Smartpho/RiceLeafDiseaseBD A Field-Based Annotated Smartpho/RiceLeafDiseaseBD/Original images/Brown spot/brown spot_209.jpg,Brown Spot,2,Healthy,0,0.9997453093528748,0,Healthy,0,0.9345051646232605,0,mutual_errors,3,3,0.0,False,False,True,True,False
371,RiceLeafDiseaseBD A Field-Based Annotated Smartpho/RiceLeafDiseaseBD A Field-Based Annotated Smartpho/RiceLeafDiseaseBD/Original images/Brown spot/brown spot_2103.jpg,Brown Spot,2,Healthy,0,0.9938521385192871,0,Healthy,0,0.9855884909629822,0,mutual_errors,3,0,0.0,False,False,True,True,False
372,RiceLeafDiseaseBD A Field-Based Annotated Smartpho/RiceLeafDiseaseBD A Field-Based Annotated Smartpho/RiceLeafDiseaseBD/Original images/Brown spot/brown spot_2104.jpg,Brown Spot,2,Healthy,0,0.9945999383926392,0,Healthy,0,0.995634138584137,0,mutual_errors,3,0,0.0,False,False,True,True,False
373,RiceLeafDiseaseBD A Field-Based Annotated Smartpho/RiceLeafDiseaseBD A Field-Based Annotated Smartpho/RiceLeafDiseaseBD/Original images/Brown spot/brown spot_2112.jpg,Brown Spot,2,Healthy,0,0.9960836172103882,0,Healthy,0,0.9968020915985107,0,mutual_errors,4,0,0.0,False,False,True,True,False
374,RiceLeafDiseaseBD A Field-Based Annotated Smartpho/RiceLeafDiseaseBD A Field-Based Annotated Smartpho/RiceLeafDiseaseBD/Original images/Brown spot/brown spot_2121.jpg,Brown Spot,2,Healthy,0,0.9900379180908203,0,Healthy,0,0.9966511130332947,0,mutual_errors,6,0,0.0,False,False,True,True,False
375,RiceLeafDiseaseBD A Field-Based Annotated Smartpho/RiceLeafDiseaseBD A Field-Based Annotated Smartpho/RiceLeafDiseaseBD/Original images/Brown spot/brown spot_2127.jpg,Brown Spot,2,Healthy,0,0.9912780523300171,0,Healthy,0,0.9969038367271423,0,mutual_errors,10,0,0.0,False,False,True,True,False
376,RiceLeafDiseaseBD A Field-Based Annotated Smartpho/RiceLeafDiseaseBD A Field-Based Annotated Smartpho/RiceLeafDiseaseBD/Original images/Brown spot/brown spot_2130.jpg,Brown Spot,2,Healthy,0,0.9943101406097412,0,Healthy,0,0.9948323965072632,0,mutual_errors,7,0,0.0,False,False,True,True,False
377,RiceLeafDiseaseBD A Field-Based Annotated Smartpho/RiceLeafDiseaseBD A Field-Based Annotated Smartpho/RiceLeafDiseaseBD/Original images/Brown spot/brown spot_2139.jpg,Brown Spot,2,Healthy,0,0.9901936650276184,0,Healthy,0,0.9751061201095581,0,mutual_errors,3,0,0.0,False,False,True,True,False
378,RiceLeafDiseaseBD A Field-Based Annotated Smartpho/RiceLeafDiseaseBD A Field-Based Annotated Smartpho/RiceLeafDiseaseBD/Original images/Brown spot/brown spot_2140.jpg,Brown Spot,2,Healthy,0,0.9906516075134277,0,Healthy,0,0.9558910131454468,0,mutual_errors,3,0,0.0,False,False,True,True,False
379,RiceLeafDiseaseBD A Field-Based Annotated Smartpho/RiceLeafDiseaseBD A Field-Based Annotated Smartpho/RiceLeafDiseaseBD/Original images/Brown spot/brown spot_2142.jpg,Brown Spot,2,Healthy,0,0.9971145391464233,0,Healthy,0,0.96578049659729,0,mutual_errors,3,0,0.0,False,False,True,True,False
380,RiceLeafDiseaseBD A Field-Based Annotated Smartpho/RiceLeafDiseaseBD A Field-Based Annotated Smartpho/RiceLeafDiseaseBD/Original images/Brown spot/brown spot_2155.jpg,Brown Spot,2,Healthy,0,0.9983200430870056,0,Healthy,0,0.9930451512336731,0,mutual_errors,1,0,0.0,False,False,True,True,False
381,RiceLeafDiseaseBD A Field-Based Annotated Smartpho/RiceLeafDiseaseBD A Field-Based Annotated Smartpho/RiceLeafDiseaseBD/Original images/Brown spot/brown spot_2169.jpg,Brown Spot,2,Healthy,0,0.9987103939056396,0,Healthy,0,0.9958393573760986,0,mutual_errors,3,0,0.0,False,False,True,True,False
382,RiceLeafDiseaseBD A Field-Based Annotated Smartpho/RiceLeafDiseaseBD A Field-Based Annotated Smartpho/RiceLeafDiseaseBD/Original images/Brown spot/brown spot_222.jpg,Brown Spot,2,Healthy,0,0.9999328851699829,0,Healthy,0,0.9547160863876343,0,mutual_errors,1,0,0.0,False,False,True,True,False
383,RiceLeafDiseaseBD A Field-Based Annotated Smartpho/RiceLeafDiseaseBD A Field-Based Annotated Smartpho/RiceLeafDiseaseBD/Original images/Brown spot/brown spot_224.jpg,Brown Spot,2,Healthy,0,0.9999814033508301,0,Healthy,0,0.9334588050842285,0,mutual_errors,3,0,0.0,False,False,True,True,False
384,RiceLeafDiseaseBD A Field-Based Annotated Smartpho/RiceLeafDiseaseBD A Field-Based Annotated Smartpho/RiceLeafDiseaseBD/Original images/Brown spot/brown spot_227.jpg,Brown Spot,2,Healthy,0,0.999975323677063,0,Sheath Blight,5,0.34183457493782043,0,mutual_errors,3,0,0.0,False,False,True,False,False
385,RiceLeafDiseaseBD A Field-Based Annotated Smartpho/RiceLeafDiseaseBD A Field-Based Annotated Smartpho/RiceLeafDiseaseBD/Original images/Brown spot/brown spot_231.jpg,Brown Spot,2,Healthy,0,0.9998025298118591,0,Healthy,0,0.9894073605537415,0,mutual_errors,5,0,0.0,False,False,True,True,False
386,RiceLeafDiseaseBD A Field-Based Annotated Smartpho/RiceLeafDiseaseBD A Field-Based Annotated Smartpho/RiceLeafDiseaseBD/Original images/Brown spot/brown spot_233.jpg,Brown Spot,2,Healthy,0,0.9999083280563354,0,Healthy,0,0.8817716240882874,0,mutual_errors,2,0,0.0,False,False,True,True,False
387,RiceLeafDiseaseBD A Field-Based Annotated Smartpho/RiceLeafDiseaseBD A Field-Based Annotated Smartpho/RiceLeafDiseaseBD/Original images/Brown spot/brown spot_25.jpg,Brown Spot,2,Healthy,0,0.9999676942825317,0,Healthy,0,0.9032698273658752,0,mutual_errors,3,1,0.0,False,False,True,True,False
388,RiceLeafDiseaseBD A Field-Based Annotated Smartpho/RiceLeafDiseaseBD A Field-Based Annotated Smartpho/RiceLeafDiseaseBD/Original images/Brown spot/brown spot_281.jpg,Brown Spot,2,Healthy,0,0.9998584985733032,0,Healthy,0,0.9442067742347717,0,mutual_errors,3,0,0.0,False,False,True,True,False
389,RiceLeafDiseaseBD A Field-Based Annotated Smartpho/RiceLeafDiseaseBD A Field-Based Annotated Smartpho/RiceLeafDiseaseBD/Original images/Brown spot/brown spot_286.jpg,Brown Spot,2,Healthy,0,0.9981672763824463,0,Healthy,0,0.7462533712387085,0,mutual_errors,2,3,0.0,False,False,True,False,False
390,RiceLeafDiseaseBD A Field-Based Annotated Smartpho/RiceLeafDiseaseBD A Field-Based Annotated Smartpho/RiceLeafDiseaseBD/Original images/Brown spot/brown spot_292.jpg,Brown Spot,2,Healthy,0,0.9996181726455688,0,Healthy,0,0.9927841424942017,0,mutual_errors,2,0,0.0,False,False,True,True,False
391,RiceLeafDiseaseBD A Field-Based Annotated Smartpho/RiceLeafDiseaseBD A Field-Based Annotated Smartpho/RiceLeafDiseaseBD/Original images/Brown spot/brown spot_294.jpg,Brown Spot,2,Healthy,0,0.9983032941818237,0,Healthy,0,0.932586669921875,0,mutual_errors,2,3,0.023125336177810426,False,False,True,True,False
392,RiceLeafDiseaseBD A Field-Based Annotated Smartpho/RiceLeafDiseaseBD A Field-Based Annotated Smartpho/RiceLeafDiseaseBD/Original images/Brown spot/brown spot_297.jpg,Brown Spot,2,Healthy,0,0.9997449517250061,0,Healthy,0,0.9805333614349365,0,mutual_errors,5,0,0.0,False,False,True,True,False
393,RiceLeafDiseaseBD A Field-Based Annotated Smartpho/RiceLeafDiseaseBD A Field-Based Annotated Smartpho/RiceLeafDiseaseBD/Original images/Brown spot/brown spot_299.jpg,Brown Spot,2,Healthy,0,0.9992684721946716,0,Healthy,0,0.856572151184082,0,mutual_errors,2,0,0.0,False,False,True,True,False
394,RiceLeafDiseaseBD A Field-Based Annotated Smartpho/RiceLeafDiseaseBD A Field-Based Annotated Smartpho/RiceLeafDiseaseBD/Original images/Brown spot/brown spot_307.jpg,Brown Spot,2,Healthy,0,0.9998770952224731,0,Healthy,0,0.9771037697792053,0,mutual_errors,2,1,0.0,False,False,True,True,False
395,RiceLeafDiseaseBD A Field-Based Annotated Smartpho/RiceLeafDiseaseBD A Field-Based Annotated Smartpho/RiceLeafDiseaseBD/Original images/Brown spot/brown spot_310.jpg,Brown Spot,2,Healthy,0,0.9997923970222473,0,Healthy,0,0.9006760716438293,0,mutual_errors,5,3,0.0,False,False,True,True,False
396,RiceLeafDiseaseBD A Field-Based Annotated Smartpho/RiceLeafDiseaseBD A Field-Based Annotated Smartpho/RiceLeafDiseaseBD/Original images/Brown spot/brown spot_314.jpg,Brown Spot,2,Healthy,0,0.999809205532074,0,Healthy,0,0.9927557110786438,0,mutual_errors,3,0,0.0,False,False,True,True,False
397,RiceLeafDiseaseBD A Field-Based Annotated Smartpho/RiceLeafDiseaseBD A Field-Based Annotated Smartpho/RiceLeafDiseaseBD/Original images/Brown spot/brown spot_315.jpg,Brown Spot,2,Healthy,0,0.9999128580093384,0,Healthy,0,0.9779242873191833,0,mutual_errors,3,0,0.0,False,False,True,True,False
398,RiceLeafDiseaseBD A Field-Based Annotated Smartpho/RiceLeafDiseaseBD A Field-Based Annotated Smartpho/RiceLeafDiseaseBD/Original images/Brown spot/brown spot_318.jpg,Brown Spot,2,Healthy,0,0.999581515789032,0,Healthy,0,0.9476149678230286,0,mutual_errors,1,1,0.0,False,False,True,True,False
399,RiceLeafDiseaseBD A Field-Based Annotated Smartpho/RiceLeafDiseaseBD A Field-Based Annotated Smartpho/RiceLeafDiseaseBD/Original images/Brown spot/brown spot_336.jpg,Brown Spot,2,Healthy,0,0.9999749660491943,0,Healthy,0,0.901813805103302,0,mutual_errors,1,0,0.0,False,False,True,True,False
400,RiceLeafDiseaseBD A Field-Based Annotated Smartpho/RiceLeafDiseaseBD A Field-Based Annotated Smartpho/RiceLeafDiseaseBD/Original images/Brown spot/brown spot_338.jpg,Brown Spot,2,Healthy,0,0.9999351501464844,0,Healthy,0,0.9982320666313171,0,mutual_errors,4,0,0.0,False,False,True,True,False
401,RiceLeafDiseaseBD A Field-Based Annotated Smartpho/RiceLeafDiseaseBD A Field-Based Annotated Smartpho/RiceLeafDiseaseBD/Original images/Brown spot/brown spot_340.jpg,Brown Spot,2,Healthy,0,0.9997385144233704,0,Healthy,0,0.9937224984169006,0,mutual_errors,2,0,0.0,False,False,True,True,False
402,RiceLeafDiseaseBD A Field-Based Annotated Smartpho/RiceLeafDiseaseBD A Field-Based Annotated Smartpho/RiceLeafDiseaseBD/Original images/Brown spot/brown spot_344.jpg,Brown Spot,2,Healthy,0,0.999749481678009,0,Healthy,0,0.7953155040740967,0,mutual_errors,2,0,0.0,False,False,True,False,False
403,RiceLeafDiseaseBD A Field-Based Annotated Smartpho/RiceLeafDiseaseBD A Field-Based Annotated Smartpho/RiceLeafDiseaseBD/Original images/Brown spot/brown spot_345.jpg,Brown Spot,2,Healthy,0,0.9998539686203003,0,Healthy,0,0.820756733417511,0,mutual_errors,1,3,0.017475580521146613,False,False,True,True,False
404,RiceLeafDiseaseBD A Field-Based Annotated Smartpho/RiceLeafDiseaseBD A Field-Based Annotated Smartpho/RiceLeafDiseaseBD/Original images/Brown spot/brown spot_346.jpg,Brown Spot,2,Healthy,0,0.999941349029541,0,Healthy,0,0.8142416477203369,0,mutual_errors,3,0,0.0,False,False,True,True,False
405,RiceLeafDiseaseBD A Field-Based Annotated Smartpho/RiceLeafDiseaseBD A Field-Based Annotated Smartpho/RiceLeafDiseaseBD/Original images/Brown spot/brown spot_350.jpg,Brown Spot,2,Healthy,0,0.9997445940971375,0,Healthy,0,0.9957275390625,0,mutual_errors,3,0,0.0,False,False,True,True,False
406,RiceLeafDiseaseBD A Field-Based Annotated Smartpho/RiceLeafDiseaseBD A Field-Based Annotated Smartpho/RiceLeafDiseaseBD/Original images/Brown spot/brown spot_351.jpg,Brown Spot,2,Healthy,0,0.9999628067016602,0,Healthy,0,0.9852120876312256,0,mutual_errors,1,0,0.0,False,False,True,True,False
407,RiceLeafDiseaseBD A Field-Based Annotated Smartpho/RiceLeafDiseaseBD A Field-Based Annotated Smartpho/RiceLeafDiseaseBD/Original images/Brown spot/brown spot_358.jpg,Brown Spot,2,Healthy,0,0.999387264251709,0,Healthy,0,0.9914371371269226,0,mutual_errors,1,0,0.0,False,False,True,True,False
408,RiceLeafDiseaseBD A Field-Based Annotated Smartpho/RiceLeafDiseaseBD A Field-Based Annotated Smartpho/RiceLeafDiseaseBD/Original images/Brown spot/brown spot_359.jpg,Brown Spot,2,Healthy,0,0.9996329545974731,0,Healthy,0,0.9887808561325073,0,mutual_errors,1,0,0.0,False,False,True,True,False
409,RiceLeafDiseaseBD A Field-Based Annotated Smartpho/RiceLeafDiseaseBD A Field-Based Annotated Smartpho/RiceLeafDiseaseBD/Original images/Brown spot/brown spot_360.jpg,Brown Spot,2,Healthy,0,0.9994760155677795,0,Healthy,0,0.9765983819961548,0,mutual_errors,2,0,0.0,False,False,True,True,False
410,RiceLeafDiseaseBD A Field-Based Annotated Smartpho/RiceLeafDiseaseBD A Field-Based Annotated Smartpho/RiceLeafDiseaseBD/Original images/Brown spot/brown spot_364.jpg,Brown Spot,2,Healthy,0,0.9999279975891113,0,Healthy,0,0.9362583756446838,0,mutual_errors,2,0,0.0,False,False,True,True,False
411,RiceLeafDiseaseBD A Field-Based Annotated Smartpho/RiceLeafDiseaseBD A Field-Based Annotated Smartpho/RiceLeafDiseaseBD/Original images/Brown spot/brown spot_376.jpg,Brown Spot,2,Healthy,0,0.9999488592147827,0,Healthy,0,0.7934239506721497,0,mutual_errors,2,0,0.0,False,False,True,False,False
412,RiceLeafDiseaseBD A Field-Based Annotated Smartpho/RiceLeafDiseaseBD A Field-Based Annotated Smartpho/RiceLeafDiseaseBD/Original images/Brown spot/brown spot_384.jpg,Brown Spot,2,Healthy,0,0.9999558925628662,0,Healthy,0,0.97067791223526,0,mutual_errors,3,0,0.0,False,False,True,True,False
413,RiceLeafDiseaseBD A Field-Based Annotated Smartpho/RiceLeafDiseaseBD A Field-Based Annotated Smartpho/RiceLeafDiseaseBD/Original images/Brown spot/brown spot_386.jpg,Brown Spot,2,Healthy,0,0.9997877478599548,0,Healthy,0,0.9688475728034973,0,mutual_errors,1,0,0.0,False,False,True,True,False
414,RiceLeafDiseaseBD A Field-Based Annotated Smartpho/RiceLeafDiseaseBD A Field-Based Annotated Smartpho/RiceLeafDiseaseBD/Original images/Brown spot/brown spot_395.jpg,Brown Spot,2,Healthy,0,0.9990189075469971,0,Healthy,0,0.9820984601974487,0,mutual_errors,2,0,0.0,False,False,True,True,False
415,RiceLeafDiseaseBD A Field-Based Annotated Smartpho/RiceLeafDiseaseBD A Field-Based Annotated Smartpho/RiceLeafDiseaseBD/Original images/Brown spot/brown spot_4.jpg,Brown Spot,2,Healthy,0,0.9999642372131348,0,Healthy,0,0.9759770035743713,0,mutual_errors,3,0,0.0,False,False,True,True,False
416,RiceLeafDiseaseBD A Field-Based Annotated Smartpho/RiceLeafDiseaseBD A Field-Based Annotated Smartpho/RiceLeafDiseaseBD/Original images/Brown spot/brown spot_402.jpg,Brown Spot,2,Healthy,0,0.9999345541000366,0,Healthy,0,0.5590050220489502,0,mutual_errors,3,0,0.0,False,False,True,False,False
417,RiceLeafDiseaseBD A Field-Based Annotated Smartpho/RiceLeafDiseaseBD A Field-Based Annotated Smartpho/RiceLeafDiseaseBD/Original images/Brown spot/brown spot_403.jpg,Brown Spot,2,Healthy,0,0.9999855756759644,0,Healthy,0,0.685164213180542,0,mutual_errors,3,0,0.0,False,False,True,False,False
418,RiceLeafDiseaseBD A Field-Based Annotated Smartpho/RiceLeafDiseaseBD A Field-Based Annotated Smartpho/RiceLeafDiseaseBD/Original images/Brown spot/brown spot_405.jpg,Brown Spot,2,Healthy,0,0.9999854564666748,0,Healthy,0,0.6234310865402222,0,mutual_errors,1,1,0.0,False,False,True,False,False
419,RiceLeafDiseaseBD A Field-Based Annotated Smartpho/RiceLeafDiseaseBD A Field-Based Annotated Smartpho/RiceLeafDiseaseBD/Original images/Brown spot/brown spot_415.jpg,Brown Spot,2,Healthy,0,0.9987493753433228,0,Healthy,0,0.9403013586997986,0,mutual_errors,6,0,0.0,False,False,True,True,False
420,RiceLeafDiseaseBD A Field-Based Annotated Smartpho/RiceLeafDiseaseBD A Field-Based Annotated Smartpho/RiceLeafDiseaseBD/Original images/Brown spot/brown spot_416.jpg,Brown Spot,2,Healthy,0,0.9998511075973511,0,Healthy,0,0.8912651538848877,0,mutual_errors,3,0,0.0,False,False,True,True,False
421,RiceLeafDiseaseBD A Field-Based Annotated Smartpho/RiceLeafDiseaseBD A Field-Based Annotated Smartpho/RiceLeafDiseaseBD/Original images/Brown spot/brown spot_419.jpg,Brown Spot,2,Healthy,0,0.9998711347579956,0,Healthy,0,0.9434548616409302,0,mutual_errors,3,0,0.0,False,False,True,True,False
422,RiceLeafDiseaseBD A Field-Based Annotated Smartpho/RiceLeafDiseaseBD A Field-Based Annotated Smartpho/RiceLeafDiseaseBD/Original images/Brown spot/brown spot_421.jpg,Brown Spot,2,Healthy,0,0.9997784495353699,0,Healthy,0,0.9228023886680603,0,mutual_errors,4,0,0.0,False,False,True,True,False
423,RiceLeafDiseaseBD A Field-Based Annotated Smartpho/RiceLeafDiseaseBD A Field-Based Annotated Smartpho/RiceLeafDiseaseBD/Original images/Brown spot/brown spot_426.jpg,Brown Spot,2,Healthy,0,0.9997871518135071,0,Healthy,0,0.989366352558136,0,mutual_errors,5,0,0.0,False,False,True,True,False
424,RiceLeafDiseaseBD A Field-Based Annotated Smartpho/RiceLeafDiseaseBD A Field-Based Annotated Smartpho/RiceLeafDiseaseBD/Original images/Brown spot/brown spot_43.jpg,Brown Spot,2,Healthy,0,0.9999200105667114,0,Blast,1,0.4981575310230255,0,mutual_errors,1,0,0.0,False,False,True,False,False
425,RiceLeafDiseaseBD A Field-Based Annotated Smartpho/RiceLeafDiseaseBD A Field-Based Annotated Smartpho/RiceLeafDiseaseBD/Original images/Brown spot/brown spot_433.jpg,Brown Spot,2,Healthy,0,0.9999107122421265,0,Healthy,0,0.4933570921421051,0,mutual_errors,8,0,0.0,False,False,True,False,False
426,RiceLeafDiseaseBD A Field-Based Annotated Smartpho/RiceLeafDiseaseBD A Field-Based Annotated Smartpho/RiceLeafDiseaseBD/Original images/Brown spot/brown spot_435.jpg,Brown Spot,2,Healthy,0,0.9999841451644897,0,Healthy,0,0.9903863668441772,0,mutual_errors,2,0,0.0,False,False,True,True,False
427,RiceLeafDiseaseBD A Field-Based Annotated Smartpho/RiceLeafDiseaseBD A Field-Based Annotated Smartpho/RiceLeafDiseaseBD/Original images/Brown spot/brown spot_440.jpg,Brown Spot,2,Healthy,0,0.9982143640518188,0,Healthy,0,0.9960274696350098,0,mutual_errors,6,0,0.0,False,False,True,True,False
428,RiceLeafDiseaseBD A Field-Based Annotated Smartpho/RiceLeafDiseaseBD A Field-Based Annotated Smartpho/RiceLeafDiseaseBD/Original images/Brown spot/brown spot_444.jpg,Brown Spot,2,Healthy,0,0.9999102354049683,0,Healthy,0,0.9897817373275757,0,mutual_errors,3,0,0.0,False,False,True,True,False
429,RiceLeafDiseaseBD A Field-Based Annotated Smartpho/RiceLeafDiseaseBD A Field-Based Annotated Smartpho/RiceLeafDiseaseBD/Original images/Brown spot/brown spot_445.jpg,Brown Spot,2,Healthy,0,0.9996610879898071,0,Healthy,0,0.813487708568573,0,mutual_errors,5,0,0.0,False,False,True,True,False
430,RiceLeafDiseaseBD A Field-Based Annotated Smartpho/RiceLeafDiseaseBD A Field-Based Annotated Smartpho/RiceLeafDiseaseBD/Original images/Brown spot/brown spot_452.jpg,Brown Spot,2,Healthy,0,0.9998049139976501,0,Healthy,0,0.7599664926528931,0,mutual_errors,1,0,0.0,False,False,True,False,False
431,RiceLeafDiseaseBD A Field-Based Annotated Smartpho/RiceLeafDiseaseBD A Field-Based Annotated Smartpho/RiceLeafDiseaseBD/Original images/Brown spot/brown spot_458.jpg,Brown Spot,2,Healthy,0,0.9999276399612427,0,Healthy,0,0.9963235855102539,0,mutual_errors,2,0,0.0,False,False,True,True,False
432,RiceLeafDiseaseBD A Field-Based Annotated Smartpho/RiceLeafDiseaseBD A Field-Based Annotated Smartpho/RiceLeafDiseaseBD/Original images/Brown spot/brown spot_460.jpg,Brown Spot,2,Healthy,0,0.9998975992202759,0,Healthy,0,0.630277156829834,0,mutual_errors,4,3,0.020088697102481186,False,False,True,False,False
433,RiceLeafDiseaseBD A Field-Based Annotated Smartpho/RiceLeafDiseaseBD A Field-Based Annotated Smartpho/RiceLeafDiseaseBD/Original images/Brown spot/brown spot_464.jpg,Brown Spot,2,Healthy,0,0.9997953772544861,0,Healthy,0,0.999382495880127,0,mutual_errors,3,0,0.0,False,False,True,True,False
434,RiceLeafDiseaseBD A Field-Based Annotated Smartpho/RiceLeafDiseaseBD A Field-Based Annotated Smartpho/RiceLeafDiseaseBD/Original images/Brown spot/brown spot_465.jpg,Brown Spot,2,Healthy,0,0.9998805522918701,0,Healthy,0,0.9142705798149109,0,mutual_errors,2,0,0.0,False,False,True,True,False
435,RiceLeafDiseaseBD A Field-Based Annotated Smartpho/RiceLeafDiseaseBD A Field-Based Annotated Smartpho/RiceLeafDiseaseBD/Original images/Brown spot/brown spot_469.jpg,Brown Spot,2,Healthy,0,0.9997376799583435,0,Healthy,0,0.9251335859298706,0,mutual_errors,5,0,0.0,False,False,True,True,False
436,RiceLeafDiseaseBD A Field-Based Annotated Smartpho/RiceLeafDiseaseBD A Field-Based Annotated Smartpho/RiceLeafDiseaseBD/Original images/Brown spot/brown spot_47.jpg,Brown Spot,2,Healthy,0,0.9998082518577576,0,Blast,1,0.3618113100528717,0,mutual_errors,1,0,0.0,False,False,True,False,False
437,RiceLeafDiseaseBD A Field-Based Annotated Smartpho/RiceLeafDiseaseBD A Field-Based Annotated Smartpho/RiceLeafDiseaseBD/Original images/Brown spot/brown spot_474.jpg,Brown Spot,2,Healthy,0,0.9997972846031189,0,Healthy,0,0.9959924817085266,0,mutual_errors,3,0,0.0,False,False,True,True,False
438,RiceLeafDiseaseBD A Field-Based Annotated Smartpho/RiceLeafDiseaseBD A Field-Based Annotated Smartpho/RiceLeafDiseaseBD/Original images/Brown spot/brown spot_475.jpg,Brown Spot,2,Healthy,0,0.9999752044677734,0,Healthy,0,0.9885481595993042,0,mutual_errors,4,0,0.0,False,False,True,True,False
439,RiceLeafDiseaseBD A Field-Based Annotated Smartpho/RiceLeafDiseaseBD A Field-Based Annotated Smartpho/RiceLeafDiseaseBD/Original images/Brown spot/brown spot_487.jpg,Brown Spot,2,Healthy,0,0.9996429681777954,0,Healthy,0,0.9761358499526978,0,mutual_errors,5,0,0.0,False,False,True,True,False
440,RiceLeafDiseaseBD A Field-Based Annotated Smartpho/RiceLeafDiseaseBD A Field-Based Annotated Smartpho/RiceLeafDiseaseBD/Original images/Brown spot/brown spot_488.jpg,Brown Spot,2,Healthy,0,0.9997449517250061,0,Healthy,0,0.9913445711135864,0,mutual_errors,5,0,0.0,False,False,True,True,False
441,RiceLeafDiseaseBD A Field-Based Annotated Smartpho/RiceLeafDiseaseBD A Field-Based Annotated Smartpho/RiceLeafDiseaseBD/Original images/Brown spot/brown spot_509.jpg,Brown Spot,2,Healthy,0,0.9987416863441467,0,Healthy,0,0.943182110786438,0,mutual_errors,4,0,0.0,False,False,True,True,False
442,RiceLeafDiseaseBD A Field-Based Annotated Smartpho/RiceLeafDiseaseBD A Field-Based Annotated Smartpho/RiceLeafDiseaseBD/Original images/Brown spot/brown spot_512.jpg,Brown Spot,2,Healthy,0,0.9994076490402222,0,Healthy,0,0.8554408550262451,0,mutual_errors,6,0,0.0,False,False,True,True,False
443,RiceLeafDiseaseBD A Field-Based Annotated Smartpho/RiceLeafDiseaseBD A Field-Based Annotated Smartpho/RiceLeafDiseaseBD/Original images/Brown spot/brown spot_513.jpg,Brown Spot,2,Healthy,0,0.9999160766601562,0,Blast,1,0.4432133734226227,0,mutual_errors,7,0,0.0,False,False,True,False,False
444,RiceLeafDiseaseBD A Field-Based Annotated Smartpho/RiceLeafDiseaseBD A Field-Based Annotated Smartpho/RiceLeafDiseaseBD/Original images/Brown spot/brown spot_528.jpg,Brown Spot,2,Healthy,0,0.999382734298706,0,Healthy,0,0.9942564368247986,0,mutual_errors,3,0,0.0,False,False,True,True,False
445,RiceLeafDiseaseBD A Field-Based Annotated Smartpho/RiceLeafDiseaseBD A Field-Based Annotated Smartpho/RiceLeafDiseaseBD/Original images/Brown spot/brown spot_529.jpg,Brown Spot,2,Healthy,0,0.9998657703399658,0,Brown Spot,2,0.9990767240524292,1,multitask_wins,3,3,0.021970913374129628,False,False,True,True,False
446,RiceLeafDiseaseBD A Field-Based Annotated Smartpho/RiceLeafDiseaseBD A Field-Based Annotated Smartpho/RiceLeafDiseaseBD/Original images/Brown spot/brown spot_533.jpg,Brown Spot,2,Healthy,0,0.999911904335022,0,Healthy,0,0.6095623970031738,0,mutual_errors,5,3,0.05808577056326535,False,False,True,False,False
447,RiceLeafDiseaseBD A Field-Based Annotated Smartpho/RiceLeafDiseaseBD A Field-Based Annotated Smartpho/RiceLeafDiseaseBD/Original images/Brown spot/brown spot_536.jpg,Brown Spot,2,Healthy,0,0.999468982219696,0,Healthy,0,0.989154040813446,0,mutual_errors,2,0,0.0,False,False,True,True,False
448,RiceLeafDiseaseBD A Field-Based Annotated Smartpho/RiceLeafDiseaseBD A Field-Based Annotated Smartpho/RiceLeafDiseaseBD/Original images/Brown spot/brown spot_540.jpg,Brown Spot,2,Healthy,0,0.9935992956161499,0,Healthy,0,0.848353385925293,0,mutual_errors,7,0,0.0,False,False,True,True,False
449,RiceLeafDiseaseBD A Field-Based Annotated Smartpho/RiceLeafDiseaseBD A Field-Based Annotated Smartpho/RiceLeafDiseaseBD/Original images/Brown spot/brown spot_544.jpg,Brown Spot,2,Healthy,0,0.9998167157173157,0,Healthy,0,0.7740593552589417,0,mutual_errors,6,0,0.0,False,False,True,False,False
450,RiceLeafDiseaseBD A Field-Based Annotated Smartpho/RiceLeafDiseaseBD A Field-Based Annotated Smartpho/RiceLeafDiseaseBD/Original images/Brown spot/brown spot_551.jpg,Brown Spot,2,Healthy,0,0.9985743761062622,0,Healthy,0,0.9934803247451782,0,mutual_errors,4,0,0.0,False,False,True,True,False
451,RiceLeafDiseaseBD A Field-Based Annotated Smartpho/RiceLeafDiseaseBD A Field-Based Annotated Smartpho/RiceLeafDiseaseBD/Original images/Brown spot/brown spot_555.jpg,Brown Spot,2,Healthy,0,0.9999580383300781,0,Healthy,0,0.7535912990570068,0,mutual_errors,2,0,0.0,False,False,True,False,False
452,RiceLeafDiseaseBD A Field-Based Annotated Smartpho/RiceLeafDiseaseBD A Field-Based Annotated Smartpho/RiceLeafDiseaseBD/Original images/Brown spot/brown spot_559.jpg,Brown Spot,2,Healthy,0,0.9996367692947388,0,Healthy,0,0.9851710200309753,0,mutual_errors,4,0,0.0,False,False,True,True,False
453,RiceLeafDiseaseBD A Field-Based Annotated Smartpho/RiceLeafDiseaseBD A Field-Based Annotated Smartpho/RiceLeafDiseaseBD/Original images/Brown spot/brown spot_56.jpg,Brown Spot,2,Healthy,0,0.9991099238395691,0,Healthy,0,0.9641897678375244,0,mutual_errors,3,0,0.0,False,False,True,True,False
454,RiceLeafDiseaseBD A Field-Based Annotated Smartpho/RiceLeafDiseaseBD A Field-Based Annotated Smartpho/RiceLeafDiseaseBD/Original images/Brown spot/brown spot_560.jpg,Brown Spot,2,Healthy,0,0.9997404217720032,0,Healthy,0,0.977638304233551,0,mutual_errors,3,0,0.0,False,False,True,True,False
455,RiceLeafDiseaseBD A Field-Based Annotated Smartpho/RiceLeafDiseaseBD A Field-Based Annotated Smartpho/RiceLeafDiseaseBD/Original images/Brown spot/brown spot_561.jpg,Brown Spot,2,Healthy,0,0.9999332427978516,0,Healthy,0,0.9518512487411499,0,mutual_errors,5,1,0.0,False,False,True,True,False
456,RiceLeafDiseaseBD A Field-Based Annotated Smartpho/RiceLeafDiseaseBD A Field-Based Annotated Smartpho/RiceLeafDiseaseBD/Original images/Brown spot/brown spot_573.jpg,Brown Spot,2,Healthy,0,0.998735249042511,0,Healthy,0,0.9781449437141418,0,mutual_errors,7,0,0.0,False,False,True,True,False
457,RiceLeafDiseaseBD A Field-Based Annotated Smartpho/RiceLeafDiseaseBD A Field-Based Annotated Smartpho/RiceLeafDiseaseBD/Original images/Brown spot/brown spot_578.jpg,Brown Spot,2,Healthy,0,0.9867106080055237,0,Healthy,0,0.9933130145072937,0,mutual_errors,5,0,0.0,False,False,True,True,False
458,RiceLeafDiseaseBD A Field-Based Annotated Smartpho/RiceLeafDiseaseBD A Field-Based Annotated Smartpho/RiceLeafDiseaseBD/Original images/Brown spot/brown spot_581.jpg,Brown Spot,2,Healthy,0,0.9991488456726074,0,Healthy,0,0.91066974401474,0,mutual_errors,5,0,0.0,False,False,True,True,False
459,RiceLeafDiseaseBD A Field-Based Annotated Smartpho/RiceLeafDiseaseBD A Field-Based Annotated Smartpho/RiceLeafDiseaseBD/Original images/Brown spot/brown spot_591.jpg,Brown Spot,2,Healthy,0,0.9999212026596069,0,Healthy,0,0.9642661213874817,0,mutual_errors,12,0,0.0,False,False,True,True,False
460,RiceLeafDiseaseBD A Field-Based Annotated Smartpho/RiceLeafDiseaseBD A Field-Based Annotated Smartpho/RiceLeafDiseaseBD/Original images/Brown spot/brown spot_593.jpg,Brown Spot,2,Healthy,0,0.9723381400108337,0,Healthy,0,0.9922007918357849,0,mutual_errors,13,0,0.0,False,False,True,True,False
461,RiceLeafDiseaseBD A Field-Based Annotated Smartpho/RiceLeafDiseaseBD A Field-Based Annotated Smartpho/RiceLeafDiseaseBD/Original images/Brown spot/brown spot_594.jpg,Brown Spot,2,Healthy,0,0.998551070690155,0,Brown Spot,2,0.46242839097976685,1,multitask_wins,8,0,0.0,False,False,True,False,False
462,RiceLeafDiseaseBD A Field-Based Annotated Smartpho/RiceLeafDiseaseBD A Field-Based Annotated Smartpho/RiceLeafDiseaseBD/Original images/Brown spot/brown spot_603.jpg,Brown Spot,2,Healthy,0,0.9999827146530151,0,Blast,1,0.9943812489509583,0,mutual_errors,1,3,0.0,False,False,True,True,False
463,RiceLeafDiseaseBD A Field-Based Annotated Smartpho/RiceLeafDiseaseBD A Field-Based Annotated Smartpho/RiceLeafDiseaseBD/Original images/Brown spot/brown spot_604.jpg,Brown Spot,2,Healthy,0,0.9999723434448242,0,Blast,1,0.999703586101532,0,mutual_errors,5,3,0.0,False,False,True,True,False
464,RiceLeafDiseaseBD A Field-Based Annotated Smartpho/RiceLeafDiseaseBD A Field-Based Annotated Smartpho/RiceLeafDiseaseBD/Original images/Brown spot/brown spot_617.jpg,Brown Spot,2,Healthy,0,0.9997591376304626,0,Healthy,0,0.5676015019416809,0,mutual_errors,3,0,0.0,False,False,True,False,False
465,RiceLeafDiseaseBD A Field-Based Annotated Smartpho/RiceLeafDiseaseBD A Field-Based Annotated Smartpho/RiceLeafDiseaseBD/Original images/Brown spot/brown spot_622.jpg,Brown Spot,2,Healthy,0,0.9995972514152527,0,Healthy,0,0.5688884854316711,0,mutual_errors,4,0,0.0,False,False,True,False,False
466,RiceLeafDiseaseBD A Field-Based Annotated Smartpho/RiceLeafDiseaseBD A Field-Based Annotated Smartpho/RiceLeafDiseaseBD/Original images/Brown spot/brown spot_629.jpg,Brown Spot,2,Healthy,0,0.9973593354225159,0,Healthy,0,0.9910406470298767,0,mutual_errors,2,0,0.0,False,False,True,True,False
467,RiceLeafDiseaseBD A Field-Based Annotated Smartpho/RiceLeafDiseaseBD A Field-Based Annotated Smartpho/RiceLeafDiseaseBD/Original images/Brown spot/brown spot_630.jpg,Brown Spot,2,Healthy,0,0.9986780285835266,0,Healthy,0,0.9930616021156311,0,mutual_errors,3,0,0.0,False,False,True,True,False
468,RiceLeafDiseaseBD A Field-Based Annotated Smartpho/RiceLeafDiseaseBD A Field-Based Annotated Smartpho/RiceLeafDiseaseBD/Original images/Brown spot/brown spot_634.jpg,Brown Spot,2,Healthy,0,0.999416708946228,0,Healthy,0,0.9857258796691895,0,mutual_errors,4,0,0.0,False,False,True,True,False
469,RiceLeafDiseaseBD A Field-Based Annotated Smartpho/RiceLeafDiseaseBD A Field-Based Annotated Smartpho/RiceLeafDiseaseBD/Original images/Brown spot/brown spot_638.jpg,Brown Spot,2,Healthy,0,0.9996161460876465,0,Healthy,0,0.9905421137809753,0,mutual_errors,3,0,0.0,False,False,True,True,False
470,RiceLeafDiseaseBD A Field-Based Annotated Smartpho/RiceLeafDiseaseBD A Field-Based Annotated Smartpho/RiceLeafDiseaseBD/Original images/Brown spot/brown spot_642.jpg,Brown Spot,2,Healthy,0,0.9963080883026123,0,Healthy,0,0.9972208738327026,0,mutual_errors,4,0,0.0,False,False,True,True,False
471,RiceLeafDiseaseBD A Field-Based Annotated Smartpho/RiceLeafDiseaseBD A Field-Based Annotated Smartpho/RiceLeafDiseaseBD/Original images/Brown spot/brown spot_655.jpg,Brown Spot,2,Healthy,0,0.9945536851882935,0,Healthy,0,0.992345929145813,0,mutual_errors,4,0,0.0,False,False,True,True,False
472,RiceLeafDiseaseBD A Field-Based Annotated Smartpho/RiceLeafDiseaseBD A Field-Based Annotated Smartpho/RiceLeafDiseaseBD/Original images/Brown spot/brown spot_665.jpg,Brown Spot,2,Healthy,0,0.999881386756897,0,Blast,1,0.9995498061180115,0,mutual_errors,3,0,0.0,False,False,True,True,False
473,RiceLeafDiseaseBD A Field-Based Annotated Smartpho/RiceLeafDiseaseBD A Field-Based Annotated Smartpho/RiceLeafDiseaseBD/Original images/Brown spot/brown spot_667.jpg,Brown Spot,2,Healthy,0,0.9988904595375061,0,Healthy,0,0.9788479804992676,0,mutual_errors,1,0,0.0,False,False,True,True,False
474,RiceLeafDiseaseBD A Field-Based Annotated Smartpho/RiceLeafDiseaseBD A Field-Based Annotated Smartpho/RiceLeafDiseaseBD/Original images/Brown spot/brown spot_68.jpg,Brown Spot,2,Healthy,0,0.9999030828475952,0,Blast,1,0.9216433763504028,0,mutual_errors,3,3,0.0,False,False,True,True,False
475,RiceLeafDiseaseBD A Field-Based Annotated Smartpho/RiceLeafDiseaseBD A Field-Based Annotated Smartpho/RiceLeafDiseaseBD/Original images/Brown spot/brown spot_684.jpg,Brown Spot,2,Healthy,0,0.9975124597549438,0,Healthy,0,0.9644076824188232,0,mutual_errors,4,0,0.0,False,False,True,True,False
476,RiceLeafDiseaseBD A Field-Based Annotated Smartpho/RiceLeafDiseaseBD A Field-Based Annotated Smartpho/RiceLeafDiseaseBD/Original images/Brown spot/brown spot_687.jpg,Brown Spot,2,Healthy,0,0.9964476823806763,0,Healthy,0,0.9879514575004578,0,mutual_errors,3,0,0.0,False,False,True,True,False
477,RiceLeafDiseaseBD A Field-Based Annotated Smartpho/RiceLeafDiseaseBD A Field-Based Annotated Smartpho/RiceLeafDiseaseBD/Original images/Brown spot/brown spot_690.jpg,Brown Spot,2,Healthy,0,0.9951346516609192,0,Healthy,0,0.9985018968582153,0,mutual_errors,2,0,0.0,False,False,True,True,False
478,RiceLeafDiseaseBD A Field-Based Annotated Smartpho/RiceLeafDiseaseBD A Field-Based Annotated Smartpho/RiceLeafDiseaseBD/Original images/Brown spot/brown spot_692.jpg,Brown Spot,2,Healthy,0,0.9977325201034546,0,Healthy,0,0.998706579208374,0,mutual_errors,2,0,0.0,False,False,True,True,False
479,RiceLeafDiseaseBD A Field-Based Annotated Smartpho/RiceLeafDiseaseBD A Field-Based Annotated Smartpho/RiceLeafDiseaseBD/Original images/Brown spot/brown spot_693.jpg,Brown Spot,2,Healthy,0,0.9981318116188049,0,Healthy,0,0.9981195330619812,0,mutual_errors,2,0,0.0,False,False,True,True,False
480,RiceLeafDiseaseBD A Field-Based Annotated Smartpho/RiceLeafDiseaseBD A Field-Based Annotated Smartpho/RiceLeafDiseaseBD/Original images/Brown spot/brown spot_701.jpg,Brown Spot,2,Healthy,0,0.9937711358070374,0,Healthy,0,0.9973676800727844,0,mutual_errors,2,0,0.0,False,False,True,True,False
481,RiceLeafDiseaseBD A Field-Based Annotated Smartpho/RiceLeafDiseaseBD A Field-Based Annotated Smartpho/RiceLeafDiseaseBD/Original images/Brown spot/brown spot_704.jpg,Brown Spot,2,Healthy,0,0.9996383190155029,0,Blast,1,0.3729228973388672,0,mutual_errors,2,0,0.0,False,False,True,False,False
482,RiceLeafDiseaseBD A Field-Based Annotated Smartpho/RiceLeafDiseaseBD A Field-Based Annotated Smartpho/RiceLeafDiseaseBD/Original images/Brown spot/brown spot_707.jpg,Brown Spot,2,Healthy,0,0.9994223117828369,0,Healthy,0,0.5775624513626099,0,mutual_errors,2,0,0.0,False,False,True,False,False
483,RiceLeafDiseaseBD A Field-Based Annotated Smartpho/RiceLeafDiseaseBD A Field-Based Annotated Smartpho/RiceLeafDiseaseBD/Original images/Brown spot/brown spot_710.jpg,Brown Spot,2,Healthy,0,0.9720956683158875,0,Healthy,0,0.9950324296951294,0,mutual_errors,6,0,0.0,False,False,True,True,False
484,RiceLeafDiseaseBD A Field-Based Annotated Smartpho/RiceLeafDiseaseBD A Field-Based Annotated Smartpho/RiceLeafDiseaseBD/Original images/Brown spot/brown spot_712.jpg,Brown Spot,2,Healthy,0,0.9908348321914673,0,Healthy,0,0.9921769499778748,0,mutual_errors,7,0,0.0,False,False,True,True,False
485,RiceLeafDiseaseBD A Field-Based Annotated Smartpho/RiceLeafDiseaseBD A Field-Based Annotated Smartpho/RiceLeafDiseaseBD/Original images/Brown spot/brown spot_714.jpg,Brown Spot,2,Healthy,0,0.9937560558319092,0,Healthy,0,0.9967880249023438,0,mutual_errors,4,0,0.0,False,False,True,True,False
486,RiceLeafDiseaseBD A Field-Based Annotated Smartpho/RiceLeafDiseaseBD A Field-Based Annotated Smartpho/RiceLeafDiseaseBD/Original images/Brown spot/brown spot_72.jpg,Brown Spot,2,Healthy,0,0.9999691247940063,0,Healthy,0,0.9549599885940552,0,mutual_errors,2,0,0.0,False,False,True,True,False
487,RiceLeafDiseaseBD A Field-Based Annotated Smartpho/RiceLeafDiseaseBD A Field-Based Annotated Smartpho/RiceLeafDiseaseBD/Original images/Brown spot/brown spot_721.jpg,Brown Spot,2,Healthy,0,0.9833658337593079,0,Healthy,0,0.9957535266876221,0,mutual_errors,6,0,0.0,False,False,True,True,False
488,RiceLeafDiseaseBD A Field-Based Annotated Smartpho/RiceLeafDiseaseBD A Field-Based Annotated Smartpho/RiceLeafDiseaseBD/Original images/Brown spot/brown spot_750.jpg,Brown Spot,2,Healthy,0,0.9980887770652771,0,Healthy,0,0.9904680848121643,0,mutual_errors,1,0,0.0,False,False,True,True,False
489,RiceLeafDiseaseBD A Field-Based Annotated Smartpho/RiceLeafDiseaseBD A Field-Based Annotated Smartpho/RiceLeafDiseaseBD/Original images/Brown spot/brown spot_751.jpg,Brown Spot,2,Healthy,0,0.9872283935546875,0,Healthy,0,0.9980872273445129,0,mutual_errors,3,0,0.0,False,False,True,True,False
490,RiceLeafDiseaseBD A Field-Based Annotated Smartpho/RiceLeafDiseaseBD A Field-Based Annotated Smartpho/RiceLeafDiseaseBD/Original images/Brown spot/brown spot_755.jpg,Brown Spot,2,Healthy,0,0.9974992871284485,0,Blast,1,0.995119571685791,0,mutual_errors,3,0,0.0,False,False,True,True,False
491,RiceLeafDiseaseBD A Field-Based Annotated Smartpho/RiceLeafDiseaseBD A Field-Based Annotated Smartpho/RiceLeafDiseaseBD/Original images/Brown spot/brown spot_756.jpg,Brown Spot,2,Healthy,0,0.9966631531715393,0,Blast,1,0.9176162481307983,0,mutual_errors,3,0,0.0,False,False,True,True,False
492,RiceLeafDiseaseBD A Field-Based Annotated Smartpho/RiceLeafDiseaseBD A Field-Based Annotated Smartpho/RiceLeafDiseaseBD/Original images/Brown spot/brown spot_76.jpg,Brown Spot,2,Healthy,0,0.9997679591178894,0,Blast,1,0.3983701765537262,0,mutual_errors,4,0,0.0,False,False,True,False,False
493,RiceLeafDiseaseBD A Field-Based Annotated Smartpho/RiceLeafDiseaseBD A Field-Based Annotated Smartpho/RiceLeafDiseaseBD/Original images/Brown spot/brown spot_766.jpg,Brown Spot,2,Healthy,0,0.9988585710525513,0,Healthy,0,0.9935303330421448,0,mutual_errors,2,0,0.0,False,False,True,True,False
494,RiceLeafDiseaseBD A Field-Based Annotated Smartpho/RiceLeafDiseaseBD A Field-Based Annotated Smartpho/RiceLeafDiseaseBD/Original images/Brown spot/brown spot_769.jpg,Brown Spot,2,Healthy,0,0.999432384967804,0,Blast,1,0.9238467812538147,0,mutual_errors,4,0,0.0,False,False,True,True,False
495,RiceLeafDiseaseBD A Field-Based Annotated Smartpho/RiceLeafDiseaseBD A Field-Based Annotated Smartpho/RiceLeafDiseaseBD/Original images/Brown spot/brown spot_77.jpg,Brown Spot,2,Healthy,0,0.9999786615371704,0,Blast,1,0.996829092502594,0,mutual_errors,2,0,0.0,False,False,True,True,False
496,RiceLeafDiseaseBD A Field-Based Annotated Smartpho/RiceLeafDiseaseBD A Field-Based Annotated Smartpho/RiceLeafDiseaseBD/Original images/Brown spot/brown spot_773.jpg,Brown Spot,2,Healthy,0,0.9905318021774292,0,Blast,1,0.9424510598182678,0,mutual_errors,1,0,0.0,False,False,True,True,False
497,RiceLeafDiseaseBD A Field-Based Annotated Smartpho/RiceLeafDiseaseBD A Field-Based Annotated Smartpho/RiceLeafDiseaseBD/Original images/Brown spot/brown spot_787.jpg,Brown Spot,2,Healthy,0,0.9911115765571594,0,Healthy,0,0.9932920932769775,0,mutual_errors,3,0,0.0,False,False,True,True,False
498,RiceLeafDiseaseBD A Field-Based Annotated Smartpho/RiceLeafDiseaseBD A Field-Based Annotated Smartpho/RiceLeafDiseaseBD/Original images/Brown spot/brown spot_808.jpg,Brown Spot,2,Healthy,0,0.9983469247817993,0,Blast,1,0.9804290533065796,0,mutual_errors,3,0,0.0,False,False,True,True,False
499,RiceLeafDiseaseBD A Field-Based Annotated Smartpho/RiceLeafDiseaseBD A Field-Based Annotated Smartpho/RiceLeafDiseaseBD/Original images/Brown spot/brown spot_815.jpg,Brown Spot,2,Healthy,0,0.9991439580917358,0,Blast,1,0.9884224534034729,0,mutual_errors,3,0,0.0,False,False,True,True,False
500,RiceLeafDiseaseBD A Field-Based Annotated Smartpho/RiceLeafDiseaseBD A Field-Based Annotated Smartpho/RiceLeafDiseaseBD/Original images/Brown spot/brown spot_816.jpg,Brown Spot,2,Healthy,0,0.9987886548042297,0,Blast,1,0.9619924426078796,0,mutual_errors,3,0,0.0,False,False,True,True,False
501,RiceLeafDiseaseBD A Field-Based Annotated Smartpho/RiceLeafDiseaseBD A Field-Based Annotated Smartpho/RiceLeafDiseaseBD/Original images/Brown spot/brown spot_823.jpg,Brown Spot,2,Healthy,0,0.997775137424469,0,Healthy,0,0.988307535648346,0,mutual_errors,2,0,0.0,False,False,True,True,False
502,RiceLeafDiseaseBD A Field-Based Annotated Smartpho/RiceLeafDiseaseBD A Field-Based Annotated Smartpho/RiceLeafDiseaseBD/Original images/Brown spot/brown spot_828.jpg,Brown Spot,2,Healthy,0,0.9903092980384827,0,Blast,1,0.5351387858390808,0,mutual_errors,4,0,0.0,False,False,True,False,False
503,RiceLeafDiseaseBD A Field-Based Annotated Smartpho/RiceLeafDiseaseBD A Field-Based Annotated Smartpho/RiceLeafDiseaseBD/Original images/Brown spot/brown spot_834.jpg,Brown Spot,2,Healthy,0,0.9974851608276367,0,Blast,1,0.658301830291748,0,mutual_errors,2,0,0.0,False,False,True,False,False
504,RiceLeafDiseaseBD A Field-Based Annotated Smartpho/RiceLeafDiseaseBD A Field-Based Annotated Smartpho/RiceLeafDiseaseBD/Original images/Brown spot/brown spot_861.jpg,Brown Spot,2,Healthy,0,0.9993512034416199,0,Healthy,0,0.9872463941574097,0,mutual_errors,4,0,0.0,False,False,True,True,False
505,RiceLeafDiseaseBD A Field-Based Annotated Smartpho/RiceLeafDiseaseBD A Field-Based Annotated Smartpho/RiceLeafDiseaseBD/Original images/Brown spot/brown spot_863.jpg,Brown Spot,2,Healthy,0,0.9982008934020996,0,Healthy,0,0.9888784289360046,0,mutual_errors,2,0,0.0,False,False,True,True,False
506,RiceLeafDiseaseBD A Field-Based Annotated Smartpho/RiceLeafDiseaseBD A Field-Based Annotated Smartpho/RiceLeafDiseaseBD/Original images/Brown spot/brown spot_865.jpg,Brown Spot,2,Healthy,0,0.998103141784668,0,Healthy,0,0.9888767600059509,0,mutual_errors,2,0,0.0,False,False,True,True,False
507,RiceLeafDiseaseBD A Field-Based Annotated Smartpho/RiceLeafDiseaseBD A Field-Based Annotated Smartpho/RiceLeafDiseaseBD/Original images/Brown spot/brown spot_87.jpg,Brown Spot,2,Healthy,0,0.9985589385032654,0,Healthy,0,0.9960368275642395,0,mutual_errors,4,0,0.0,False,False,True,True,False
508,RiceLeafDiseaseBD A Field-Based Annotated Smartpho/RiceLeafDiseaseBD A Field-Based Annotated Smartpho/RiceLeafDiseaseBD/Original images/Brown spot/brown spot_870.jpg,Brown Spot,2,Healthy,0,0.9936191439628601,0,Tungro,4,0.47346827387809753,0,mutual_errors,4,0,0.0,False,False,True,False,False
509,RiceLeafDiseaseBD A Field-Based Annotated Smartpho/RiceLeafDiseaseBD A Field-Based Annotated Smartpho/RiceLeafDiseaseBD/Original images/Brown spot/brown spot_871.jpg,Brown Spot,2,Healthy,0,0.9948853850364685,0,Healthy,0,0.44790735840797424,0,mutual_errors,5,0,0.0,False,False,True,False,False
510,RiceLeafDiseaseBD A Field-Based Annotated Smartpho/RiceLeafDiseaseBD A Field-Based Annotated Smartpho/RiceLeafDiseaseBD/Original images/Brown spot/brown spot_873.jpg,Brown Spot,2,Healthy,0,0.9949087500572205,0,Healthy,0,0.9153652191162109,0,mutual_errors,5,0,0.0,False,False,True,True,False
511,RiceLeafDiseaseBD A Field-Based Annotated Smartpho/RiceLeafDiseaseBD A Field-Based Annotated Smartpho/RiceLeafDiseaseBD/Original images/Brown spot/brown spot_875.jpg,Brown Spot,2,Healthy,0,0.9978984594345093,0,Healthy,0,0.9336059093475342,0,mutual_errors,4,0,0.0,False,False,True,True,False
512,RiceLeafDiseaseBD A Field-Based Annotated Smartpho/RiceLeafDiseaseBD A Field-Based Annotated Smartpho/RiceLeafDiseaseBD/Original images/Brown spot/brown spot_879.jpg,Brown Spot,2,Healthy,0,0.9667316675186157,0,Healthy,0,0.9934338331222534,0,mutual_errors,6,0,0.0,False,False,True,True,False
513,RiceLeafDiseaseBD A Field-Based Annotated Smartpho/RiceLeafDiseaseBD A Field-Based Annotated Smartpho/RiceLeafDiseaseBD/Original images/Brown spot/brown spot_886.jpg,Brown Spot,2,Healthy,0,0.9985148310661316,0,Blast,1,0.5372552871704102,0,mutual_errors,4,0,0.0,False,False,True,False,False
514,RiceLeafDiseaseBD A Field-Based Annotated Smartpho/RiceLeafDiseaseBD A Field-Based Annotated Smartpho/RiceLeafDiseaseBD/Original images/Brown spot/brown spot_892.jpg,Brown Spot,2,Healthy,0,0.9994491934776306,0,Blast,1,0.9449625015258789,0,mutual_errors,4,3,0.1251327010229019,False,False,True,True,False
515,RiceLeafDiseaseBD A Field-Based Annotated Smartpho/RiceLeafDiseaseBD A Field-Based Annotated Smartpho/RiceLeafDiseaseBD/Original images/Brown spot/brown spot_897.jpg,Brown Spot,2,Healthy,0,0.9963240623474121,0,Blast,1,0.9954568147659302,0,mutual_errors,5,0,0.0,False,False,True,True,False
516,RiceLeafDiseaseBD A Field-Based Annotated Smartpho/RiceLeafDiseaseBD A Field-Based Annotated Smartpho/RiceLeafDiseaseBD/Original images/Brown spot/brown spot_898.jpg,Brown Spot,2,Healthy,0,0.9811206459999084,0,Blast,1,0.9999054670333862,0,mutual_errors,4,0,0.0,False,False,True,True,False
517,RiceLeafDiseaseBD A Field-Based Annotated Smartpho/RiceLeafDiseaseBD A Field-Based Annotated Smartpho/RiceLeafDiseaseBD/Original images/Brown spot/brown spot_899.jpg,Brown Spot,2,Healthy,0,0.9903738498687744,0,Healthy,0,0.9860391616821289,0,mutual_errors,2,0,0.0,False,False,True,True,False
518,RiceLeafDiseaseBD A Field-Based Annotated Smartpho/RiceLeafDiseaseBD A Field-Based Annotated Smartpho/RiceLeafDiseaseBD/Original images/Brown spot/brown spot_9.jpg,Brown Spot,2,Healthy,0,0.9997180104255676,0,Healthy,0,0.9308652877807617,0,mutual_errors,1,0,0.0,False,False,True,True,False
519,RiceLeafDiseaseBD A Field-Based Annotated Smartpho/RiceLeafDiseaseBD A Field-Based Annotated Smartpho/RiceLeafDiseaseBD/Original images/Brown spot/brown spot_910.jpg,Brown Spot,2,Healthy,0,0.9964085221290588,0,Blast,1,0.9964183568954468,0,mutual_errors,2,0,0.0,False,False,True,True,False
520,RiceLeafDiseaseBD A Field-Based Annotated Smartpho/RiceLeafDiseaseBD A Field-Based Annotated Smartpho/RiceLeafDiseaseBD/Original images/Brown spot/brown spot_912.jpg,Brown Spot,2,Healthy,0,0.9948462247848511,0,Blast,1,0.9753032922744751,0,mutual_errors,2,0,0.0,False,False,True,True,False
521,RiceLeafDiseaseBD A Field-Based Annotated Smartpho/RiceLeafDiseaseBD A Field-Based Annotated Smartpho/RiceLeafDiseaseBD/Original images/Brown spot/brown spot_925.jpg,Brown Spot,2,Healthy,0,0.9991856217384338,0,Tungro,4,0.6718080639839172,0,mutual_errors,3,3,0.3088726093824541,False,False,True,False,False
522,RiceLeafDiseaseBD A Field-Based Annotated Smartpho/RiceLeafDiseaseBD A Field-Based Annotated Smartpho/RiceLeafDiseaseBD/Original images/Brown spot/brown spot_945.jpg,Brown Spot,2,Healthy,0,0.9962823987007141,0,Healthy,0,0.9995352029800415,0,mutual_errors,2,0,0.0,False,False,True,True,False
523,RiceLeafDiseaseBD A Field-Based Annotated Smartpho/RiceLeafDiseaseBD A Field-Based Annotated Smartpho/RiceLeafDiseaseBD/Original images/Brown spot/brown spot_970.jpg,Brown Spot,2,Healthy,0,0.9993492960929871,0,Healthy,0,0.9992383718490601,0,mutual_errors,4,0,0.0,False,False,True,True,False
524,RiceLeafDiseaseBD A Field-Based Annotated Smartpho/RiceLeafDiseaseBD A Field-Based Annotated Smartpho/RiceLeafDiseaseBD/Original images/Brown spot/brown spot_974.jpg,Brown Spot,2,Healthy,0,0.9961179494857788,0,Healthy,0,0.9980220794677734,0,mutual_errors,6,0,0.0,False,False,True,True,False
525,RiceLeafDiseaseBD A Field-Based Annotated Smartpho/RiceLeafDiseaseBD A Field-Based Annotated Smartpho/RiceLeafDiseaseBD/Original images/Brown spot/brown spot_99.jpg,Brown Spot,2,Healthy,0,0.9955124258995056,0,Healthy,0,0.9030386805534363,0,mutual_errors,1,0,0.0,False,False,True,True,False
526,RiceLeafDiseaseBD A Field-Based Annotated Smartpho/RiceLeafDiseaseBD A Field-Based Annotated Smartpho/RiceLeafDiseaseBD/Original images/Healthy/Healthy_10.jpg,Healthy,0,Healthy,0,0.9994761347770691,1,Blast,1,0.5081064105033875,0,baseline_wins,0,0,0.0,False,False,False,False,False
527,RiceLeafDiseaseBD A Field-Based Annotated Smartpho/RiceLeafDiseaseBD A Field-Based Annotated Smartpho/RiceLeafDiseaseBD/Original images/Healthy/Healthy_1004.jpg,Healthy,0,Healthy,0,0.9990569949150085,1,Healthy,0,0.9864415526390076,1,mutual_success,0,0,0.0,False,False,False,False,False
528,RiceLeafDiseaseBD A Field-Based Annotated Smartpho/RiceLeafDiseaseBD A Field-Based Annotated Smartpho/RiceLeafDiseaseBD/Original images/Healthy/Healthy_1006.jpg,Healthy,0,Healthy,0,0.9996647834777832,1,Blast,1,0.9586611390113831,0,baseline_wins,0,1,0.0,False,True,False,False,False
529,RiceLeafDiseaseBD A Field-Based Annotated Smartpho/RiceLeafDiseaseBD A Field-Based Annotated Smartpho/RiceLeafDiseaseBD/Original images/Healthy/Healthy_1015.jpg,Healthy,0,Healthy,0,0.9999523162841797,1,Blast,1,0.9990352392196655,0,baseline_wins,0,3,0.0,False,True,False,False,False
530,RiceLeafDiseaseBD A Field-Based Annotated Smartpho/RiceLeafDiseaseBD A Field-Based Annotated Smartpho/RiceLeafDiseaseBD/Original images/Healthy/Healthy_1017.jpg,Healthy,0,Healthy,0,0.9999641180038452,1,Blast,1,0.9977892637252808,0,baseline_wins,0,3,0.0,False,True,False,False,False
531,RiceLeafDiseaseBD A Field-Based Annotated Smartpho/RiceLeafDiseaseBD A Field-Based Annotated Smartpho/RiceLeafDiseaseBD/Original images/Healthy/Healthy_1019.jpg,Healthy,0,Healthy,0,0.9999788999557495,1,Blast,1,0.9927533268928528,0,baseline_wins,0,3,0.0,False,True,False,False,False
532,RiceLeafDiseaseBD A Field-Based Annotated Smartpho/RiceLeafDiseaseBD A Field-Based Annotated Smartpho/RiceLeafDiseaseBD/Original images/Healthy/Healthy_1023.jpg,Healthy,0,Healthy,0,0.999975323677063,1,Blast,1,0.9645689129829407,0,baseline_wins,0,1,0.0,False,True,False,False,False
533,RiceLeafDiseaseBD A Field-Based Annotated Smartpho/RiceLeafDiseaseBD A Field-Based Annotated Smartpho/RiceLeafDiseaseBD/Original images/Healthy/Healthy_1033.jpg,Healthy,0,Healthy,0,0.9996826648712158,1,Healthy,0,0.49746063351631165,1,mutual_success,0,0,0.0,False,False,False,False,False
534,RiceLeafDiseaseBD A Field-Based Annotated Smartpho/RiceLeafDiseaseBD A Field-Based Annotated Smartpho/RiceLeafDiseaseBD/Original images/Healthy/Healthy_1034.jpg,Healthy,0,Healthy,0,0.9997721314430237,1,Blast,1,0.9758803844451904,0,baseline_wins,0,2,0.0,False,True,False,False,False
535,RiceLeafDiseaseBD A Field-Based Annotated Smartpho/RiceLeafDiseaseBD A Field-Based Annotated Smartpho/RiceLeafDiseaseBD/Original images/Healthy/Healthy_104.jpg,Healthy,0,Healthy,0,0.9999363422393799,1,Healthy,0,0.6477612257003784,1,mutual_success,0,0,0.0,False,False,False,False,False
536,RiceLeafDiseaseBD A Field-Based Annotated Smartpho/RiceLeafDiseaseBD A Field-Based Annotated Smartpho/RiceLeafDiseaseBD/Original images/Healthy/Healthy_1040.jpg,Healthy,0,Healthy,0,0.9989727735519409,1,Blast,1,0.9990360736846924,0,baseline_wins,0,0,0.0,False,False,False,False,False
537,RiceLeafDiseaseBD A Field-Based Annotated Smartpho/RiceLeafDiseaseBD A Field-Based Annotated Smartpho/RiceLeafDiseaseBD/Original images/Healthy/Healthy_1041.jpg,Healthy,0,Healthy,0,0.9986868500709534,1,Blast,1,0.9227893352508545,0,baseline_wins,0,2,0.0,False,True,False,False,False
538,RiceLeafDiseaseBD A Field-Based Annotated Smartpho/RiceLeafDiseaseBD A Field-Based Annotated Smartpho/RiceLeafDiseaseBD/Original images/Healthy/Healthy_105.jpg,Healthy,0,Healthy,0,0.9999781847000122,1,Healthy,0,0.9666101336479187,1,mutual_success,0,0,0.0,False,False,False,False,False
539,RiceLeafDiseaseBD A Field-Based Annotated Smartpho/RiceLeafDiseaseBD A Field-Based Annotated Smartpho/RiceLeafDiseaseBD/Original images/Healthy/Healthy_1050.jpg,Healthy,0,Healthy,0,0.9990580677986145,1,Blast,1,0.9774819016456604,0,baseline_wins,0,3,0.0,False,True,False,False,False
540,RiceLeafDiseaseBD A Field-Based Annotated Smartpho/RiceLeafDiseaseBD A Field-Based Annotated Smartpho/RiceLeafDiseaseBD/Original images/Healthy/Healthy_1052.jpg,Healthy,0,Healthy,0,0.9988135099411011,1,Brown Spot,2,0.9984636306762695,0,baseline_wins,0,3,0.0,False,True,False,False,False
541,RiceLeafDiseaseBD A Field-Based Annotated Smartpho/RiceLeafDiseaseBD A Field-Based Annotated Smartpho/RiceLeafDiseaseBD/Original images/Healthy/Healthy_1057.jpg,Healthy,0,Healthy,0,0.9987844824790955,1,Healthy,0,0.3547305166721344,1,mutual_success,0,0,0.0,False,False,False,False,False
542,RiceLeafDiseaseBD A Field-Based Annotated Smartpho/RiceLeafDiseaseBD A Field-Based Annotated Smartpho/RiceLeafDiseaseBD/Original images/Healthy/Healthy_107.jpg,Healthy,0,Healthy,0,0.9999707937240601,1,Healthy,0,0.9941660165786743,1,mutual_success,0,0,0.0,False,False,False,False,False
543,RiceLeafDiseaseBD A Field-Based Annotated Smartpho/RiceLeafDiseaseBD A Field-Based Annotated Smartpho/RiceLeafDiseaseBD/Original images/Healthy/Healthy_1070.jpg,Healthy,0,Healthy,0,0.9997405409812927,1,Healthy,0,0.8817626237869263,1,mutual_success,0,0,0.0,False,False,False,False,False
544,RiceLeafDiseaseBD A Field-Based Annotated Smartpho/RiceLeafDiseaseBD A Field-Based Annotated Smartpho/RiceLeafDiseaseBD/Original images/Healthy/Healthy_1089.jpg,Healthy,0,Healthy,0,0.9959061145782471,1,Healthy,0,0.9988393187522888,1,mutual_success,0,0,0.0,False,False,False,False,False
545,RiceLeafDiseaseBD A Field-Based Annotated Smartpho/RiceLeafDiseaseBD A Field-Based Annotated Smartpho/RiceLeafDiseaseBD/Original images/Healthy/Healthy_109.jpg,Healthy,0,Healthy,0,0.9997885823249817,1,Healthy,0,0.9564797878265381,1,mutual_success,0,0,0.0,False,False,False,False,False
546,RiceLeafDiseaseBD A Field-Based Annotated Smartpho/RiceLeafDiseaseBD A Field-Based Annotated Smartpho/RiceLeafDiseaseBD/Original images/Healthy/Healthy_1105.jpg,Healthy,0,Healthy,0,0.9997716546058655,1,Healthy,0,0.9875807762145996,1,mutual_success,0,0,0.0,False,False,False,False,False
547,RiceLeafDiseaseBD A Field-Based Annotated Smartpho/RiceLeafDiseaseBD A Field-Based Annotated Smartpho/RiceLeafDiseaseBD/Original images/Healthy/Healthy_1109.jpg,Healthy,0,Healthy,0,0.9974225759506226,1,Healthy,0,0.848169207572937,1,mutual_success,0,0,0.0,False,False,False,False,False
548,RiceLeafDiseaseBD A Field-Based Annotated Smartpho/RiceLeafDiseaseBD A Field-Based Annotated Smartpho/RiceLeafDiseaseBD/Original images/Healthy/Healthy_1110.jpg,Healthy,0,Healthy,0,0.9982099533081055,1,Healthy,0,0.9459902048110962,1,mutual_success,0,0,0.0,False,False,False,False,False
549,RiceLeafDiseaseBD A Field-Based Annotated Smartpho/RiceLeafDiseaseBD A Field-Based Annotated Smartpho/RiceLeafDiseaseBD/Original images/Healthy/Healthy_1111.jpg,Healthy,0,Healthy,0,0.9992464780807495,1,Healthy,0,0.7772641777992249,1,mutual_success,0,0,0.0,False,False,False,False,False
550,RiceLeafDiseaseBD A Field-Based Annotated Smartpho/RiceLeafDiseaseBD A Field-Based Annotated Smartpho/RiceLeafDiseaseBD/Original images/Healthy/Healthy_1130.jpg,Healthy,0,Healthy,0,0.9986888766288757,1,Blast,1,0.5856962203979492,0,baseline_wins,0,0,0.0,False,False,False,False,False
551,RiceLeafDiseaseBD A Field-Based Annotated Smartpho/RiceLeafDiseaseBD A Field-Based Annotated Smartpho/RiceLeafDiseaseBD/Original images/Healthy/Healthy_1153.jpg,Healthy,0,Healthy,0,0.9970027804374695,1,Blast,1,0.736200749874115,0,baseline_wins,0,0,0.0,False,False,False,False,False
552,RiceLeafDiseaseBD A Field-Based Annotated Smartpho/RiceLeafDiseaseBD A Field-Based Annotated Smartpho/RiceLeafDiseaseBD/Original images/Healthy/Healthy_1155.jpg,Healthy,0,Healthy,0,0.9968661665916443,1,Healthy,0,0.7574831247329712,1,mutual_success,0,0,0.0,False,False,False,False,False
553,RiceLeafDiseaseBD A Field-Based Annotated Smartpho/RiceLeafDiseaseBD A Field-Based Annotated Smartpho/RiceLeafDiseaseBD/Original images/Healthy/Healthy_1161.jpg,Healthy,0,Healthy,0,0.999704897403717,1,Blast,1,0.9194548726081848,0,baseline_wins,0,0,0.0,False,False,False,False,False
554,RiceLeafDiseaseBD A Field-Based Annotated Smartpho/RiceLeafDiseaseBD A Field-Based Annotated Smartpho/RiceLeafDiseaseBD/Original images/Healthy/Healthy_1162.jpg,Healthy,0,Healthy,0,0.9995943903923035,1,Blast,1,0.993718147277832,0,baseline_wins,0,0,0.0,False,False,False,False,False
555,RiceLeafDiseaseBD A Field-Based Annotated Smartpho/RiceLeafDiseaseBD A Field-Based Annotated Smartpho/RiceLeafDiseaseBD/Original images/Healthy/Healthy_1179.jpg,Healthy,0,Healthy,0,0.9978116154670715,1,Leaf Smut,3,0.6365687847137451,0,baseline_wins,0,0,0.0,False,False,False,False,False
556,RiceLeafDiseaseBD A Field-Based Annotated Smartpho/RiceLeafDiseaseBD A Field-Based Annotated Smartpho/RiceLeafDiseaseBD/Original images/Healthy/Healthy_1187.jpg,Healthy,0,Healthy,0,0.9989098310470581,1,Healthy,0,0.9826305508613586,1,mutual_success,0,0,0.0,False,False,False,False,False
557,RiceLeafDiseaseBD A Field-Based Annotated Smartpho/RiceLeafDiseaseBD A Field-Based Annotated Smartpho/RiceLeafDiseaseBD/Original images/Healthy/Healthy_1193.jpg,Healthy,0,Healthy,0,0.998112678527832,1,Healthy,0,0.9880701899528503,1,mutual_success,0,0,0.0,False,False,False,False,False
558,RiceLeafDiseaseBD A Field-Based Annotated Smartpho/RiceLeafDiseaseBD A Field-Based Annotated Smartpho/RiceLeafDiseaseBD/Original images/Healthy/Healthy_1199.jpg,Healthy,0,Healthy,0,0.9987013339996338,1,Blast,1,0.7207013368606567,0,baseline_wins,0,0,0.0,False,False,False,False,False
559,RiceLeafDiseaseBD A Field-Based Annotated Smartpho/RiceLeafDiseaseBD A Field-Based Annotated Smartpho/RiceLeafDiseaseBD/Original images/Healthy/Healthy_1200.jpg,Healthy,0,Healthy,0,0.9980138540267944,1,Tungro,4,0.9999998807907104,0,baseline_wins,0,0,0.0,False,False,False,False,False
560,RiceLeafDiseaseBD A Field-Based Annotated Smartpho/RiceLeafDiseaseBD A Field-Based Annotated Smartpho/RiceLeafDiseaseBD/Original images/Healthy/Healthy_1218.jpg,Healthy,0,Healthy,0,0.9976907968521118,1,Blast,1,0.9582148790359497,0,baseline_wins,0,1,0.0,False,True,False,False,False
561,RiceLeafDiseaseBD A Field-Based Annotated Smartpho/RiceLeafDiseaseBD A Field-Based Annotated Smartpho/RiceLeafDiseaseBD/Original images/Healthy/Healthy_1236.jpg,Healthy,0,Healthy,0,0.9994206428527832,1,Blast,1,0.9717262983322144,0,baseline_wins,0,3,0.0,False,True,False,False,False
562,RiceLeafDiseaseBD A Field-Based Annotated Smartpho/RiceLeafDiseaseBD A Field-Based Annotated Smartpho/RiceLeafDiseaseBD/Original images/Healthy/Healthy_1238.jpg,Healthy,0,Healthy,0,0.9978347420692444,1,Blast,1,0.9699965715408325,0,baseline_wins,0,0,0.0,False,False,False,False,False
563,RiceLeafDiseaseBD A Field-Based Annotated Smartpho/RiceLeafDiseaseBD A Field-Based Annotated Smartpho/RiceLeafDiseaseBD/Original images/Healthy/Healthy_1243.jpg,Healthy,0,Healthy,0,0.9988439083099365,1,Blast,1,0.802052915096283,0,baseline_wins,0,0,0.0,False,False,False,False,False
564,RiceLeafDiseaseBD A Field-Based Annotated Smartpho/RiceLeafDiseaseBD A Field-Based Annotated Smartpho/RiceLeafDiseaseBD/Original images/Healthy/Healthy_1246.jpg,Healthy,0,Healthy,0,0.9997456669807434,1,Healthy,0,0.8476577997207642,1,mutual_success,0,0,0.0,False,False,False,False,False
565,RiceLeafDiseaseBD A Field-Based Annotated Smartpho/RiceLeafDiseaseBD A Field-Based Annotated Smartpho/RiceLeafDiseaseBD/Original images/Healthy/Healthy_1247.jpg,Healthy,0,Healthy,0,0.9996713399887085,1,Healthy,0,0.7943640351295471,1,mutual_success,0,0,0.0,False,False,False,False,False
566,RiceLeafDiseaseBD A Field-Based Annotated Smartpho/RiceLeafDiseaseBD A Field-Based Annotated Smartpho/RiceLeafDiseaseBD/Original images/Healthy/Healthy_1248.jpg,Healthy,0,Healthy,0,0.9993219375610352,1,Blast,1,0.9188995957374573,0,baseline_wins,0,0,0.0,False,False,False,False,False
567,RiceLeafDiseaseBD A Field-Based Annotated Smartpho/RiceLeafDiseaseBD A Field-Based Annotated Smartpho/RiceLeafDiseaseBD/Original images/Healthy/Healthy_1251.jpg,Healthy,0,Healthy,0,0.9999570846557617,1,Healthy,0,0.8916226625442505,1,mutual_success,0,0,0.0,False,False,False,False,False
568,RiceLeafDiseaseBD A Field-Based Annotated Smartpho/RiceLeafDiseaseBD A Field-Based Annotated Smartpho/RiceLeafDiseaseBD/Original images/Healthy/Healthy_1255.jpg,Healthy,0,Healthy,0,0.9999624490737915,1,Healthy,0,0.9563037753105164,1,mutual_success,0,0,0.0,False,False,False,False,False
569,RiceLeafDiseaseBD A Field-Based Annotated Smartpho/RiceLeafDiseaseBD A Field-Based Annotated Smartpho/RiceLeafDiseaseBD/Original images/Healthy/Healthy_1256.jpg,Healthy,0,Healthy,0,0.9994799494743347,1,Tungro,4,1.0,0,baseline_wins,0,3,0.0,False,True,False,False,False
570,RiceLeafDiseaseBD A Field-Based Annotated Smartpho/RiceLeafDiseaseBD A Field-Based Annotated Smartpho/RiceLeafDiseaseBD/Original images/Healthy/Healthy_126.jpg,Healthy,0,Healthy,0,0.999972939491272,1,Healthy,0,0.756730318069458,1,mutual_success,0,0,0.0,False,False,False,False,False
571,RiceLeafDiseaseBD A Field-Based Annotated Smartpho/RiceLeafDiseaseBD A Field-Based Annotated Smartpho/RiceLeafDiseaseBD/Original images/Healthy/Healthy_1264.jpg,Healthy,0,Healthy,0,0.999422550201416,1,Healthy,0,0.9013507962226868,1,mutual_success,0,0,0.0,False,False,False,False,False
572,RiceLeafDiseaseBD A Field-Based Annotated Smartpho/RiceLeafDiseaseBD A Field-Based Annotated Smartpho/RiceLeafDiseaseBD/Original images/Healthy/Healthy_1289.jpg,Healthy,0,Healthy,0,0.9996157884597778,1,Healthy,0,0.9616639614105225,1,mutual_success,0,0,0.0,False,False,False,False,False
573,RiceLeafDiseaseBD A Field-Based Annotated Smartpho/RiceLeafDiseaseBD A Field-Based Annotated Smartpho/RiceLeafDiseaseBD/Original images/Healthy/Healthy_1300.jpg,Healthy,0,Healthy,0,0.9995402097702026,1,Blast,1,0.8711599111557007,0,baseline_wins,0,3,0.0,False,True,False,False,False
574,RiceLeafDiseaseBD A Field-Based Annotated Smartpho/RiceLeafDiseaseBD A Field-Based Annotated Smartpho/RiceLeafDiseaseBD/Original images/Healthy/Healthy_1313.jpg,Healthy,0,Healthy,0,0.9974830746650696,1,Healthy,0,0.9938008189201355,1,mutual_success,0,0,0.0,False,False,False,False,False
575,RiceLeafDiseaseBD A Field-Based Annotated Smartpho/RiceLeafDiseaseBD A Field-Based Annotated Smartpho/RiceLeafDiseaseBD/Original images/Healthy/Healthy_1314.jpg,Healthy,0,Healthy,0,0.9968231916427612,1,Healthy,0,0.9814358353614807,1,mutual_success,0,0,0.0,False,False,False,False,False
576,RiceLeafDiseaseBD A Field-Based Annotated Smartpho/RiceLeafDiseaseBD A Field-Based Annotated Smartpho/RiceLeafDiseaseBD/Original images/Healthy/Healthy_1319.jpg,Healthy,0,Healthy,0,0.9975132942199707,1,Healthy,0,0.9816973805427551,1,mutual_success,0,0,0.0,False,False,False,False,False
577,RiceLeafDiseaseBD A Field-Based Annotated Smartpho/RiceLeafDiseaseBD A Field-Based Annotated Smartpho/RiceLeafDiseaseBD/Original images/Healthy/Healthy_132.jpg,Healthy,0,Healthy,0,0.9999668598175049,1,Blast,1,0.8957822918891907,0,baseline_wins,0,0,0.0,False,False,False,False,False
578,RiceLeafDiseaseBD A Field-Based Annotated Smartpho/RiceLeafDiseaseBD A Field-Based Annotated Smartpho/RiceLeafDiseaseBD/Original images/Healthy/Healthy_1324.jpg,Healthy,0,Healthy,0,0.9972639083862305,1,Healthy,0,0.9880213141441345,1,mutual_success,0,0,0.0,False,False,False,False,False
579,RiceLeafDiseaseBD A Field-Based Annotated Smartpho/RiceLeafDiseaseBD A Field-Based Annotated Smartpho/RiceLeafDiseaseBD/Original images/Healthy/Healthy_1326.jpg,Healthy,0,Healthy,0,0.981456995010376,1,Healthy,0,0.7180415391921997,1,mutual_success,0,0,0.0,False,False,False,False,False
580,RiceLeafDiseaseBD A Field-Based Annotated Smartpho/RiceLeafDiseaseBD A Field-Based Annotated Smartpho/RiceLeafDiseaseBD/Original images/Healthy/Healthy_1331.jpg,Healthy,0,Healthy,0,0.9991432428359985,1,Healthy,0,0.9958458542823792,1,mutual_success,0,0,0.0,False,False,False,False,False
581,RiceLeafDiseaseBD A Field-Based Annotated Smartpho/RiceLeafDiseaseBD A Field-Based Annotated Smartpho/RiceLeafDiseaseBD/Original images/Healthy/Healthy_1337.jpg,Healthy,0,Healthy,0,0.9866216778755188,1,Tungro,4,0.678729236125946,0,baseline_wins,0,1,0.0,False,True,False,False,False
582,RiceLeafDiseaseBD A Field-Based Annotated Smartpho/RiceLeafDiseaseBD A Field-Based Annotated Smartpho/RiceLeafDiseaseBD/Original images/Healthy/Healthy_134.jpg,Healthy,0,Healthy,0,0.9999730587005615,1,Blast,1,0.6400566697120667,0,baseline_wins,0,0,0.0,False,False,False,False,False
583,RiceLeafDiseaseBD A Field-Based Annotated Smartpho/RiceLeafDiseaseBD A Field-Based Annotated Smartpho/RiceLeafDiseaseBD/Original images/Healthy/Healthy_1347.jpg,Healthy,0,Healthy,0,0.9939860105514526,1,Blast,1,0.9610850811004639,0,baseline_wins,0,0,0.0,False,False,False,False,False
584,RiceLeafDiseaseBD A Field-Based Annotated Smartpho/RiceLeafDiseaseBD A Field-Based Annotated Smartpho/RiceLeafDiseaseBD/Original images/Healthy/Healthy_135.jpg,Healthy,0,Healthy,0,0.9999608993530273,1,Blast,1,0.45504099130630493,0,baseline_wins,0,0,0.0,False,False,False,False,False
585,RiceLeafDiseaseBD A Field-Based Annotated Smartpho/RiceLeafDiseaseBD A Field-Based Annotated Smartpho/RiceLeafDiseaseBD/Original images/Healthy/Healthy_1358.jpg,Healthy,0,Healthy,0,0.9828968644142151,1,Healthy,0,0.8605966567993164,1,mutual_success,0,2,0.0,False,True,False,False,False
586,RiceLeafDiseaseBD A Field-Based Annotated Smartpho/RiceLeafDiseaseBD A Field-Based Annotated Smartpho/RiceLeafDiseaseBD/Original images/Healthy/Healthy_136.jpg,Healthy,0,Healthy,0,0.9999926090240479,1,Healthy,0,0.9277262091636658,1,mutual_success,0,1,0.0,False,True,False,False,False
587,RiceLeafDiseaseBD A Field-Based Annotated Smartpho/RiceLeafDiseaseBD A Field-Based Annotated Smartpho/RiceLeafDiseaseBD/Original images/Healthy/Healthy_1360.jpg,Healthy,0,Healthy,0,0.9798585176467896,1,Healthy,0,0.6177165508270264,1,mutual_success,0,0,0.0,False,False,False,False,False
588,RiceLeafDiseaseBD A Field-Based Annotated Smartpho/RiceLeafDiseaseBD A Field-Based Annotated Smartpho/RiceLeafDiseaseBD/Original images/Healthy/Healthy_1392.jpg,Healthy,0,Healthy,0,0.9984347224235535,1,Healthy,0,0.9976401329040527,1,mutual_success,0,0,0.0,False,False,False,False,False
589,RiceLeafDiseaseBD A Field-Based Annotated Smartpho/RiceLeafDiseaseBD A Field-Based Annotated Smartpho/RiceLeafDiseaseBD/Original images/Healthy/Healthy_1396.jpg,Healthy,0,Healthy,0,0.9896344542503357,1,Healthy,0,0.9999674558639526,1,mutual_success,0,0,0.0,False,False,False,False,False
590,RiceLeafDiseaseBD A Field-Based Annotated Smartpho/RiceLeafDiseaseBD A Field-Based Annotated Smartpho/RiceLeafDiseaseBD/Original images/Healthy/Healthy_1398.jpg,Healthy,0,Healthy,0,0.9987157583236694,1,Blast,1,0.927078127861023,0,baseline_wins,0,0,0.0,False,False,False,False,False
591,RiceLeafDiseaseBD A Field-Based Annotated Smartpho/RiceLeafDiseaseBD A Field-Based Annotated Smartpho/RiceLeafDiseaseBD/Original images/Healthy/Healthy_1407.jpg,Healthy,0,Healthy,0,0.9971375465393066,1,Tungro,4,1.0,0,baseline_wins,0,3,0.0,False,True,False,False,False
592,RiceLeafDiseaseBD A Field-Based Annotated Smartpho/RiceLeafDiseaseBD A Field-Based Annotated Smartpho/RiceLeafDiseaseBD/Original images/Healthy/Healthy_1410.jpg,Healthy,0,Healthy,0,0.9998189806938171,1,Brown Spot,2,1.0,0,baseline_wins,0,3,0.0,False,True,False,False,False
593,RiceLeafDiseaseBD A Field-Based Annotated Smartpho/RiceLeafDiseaseBD A Field-Based Annotated Smartpho/RiceLeafDiseaseBD/Original images/Healthy/Healthy_1411.jpg,Healthy,0,Healthy,0,0.9997289776802063,1,Blast,1,0.8644254207611084,0,baseline_wins,0,0,0.0,False,False,False,False,False
594,RiceLeafDiseaseBD A Field-Based Annotated Smartpho/RiceLeafDiseaseBD A Field-Based Annotated Smartpho/RiceLeafDiseaseBD/Original images/Healthy/Healthy_1431.jpg,Healthy,0,Healthy,0,0.9986429810523987,1,Sheath Blight,5,0.600378155708313,0,baseline_wins,0,3,0.0,False,True,False,False,False
595,RiceLeafDiseaseBD A Field-Based Annotated Smartpho/RiceLeafDiseaseBD A Field-Based Annotated Smartpho/RiceLeafDiseaseBD/Original images/Healthy/Healthy_1455.jpg,Healthy,0,Healthy,0,0.999747097492218,1,Healthy,0,0.994485080242157,1,mutual_success,0,0,0.0,False,False,False,False,False
596,RiceLeafDiseaseBD A Field-Based Annotated Smartpho/RiceLeafDiseaseBD A Field-Based Annotated Smartpho/RiceLeafDiseaseBD/Original images/Healthy/Healthy_1457.jpg,Healthy,0,Healthy,0,0.9997531771659851,1,Healthy,0,0.9525183439254761,1,mutual_success,0,0,0.0,False,False,False,False,False
597,RiceLeafDiseaseBD A Field-Based Annotated Smartpho/RiceLeafDiseaseBD A Field-Based Annotated Smartpho/RiceLeafDiseaseBD/Original images/Healthy/Healthy_146.jpg,Healthy,0,Healthy,0,0.9999494552612305,1,Healthy,0,0.6285516619682312,1,mutual_success,0,0,0.0,False,False,False,False,False
598,RiceLeafDiseaseBD A Field-Based Annotated Smartpho/RiceLeafDiseaseBD A Field-Based Annotated Smartpho/RiceLeafDiseaseBD/Original images/Healthy/Healthy_1462.jpg,Healthy,0,Healthy,0,0.9997214674949646,1,Healthy,0,0.9985905289649963,1,mutual_success,0,0,0.0,False,False,False,False,False
599,RiceLeafDiseaseBD A Field-Based Annotated Smartpho/RiceLeafDiseaseBD A Field-Based Annotated Smartpho/RiceLeafDiseaseBD/Original images/Healthy/Healthy_1468.jpg,Healthy,0,Healthy,0,0.9997689127922058,1,Tungro,4,0.3274400532245636,0,baseline_wins,0,0,0.0,False,False,False,False,False
600,RiceLeafDiseaseBD A Field-Based Annotated Smartpho/RiceLeafDiseaseBD A Field-Based Annotated Smartpho/RiceLeafDiseaseBD/Original images/Healthy/Healthy_1471.jpg,Healthy,0,Healthy,0,0.9997040629386902,1,Healthy,0,0.9991256594657898,1,mutual_success,0,0,0.0,False,False,False,False,False
601,RiceLeafDiseaseBD A Field-Based Annotated Smartpho/RiceLeafDiseaseBD A Field-Based Annotated Smartpho/RiceLeafDiseaseBD/Original images/Healthy/Healthy_1489.jpg,Healthy,0,Healthy,0,0.9998499155044556,1,Healthy,0,0.8991748690605164,1,mutual_success,0,0,0.0,False,False,False,False,False
602,RiceLeafDiseaseBD A Field-Based Annotated Smartpho/RiceLeafDiseaseBD A Field-Based Annotated Smartpho/RiceLeafDiseaseBD/Original images/Healthy/Healthy_1491.jpg,Healthy,0,Healthy,0,0.9997984766960144,1,Healthy,0,0.9526143074035645,1,mutual_success,0,0,0.0,False,False,False,False,False
603,RiceLeafDiseaseBD A Field-Based Annotated Smartpho/RiceLeafDiseaseBD A Field-Based Annotated Smartpho/RiceLeafDiseaseBD/Original images/Healthy/Healthy_1495.jpg,Healthy,0,Healthy,0,0.9989128112792969,1,Brown Spot,2,0.6444663405418396,0,baseline_wins,0,0,0.0,False,False,False,False,False
604,RiceLeafDiseaseBD A Field-Based Annotated Smartpho/RiceLeafDiseaseBD A Field-Based Annotated Smartpho/RiceLeafDiseaseBD/Original images/Healthy/Healthy_1498.jpg,Healthy,0,Healthy,0,0.9996978044509888,1,Brown Spot,2,0.5049798488616943,0,baseline_wins,0,0,0.0,False,False,False,False,False
605,RiceLeafDiseaseBD A Field-Based Annotated Smartpho/RiceLeafDiseaseBD A Field-Based Annotated Smartpho/RiceLeafDiseaseBD/Original images/Healthy/Healthy_1500.jpg,Healthy,0,Healthy,0,0.9992606043815613,1,Brown Spot,2,1.0,0,baseline_wins,0,0,0.0,False,False,False,False,False
606,RiceLeafDiseaseBD A Field-Based Annotated Smartpho/RiceLeafDiseaseBD A Field-Based Annotated Smartpho/RiceLeafDiseaseBD/Original images/Healthy/Healthy_1512.jpg,Healthy,0,Healthy,0,0.9998370409011841,1,Brown Spot,2,0.94867342710495,0,baseline_wins,0,1,0.0,False,True,False,False,False
607,RiceLeafDiseaseBD A Field-Based Annotated Smartpho/RiceLeafDiseaseBD A Field-Based Annotated Smartpho/RiceLeafDiseaseBD/Original images/Healthy/Healthy_1520.jpg,Healthy,0,Healthy,0,0.9988458156585693,1,Brown Spot,2,1.0,0,baseline_wins,0,3,0.0,False,True,False,False,False
608,RiceLeafDiseaseBD A Field-Based Annotated Smartpho/RiceLeafDiseaseBD A Field-Based Annotated Smartpho/RiceLeafDiseaseBD/Original images/Healthy/Healthy_1530.jpg,Healthy,0,Healthy,0,0.999872088432312,1,Tungro,4,0.9928498268127441,0,baseline_wins,0,0,0.0,False,False,False,False,False
609,RiceLeafDiseaseBD A Field-Based Annotated Smartpho/RiceLeafDiseaseBD A Field-Based Annotated Smartpho/RiceLeafDiseaseBD/Original images/Healthy/Healthy_1531.jpg,Healthy,0,Healthy,0,0.9999836683273315,1,Blast,1,0.8867583274841309,0,baseline_wins,0,0,0.0,False,False,False,False,False
610,RiceLeafDiseaseBD A Field-Based Annotated Smartpho/RiceLeafDiseaseBD A Field-Based Annotated Smartpho/RiceLeafDiseaseBD/Original images/Healthy/Healthy_1534.jpg,Healthy,0,Healthy,0,0.9955475330352783,1,Brown Spot,2,1.0,0,baseline_wins,0,0,0.0,False,False,False,False,False
611,RiceLeafDiseaseBD A Field-Based Annotated Smartpho/RiceLeafDiseaseBD A Field-Based Annotated Smartpho/RiceLeafDiseaseBD/Original images/Healthy/Healthy_1548.jpg,Healthy,0,Healthy,0,0.8495505452156067,1,Brown Spot,2,0.8338826298713684,0,baseline_wins,0,3,0.0,False,True,False,False,False
612,RiceLeafDiseaseBD A Field-Based Annotated Smartpho/RiceLeafDiseaseBD A Field-Based Annotated Smartpho/RiceLeafDiseaseBD/Original images/Healthy/Healthy_1552.jpg,Healthy,0,Healthy,0,0.9491472244262695,1,Brown Spot,2,1.0,0,baseline_wins,0,0,0.0,False,False,False,False,False
613,RiceLeafDiseaseBD A Field-Based Annotated Smartpho/RiceLeafDiseaseBD A Field-Based Annotated Smartpho/RiceLeafDiseaseBD/Original images/Healthy/Healthy_156.jpg,Healthy,0,Healthy,0,0.9999792575836182,1,Blast,1,0.7233601212501526,0,baseline_wins,0,0,0.0,False,False,False,False,False
614,RiceLeafDiseaseBD A Field-Based Annotated Smartpho/RiceLeafDiseaseBD A Field-Based Annotated Smartpho/RiceLeafDiseaseBD/Original images/Healthy/Healthy_1564.jpg,Healthy,0,Healthy,0,0.9999426603317261,1,Tungro,4,1.0,0,baseline_wins,0,0,0.0,False,False,False,False,False
615,RiceLeafDiseaseBD A Field-Based Annotated Smartpho/RiceLeafDiseaseBD A Field-Based Annotated Smartpho/RiceLeafDiseaseBD/Original images/Healthy/Healthy_158.jpg,Healthy,0,Healthy,0,0.999993085861206,1,Blast,1,0.6308916211128235,0,baseline_wins,0,1,0.0,False,True,False,False,False
616,RiceLeafDiseaseBD A Field-Based Annotated Smartpho/RiceLeafDiseaseBD A Field-Based Annotated Smartpho/RiceLeafDiseaseBD/Original images/Healthy/Healthy_162.jpg,Healthy,0,Healthy,0,0.9998923540115356,1,Blast,1,0.7130007743835449,0,baseline_wins,0,0,0.0,False,False,False,False,False
617,RiceLeafDiseaseBD A Field-Based Annotated Smartpho/RiceLeafDiseaseBD A Field-Based Annotated Smartpho/RiceLeafDiseaseBD/Original images/Healthy/Healthy_165.jpg,Healthy,0,Healthy,0,0.9999775886535645,1,Healthy,0,0.5766095519065857,1,mutual_success,0,0,0.0,False,False,False,False,False
618,RiceLeafDiseaseBD A Field-Based Annotated Smartpho/RiceLeafDiseaseBD A Field-Based Annotated Smartpho/RiceLeafDiseaseBD/Original images/Healthy/Healthy_179.jpg,Healthy,0,Healthy,0,0.9999821186065674,1,Healthy,0,0.8870885968208313,1,mutual_success,0,0,0.0,False,False,False,False,False
619,RiceLeafDiseaseBD A Field-Based Annotated Smartpho/RiceLeafDiseaseBD A Field-Based Annotated Smartpho/RiceLeafDiseaseBD/Original images/Healthy/Healthy_180.jpg,Healthy,0,Healthy,0,0.9999593496322632,1,Healthy,0,0.37891510128974915,1,mutual_success,0,1,0.0,False,True,False,False,False
620,RiceLeafDiseaseBD A Field-Based Annotated Smartpho/RiceLeafDiseaseBD A Field-Based Annotated Smartpho/RiceLeafDiseaseBD/Original images/Healthy/Healthy_193.jpg,Healthy,0,Healthy,0,0.9999585151672363,1,Blast,1,0.7094141244888306,0,baseline_wins,0,3,0.0,False,True,False,False,False
621,RiceLeafDiseaseBD A Field-Based Annotated Smartpho/RiceLeafDiseaseBD A Field-Based Annotated Smartpho/RiceLeafDiseaseBD/Original images/Healthy/Healthy_194.jpg,Healthy,0,Healthy,0,0.9999724626541138,1,Healthy,0,0.5583118796348572,1,mutual_success,0,0,0.0,False,False,False,False,False
622,RiceLeafDiseaseBD A Field-Based Annotated Smartpho/RiceLeafDiseaseBD A Field-Based Annotated Smartpho/RiceLeafDiseaseBD/Original images/Healthy/Healthy_196.jpg,Healthy,0,Healthy,0,0.9999662637710571,1,Healthy,0,0.8162651658058167,1,mutual_success,0,0,0.0,False,False,False,False,False
623,RiceLeafDiseaseBD A Field-Based Annotated Smartpho/RiceLeafDiseaseBD A Field-Based Annotated Smartpho/RiceLeafDiseaseBD/Original images/Healthy/Healthy_198.jpg,Healthy,0,Healthy,0,0.9999589920043945,1,Brown Spot,2,0.7179238796234131,0,baseline_wins,0,2,0.0,False,True,False,False,False
624,RiceLeafDiseaseBD A Field-Based Annotated Smartpho/RiceLeafDiseaseBD A Field-Based Annotated Smartpho/RiceLeafDiseaseBD/Original images/Healthy/Healthy_206.jpg,Healthy,0,Healthy,0,0.999954104423523,1,Healthy,0,0.9684407711029053,1,mutual_success,0,0,0.0,False,False,False,False,False
625,RiceLeafDiseaseBD A Field-Based Annotated Smartpho/RiceLeafDiseaseBD A Field-Based Annotated Smartpho/RiceLeafDiseaseBD/Original images/Healthy/Healthy_21.jpg,Healthy,0,Healthy,0,0.9994789958000183,1,Tungro,4,0.37352535128593445,0,baseline_wins,0,3,0.0,False,True,False,False,False
626,RiceLeafDiseaseBD A Field-Based Annotated Smartpho/RiceLeafDiseaseBD A Field-Based Annotated Smartpho/RiceLeafDiseaseBD/Original images/Healthy/Healthy_214.jpg,Healthy,0,Healthy,0,0.9998512268066406,1,Brown Spot,2,0.5938323736190796,0,baseline_wins,0,3,0.0,False,True,False,False,False
627,RiceLeafDiseaseBD A Field-Based Annotated Smartpho/RiceLeafDiseaseBD A Field-Based Annotated Smartpho/RiceLeafDiseaseBD/Original images/Healthy/Healthy_219.jpg,Healthy,0,Healthy,0,0.9993273019790649,1,Healthy,0,0.9847736358642578,1,mutual_success,0,0,0.0,False,False,False,False,False
628,RiceLeafDiseaseBD A Field-Based Annotated Smartpho/RiceLeafDiseaseBD A Field-Based Annotated Smartpho/RiceLeafDiseaseBD/Original images/Healthy/Healthy_235.jpg,Healthy,0,Healthy,0,0.9999819993972778,1,Healthy,0,0.9694646596908569,1,mutual_success,0,3,0.0,False,True,False,False,False
629,RiceLeafDiseaseBD A Field-Based Annotated Smartpho/RiceLeafDiseaseBD A Field-Based Annotated Smartpho/RiceLeafDiseaseBD/Original images/Healthy/Healthy_244.jpg,Healthy,0,Healthy,0,0.999976396560669,1,Healthy,0,0.98868727684021,1,mutual_success,0,0,0.0,False,False,False,False,False
630,RiceLeafDiseaseBD A Field-Based Annotated Smartpho/RiceLeafDiseaseBD A Field-Based Annotated Smartpho/RiceLeafDiseaseBD/Original images/Healthy/Healthy_246.jpg,Healthy,0,Healthy,0,0.9999616146087646,1,Healthy,0,0.9951171875,1,mutual_success,0,0,0.0,False,False,False,False,False
631,RiceLeafDiseaseBD A Field-Based Annotated Smartpho/RiceLeafDiseaseBD A Field-Based Annotated Smartpho/RiceLeafDiseaseBD/Original images/Healthy/Healthy_247.jpg,Healthy,0,Healthy,0,0.9999252557754517,1,Healthy,0,0.9899798631668091,1,mutual_success,0,0,0.0,False,False,False,False,False
632,RiceLeafDiseaseBD A Field-Based Annotated Smartpho/RiceLeafDiseaseBD A Field-Based Annotated Smartpho/RiceLeafDiseaseBD/Original images/Healthy/Healthy_25.jpg,Healthy,0,Healthy,0,0.999962568283081,1,Blast,1,0.6590298414230347,0,baseline_wins,0,0,0.0,False,False,False,False,False
633,RiceLeafDiseaseBD A Field-Based Annotated Smartpho/RiceLeafDiseaseBD A Field-Based Annotated Smartpho/RiceLeafDiseaseBD/Original images/Healthy/Healthy_265.jpg,Healthy,0,Healthy,0,0.9999682903289795,1,Healthy,0,0.8843222260475159,1,mutual_success,0,0,0.0,False,False,False,False,False
634,RiceLeafDiseaseBD A Field-Based Annotated Smartpho/RiceLeafDiseaseBD A Field-Based Annotated Smartpho/RiceLeafDiseaseBD/Original images/Healthy/Healthy_276.jpg,Healthy,0,Healthy,0,0.9999390840530396,1,Brown Spot,2,0.9910719990730286,0,baseline_wins,0,3,0.0,False,True,False,False,False
635,RiceLeafDiseaseBD A Field-Based Annotated Smartpho/RiceLeafDiseaseBD A Field-Based Annotated Smartpho/RiceLeafDiseaseBD/Original images/Healthy/Healthy_279.jpg,Healthy,0,Healthy,0,0.9999597072601318,1,Healthy,0,0.93436598777771,1,mutual_success,0,0,0.0,False,False,False,False,False
636,RiceLeafDiseaseBD A Field-Based Annotated Smartpho/RiceLeafDiseaseBD A Field-Based Annotated Smartpho/RiceLeafDiseaseBD/Original images/Healthy/Healthy_280.jpg,Healthy,0,Healthy,0,0.9999616146087646,1,Healthy,0,0.9690141081809998,1,mutual_success,0,0,0.0,False,False,False,False,False
637,RiceLeafDiseaseBD A Field-Based Annotated Smartpho/RiceLeafDiseaseBD A Field-Based Annotated Smartpho/RiceLeafDiseaseBD/Original images/Healthy/Healthy_282.jpg,Healthy,0,Healthy,0,0.9998641014099121,1,Brown Spot,2,0.9895064234733582,0,baseline_wins,0,0,0.0,False,False,False,False,False
638,RiceLeafDiseaseBD A Field-Based Annotated Smartpho/RiceLeafDiseaseBD A Field-Based Annotated Smartpho/RiceLeafDiseaseBD/Original images/Healthy/Healthy_288.jpg,Healthy,0,Healthy,0,0.9999827146530151,1,Healthy,0,0.9930847883224487,1,mutual_success,0,0,0.0,False,False,False,False,False
639,RiceLeafDiseaseBD A Field-Based Annotated Smartpho/RiceLeafDiseaseBD A Field-Based Annotated Smartpho/RiceLeafDiseaseBD/Original images/Healthy/Healthy_290.jpg,Healthy,0,Healthy,0,0.9999645948410034,1,Blast,1,0.9963629841804504,0,baseline_wins,0,0,0.0,False,False,False,False,False
640,RiceLeafDiseaseBD A Field-Based Annotated Smartpho/RiceLeafDiseaseBD A Field-Based Annotated Smartpho/RiceLeafDiseaseBD/Original images/Healthy/Healthy_292.jpg,Healthy,0,Healthy,0,0.9999815225601196,1,Blast,1,0.9878151416778564,0,baseline_wins,0,0,0.0,False,False,False,False,False
641,RiceLeafDiseaseBD A Field-Based Annotated Smartpho/RiceLeafDiseaseBD A Field-Based Annotated Smartpho/RiceLeafDiseaseBD/Original images/Healthy/Healthy_305.jpg,Healthy,0,Healthy,0,0.9999898672103882,1,Healthy,0,0.9979191422462463,1,mutual_success,0,0,0.0,False,False,False,False,False
642,RiceLeafDiseaseBD A Field-Based Annotated Smartpho/RiceLeafDiseaseBD A Field-Based Annotated Smartpho/RiceLeafDiseaseBD/Original images/Healthy/Healthy_314.jpg,Healthy,0,Healthy,0,0.999984860420227,1,Blast,1,0.5215858221054077,0,baseline_wins,0,0,0.0,False,False,False,False,False
643,RiceLeafDiseaseBD A Field-Based Annotated Smartpho/RiceLeafDiseaseBD A Field-Based Annotated Smartpho/RiceLeafDiseaseBD/Original images/Healthy/Healthy_331.jpg,Healthy,0,Healthy,0,0.999971866607666,1,Healthy,0,0.6981187462806702,1,mutual_success,0,0,0.0,False,False,False,False,False
644,RiceLeafDiseaseBD A Field-Based Annotated Smartpho/RiceLeafDiseaseBD A Field-Based Annotated Smartpho/RiceLeafDiseaseBD/Original images/Healthy/Healthy_334.jpg,Healthy,0,Healthy,0,0.9999545812606812,1,Blast,1,0.6738104224205017,0,baseline_wins,0,1,0.0,False,True,False,False,False
645,RiceLeafDiseaseBD A Field-Based Annotated Smartpho/RiceLeafDiseaseBD A Field-Based Annotated Smartpho/RiceLeafDiseaseBD/Original images/Healthy/Healthy_335.jpg,Healthy,0,Healthy,0,0.9999709129333496,1,Blast,1,0.5039341449737549,0,baseline_wins,0,3,0.0,False,True,False,False,False
646,RiceLeafDiseaseBD A Field-Based Annotated Smartpho/RiceLeafDiseaseBD A Field-Based Annotated Smartpho/RiceLeafDiseaseBD/Original images/Healthy/Healthy_338.jpg,Healthy,0,Healthy,0,0.9999579191207886,1,Healthy,0,0.8905372619628906,1,mutual_success,0,0,0.0,False,False,False,False,False
647,RiceLeafDiseaseBD A Field-Based Annotated Smartpho/RiceLeafDiseaseBD A Field-Based Annotated Smartpho/RiceLeafDiseaseBD/Original images/Healthy/Healthy_35.jpg,Healthy,0,Healthy,0,0.9999446868896484,1,Healthy,0,0.6894649267196655,1,mutual_success,0,2,0.0,False,True,False,False,False
648,RiceLeafDiseaseBD A Field-Based Annotated Smartpho/RiceLeafDiseaseBD A Field-Based Annotated Smartpho/RiceLeafDiseaseBD/Original images/Healthy/Healthy_358.jpg,Healthy,0,Healthy,0,0.9998518228530884,1,Healthy,0,0.8206379413604736,1,mutual_success,0,0,0.0,False,False,False,False,False
649,RiceLeafDiseaseBD A Field-Based Annotated Smartpho/RiceLeafDiseaseBD A Field-Based Annotated Smartpho/RiceLeafDiseaseBD/Original images/Healthy/Healthy_363.jpg,Healthy,0,Healthy,0,0.9999867677688599,1,Healthy,0,0.7670198082923889,1,mutual_success,0,0,0.0,False,False,False,False,False
650,RiceLeafDiseaseBD A Field-Based Annotated Smartpho/RiceLeafDiseaseBD A Field-Based Annotated Smartpho/RiceLeafDiseaseBD/Original images/Healthy/Healthy_365.jpg,Healthy,0,Healthy,0,0.9999936819076538,1,Blast,1,0.46126604080200195,0,baseline_wins,0,0,0.0,False,False,False,False,False
651,RiceLeafDiseaseBD A Field-Based Annotated Smartpho/RiceLeafDiseaseBD A Field-Based Annotated Smartpho/RiceLeafDiseaseBD/Original images/Healthy/Healthy_367.jpg,Healthy,0,Healthy,0,0.999972939491272,1,Blast,1,0.9941765069961548,0,baseline_wins,0,0,0.0,False,False,False,False,False
652,RiceLeafDiseaseBD A Field-Based Annotated Smartpho/RiceLeafDiseaseBD A Field-Based Annotated Smartpho/RiceLeafDiseaseBD/Original images/Healthy/Healthy_380.jpg,Healthy,0,Healthy,0,0.9996287822723389,1,Blast,1,0.7507628798484802,0,baseline_wins,0,0,0.0,False,False,False,False,False
653,RiceLeafDiseaseBD A Field-Based Annotated Smartpho/RiceLeafDiseaseBD A Field-Based Annotated Smartpho/RiceLeafDiseaseBD/Original images/Healthy/Healthy_387.jpg,Healthy,0,Healthy,0,0.998956561088562,1,Healthy,0,0.6750012636184692,1,mutual_success,0,0,0.0,False,False,False,False,False
654,RiceLeafDiseaseBD A Field-Based Annotated Smartpho/RiceLeafDiseaseBD A Field-Based Annotated Smartpho/RiceLeafDiseaseBD/Original images/Healthy/Healthy_395.jpg,Healthy,0,Healthy,0,0.9999521970748901,1,Healthy,0,0.8043016195297241,1,mutual_success,0,3,0.0,False,True,False,False,False
655,RiceLeafDiseaseBD A Field-Based Annotated Smartpho/RiceLeafDiseaseBD A Field-Based Annotated Smartpho/RiceLeafDiseaseBD/Original images/Healthy/Healthy_399.jpg,Healthy,0,Healthy,0,0.9999876022338867,1,Healthy,0,0.875160813331604,1,mutual_success,0,0,0.0,False,False,False,False,False
656,RiceLeafDiseaseBD A Field-Based Annotated Smartpho/RiceLeafDiseaseBD A Field-Based Annotated Smartpho/RiceLeafDiseaseBD/Original images/Healthy/Healthy_403.jpg,Healthy,0,Healthy,0,0.9999498128890991,1,Healthy,0,0.9818496108055115,1,mutual_success,0,0,0.0,False,False,False,False,False
657,RiceLeafDiseaseBD A Field-Based Annotated Smartpho/RiceLeafDiseaseBD A Field-Based Annotated Smartpho/RiceLeafDiseaseBD/Original images/Healthy/Healthy_406.jpg,Healthy,0,Healthy,0,0.9999727010726929,1,Brown Spot,2,0.9773549437522888,0,baseline_wins,0,3,0.0,False,True,False,False,False
658,RiceLeafDiseaseBD A Field-Based Annotated Smartpho/RiceLeafDiseaseBD A Field-Based Annotated Smartpho/RiceLeafDiseaseBD/Original images/Healthy/Healthy_409.jpg,Healthy,0,Healthy,0,0.9998524188995361,1,Blast,1,0.960378885269165,0,baseline_wins,0,1,0.0,False,True,False,False,False
659,RiceLeafDiseaseBD A Field-Based Annotated Smartpho/RiceLeafDiseaseBD A Field-Based Annotated Smartpho/RiceLeafDiseaseBD/Original images/Healthy/Healthy_411.jpg,Healthy,0,Healthy,0,0.9999624490737915,1,Blast,1,0.9479219913482666,0,baseline_wins,0,0,0.0,False,False,False,False,False
660,RiceLeafDiseaseBD A Field-Based Annotated Smartpho/RiceLeafDiseaseBD A Field-Based Annotated Smartpho/RiceLeafDiseaseBD/Original images/Healthy/Healthy_416.jpg,Healthy,0,Healthy,0,0.9999734163284302,1,Healthy,0,0.5715577006340027,1,mutual_success,0,0,0.0,False,False,False,False,False
661,RiceLeafDiseaseBD A Field-Based Annotated Smartpho/RiceLeafDiseaseBD A Field-Based Annotated Smartpho/RiceLeafDiseaseBD/Original images/Healthy/Healthy_420.jpg,Healthy,0,Healthy,0,0.9999735355377197,1,Blast,1,0.4417656362056732,0,baseline_wins,0,1,0.0,False,True,False,False,False
662,RiceLeafDiseaseBD A Field-Based Annotated Smartpho/RiceLeafDiseaseBD A Field-Based Annotated Smartpho/RiceLeafDiseaseBD/Original images/Healthy/Healthy_421.jpg,Healthy,0,Healthy,0,0.999951958656311,1,Healthy,0,0.9992330074310303,1,mutual_success,0,0,0.0,False,False,False,False,False
663,RiceLeafDiseaseBD A Field-Based Annotated Smartpho/RiceLeafDiseaseBD A Field-Based Annotated Smartpho/RiceLeafDiseaseBD/Original images/Healthy/Healthy_423.jpg,Healthy,0,Healthy,0,0.9999830722808838,1,Healthy,0,0.8939704895019531,1,mutual_success,0,0,0.0,False,False,False,False,False
664,RiceLeafDiseaseBD A Field-Based Annotated Smartpho/RiceLeafDiseaseBD A Field-Based Annotated Smartpho/RiceLeafDiseaseBD/Original images/Healthy/Healthy_427.jpg,Healthy,0,Healthy,0,0.9999645948410034,1,Healthy,0,0.9974626302719116,1,mutual_success,0,0,0.0,False,False,False,False,False
665,RiceLeafDiseaseBD A Field-Based Annotated Smartpho/RiceLeafDiseaseBD A Field-Based Annotated Smartpho/RiceLeafDiseaseBD/Original images/Healthy/Healthy_440.jpg,Healthy,0,Healthy,0,0.9994823932647705,1,Healthy,0,0.9334414601325989,1,mutual_success,0,1,0.0,False,True,False,False,False
666,RiceLeafDiseaseBD A Field-Based Annotated Smartpho/RiceLeafDiseaseBD A Field-Based Annotated Smartpho/RiceLeafDiseaseBD/Original images/Healthy/Healthy_446.jpg,Healthy,0,Healthy,0,0.9999735355377197,1,Healthy,0,0.9416406750679016,1,mutual_success,0,0,0.0,False,False,False,False,False
667,RiceLeafDiseaseBD A Field-Based Annotated Smartpho/RiceLeafDiseaseBD A Field-Based Annotated Smartpho/RiceLeafDiseaseBD/Original images/Healthy/Healthy_452.jpg,Healthy,0,Healthy,0,0.9998742341995239,1,Healthy,0,0.9848456382751465,1,mutual_success,0,0,0.0,False,False,False,False,False
668,RiceLeafDiseaseBD A Field-Based Annotated Smartpho/RiceLeafDiseaseBD A Field-Based Annotated Smartpho/RiceLeafDiseaseBD/Original images/Healthy/Healthy_458.jpg,Healthy,0,Healthy,0,0.9999812841415405,1,Healthy,0,0.8815697431564331,1,mutual_success,0,0,0.0,False,False,False,False,False
669,RiceLeafDiseaseBD A Field-Based Annotated Smartpho/RiceLeafDiseaseBD A Field-Based Annotated Smartpho/RiceLeafDiseaseBD/Original images/Healthy/Healthy_46.jpg,Healthy,0,Healthy,0,0.9987996816635132,1,Healthy,0,0.7684366703033447,1,mutual_success,0,0,0.0,False,False,False,False,False
670,RiceLeafDiseaseBD A Field-Based Annotated Smartpho/RiceLeafDiseaseBD A Field-Based Annotated Smartpho/RiceLeafDiseaseBD/Original images/Healthy/Healthy_479.jpg,Healthy,0,Healthy,0,0.9998733997344971,1,Tungro,4,0.8581112623214722,0,baseline_wins,0,0,0.0,False,False,False,False,False
671,RiceLeafDiseaseBD A Field-Based Annotated Smartpho/RiceLeafDiseaseBD A Field-Based Annotated Smartpho/RiceLeafDiseaseBD/Original images/Healthy/Healthy_48.jpg,Healthy,0,Healthy,0,0.9999030828475952,1,Blast,1,0.9216433763504028,0,baseline_wins,0,3,0.0,False,True,False,False,False
672,RiceLeafDiseaseBD A Field-Based Annotated Smartpho/RiceLeafDiseaseBD A Field-Based Annotated Smartpho/RiceLeafDiseaseBD/Original images/Healthy/Healthy_480.jpg,Healthy,0,Healthy,0,0.9999686479568481,1,Healthy,0,0.9882815480232239,1,mutual_success,0,0,0.0,False,False,False,False,False
673,RiceLeafDiseaseBD A Field-Based Annotated Smartpho/RiceLeafDiseaseBD A Field-Based Annotated Smartpho/RiceLeafDiseaseBD/Original images/Healthy/Healthy_481.jpg,Healthy,0,Healthy,0,0.9999655485153198,1,Healthy,0,0.9985225796699524,1,mutual_success,0,0,0.0,False,False,False,False,False
674,RiceLeafDiseaseBD A Field-Based Annotated Smartpho/RiceLeafDiseaseBD A Field-Based Annotated Smartpho/RiceLeafDiseaseBD/Original images/Healthy/Healthy_483.jpg,Healthy,0,Healthy,0,0.9999421834945679,1,Healthy,0,0.9982013702392578,1,mutual_success,0,0,0.0,False,False,False,False,False
675,RiceLeafDiseaseBD A Field-Based Annotated Smartpho/RiceLeafDiseaseBD A Field-Based Annotated Smartpho/RiceLeafDiseaseBD/Original images/Healthy/Healthy_484.jpg,Healthy,0,Healthy,0,0.9999185800552368,1,Healthy,0,0.9986969828605652,1,mutual_success,0,0,0.0,False,False,False,False,False
676,RiceLeafDiseaseBD A Field-Based Annotated Smartpho/RiceLeafDiseaseBD A Field-Based Annotated Smartpho/RiceLeafDiseaseBD/Original images/Healthy/Healthy_491.jpg,Healthy,0,Healthy,0,0.99997878074646,1,Healthy,0,0.992665708065033,1,mutual_success,0,0,0.0,False,False,False,False,False
677,RiceLeafDiseaseBD A Field-Based Annotated Smartpho/RiceLeafDiseaseBD A Field-Based Annotated Smartpho/RiceLeafDiseaseBD/Original images/Healthy/Healthy_497.jpg,Healthy,0,Healthy,0,0.9999332427978516,1,Leaf Smut,3,0.5295490026473999,0,baseline_wins,0,0,0.0,False,False,False,False,False
678,RiceLeafDiseaseBD A Field-Based Annotated Smartpho/RiceLeafDiseaseBD A Field-Based Annotated Smartpho/RiceLeafDiseaseBD/Original images/Healthy/Healthy_504.jpg,Healthy,0,Healthy,0,0.9999326467514038,1,Healthy,0,0.9982227683067322,1,mutual_success,0,0,0.0,False,False,False,False,False
679,RiceLeafDiseaseBD A Field-Based Annotated Smartpho/RiceLeafDiseaseBD A Field-Based Annotated Smartpho/RiceLeafDiseaseBD/Original images/Healthy/Healthy_512.jpg,Healthy,0,Healthy,0,0.9998779296875,1,Healthy,0,0.914384663105011,1,mutual_success,0,3,0.0,False,True,False,False,False
680,RiceLeafDiseaseBD A Field-Based Annotated Smartpho/RiceLeafDiseaseBD A Field-Based Annotated Smartpho/RiceLeafDiseaseBD/Original images/Healthy/Healthy_525.jpg,Healthy,0,Healthy,0,0.9967750906944275,1,Healthy,0,0.5856026411056519,1,mutual_success,0,0,0.0,False,False,False,False,False
681,RiceLeafDiseaseBD A Field-Based Annotated Smartpho/RiceLeafDiseaseBD A Field-Based Annotated Smartpho/RiceLeafDiseaseBD/Original images/Healthy/Healthy_552.jpg,Healthy,0,Healthy,0,0.9999752044677734,1,Healthy,0,0.7858474254608154,1,mutual_success,0,0,0.0,False,False,False,False,False
682,RiceLeafDiseaseBD A Field-Based Annotated Smartpho/RiceLeafDiseaseBD A Field-Based Annotated Smartpho/RiceLeafDiseaseBD/Original images/Healthy/Healthy_555.jpg,Healthy,0,Healthy,0,0.9999853372573853,1,Healthy,0,0.5688737630844116,1,mutual_success,0,0,0.0,False,False,False,False,False
683,RiceLeafDiseaseBD A Field-Based Annotated Smartpho/RiceLeafDiseaseBD A Field-Based Annotated Smartpho/RiceLeafDiseaseBD/Original images/Healthy/Healthy_560.jpg,Healthy,0,Healthy,0,0.9999699592590332,1,Healthy,0,0.735137403011322,1,mutual_success,0,0,0.0,False,False,False,False,False
684,RiceLeafDiseaseBD A Field-Based Annotated Smartpho/RiceLeafDiseaseBD A Field-Based Annotated Smartpho/RiceLeafDiseaseBD/Original images/Healthy/Healthy_563.jpg,Healthy,0,Healthy,0,0.9999803304672241,1,Healthy,0,0.6047964096069336,1,mutual_success,0,3,0.0,False,True,False,False,False
685,RiceLeafDiseaseBD A Field-Based Annotated Smartpho/RiceLeafDiseaseBD A Field-Based Annotated Smartpho/RiceLeafDiseaseBD/Original images/Healthy/Healthy_566.jpg,Healthy,0,Healthy,0,0.9998877048492432,1,Healthy,0,0.9337587952613831,1,mutual_success,0,0,0.0,False,False,False,False,False
686,RiceLeafDiseaseBD A Field-Based Annotated Smartpho/RiceLeafDiseaseBD A Field-Based Annotated Smartpho/RiceLeafDiseaseBD/Original images/Healthy/Healthy_569.jpg,Healthy,0,Healthy,0,0.9999691247940063,1,Healthy,0,0.9287685751914978,1,mutual_success,0,0,0.0,False,False,False,False,False
687,RiceLeafDiseaseBD A Field-Based Annotated Smartpho/RiceLeafDiseaseBD A Field-Based Annotated Smartpho/RiceLeafDiseaseBD/Original images/Healthy/Healthy_572.jpg,Healthy,0,Healthy,0,0.9997848868370056,1,Healthy,0,0.9032896757125854,1,mutual_success,0,3,0.0,False,True,False,False,False
688,RiceLeafDiseaseBD A Field-Based Annotated Smartpho/RiceLeafDiseaseBD A Field-Based Annotated Smartpho/RiceLeafDiseaseBD/Original images/Healthy/Healthy_582.jpg,Healthy,0,Healthy,0,0.9999631643295288,1,Healthy,0,0.7050483226776123,1,mutual_success,0,0,0.0,False,False,False,False,False
689,RiceLeafDiseaseBD A Field-Based Annotated Smartpho/RiceLeafDiseaseBD A Field-Based Annotated Smartpho/RiceLeafDiseaseBD/Original images/Healthy/Healthy_583.jpg,Healthy,0,Healthy,0,0.9999599456787109,1,Healthy,0,0.9223616719245911,1,mutual_success,0,1,0.0,False,True,False,False,False
690,RiceLeafDiseaseBD A Field-Based Annotated Smartpho/RiceLeafDiseaseBD A Field-Based Annotated Smartpho/RiceLeafDiseaseBD/Original images/Healthy/Healthy_600.jpg,Healthy,0,Healthy,0,0.9999783039093018,1,Healthy,0,0.6354008913040161,1,mutual_success,0,0,0.0,False,False,False,False,False
691,RiceLeafDiseaseBD A Field-Based Annotated Smartpho/RiceLeafDiseaseBD A Field-Based Annotated Smartpho/RiceLeafDiseaseBD/Original images/Healthy/Healthy_602.jpg,Healthy,0,Healthy,0,0.9999542236328125,1,Blast,1,0.47510015964508057,0,baseline_wins,0,0,0.0,False,False,False,False,False
692,RiceLeafDiseaseBD A Field-Based Annotated Smartpho/RiceLeafDiseaseBD A Field-Based Annotated Smartpho/RiceLeafDiseaseBD/Original images/Healthy/Healthy_605.jpg,Healthy,0,Healthy,0,0.999984622001648,1,Healthy,0,0.9802253842353821,1,mutual_success,0,0,0.0,False,False,False,False,False
693,RiceLeafDiseaseBD A Field-Based Annotated Smartpho/RiceLeafDiseaseBD A Field-Based Annotated Smartpho/RiceLeafDiseaseBD/Original images/Healthy/Healthy_610.jpg,Healthy,0,Healthy,0,0.999923586845398,1,Healthy,0,0.9862988591194153,1,mutual_success,0,0,0.0,False,False,False,False,False
694,RiceLeafDiseaseBD A Field-Based Annotated Smartpho/RiceLeafDiseaseBD A Field-Based Annotated Smartpho/RiceLeafDiseaseBD/Original images/Healthy/Healthy_611.jpg,Healthy,0,Healthy,0,0.9997240900993347,1,Healthy,0,0.936366617679596,1,mutual_success,0,0,0.0,False,False,False,False,False
695,RiceLeafDiseaseBD A Field-Based Annotated Smartpho/RiceLeafDiseaseBD A Field-Based Annotated Smartpho/RiceLeafDiseaseBD/Original images/Healthy/Healthy_619.jpg,Healthy,0,Healthy,0,0.9999028444290161,1,Healthy,0,0.9950146079063416,1,mutual_success,0,0,0.0,False,False,False,False,False
696,RiceLeafDiseaseBD A Field-Based Annotated Smartpho/RiceLeafDiseaseBD A Field-Based Annotated Smartpho/RiceLeafDiseaseBD/Original images/Healthy/Healthy_621.jpg,Healthy,0,Healthy,0,0.9998769760131836,1,Healthy,0,0.9992337226867676,1,mutual_success,0,0,0.0,False,False,False,False,False
697,RiceLeafDiseaseBD A Field-Based Annotated Smartpho/RiceLeafDiseaseBD A Field-Based Annotated Smartpho/RiceLeafDiseaseBD/Original images/Healthy/Healthy_625.jpg,Healthy,0,Healthy,0,0.9998440742492676,1,Healthy,0,0.9602066278457642,1,mutual_success,0,0,0.0,False,False,False,False,False
698,RiceLeafDiseaseBD A Field-Based Annotated Smartpho/RiceLeafDiseaseBD A Field-Based Annotated Smartpho/RiceLeafDiseaseBD/Original images/Healthy/Healthy_630.jpg,Healthy,0,Healthy,0,0.9999054670333862,1,Healthy,0,0.9392118453979492,1,mutual_success,0,0,0.0,False,False,False,False,False
699,RiceLeafDiseaseBD A Field-Based Annotated Smartpho/RiceLeafDiseaseBD A Field-Based Annotated Smartpho/RiceLeafDiseaseBD/Original images/Healthy/Healthy_637.jpg,Healthy,0,Healthy,0,0.9998307228088379,1,Healthy,0,0.8588362336158752,1,mutual_success,0,0,0.0,False,False,False,False,False
700,RiceLeafDiseaseBD A Field-Based Annotated Smartpho/RiceLeafDiseaseBD A Field-Based Annotated Smartpho/RiceLeafDiseaseBD/Original images/Healthy/Healthy_647.jpg,Healthy,0,Healthy,0,0.9992486834526062,1,Healthy,0,0.9867655038833618,1,mutual_success,0,0,0.0,False,False,False,False,False
701,RiceLeafDiseaseBD A Field-Based Annotated Smartpho/RiceLeafDiseaseBD A Field-Based Annotated Smartpho/RiceLeafDiseaseBD/Original images/Healthy/Healthy_651.jpg,Healthy,0,Healthy,0,0.9952669143676758,1,Healthy,0,0.9983460903167725,1,mutual_success,0,0,0.0,False,False,False,False,False
702,RiceLeafDiseaseBD A Field-Based Annotated Smartpho/RiceLeafDiseaseBD A Field-Based Annotated Smartpho/RiceLeafDiseaseBD/Original images/Healthy/Healthy_66.jpg,Healthy,0,Healthy,0,0.9999309778213501,1,Blast,1,0.8449010848999023,0,baseline_wins,0,1,0.0,False,True,False,False,False
703,RiceLeafDiseaseBD A Field-Based Annotated Smartpho/RiceLeafDiseaseBD A Field-Based Annotated Smartpho/RiceLeafDiseaseBD/Original images/Healthy/Healthy_662.jpg,Healthy,0,Healthy,0,0.9980021119117737,1,Healthy,0,0.6193186044692993,1,mutual_success,0,0,0.0,False,False,False,False,False
704,RiceLeafDiseaseBD A Field-Based Annotated Smartpho/RiceLeafDiseaseBD A Field-Based Annotated Smartpho/RiceLeafDiseaseBD/Original images/Healthy/Healthy_667.jpg,Healthy,0,Healthy,0,0.9999572038650513,1,Tungro,4,0.996828019618988,0,baseline_wins,0,0,0.0,False,False,False,False,False
705,RiceLeafDiseaseBD A Field-Based Annotated Smartpho/RiceLeafDiseaseBD A Field-Based Annotated Smartpho/RiceLeafDiseaseBD/Original images/Healthy/Healthy_668.jpg,Healthy,0,Healthy,0,0.9999122619628906,1,Healthy,0,0.6574718952178955,1,mutual_success,0,0,0.0,False,False,False,False,False
706,RiceLeafDiseaseBD A Field-Based Annotated Smartpho/RiceLeafDiseaseBD A Field-Based Annotated Smartpho/RiceLeafDiseaseBD/Original images/Healthy/Healthy_673.jpg,Healthy,0,Healthy,0,0.9999310970306396,1,Healthy,0,0.9956932663917542,1,mutual_success,0,0,0.0,False,False,False,False,False
707,RiceLeafDiseaseBD A Field-Based Annotated Smartpho/RiceLeafDiseaseBD A Field-Based Annotated Smartpho/RiceLeafDiseaseBD/Original images/Healthy/Healthy_679.jpg,Healthy,0,Healthy,0,0.9998948574066162,1,Healthy,0,0.9946706891059875,1,mutual_success,0,0,0.0,False,False,False,False,False
708,RiceLeafDiseaseBD A Field-Based Annotated Smartpho/RiceLeafDiseaseBD A Field-Based Annotated Smartpho/RiceLeafDiseaseBD/Original images/Healthy/Healthy_685.jpg,Healthy,0,Healthy,0,0.999967098236084,1,Healthy,0,0.99732506275177,1,mutual_success,0,0,0.0,False,False,False,False,False
709,RiceLeafDiseaseBD A Field-Based Annotated Smartpho/RiceLeafDiseaseBD A Field-Based Annotated Smartpho/RiceLeafDiseaseBD/Original images/Healthy/Healthy_699.jpg,Healthy,0,Healthy,0,0.99997878074646,1,Healthy,0,0.9401878714561462,1,mutual_success,0,0,0.0,False,False,False,False,False
710,RiceLeafDiseaseBD A Field-Based Annotated Smartpho/RiceLeafDiseaseBD A Field-Based Annotated Smartpho/RiceLeafDiseaseBD/Original images/Healthy/Healthy_704.jpg,Healthy,0,Healthy,0,0.9998987913131714,1,Healthy,0,0.9371289610862732,1,mutual_success,0,0,0.0,False,False,False,False,False
711,RiceLeafDiseaseBD A Field-Based Annotated Smartpho/RiceLeafDiseaseBD A Field-Based Annotated Smartpho/RiceLeafDiseaseBD/Original images/Healthy/Healthy_710.jpg,Healthy,0,Healthy,0,0.9999432563781738,1,Healthy,0,0.9700952768325806,1,mutual_success,0,0,0.0,False,False,False,False,False
712,RiceLeafDiseaseBD A Field-Based Annotated Smartpho/RiceLeafDiseaseBD A Field-Based Annotated Smartpho/RiceLeafDiseaseBD/Original images/Healthy/Healthy_717.jpg,Healthy,0,Healthy,0,0.9999042749404907,1,Brown Spot,2,0.9915315508842468,0,baseline_wins,0,0,0.0,False,False,False,False,False
713,RiceLeafDiseaseBD A Field-Based Annotated Smartpho/RiceLeafDiseaseBD A Field-Based Annotated Smartpho/RiceLeafDiseaseBD/Original images/Healthy/Healthy_723.jpg,Healthy,0,Healthy,0,0.9999642372131348,1,Healthy,0,0.8543223142623901,1,mutual_success,0,0,0.0,False,False,False,False,False
714,RiceLeafDiseaseBD A Field-Based Annotated Smartpho/RiceLeafDiseaseBD A Field-Based Annotated Smartpho/RiceLeafDiseaseBD/Original images/Healthy/Healthy_730.jpg,Healthy,0,Healthy,0,0.9999639987945557,1,Healthy,0,0.8439911007881165,1,mutual_success,0,0,0.0,False,False,False,False,False
715,RiceLeafDiseaseBD A Field-Based Annotated Smartpho/RiceLeafDiseaseBD A Field-Based Annotated Smartpho/RiceLeafDiseaseBD/Original images/Healthy/Healthy_731.jpg,Healthy,0,Healthy,0,0.9999561309814453,1,Blast,1,0.7409564852714539,0,baseline_wins,0,0,0.0,False,False,False,False,False
716,RiceLeafDiseaseBD A Field-Based Annotated Smartpho/RiceLeafDiseaseBD A Field-Based Annotated Smartpho/RiceLeafDiseaseBD/Original images/Healthy/Healthy_733.jpg,Healthy,0,Healthy,0,0.999342143535614,1,Healthy,0,0.9952450394630432,1,mutual_success,0,0,0.0,False,False,False,False,False
717,RiceLeafDiseaseBD A Field-Based Annotated Smartpho/RiceLeafDiseaseBD A Field-Based Annotated Smartpho/RiceLeafDiseaseBD/Original images/Healthy/Healthy_736.jpg,Healthy,0,Healthy,0,0.9998528957366943,1,Healthy,0,0.9889196753501892,1,mutual_success,0,0,0.0,False,False,False,False,False
718,RiceLeafDiseaseBD A Field-Based Annotated Smartpho/RiceLeafDiseaseBD A Field-Based Annotated Smartpho/RiceLeafDiseaseBD/Original images/Healthy/Healthy_74.jpg,Healthy,0,Healthy,0,0.9996007084846497,1,Healthy,0,0.8402349352836609,1,mutual_success,0,0,0.0,False,False,False,False,False
719,RiceLeafDiseaseBD A Field-Based Annotated Smartpho/RiceLeafDiseaseBD A Field-Based Annotated Smartpho/RiceLeafDiseaseBD/Original images/Healthy/Healthy_763.jpg,Healthy,0,Healthy,0,0.9998677968978882,1,Tungro,4,1.0,0,baseline_wins,0,0,0.0,False,False,False,False,False
720,RiceLeafDiseaseBD A Field-Based Annotated Smartpho/RiceLeafDiseaseBD A Field-Based Annotated Smartpho/RiceLeafDiseaseBD/Original images/Healthy/Healthy_770.jpg,Healthy,0,Healthy,0,0.9999456405639648,1,Blast,1,0.9852976202964783,0,baseline_wins,0,0,0.0,False,False,False,False,False
721,RiceLeafDiseaseBD A Field-Based Annotated Smartpho/RiceLeafDiseaseBD A Field-Based Annotated Smartpho/RiceLeafDiseaseBD/Original images/Healthy/Healthy_772.jpg,Healthy,0,Healthy,0,0.9988731741905212,1,Tungro,4,1.0,0,baseline_wins,0,0,0.0,False,False,False,False,False
722,RiceLeafDiseaseBD A Field-Based Annotated Smartpho/RiceLeafDiseaseBD A Field-Based Annotated Smartpho/RiceLeafDiseaseBD/Original images/Healthy/Healthy_778.jpg,Healthy,0,Healthy,0,0.9996874332427979,1,Tungro,4,1.0,0,baseline_wins,0,3,0.0,False,True,False,False,False
723,RiceLeafDiseaseBD A Field-Based Annotated Smartpho/RiceLeafDiseaseBD A Field-Based Annotated Smartpho/RiceLeafDiseaseBD/Original images/Healthy/Healthy_796.jpg,Healthy,0,Healthy,0,0.9992572665214539,1,Blast,1,0.9844481945037842,0,baseline_wins,0,3,0.0,False,True,False,False,False
724,RiceLeafDiseaseBD A Field-Based Annotated Smartpho/RiceLeafDiseaseBD A Field-Based Annotated Smartpho/RiceLeafDiseaseBD/Original images/Healthy/Healthy_804.jpg,Healthy,0,Healthy,0,0.9996730089187622,1,Blast,1,0.9978908896446228,0,baseline_wins,0,3,0.0,False,True,False,False,False
725,RiceLeafDiseaseBD A Field-Based Annotated Smartpho/RiceLeafDiseaseBD A Field-Based Annotated Smartpho/RiceLeafDiseaseBD/Original images/Healthy/Healthy_805.jpg,Healthy,0,Healthy,0,0.9999299049377441,1,Tungro,4,0.9777986407279968,0,baseline_wins,0,3,0.0,False,True,False,False,False
726,RiceLeafDiseaseBD A Field-Based Annotated Smartpho/RiceLeafDiseaseBD A Field-Based Annotated Smartpho/RiceLeafDiseaseBD/Original images/Healthy/Healthy_810.jpg,Healthy,0,Healthy,0,0.998437225818634,1,Healthy,0,0.9934224486351013,1,mutual_success,0,0,0.0,False,False,False,False,False
727,RiceLeafDiseaseBD A Field-Based Annotated Smartpho/RiceLeafDiseaseBD A Field-Based Annotated Smartpho/RiceLeafDiseaseBD/Original images/Healthy/Healthy_814.jpg,Healthy,0,Healthy,0,0.9986435770988464,1,Blast,1,0.9836564064025879,0,baseline_wins,0,0,0.0,False,False,False,False,False
728,RiceLeafDiseaseBD A Field-Based Annotated Smartpho/RiceLeafDiseaseBD A Field-Based Annotated Smartpho/RiceLeafDiseaseBD/Original images/Healthy/Healthy_816.jpg,Healthy,0,Healthy,0,0.9976806640625,1,Blast,1,0.9804952144622803,0,baseline_wins,0,0,0.0,False,False,False,False,False
729,RiceLeafDiseaseBD A Field-Based Annotated Smartpho/RiceLeafDiseaseBD A Field-Based Annotated Smartpho/RiceLeafDiseaseBD/Original images/Healthy/Healthy_820.jpg,Healthy,0,Healthy,0,0.9987217783927917,1,Blast,1,0.8566348552703857,0,baseline_wins,0,0,0.0,False,False,False,False,False
730,RiceLeafDiseaseBD A Field-Based Annotated Smartpho/RiceLeafDiseaseBD A Field-Based Annotated Smartpho/RiceLeafDiseaseBD/Original images/Healthy/Healthy_83.jpg,Healthy,0,Healthy,0,0.9999529123306274,1,Healthy,0,0.7649760246276855,1,mutual_success,0,0,0.0,False,False,False,False,False
731,RiceLeafDiseaseBD A Field-Based Annotated Smartpho/RiceLeafDiseaseBD A Field-Based Annotated Smartpho/RiceLeafDiseaseBD/Original images/Healthy/Healthy_834.jpg,Healthy,0,Healthy,0,0.9976141452789307,1,Healthy,0,0.9775419235229492,1,mutual_success,0,0,0.0,False,False,False,False,False
732,RiceLeafDiseaseBD A Field-Based Annotated Smartpho/RiceLeafDiseaseBD A Field-Based Annotated Smartpho/RiceLeafDiseaseBD/Original images/Healthy/Healthy_845.jpg,Healthy,0,Healthy,0,0.999921441078186,1,Healthy,0,0.9850858449935913,1,mutual_success,0,0,0.0,False,False,False,False,False
733,RiceLeafDiseaseBD A Field-Based Annotated Smartpho/RiceLeafDiseaseBD A Field-Based Annotated Smartpho/RiceLeafDiseaseBD/Original images/Healthy/Healthy_847.jpg,Healthy,0,Healthy,0,0.9991004467010498,1,Tungro,4,0.6747808456420898,0,baseline_wins,0,0,0.0,False,False,False,False,False
734,RiceLeafDiseaseBD A Field-Based Annotated Smartpho/RiceLeafDiseaseBD A Field-Based Annotated Smartpho/RiceLeafDiseaseBD/Original images/Healthy/Healthy_867.jpg,Healthy,0,Healthy,0,0.9935083389282227,1,Healthy,0,0.9678707122802734,1,mutual_success,0,0,0.0,False,False,False,False,False
735,RiceLeafDiseaseBD A Field-Based Annotated Smartpho/RiceLeafDiseaseBD A Field-Based Annotated Smartpho/RiceLeafDiseaseBD/Original images/Healthy/Healthy_871.jpg,Healthy,0,Healthy,0,0.9899660348892212,1,Healthy,0,0.9277803897857666,1,mutual_success,0,0,0.0,False,False,False,False,False
736,RiceLeafDiseaseBD A Field-Based Annotated Smartpho/RiceLeafDiseaseBD A Field-Based Annotated Smartpho/RiceLeafDiseaseBD/Original images/Healthy/Healthy_872.jpg,Healthy,0,Healthy,0,0.9923382997512817,1,Healthy,0,0.9730660915374756,1,mutual_success,0,0,0.0,False,False,False,False,False
737,RiceLeafDiseaseBD A Field-Based Annotated Smartpho/RiceLeafDiseaseBD A Field-Based Annotated Smartpho/RiceLeafDiseaseBD/Original images/Healthy/Healthy_883.jpg,Healthy,0,Healthy,0,0.9985612034797668,1,Blast,1,0.7071499228477478,0,baseline_wins,0,0,0.0,False,False,False,False,False
738,RiceLeafDiseaseBD A Field-Based Annotated Smartpho/RiceLeafDiseaseBD A Field-Based Annotated Smartpho/RiceLeafDiseaseBD/Original images/Healthy/Healthy_885.jpg,Healthy,0,Healthy,0,0.9894337058067322,1,Blast,1,0.9978187084197998,0,baseline_wins,0,0,0.0,False,False,False,False,False
739,RiceLeafDiseaseBD A Field-Based Annotated Smartpho/RiceLeafDiseaseBD A Field-Based Annotated Smartpho/RiceLeafDiseaseBD/Original images/Healthy/Healthy_888.jpg,Healthy,0,Healthy,0,0.9896809458732605,1,Blast,1,0.9975020289421082,0,baseline_wins,0,1,0.0,False,True,False,False,False
740,RiceLeafDiseaseBD A Field-Based Annotated Smartpho/RiceLeafDiseaseBD A Field-Based Annotated Smartpho/RiceLeafDiseaseBD/Original images/Healthy/Healthy_891.jpg,Healthy,0,Healthy,0,0.9967216849327087,1,Blast,1,0.5865243673324585,0,baseline_wins,0,0,0.0,False,False,False,False,False
741,RiceLeafDiseaseBD A Field-Based Annotated Smartpho/RiceLeafDiseaseBD A Field-Based Annotated Smartpho/RiceLeafDiseaseBD/Original images/Healthy/Healthy_894.jpg,Healthy,0,Healthy,0,0.994685173034668,1,Blast,1,0.9867551922798157,0,baseline_wins,0,2,0.0,False,True,False,False,False
742,RiceLeafDiseaseBD A Field-Based Annotated Smartpho/RiceLeafDiseaseBD A Field-Based Annotated Smartpho/RiceLeafDiseaseBD/Original images/Healthy/Healthy_9.jpg,Healthy,0,Healthy,0,0.9999682903289795,1,Brown Spot,2,0.9955807328224182,0,baseline_wins,0,0,0.0,False,False,False,False,False
743,RiceLeafDiseaseBD A Field-Based Annotated Smartpho/RiceLeafDiseaseBD A Field-Based Annotated Smartpho/RiceLeafDiseaseBD/Original images/Healthy/Healthy_90.jpg,Healthy,0,Healthy,0,0.9999172687530518,1,Healthy,0,0.9984050393104553,1,mutual_success,0,0,0.0,False,False,False,False,False
744,RiceLeafDiseaseBD A Field-Based Annotated Smartpho/RiceLeafDiseaseBD A Field-Based Annotated Smartpho/RiceLeafDiseaseBD/Original images/Healthy/Healthy_905.jpg,Healthy,0,Healthy,0,0.998794436454773,1,Healthy,0,0.9607049822807312,1,mutual_success,0,0,0.0,False,False,False,False,False
745,RiceLeafDiseaseBD A Field-Based Annotated Smartpho/RiceLeafDiseaseBD A Field-Based Annotated Smartpho/RiceLeafDiseaseBD/Original images/Healthy/Healthy_912.jpg,Healthy,0,Healthy,0,0.9998143315315247,1,Healthy,0,0.7706572413444519,1,mutual_success,0,0,0.0,False,False,False,False,False
746,RiceLeafDiseaseBD A Field-Based Annotated Smartpho/RiceLeafDiseaseBD A Field-Based Annotated Smartpho/RiceLeafDiseaseBD/Original images/Healthy/Healthy_917.jpg,Healthy,0,Healthy,0,0.9996379613876343,1,Healthy,0,0.8380813002586365,1,mutual_success,0,0,0.0,False,False,False,False,False
747,RiceLeafDiseaseBD A Field-Based Annotated Smartpho/RiceLeafDiseaseBD A Field-Based Annotated Smartpho/RiceLeafDiseaseBD/Original images/Healthy/Healthy_922.jpg,Healthy,0,Healthy,0,0.9984875917434692,1,Healthy,0,0.4465354084968567,1,mutual_success,0,0,0.0,False,False,False,False,False
748,RiceLeafDiseaseBD A Field-Based Annotated Smartpho/RiceLeafDiseaseBD A Field-Based Annotated Smartpho/RiceLeafDiseaseBD/Original images/Healthy/Healthy_93.jpg,Healthy,0,Healthy,0,0.9999775886535645,1,Healthy,0,0.9858331680297852,1,mutual_success,0,0,0.0,False,False,False,False,False
749,RiceLeafDiseaseBD A Field-Based Annotated Smartpho/RiceLeafDiseaseBD A Field-Based Annotated Smartpho/RiceLeafDiseaseBD/Original images/Healthy/Healthy_930.jpg,Healthy,0,Healthy,0,0.9993280172348022,1,Healthy,0,0.9754517674446106,1,mutual_success,0,0,0.0,False,False,False,False,False
750,RiceLeafDiseaseBD A Field-Based Annotated Smartpho/RiceLeafDiseaseBD A Field-Based Annotated Smartpho/RiceLeafDiseaseBD/Original images/Healthy/Healthy_933.jpg,Healthy,0,Healthy,0,0.9986248016357422,1,Healthy,0,0.9566484093666077,1,mutual_success,0,0,0.0,False,False,False,False,False
751,RiceLeafDiseaseBD A Field-Based Annotated Smartpho/RiceLeafDiseaseBD A Field-Based Annotated Smartpho/RiceLeafDiseaseBD/Original images/Healthy/Healthy_937.jpg,Healthy,0,Healthy,0,0.9979950189590454,1,Healthy,0,0.8315151333808899,1,mutual_success,0,0,0.0,False,False,False,False,False
752,RiceLeafDiseaseBD A Field-Based Annotated Smartpho/RiceLeafDiseaseBD A Field-Based Annotated Smartpho/RiceLeafDiseaseBD/Original images/Healthy/Healthy_956.jpg,Healthy,0,Healthy,0,0.9961457252502441,1,Healthy,0,0.7651276588439941,1,mutual_success,0,0,0.0,False,False,False,False,False
753,RiceLeafDiseaseBD A Field-Based Annotated Smartpho/RiceLeafDiseaseBD A Field-Based Annotated Smartpho/RiceLeafDiseaseBD/Original images/Healthy/Healthy_961.jpg,Healthy,0,Healthy,0,0.9964195489883423,1,Healthy,0,0.7865998148918152,1,mutual_success,0,0,0.0,False,False,False,False,False
754,RiceLeafDiseaseBD A Field-Based Annotated Smartpho/RiceLeafDiseaseBD A Field-Based Annotated Smartpho/RiceLeafDiseaseBD/Original images/Healthy/Healthy_963.jpg,Healthy,0,Healthy,0,0.9956356883049011,1,Blast,1,0.5373679995536804,0,baseline_wins,0,0,0.0,False,False,False,False,False
755,RiceLeafDiseaseBD A Field-Based Annotated Smartpho/RiceLeafDiseaseBD A Field-Based Annotated Smartpho/RiceLeafDiseaseBD/Original images/Healthy/Healthy_974.jpg,Healthy,0,Healthy,0,0.9991865754127502,1,Blast,1,0.7823464274406433,0,baseline_wins,0,0,0.0,False,False,False,False,False
756,RiceLeafDiseaseBD A Field-Based Annotated Smartpho/RiceLeafDiseaseBD A Field-Based Annotated Smartpho/RiceLeafDiseaseBD/Original images/Healthy/Healthy_979.jpg,Healthy,0,Healthy,0,0.9890445470809937,1,Healthy,0,0.9938527345657349,1,mutual_success,0,0,0.0,False,False,False,False,False
757,RiceLeafDiseaseBD A Field-Based Annotated Smartpho/RiceLeafDiseaseBD A Field-Based Annotated Smartpho/RiceLeafDiseaseBD/Original images/Healthy/Healthy_988.jpg,Healthy,0,Healthy,0,0.9997829794883728,1,Healthy,0,0.9985820055007935,1,mutual_success,0,0,0.0,False,False,False,False,False
758,RiceLeafDiseaseBD A Field-Based Annotated Smartpho/RiceLeafDiseaseBD A Field-Based Annotated Smartpho/RiceLeafDiseaseBD/Original images/Healthy/Healthy_990.jpg,Healthy,0,Healthy,0,0.999784529209137,1,Blast,1,0.40626785159111023,0,baseline_wins,0,0,0.0,False,False,False,False,False
759,RiceLeafDiseaseBD A Field-Based Annotated Smartpho/RiceLeafDiseaseBD A Field-Based Annotated Smartpho/RiceLeafDiseaseBD/Original images/Healthy/Healthy_992.jpg,Healthy,0,Healthy,0,0.9998219609260559,1,Healthy,0,0.5673866868019104,1,mutual_success,0,0,0.0,False,False,False,False,False
760,RiceLeafDiseaseBD A Field-Based Annotated Smartpho/RiceLeafDiseaseBD A Field-Based Annotated Smartpho/RiceLeafDiseaseBD/Original images/Healthy/Healthy_993.jpg,Healthy,0,Healthy,0,0.999795138835907,1,Blast,1,0.5000854134559631,0,baseline_wins,0,0,0.0,False,False,False,False,False
761,RiceLeafDiseaseBD A Field-Based Annotated Smartpho/RiceLeafDiseaseBD A Field-Based Annotated Smartpho/RiceLeafDiseaseBD/Original images/Healthy/Healthy_996.jpg,Healthy,0,Healthy,0,0.9997460246086121,1,Blast,1,0.6060086488723755,0,baseline_wins,0,0,0.0,False,False,False,False,False
762,RiceLeafDiseaseBD A Field-Based Annotated Smartpho/RiceLeafDiseaseBD A Field-Based Annotated Smartpho/RiceLeafDiseaseBD/Original images/Healthy/Healthy_999.jpg,Healthy,0,Healthy,0,0.997205913066864,1,Healthy,0,0.9565686583518982,1,mutual_success,0,1,0.0,False,True,False,False,False
763,RiceLeafDiseaseBD A Field-Based Annotated Smartpho/RiceLeafDiseaseBD A Field-Based Annotated Smartpho/RiceLeafDiseaseBD/Original images/Leaf smut/Leaf smut_100.jpg,Leaf Smut,3,Healthy,0,0.9991555213928223,0,Healthy,0,0.8743609189987183,0,mutual_errors,3,0,0.0,False,False,True,True,False
764,RiceLeafDiseaseBD A Field-Based Annotated Smartpho/RiceLeafDiseaseBD A Field-Based Annotated Smartpho/RiceLeafDiseaseBD/Original images/Leaf smut/Leaf smut_111.jpg,Leaf Smut,3,Healthy,0,0.9999072551727295,0,Healthy,0,0.9846869111061096,0,mutual_errors,1,0,0.0,False,False,True,True,False
765,RiceLeafDiseaseBD A Field-Based Annotated Smartpho/RiceLeafDiseaseBD A Field-Based Annotated Smartpho/RiceLeafDiseaseBD/Original images/Leaf smut/Leaf smut_123.jpg,Leaf Smut,3,Healthy,0,0.999788224697113,0,Healthy,0,0.9549782276153564,0,mutual_errors,1,0,0.0,False,False,True,True,False
766,RiceLeafDiseaseBD A Field-Based Annotated Smartpho/RiceLeafDiseaseBD A Field-Based Annotated Smartpho/RiceLeafDiseaseBD/Original images/Leaf smut/Leaf smut_131.jpg,Leaf Smut,3,Healthy,0,0.9997909665107727,0,Healthy,0,0.9597066640853882,0,mutual_errors,1,0,0.0,False,False,True,True,False
767,RiceLeafDiseaseBD A Field-Based Annotated Smartpho/RiceLeafDiseaseBD A Field-Based Annotated Smartpho/RiceLeafDiseaseBD/Original images/Leaf smut/Leaf smut_137.jpg,Leaf Smut,3,Healthy,0,0.9999406337738037,0,Healthy,0,0.6892243027687073,0,mutual_errors,1,0,0.0,False,False,True,False,False
768,RiceLeafDiseaseBD A Field-Based Annotated Smartpho/RiceLeafDiseaseBD A Field-Based Annotated Smartpho/RiceLeafDiseaseBD/Original images/Leaf smut/Leaf smut_141.jpg,Leaf Smut,3,Healthy,0,0.999968409538269,0,Healthy,0,0.976608395576477,0,mutual_errors,4,0,0.0,False,False,True,True,False
769,RiceLeafDiseaseBD A Field-Based Annotated Smartpho/RiceLeafDiseaseBD A Field-Based Annotated Smartpho/RiceLeafDiseaseBD/Original images/Leaf smut/Leaf smut_144.jpg,Leaf Smut,3,Healthy,0,0.9999498128890991,0,Healthy,0,0.7942357063293457,0,mutual_errors,1,1,0.011047727567290024,False,False,True,False,False
770,RiceLeafDiseaseBD A Field-Based Annotated Smartpho/RiceLeafDiseaseBD A Field-Based Annotated Smartpho/RiceLeafDiseaseBD/Original images/Leaf smut/Leaf smut_147.jpg,Leaf Smut,3,Healthy,0,0.9997357726097107,0,Healthy,0,0.9147577881813049,0,mutual_errors,1,3,0.0,False,False,True,True,False
771,RiceLeafDiseaseBD A Field-Based Annotated Smartpho/RiceLeafDiseaseBD A Field-Based Annotated Smartpho/RiceLeafDiseaseBD/Original images/Leaf smut/Leaf smut_150.jpg,Leaf Smut,3,Healthy,0,0.9985373020172119,0,Healthy,0,0.5385301113128662,0,mutual_errors,2,0,0.0,False,False,True,False,False
772,RiceLeafDiseaseBD A Field-Based Annotated Smartpho/RiceLeafDiseaseBD A Field-Based Annotated Smartpho/RiceLeafDiseaseBD/Original images/Leaf smut/Leaf smut_152.jpg,Leaf Smut,3,Healthy,0,0.9999576807022095,0,Blast,1,0.922694742679596,0,mutual_errors,1,0,0.0,False,False,True,True,False
773,RiceLeafDiseaseBD A Field-Based Annotated Smartpho/RiceLeafDiseaseBD A Field-Based Annotated Smartpho/RiceLeafDiseaseBD/Original images/Leaf smut/Leaf smut_16.jpg,Leaf Smut,3,Healthy,0,0.9997180104255676,0,Healthy,0,0.9308652877807617,0,mutual_errors,1,0,0.0,False,False,True,True,False
774,RiceLeafDiseaseBD A Field-Based Annotated Smartpho/RiceLeafDiseaseBD A Field-Based Annotated Smartpho/RiceLeafDiseaseBD/Original images/Leaf smut/Leaf smut_160.jpg,Leaf Smut,3,Healthy,0,0.9998577833175659,0,Healthy,0,0.8849115967750549,0,mutual_errors,1,0,0.0,False,False,True,True,False
775,RiceLeafDiseaseBD A Field-Based Annotated Smartpho/RiceLeafDiseaseBD A Field-Based Annotated Smartpho/RiceLeafDiseaseBD/Original images/Leaf smut/Leaf smut_162.jpg,Leaf Smut,3,Healthy,0,0.9999088048934937,0,Healthy,0,0.9916146993637085,0,mutual_errors,1,0,0.0,False,False,True,True,False
776,RiceLeafDiseaseBD A Field-Based Annotated Smartpho/RiceLeafDiseaseBD A Field-Based Annotated Smartpho/RiceLeafDiseaseBD/Original images/Leaf smut/Leaf smut_17.jpg,Leaf Smut,3,Healthy,0,0.9969461560249329,0,Healthy,0,0.9962807297706604,0,mutual_errors,2,0,0.0,False,False,True,True,False
777,RiceLeafDiseaseBD A Field-Based Annotated Smartpho/RiceLeafDiseaseBD A Field-Based Annotated Smartpho/RiceLeafDiseaseBD/Original images/Leaf smut/Leaf smut_175.jpg,Leaf Smut,3,Healthy,0,0.999505877494812,0,Healthy,0,0.9971421360969543,0,mutual_errors,2,0,0.0,False,False,True,True,False
778,RiceLeafDiseaseBD A Field-Based Annotated Smartpho/RiceLeafDiseaseBD A Field-Based Annotated Smartpho/RiceLeafDiseaseBD/Original images/Leaf smut/Leaf smut_176.jpg,Leaf Smut,3,Healthy,0,0.9994391798973083,0,Healthy,0,0.9950870871543884,0,mutual_errors,3,1,0.0,False,False,True,True,False
779,RiceLeafDiseaseBD A Field-Based Annotated Smartpho/RiceLeafDiseaseBD A Field-Based Annotated Smartpho/RiceLeafDiseaseBD/Original images/Leaf smut/Leaf smut_193.jpg,Leaf Smut,3,Healthy,0,0.999670147895813,0,Healthy,0,0.9817643761634827,0,mutual_errors,4,0,0.0,False,False,True,True,False
780,RiceLeafDiseaseBD A Field-Based Annotated Smartpho/RiceLeafDiseaseBD A Field-Based Annotated Smartpho/RiceLeafDiseaseBD/Original images/Leaf smut/Leaf smut_196.jpg,Leaf Smut,3,Healthy,0,0.999974250793457,0,Healthy,0,0.9584950804710388,0,mutual_errors,2,0,0.0,False,False,True,True,False
781,RiceLeafDiseaseBD A Field-Based Annotated Smartpho/RiceLeafDiseaseBD A Field-Based Annotated Smartpho/RiceLeafDiseaseBD/Original images/Leaf smut/Leaf smut_198.jpg,Leaf Smut,3,Healthy,0,0.9998586177825928,0,Healthy,0,0.9956745505332947,0,mutual_errors,2,0,0.0,False,False,True,True,False
782,RiceLeafDiseaseBD A Field-Based Annotated Smartpho/RiceLeafDiseaseBD A Field-Based Annotated Smartpho/RiceLeafDiseaseBD/Original images/Leaf smut/Leaf smut_2.jpg,Leaf Smut,3,Healthy,0,0.9999476671218872,0,Healthy,0,0.9958391189575195,0,mutual_errors,2,0,0.0,False,False,True,True,False
783,RiceLeafDiseaseBD A Field-Based Annotated Smartpho/RiceLeafDiseaseBD A Field-Based Annotated Smartpho/RiceLeafDiseaseBD/Original images/Leaf smut/Leaf smut_202.jpg,Leaf Smut,3,Healthy,0,0.9997808337211609,0,Healthy,0,0.9836927056312561,0,mutual_errors,1,0,0.0,False,False,True,True,False
784,RiceLeafDiseaseBD A Field-Based Annotated Smartpho/RiceLeafDiseaseBD A Field-Based Annotated Smartpho/RiceLeafDiseaseBD/Original images/Leaf smut/Leaf smut_203.jpg,Leaf Smut,3,Healthy,0,0.9997552037239075,0,Healthy,0,0.9804860353469849,0,mutual_errors,1,0,0.0,False,False,True,True,False
785,RiceLeafDiseaseBD A Field-Based Annotated Smartpho/RiceLeafDiseaseBD A Field-Based Annotated Smartpho/RiceLeafDiseaseBD/Original images/Leaf smut/Leaf smut_205.jpg,Leaf Smut,3,Healthy,0,0.9999731779098511,0,Healthy,0,0.7666855454444885,0,mutual_errors,1,0,0.0,False,False,True,False,False
786,RiceLeafDiseaseBD A Field-Based Annotated Smartpho/RiceLeafDiseaseBD A Field-Based Annotated Smartpho/RiceLeafDiseaseBD/Original images/Leaf smut/Leaf smut_208.jpg,Leaf Smut,3,Healthy,0,0.9996373653411865,0,Healthy,0,0.9880438446998596,0,mutual_errors,1,0,0.0,False,False,True,True,False
787,RiceLeafDiseaseBD A Field-Based Annotated Smartpho/RiceLeafDiseaseBD A Field-Based Annotated Smartpho/RiceLeafDiseaseBD/Original images/Leaf smut/Leaf smut_211.jpg,Leaf Smut,3,Healthy,0,0.9968907237052917,0,Healthy,0,0.9905182719230652,0,mutual_errors,3,0,0.0,False,False,True,True,False
788,RiceLeafDiseaseBD A Field-Based Annotated Smartpho/RiceLeafDiseaseBD A Field-Based Annotated Smartpho/RiceLeafDiseaseBD/Original images/Leaf smut/Leaf smut_214.jpg,Leaf Smut,3,Healthy,0,0.999953031539917,0,Healthy,0,0.5175760388374329,0,mutual_errors,1,0,0.0,False,False,True,False,False
789,RiceLeafDiseaseBD A Field-Based Annotated Smartpho/RiceLeafDiseaseBD A Field-Based Annotated Smartpho/RiceLeafDiseaseBD/Original images/Leaf smut/Leaf smut_22.jpg,Leaf Smut,3,Healthy,0,0.9920923113822937,0,Healthy,0,0.999458372592926,0,mutual_errors,3,0,0.0,False,False,True,True,False
790,RiceLeafDiseaseBD A Field-Based Annotated Smartpho/RiceLeafDiseaseBD A Field-Based Annotated Smartpho/RiceLeafDiseaseBD/Original images/Leaf smut/Leaf smut_237.jpg,Leaf Smut,3,Healthy,0,0.9999696016311646,0,Healthy,0,0.74881911277771,0,mutual_errors,2,0,0.0,False,False,True,False,False
791,RiceLeafDiseaseBD A Field-Based Annotated Smartpho/RiceLeafDiseaseBD A Field-Based Annotated Smartpho/RiceLeafDiseaseBD/Original images/Leaf smut/Leaf smut_238.jpg,Leaf Smut,3,Healthy,0,0.9999099969863892,0,Healthy,0,0.9879583120346069,0,mutual_errors,2,0,0.0,False,False,True,True,False
792,RiceLeafDiseaseBD A Field-Based Annotated Smartpho/RiceLeafDiseaseBD A Field-Based Annotated Smartpho/RiceLeafDiseaseBD/Original images/Leaf smut/Leaf smut_239.jpg,Leaf Smut,3,Healthy,0,0.9999831914901733,0,Healthy,0,0.9843627214431763,0,mutual_errors,3,3,0.05185995167700497,False,False,True,True,False
793,RiceLeafDiseaseBD A Field-Based Annotated Smartpho/RiceLeafDiseaseBD A Field-Based Annotated Smartpho/RiceLeafDiseaseBD/Original images/Leaf smut/Leaf smut_24.jpg,Leaf Smut,3,Healthy,0,0.9984588623046875,0,Healthy,0,0.9975997805595398,0,mutual_errors,2,0,0.0,False,False,True,True,False
794,RiceLeafDiseaseBD A Field-Based Annotated Smartpho/RiceLeafDiseaseBD A Field-Based Annotated Smartpho/RiceLeafDiseaseBD/Original images/Leaf smut/Leaf smut_244.jpg,Leaf Smut,3,Healthy,0,0.9999321699142456,0,Healthy,0,0.904528021812439,0,mutual_errors,4,0,0.0,False,False,True,True,False
795,RiceLeafDiseaseBD A Field-Based Annotated Smartpho/RiceLeafDiseaseBD A Field-Based Annotated Smartpho/RiceLeafDiseaseBD/Original images/Leaf smut/Leaf smut_245.jpg,Leaf Smut,3,Healthy,0,0.9999347925186157,0,Healthy,0,0.9433992505073547,0,mutual_errors,4,0,0.0,False,False,True,True,False
796,RiceLeafDiseaseBD A Field-Based Annotated Smartpho/RiceLeafDiseaseBD A Field-Based Annotated Smartpho/RiceLeafDiseaseBD/Original images/Leaf smut/Leaf smut_250.jpg,Leaf Smut,3,Healthy,0,0.9998040795326233,0,Healthy,0,0.9805444478988647,0,mutual_errors,1,0,0.0,False,False,True,True,False
797,RiceLeafDiseaseBD A Field-Based Annotated Smartpho/RiceLeafDiseaseBD A Field-Based Annotated Smartpho/RiceLeafDiseaseBD/Original images/Leaf smut/Leaf smut_252.jpg,Leaf Smut,3,Healthy,0,0.9998891353607178,0,Healthy,0,0.9751009345054626,0,mutual_errors,2,0,0.0,False,False,True,True,False
798,RiceLeafDiseaseBD A Field-Based Annotated Smartpho/RiceLeafDiseaseBD A Field-Based Annotated Smartpho/RiceLeafDiseaseBD/Original images/Leaf smut/Leaf smut_261.jpg,Leaf Smut,3,Healthy,0,0.9999231100082397,0,Healthy,0,0.9410688877105713,0,mutual_errors,2,0,0.0,False,False,True,True,False
799,RiceLeafDiseaseBD A Field-Based Annotated Smartpho/RiceLeafDiseaseBD A Field-Based Annotated Smartpho/RiceLeafDiseaseBD/Original images/Leaf smut/Leaf smut_265.jpg,Leaf Smut,3,Healthy,0,0.9996867179870605,0,Healthy,0,0.986400842666626,0,mutual_errors,6,0,0.0,False,False,True,True,False
800,RiceLeafDiseaseBD A Field-Based Annotated Smartpho/RiceLeafDiseaseBD A Field-Based Annotated Smartpho/RiceLeafDiseaseBD/Original images/Leaf smut/Leaf smut_27.jpg,Leaf Smut,3,Healthy,0,0.9990078806877136,0,Healthy,0,0.9971365928649902,0,mutual_errors,1,0,0.0,False,False,True,True,False
801,RiceLeafDiseaseBD A Field-Based Annotated Smartpho/RiceLeafDiseaseBD A Field-Based Annotated Smartpho/RiceLeafDiseaseBD/Original images/Leaf smut/Leaf smut_276.jpg,Leaf Smut,3,Healthy,0,0.9998020529747009,0,Healthy,0,0.9734306931495667,0,mutual_errors,2,0,0.0,False,False,True,True,False
802,RiceLeafDiseaseBD A Field-Based Annotated Smartpho/RiceLeafDiseaseBD A Field-Based Annotated Smartpho/RiceLeafDiseaseBD/Original images/Leaf smut/Leaf smut_298.jpg,Leaf Smut,3,Healthy,0,0.9999226331710815,0,Healthy,0,0.972583532333374,0,mutual_errors,2,0,0.0,False,False,True,True,False
803,RiceLeafDiseaseBD A Field-Based Annotated Smartpho/RiceLeafDiseaseBD A Field-Based Annotated Smartpho/RiceLeafDiseaseBD/Original images/Leaf smut/Leaf smut_303.jpg,Leaf Smut,3,Healthy,0,0.9999628067016602,0,Healthy,0,0.9110612869262695,0,mutual_errors,2,0,0.0,False,False,True,True,False
804,RiceLeafDiseaseBD A Field-Based Annotated Smartpho/RiceLeafDiseaseBD A Field-Based Annotated Smartpho/RiceLeafDiseaseBD/Original images/Leaf smut/Leaf smut_326.jpg,Leaf Smut,3,Healthy,0,0.9998213648796082,0,Healthy,0,0.9649842381477356,0,mutual_errors,2,0,0.0,False,False,True,True,False
805,RiceLeafDiseaseBD A Field-Based Annotated Smartpho/RiceLeafDiseaseBD A Field-Based Annotated Smartpho/RiceLeafDiseaseBD/Original images/Leaf smut/Leaf smut_327.jpg,Leaf Smut,3,Healthy,0,0.999607503414154,0,Healthy,0,0.9967189431190491,0,mutual_errors,2,0,0.0,False,False,True,True,False
806,RiceLeafDiseaseBD A Field-Based Annotated Smartpho/RiceLeafDiseaseBD A Field-Based Annotated Smartpho/RiceLeafDiseaseBD/Original images/Leaf smut/Leaf smut_33.jpg,Leaf Smut,3,Healthy,0,0.9999899864196777,0,Healthy,0,0.5779193639755249,0,mutual_errors,2,0,0.0,False,False,True,False,False
807,RiceLeafDiseaseBD A Field-Based Annotated Smartpho/RiceLeafDiseaseBD A Field-Based Annotated Smartpho/RiceLeafDiseaseBD/Original images/Leaf smut/Leaf smut_332.jpg,Leaf Smut,3,Healthy,0,0.9997715353965759,0,Healthy,0,0.9980892539024353,0,mutual_errors,2,0,0.0,False,False,True,True,False
808,RiceLeafDiseaseBD A Field-Based Annotated Smartpho/RiceLeafDiseaseBD A Field-Based Annotated Smartpho/RiceLeafDiseaseBD/Original images/Leaf smut/Leaf smut_334.jpg,Leaf Smut,3,Healthy,0,0.9999265670776367,0,Blast,1,0.8162469267845154,0,mutual_errors,1,0,0.0,False,False,True,True,False
809,RiceLeafDiseaseBD A Field-Based Annotated Smartpho/RiceLeafDiseaseBD A Field-Based Annotated Smartpho/RiceLeafDiseaseBD/Original images/Leaf smut/Leaf smut_339.jpg,Leaf Smut,3,Healthy,0,0.9945170283317566,0,Healthy,0,0.9226696491241455,0,mutual_errors,2,0,0.0,False,False,True,True,False
810,RiceLeafDiseaseBD A Field-Based Annotated Smartpho/RiceLeafDiseaseBD A Field-Based Annotated Smartpho/RiceLeafDiseaseBD/Original images/Leaf smut/Leaf smut_34.jpg,Leaf Smut,3,Healthy,0,0.9999196529388428,0,Healthy,0,0.6615142226219177,0,mutual_errors,1,0,0.0,False,False,True,False,False
811,RiceLeafDiseaseBD A Field-Based Annotated Smartpho/RiceLeafDiseaseBD A Field-Based Annotated Smartpho/RiceLeafDiseaseBD/Original images/Leaf smut/Leaf smut_344.jpg,Leaf Smut,3,Healthy,0,0.9988056421279907,0,Blast,1,0.5549353957176208,0,mutual_errors,1,0,0.0,False,False,True,False,False
812,RiceLeafDiseaseBD A Field-Based Annotated Smartpho/RiceLeafDiseaseBD A Field-Based Annotated Smartpho/RiceLeafDiseaseBD/Original images/Leaf smut/Leaf smut_345.jpg,Leaf Smut,3,Healthy,0,0.9986489415168762,0,Blast,1,0.7052409052848816,0,mutual_errors,1,0,0.0,False,False,True,False,False
813,RiceLeafDiseaseBD A Field-Based Annotated Smartpho/RiceLeafDiseaseBD A Field-Based Annotated Smartpho/RiceLeafDiseaseBD/Original images/Leaf smut/Leaf smut_364.jpg,Leaf Smut,3,Healthy,0,0.9996227025985718,0,Healthy,0,0.8137680888175964,0,mutual_errors,1,0,0.0,False,False,True,True,False
814,RiceLeafDiseaseBD A Field-Based Annotated Smartpho/RiceLeafDiseaseBD A Field-Based Annotated Smartpho/RiceLeafDiseaseBD/Original images/Leaf smut/Leaf smut_369.jpg,Leaf Smut,3,Healthy,0,0.9997356534004211,0,Healthy,0,0.5837146639823914,0,mutual_errors,1,0,0.0,False,False,True,False,False
815,RiceLeafDiseaseBD A Field-Based Annotated Smartpho/RiceLeafDiseaseBD A Field-Based Annotated Smartpho/RiceLeafDiseaseBD/Original images/Leaf smut/Leaf smut_379.jpg,Leaf Smut,3,Healthy,0,0.9982247948646545,0,Healthy,0,0.963262140750885,0,mutual_errors,2,0,0.0,False,False,True,True,False
816,RiceLeafDiseaseBD A Field-Based Annotated Smartpho/RiceLeafDiseaseBD A Field-Based Annotated Smartpho/RiceLeafDiseaseBD/Original images/Leaf smut/Leaf smut_385.jpg,Leaf Smut,3,Healthy,0,0.9991668462753296,0,Healthy,0,0.9813209176063538,0,mutual_errors,3,0,0.0,False,False,True,True,False
817,RiceLeafDiseaseBD A Field-Based Annotated Smartpho/RiceLeafDiseaseBD A Field-Based Annotated Smartpho/RiceLeafDiseaseBD/Original images/Leaf smut/Leaf smut_393.jpg,Leaf Smut,3,Healthy,0,0.9998818635940552,0,Blast,1,0.8767938613891602,0,mutual_errors,2,0,0.0,False,False,True,True,False
818,RiceLeafDiseaseBD A Field-Based Annotated Smartpho/RiceLeafDiseaseBD A Field-Based Annotated Smartpho/RiceLeafDiseaseBD/Original images/Leaf smut/Leaf smut_394.jpg,Leaf Smut,3,Healthy,0,0.9997863173484802,0,Blast,1,0.8040014505386353,0,mutual_errors,2,0,0.0,False,False,True,True,False
819,RiceLeafDiseaseBD A Field-Based Annotated Smartpho/RiceLeafDiseaseBD A Field-Based Annotated Smartpho/RiceLeafDiseaseBD/Original images/Leaf smut/Leaf smut_396.jpg,Leaf Smut,3,Healthy,0,0.9998488426208496,0,Blast,1,0.9632131457328796,0,mutual_errors,2,0,0.0,False,False,True,True,False
820,RiceLeafDiseaseBD A Field-Based Annotated Smartpho/RiceLeafDiseaseBD A Field-Based Annotated Smartpho/RiceLeafDiseaseBD/Original images/Leaf smut/Leaf smut_398.jpg,Leaf Smut,3,Healthy,0,0.9997981190681458,0,Blast,1,0.9734506607055664,0,mutual_errors,2,0,0.0,False,False,True,True,False
821,RiceLeafDiseaseBD A Field-Based Annotated Smartpho/RiceLeafDiseaseBD A Field-Based Annotated Smartpho/RiceLeafDiseaseBD/Original images/Leaf smut/Leaf smut_40.jpg,Leaf Smut,3,Healthy,0,0.9998337030410767,0,Healthy,0,0.6126464009284973,0,mutual_errors,1,0,0.0,False,False,True,False,False
822,RiceLeafDiseaseBD A Field-Based Annotated Smartpho/RiceLeafDiseaseBD A Field-Based Annotated Smartpho/RiceLeafDiseaseBD/Original images/Leaf smut/Leaf smut_400.jpg,Leaf Smut,3,Healthy,0,0.9981589913368225,0,Healthy,0,0.9967808723449707,0,mutual_errors,1,0,0.0,False,False,True,True,False
823,RiceLeafDiseaseBD A Field-Based Annotated Smartpho/RiceLeafDiseaseBD A Field-Based Annotated Smartpho/RiceLeafDiseaseBD/Original images/Leaf smut/Leaf smut_423.jpg,Leaf Smut,3,Healthy,0,0.9984209537506104,0,Healthy,0,0.43480145931243896,0,mutual_errors,2,0,0.0,False,False,True,False,False
824,RiceLeafDiseaseBD A Field-Based Annotated Smartpho/RiceLeafDiseaseBD A Field-Based Annotated Smartpho/RiceLeafDiseaseBD/Original images/Leaf smut/Leaf smut_425.jpg,Leaf Smut,3,Healthy,0,0.9991374015808105,0,Healthy,0,0.49413368105888367,0,mutual_errors,2,0,0.0,False,False,True,False,False
825,RiceLeafDiseaseBD A Field-Based Annotated Smartpho/RiceLeafDiseaseBD A Field-Based Annotated Smartpho/RiceLeafDiseaseBD/Original images/Leaf smut/Leaf smut_443.jpg,Leaf Smut,3,Healthy,0,0.9908602237701416,0,Healthy,0,0.9984618425369263,0,mutual_errors,4,0,0.0,False,False,True,True,False
826,RiceLeafDiseaseBD A Field-Based Annotated Smartpho/RiceLeafDiseaseBD A Field-Based Annotated Smartpho/RiceLeafDiseaseBD/Original images/Leaf smut/Leaf smut_454.jpg,Leaf Smut,3,Healthy,0,0.9964879751205444,0,Healthy,0,0.998320996761322,0,mutual_errors,2,0,0.0,False,False,True,True,False
827,RiceLeafDiseaseBD A Field-Based Annotated Smartpho/RiceLeafDiseaseBD A Field-Based Annotated Smartpho/RiceLeafDiseaseBD/Original images/Leaf smut/Leaf smut_478.jpg,Leaf Smut,3,Healthy,0,0.999836802482605,0,Healthy,0,0.9591755867004395,0,mutual_errors,5,0,0.0,False,False,True,True,False
828,RiceLeafDiseaseBD A Field-Based Annotated Smartpho/RiceLeafDiseaseBD A Field-Based Annotated Smartpho/RiceLeafDiseaseBD/Original images/Leaf smut/Leaf smut_479.jpg,Leaf Smut,3,Healthy,0,0.9988505840301514,0,Healthy,0,0.9964063763618469,0,mutual_errors,2,1,0.0,False,False,True,True,False
829,RiceLeafDiseaseBD A Field-Based Annotated Smartpho/RiceLeafDiseaseBD A Field-Based Annotated Smartpho/RiceLeafDiseaseBD/Original images/Leaf smut/Leaf smut_483.jpg,Leaf Smut,3,Healthy,0,0.9992313385009766,0,Healthy,0,0.9861690998077393,0,mutual_errors,2,0,0.0,False,False,True,True,False
830,RiceLeafDiseaseBD A Field-Based Annotated Smartpho/RiceLeafDiseaseBD A Field-Based Annotated Smartpho/RiceLeafDiseaseBD/Original images/Leaf smut/Leaf smut_497.jpg,Leaf Smut,3,Healthy,0,0.9855459928512573,0,Healthy,0,0.9059063196182251,0,mutual_errors,1,0,0.0,False,False,True,True,False
831,RiceLeafDiseaseBD A Field-Based Annotated Smartpho/RiceLeafDiseaseBD A Field-Based Annotated Smartpho/RiceLeafDiseaseBD/Original images/Leaf smut/Leaf smut_499.jpg,Leaf Smut,3,Healthy,0,0.9848505258560181,0,Healthy,0,0.8985245227813721,0,mutual_errors,1,0,0.0,False,False,True,True,False
832,RiceLeafDiseaseBD A Field-Based Annotated Smartpho/RiceLeafDiseaseBD A Field-Based Annotated Smartpho/RiceLeafDiseaseBD/Original images/Leaf smut/Leaf smut_500.jpg,Leaf Smut,3,Healthy,0,0.9820249080657959,0,Healthy,0,0.5894165635108948,0,mutual_errors,1,0,0.0,False,False,True,False,False
833,RiceLeafDiseaseBD A Field-Based Annotated Smartpho/RiceLeafDiseaseBD A Field-Based Annotated Smartpho/RiceLeafDiseaseBD/Original images/Leaf smut/Leaf smut_513.jpg,Leaf Smut,3,Healthy,0,0.9964488744735718,0,Healthy,0,0.9984531402587891,0,mutual_errors,2,0,0.0,False,False,True,True,False
834,RiceLeafDiseaseBD A Field-Based Annotated Smartpho/RiceLeafDiseaseBD A Field-Based Annotated Smartpho/RiceLeafDiseaseBD/Original images/Leaf smut/Leaf smut_523.jpg,Leaf Smut,3,Healthy,0,0.9979856014251709,0,Blast,1,0.9840657114982605,0,mutual_errors,2,0,0.0,False,False,True,True,False
835,RiceLeafDiseaseBD A Field-Based Annotated Smartpho/RiceLeafDiseaseBD A Field-Based Annotated Smartpho/RiceLeafDiseaseBD/Original images/Leaf smut/Leaf smut_526.jpg,Leaf Smut,3,Healthy,0,0.9982203841209412,0,Blast,1,0.9853153228759766,0,mutual_errors,1,0,0.0,False,False,True,True,False
836,RiceLeafDiseaseBD A Field-Based Annotated Smartpho/RiceLeafDiseaseBD A Field-Based Annotated Smartpho/RiceLeafDiseaseBD/Original images/Leaf smut/Leaf smut_531.jpg,Leaf Smut,3,Healthy,0,0.98689866065979,0,Healthy,0,0.8473724126815796,0,mutual_errors,3,0,0.0,False,False,True,True,False
837,RiceLeafDiseaseBD A Field-Based Annotated Smartpho/RiceLeafDiseaseBD A Field-Based Annotated Smartpho/RiceLeafDiseaseBD/Original images/Leaf smut/Leaf smut_54.jpg,Leaf Smut,3,Healthy,0,0.9994258880615234,0,Healthy,0,0.8072072267532349,0,mutual_errors,1,0,0.0,False,False,True,True,False
838,RiceLeafDiseaseBD A Field-Based Annotated Smartpho/RiceLeafDiseaseBD A Field-Based Annotated Smartpho/RiceLeafDiseaseBD/Original images/Leaf smut/Leaf smut_540.jpg,Leaf Smut,3,Healthy,0,0.999005138874054,0,Healthy,0,0.9637337923049927,0,mutual_errors,1,0,0.0,False,False,True,True,False
839,RiceLeafDiseaseBD A Field-Based Annotated Smartpho/RiceLeafDiseaseBD A Field-Based Annotated Smartpho/RiceLeafDiseaseBD/Original images/Leaf smut/Leaf smut_556.jpg,Leaf Smut,3,Healthy,0,0.9981992840766907,0,Blast,1,0.9958373308181763,0,mutual_errors,1,0,0.0,False,False,True,True,False
840,RiceLeafDiseaseBD A Field-Based Annotated Smartpho/RiceLeafDiseaseBD A Field-Based Annotated Smartpho/RiceLeafDiseaseBD/Original images/Leaf smut/Leaf smut_562.jpg,Leaf Smut,3,Healthy,0,0.9906546473503113,0,Healthy,0,0.662564754486084,0,mutual_errors,2,0,0.0,False,False,True,False,False
841,RiceLeafDiseaseBD A Field-Based Annotated Smartpho/RiceLeafDiseaseBD A Field-Based Annotated Smartpho/RiceLeafDiseaseBD/Original images/Leaf smut/Leaf smut_563.jpg,Leaf Smut,3,Healthy,0,0.9987657070159912,0,Blast,1,0.8835859894752502,0,mutual_errors,1,3,0.0,False,False,True,True,False
842,RiceLeafDiseaseBD A Field-Based Annotated Smartpho/RiceLeafDiseaseBD A Field-Based Annotated Smartpho/RiceLeafDiseaseBD/Original images/Leaf smut/Leaf smut_568.jpg,Leaf Smut,3,Healthy,0,0.99824059009552,0,Blast,1,0.9471890330314636,0,mutual_errors,3,3,0.0,False,False,True,True,False
843,RiceLeafDiseaseBD A Field-Based Annotated Smartpho/RiceLeafDiseaseBD A Field-Based Annotated Smartpho/RiceLeafDiseaseBD/Original images/Leaf smut/Leaf smut_583.jpg,Leaf Smut,3,Healthy,0,0.9997413754463196,0,Healthy,0,0.9956738352775574,0,mutual_errors,1,0,0.0,False,False,True,True,False
844,RiceLeafDiseaseBD A Field-Based Annotated Smartpho/RiceLeafDiseaseBD A Field-Based Annotated Smartpho/RiceLeafDiseaseBD/Original images/Leaf smut/Leaf smut_597.jpg,Leaf Smut,3,Healthy,0,0.9994295239448547,0,Healthy,0,0.9976707100868225,0,mutual_errors,1,0,0.0,False,False,True,True,False
845,RiceLeafDiseaseBD A Field-Based Annotated Smartpho/RiceLeafDiseaseBD A Field-Based Annotated Smartpho/RiceLeafDiseaseBD/Original images/Leaf smut/Leaf smut_605.jpg,Leaf Smut,3,Healthy,0,0.999679446220398,0,Healthy,0,0.9972133040428162,0,mutual_errors,1,0,0.0,False,False,True,True,False
846,RiceLeafDiseaseBD A Field-Based Annotated Smartpho/RiceLeafDiseaseBD A Field-Based Annotated Smartpho/RiceLeafDiseaseBD/Original images/Leaf smut/Leaf smut_607.jpg,Leaf Smut,3,Healthy,0,0.9998703002929688,0,Healthy,0,0.8440605401992798,0,mutual_errors,2,0,0.0,False,False,True,True,False
847,RiceLeafDiseaseBD A Field-Based Annotated Smartpho/RiceLeafDiseaseBD A Field-Based Annotated Smartpho/RiceLeafDiseaseBD/Original images/Leaf smut/Leaf smut_615.jpg,Leaf Smut,3,Healthy,0,0.9999693632125854,0,Blast,1,0.7669243216514587,0,mutual_errors,2,0,0.0,False,False,True,False,False
848,RiceLeafDiseaseBD A Field-Based Annotated Smartpho/RiceLeafDiseaseBD A Field-Based Annotated Smartpho/RiceLeafDiseaseBD/Original images/Leaf smut/Leaf smut_616.jpg,Leaf Smut,3,Healthy,0,0.999966025352478,0,Blast,1,0.7652586102485657,0,mutual_errors,2,0,0.0,False,False,True,False,False
849,RiceLeafDiseaseBD A Field-Based Annotated Smartpho/RiceLeafDiseaseBD A Field-Based Annotated Smartpho/RiceLeafDiseaseBD/Original images/Leaf smut/Leaf smut_619.jpg,Leaf Smut,3,Healthy,0,0.9999239444732666,0,Blast,1,0.9280505180358887,0,mutual_errors,2,0,0.0,False,False,True,True,False
850,RiceLeafDiseaseBD A Field-Based Annotated Smartpho/RiceLeafDiseaseBD A Field-Based Annotated Smartpho/RiceLeafDiseaseBD/Original images/Leaf smut/Leaf smut_626.jpg,Leaf Smut,3,Healthy,0,0.9998971223831177,0,Blast,1,0.8956040143966675,0,mutual_errors,2,0,0.0,False,False,True,True,False
851,RiceLeafDiseaseBD A Field-Based Annotated Smartpho/RiceLeafDiseaseBD A Field-Based Annotated Smartpho/RiceLeafDiseaseBD/Original images/Leaf smut/Leaf smut_629.jpg,Leaf Smut,3,Healthy,0,0.9966411590576172,0,Healthy,0,0.9469517469406128,0,mutual_errors,1,0,0.0,False,False,True,True,False
852,RiceLeafDiseaseBD A Field-Based Annotated Smartpho/RiceLeafDiseaseBD A Field-Based Annotated Smartpho/RiceLeafDiseaseBD/Original images/Leaf smut/Leaf smut_632.jpg,Leaf Smut,3,Healthy,0,0.9974592328071594,0,Healthy,0,0.9724085927009583,0,mutual_errors,1,0,0.0,False,False,True,True,False
853,RiceLeafDiseaseBD A Field-Based Annotated Smartpho/RiceLeafDiseaseBD A Field-Based Annotated Smartpho/RiceLeafDiseaseBD/Original images/Leaf smut/Leaf smut_65.jpg,Leaf Smut,3,Healthy,0,0.9998873472213745,0,Healthy,0,0.7173571586608887,0,mutual_errors,1,0,0.0,False,False,True,False,False
854,RiceLeafDiseaseBD A Field-Based Annotated Smartpho/RiceLeafDiseaseBD A Field-Based Annotated Smartpho/RiceLeafDiseaseBD/Original images/Leaf smut/Leaf smut_654.jpg,Leaf Smut,3,Healthy,0,0.9998520612716675,0,Healthy,0,0.6637741923332214,0,mutual_errors,4,0,0.0,False,False,True,False,False
855,RiceLeafDiseaseBD A Field-Based Annotated Smartpho/RiceLeafDiseaseBD A Field-Based Annotated Smartpho/RiceLeafDiseaseBD/Original images/Leaf smut/Leaf smut_666.jpg,Leaf Smut,3,Healthy,0,0.9998953342437744,0,Healthy,0,0.9923800230026245,0,mutual_errors,2,0,0.0,False,False,True,True,False
856,RiceLeafDiseaseBD A Field-Based Annotated Smartpho/RiceLeafDiseaseBD A Field-Based Annotated Smartpho/RiceLeafDiseaseBD/Original images/Leaf smut/Leaf smut_671.jpg,Leaf Smut,3,Healthy,0,0.9998888969421387,0,Healthy,0,0.9977774024009705,0,mutual_errors,2,0,0.0,False,False,True,True,False
857,RiceLeafDiseaseBD A Field-Based Annotated Smartpho/RiceLeafDiseaseBD A Field-Based Annotated Smartpho/RiceLeafDiseaseBD/Original images/Leaf smut/Leaf smut_673.jpg,Leaf Smut,3,Healthy,0,0.9960528612136841,0,Healthy,0,0.8068028688430786,0,mutual_errors,3,0,0.0,False,False,True,True,False
858,RiceLeafDiseaseBD A Field-Based Annotated Smartpho/RiceLeafDiseaseBD A Field-Based Annotated Smartpho/RiceLeafDiseaseBD/Original images/Leaf smut/Leaf smut_679.jpg,Leaf Smut,3,Healthy,0,0.9983170032501221,0,Healthy,0,0.9864102005958557,0,mutual_errors,2,0,0.0,False,False,True,True,False
859,RiceLeafDiseaseBD A Field-Based Annotated Smartpho/RiceLeafDiseaseBD A Field-Based Annotated Smartpho/RiceLeafDiseaseBD/Original images/Leaf smut/Leaf smut_694.jpg,Leaf Smut,3,Healthy,0,0.9931774139404297,0,Healthy,0,0.9979822635650635,0,mutual_errors,1,0,0.0,False,False,True,True,False
860,RiceLeafDiseaseBD A Field-Based Annotated Smartpho/RiceLeafDiseaseBD A Field-Based Annotated Smartpho/RiceLeafDiseaseBD/Original images/Leaf smut/Leaf smut_696.jpg,Leaf Smut,3,Healthy,0,0.9943148493766785,0,Healthy,0,0.9966323971748352,0,mutual_errors,2,0,0.0,False,False,True,True,False
861,RiceLeafDiseaseBD A Field-Based Annotated Smartpho/RiceLeafDiseaseBD A Field-Based Annotated Smartpho/RiceLeafDiseaseBD/Original images/Leaf smut/Leaf smut_698.jpg,Leaf Smut,3,Healthy,0,0.99826580286026,0,Healthy,0,0.9989461302757263,0,mutual_errors,4,0,0.0,False,False,True,True,False
862,RiceLeafDiseaseBD A Field-Based Annotated Smartpho/RiceLeafDiseaseBD A Field-Based Annotated Smartpho/RiceLeafDiseaseBD/Original images/Leaf smut/Leaf smut_705.jpg,Leaf Smut,3,Healthy,0,0.9990236759185791,0,Healthy,0,0.9983533620834351,0,mutual_errors,2,0,0.0,False,False,True,True,False
863,RiceLeafDiseaseBD A Field-Based Annotated Smartpho/RiceLeafDiseaseBD A Field-Based Annotated Smartpho/RiceLeafDiseaseBD/Original images/Leaf smut/Leaf smut_706.jpg,Leaf Smut,3,Healthy,0,0.9986427426338196,0,Healthy,0,0.9976263642311096,0,mutual_errors,2,0,0.0,False,False,True,True,False
864,RiceLeafDiseaseBD A Field-Based Annotated Smartpho/RiceLeafDiseaseBD A Field-Based Annotated Smartpho/RiceLeafDiseaseBD/Original images/Leaf smut/Leaf smut_715.jpg,Leaf Smut,3,Healthy,0,0.9998598098754883,0,Healthy,0,0.6919352412223816,0,mutual_errors,1,0,0.0,False,False,True,False,False
865,RiceLeafDiseaseBD A Field-Based Annotated Smartpho/RiceLeafDiseaseBD A Field-Based Annotated Smartpho/RiceLeafDiseaseBD/Original images/Leaf smut/Leaf smut_718.jpg,Leaf Smut,3,Healthy,0,0.9998949766159058,0,Healthy,0,0.7747682332992554,0,mutual_errors,1,0,0.0,False,False,True,False,False
866,RiceLeafDiseaseBD A Field-Based Annotated Smartpho/RiceLeafDiseaseBD A Field-Based Annotated Smartpho/RiceLeafDiseaseBD/Original images/Leaf smut/Leaf smut_724.jpg,Leaf Smut,3,Healthy,0,0.9993023872375488,0,Brown Spot,2,0.6786949038505554,0,mutual_errors,1,0,0.0,False,False,True,False,False
867,RiceLeafDiseaseBD A Field-Based Annotated Smartpho/RiceLeafDiseaseBD A Field-Based Annotated Smartpho/RiceLeafDiseaseBD/Original images/Leaf smut/Leaf smut_73.jpg,Leaf Smut,3,Healthy,0,0.999849796295166,0,Healthy,0,0.91532301902771,0,mutual_errors,2,0,0.0,False,False,True,True,False
868,RiceLeafDiseaseBD A Field-Based Annotated Smartpho/RiceLeafDiseaseBD A Field-Based Annotated Smartpho/RiceLeafDiseaseBD/Original images/Leaf smut/Leaf smut_75.jpg,Leaf Smut,3,Healthy,0,0.9999234676361084,0,Healthy,0,0.9420668482780457,0,mutual_errors,3,0,0.0,False,False,True,True,False
869,RiceLeafDiseaseBD A Field-Based Annotated Smartpho/RiceLeafDiseaseBD A Field-Based Annotated Smartpho/RiceLeafDiseaseBD/Original images/Leaf smut/Leaf smut_81.jpg,Leaf Smut,3,Healthy,0,0.9994511008262634,0,Healthy,0,0.9733458757400513,0,mutual_errors,1,0,0.0,False,False,True,True,False
870,RiceLeafDiseaseBD A Field-Based Annotated Smartpho/RiceLeafDiseaseBD A Field-Based Annotated Smartpho/RiceLeafDiseaseBD/Original images/Leaf smut/Leaf smut_93.jpg,Leaf Smut,3,Healthy,0,0.9997283816337585,0,Healthy,0,0.9893815517425537,0,mutual_errors,1,0,0.0,False,False,True,True,False
871,RiceLeafDiseaseBD A Field-Based Annotated Smartpho/RiceLeafDiseaseBD A Field-Based Annotated Smartpho/RiceLeafDiseaseBD/Original images/Leaf smut/Leaf smut_98.jpg,Leaf Smut,3,Healthy,0,0.9999864101409912,0,Healthy,0,0.937770426273346,0,mutual_errors,1,0,0.0,False,False,True,True,False
872,RiceLeafDiseaseBD A Field-Based Annotated Smartpho/RiceLeafDiseaseBD A Field-Based Annotated Smartpho/RiceLeafDiseaseBD/Original images/Rice Tungro/Rice Tungro_1004.jpg,Tungro,4,Healthy,0,0.9972924590110779,0,Healthy,0,0.9828678369522095,0,mutual_errors,1,0,0.0,False,False,True,True,False
873,RiceLeafDiseaseBD A Field-Based Annotated Smartpho/RiceLeafDiseaseBD A Field-Based Annotated Smartpho/RiceLeafDiseaseBD/Original images/Rice Tungro/Rice Tungro_1007.jpg,Tungro,4,Healthy,0,0.9988771080970764,0,Healthy,0,0.9773522019386292,0,mutual_errors,3,0,0.0,False,False,True,True,False
874,RiceLeafDiseaseBD A Field-Based Annotated Smartpho/RiceLeafDiseaseBD A Field-Based Annotated Smartpho/RiceLeafDiseaseBD/Original images/Rice Tungro/Rice Tungro_101.jpg,Tungro,4,Healthy,0,0.9954100251197815,0,Healthy,0,0.6914255619049072,0,mutual_errors,2,0,0.0,False,False,True,False,False
875,RiceLeafDiseaseBD A Field-Based Annotated Smartpho/RiceLeafDiseaseBD A Field-Based Annotated Smartpho/RiceLeafDiseaseBD/Original images/Rice Tungro/Rice Tungro_1022.jpg,Tungro,4,Healthy,0,0.9974217414855957,0,Healthy,0,0.9869549870491028,0,mutual_errors,1,0,0.0,False,False,True,True,False
876,RiceLeafDiseaseBD A Field-Based Annotated Smartpho/RiceLeafDiseaseBD A Field-Based Annotated Smartpho/RiceLeafDiseaseBD/Original images/Rice Tungro/Rice Tungro_1023.jpg,Tungro,4,Healthy,0,0.9967209696769714,0,Healthy,0,0.9930099248886108,0,mutual_errors,1,0,0.0,False,False,True,True,False
877,RiceLeafDiseaseBD A Field-Based Annotated Smartpho/RiceLeafDiseaseBD A Field-Based Annotated Smartpho/RiceLeafDiseaseBD/Original images/Rice Tungro/Rice Tungro_1026.jpg,Tungro,4,Healthy,0,0.9965454936027527,0,Healthy,0,0.9913411736488342,0,mutual_errors,1,0,0.0,False,False,True,True,False
878,RiceLeafDiseaseBD A Field-Based Annotated Smartpho/RiceLeafDiseaseBD A Field-Based Annotated Smartpho/RiceLeafDiseaseBD/Original images/Rice Tungro/Rice Tungro_1032.jpg,Tungro,4,Healthy,0,0.9949945211410522,0,Healthy,0,0.995250940322876,0,mutual_errors,2,0,0.0,False,False,True,True,False
879,RiceLeafDiseaseBD A Field-Based Annotated Smartpho/RiceLeafDiseaseBD A Field-Based Annotated Smartpho/RiceLeafDiseaseBD/Original images/Rice Tungro/Rice Tungro_1041.jpg,Tungro,4,Healthy,0,0.9982104301452637,0,Healthy,0,0.9840606451034546,0,mutual_errors,1,0,0.0,False,False,True,True,False
880,RiceLeafDiseaseBD A Field-Based Annotated Smartpho/RiceLeafDiseaseBD A Field-Based Annotated Smartpho/RiceLeafDiseaseBD/Original images/Rice Tungro/Rice Tungro_1042.jpg,Tungro,4,Healthy,0,0.9987164735794067,0,Healthy,0,0.9078809022903442,0,mutual_errors,1,0,0.0,False,False,True,True,False
881,RiceLeafDiseaseBD A Field-Based Annotated Smartpho/RiceLeafDiseaseBD A Field-Based Annotated Smartpho/RiceLeafDiseaseBD/Original images/Rice Tungro/Rice Tungro_1046.jpg,Tungro,4,Healthy,0,0.9988518953323364,0,Healthy,0,0.9916741251945496,0,mutual_errors,1,0,0.0,False,False,True,True,False
882,RiceLeafDiseaseBD A Field-Based Annotated Smartpho/RiceLeafDiseaseBD A Field-Based Annotated Smartpho/RiceLeafDiseaseBD/Original images/Rice Tungro/Rice Tungro_1060.jpg,Tungro,4,Healthy,0,0.9994943141937256,0,Blast,1,0.696803092956543,0,mutual_errors,2,0,0.0,False,False,True,False,False
883,RiceLeafDiseaseBD A Field-Based Annotated Smartpho/RiceLeafDiseaseBD A Field-Based Annotated Smartpho/RiceLeafDiseaseBD/Original images/Rice Tungro/Rice Tungro_1065.jpg,Tungro,4,Healthy,0,0.9994069337844849,0,Blast,1,0.7725284695625305,0,mutual_errors,1,0,0.0,False,False,True,False,False
884,RiceLeafDiseaseBD A Field-Based Annotated Smartpho/RiceLeafDiseaseBD A Field-Based Annotated Smartpho/RiceLeafDiseaseBD/Original images/Rice Tungro/Rice Tungro_1068.jpg,Tungro,4,Healthy,0,0.9996213912963867,0,Healthy,0,0.5414166450500488,0,mutual_errors,1,0,0.0,False,False,True,False,False
885,RiceLeafDiseaseBD A Field-Based Annotated Smartpho/RiceLeafDiseaseBD A Field-Based Annotated Smartpho/RiceLeafDiseaseBD/Original images/Rice Tungro/Rice Tungro_1079.jpg,Tungro,4,Healthy,0,0.9977007508277893,0,Healthy,0,0.9983667731285095,0,mutual_errors,1,0,0.0,False,False,True,True,False
886,RiceLeafDiseaseBD A Field-Based Annotated Smartpho/RiceLeafDiseaseBD A Field-Based Annotated Smartpho/RiceLeafDiseaseBD/Original images/Rice Tungro/Rice Tungro_1090.jpg,Tungro,4,Healthy,0,0.9987198114395142,0,Healthy,0,0.6376044750213623,0,mutual_errors,1,2,0.21044729940569398,False,False,True,False,False
887,RiceLeafDiseaseBD A Field-Based Annotated Smartpho/RiceLeafDiseaseBD A Field-Based Annotated Smartpho/RiceLeafDiseaseBD/Original images/Rice Tungro/Rice Tungro_1096.jpg,Tungro,4,Healthy,0,0.999447762966156,0,Healthy,0,0.8241375088691711,0,mutual_errors,1,0,0.0,False,False,True,True,False
888,RiceLeafDiseaseBD A Field-Based Annotated Smartpho/RiceLeafDiseaseBD A Field-Based Annotated Smartpho/RiceLeafDiseaseBD/Original images/Rice Tungro/Rice Tungro_110.jpg,Tungro,4,Healthy,0,0.99994957447052,0,Healthy,0,0.9701719284057617,0,mutual_errors,1,0,0.0,False,False,True,True,False
889,RiceLeafDiseaseBD A Field-Based Annotated Smartpho/RiceLeafDiseaseBD A Field-Based Annotated Smartpho/RiceLeafDiseaseBD/Original images/Rice Tungro/Rice Tungro_1102.jpg,Tungro,4,Healthy,0,0.9957004189491272,0,Healthy,0,0.9961044788360596,0,mutual_errors,1,0,0.0,False,False,True,True,False
890,RiceLeafDiseaseBD A Field-Based Annotated Smartpho/RiceLeafDiseaseBD A Field-Based Annotated Smartpho/RiceLeafDiseaseBD/Original images/Rice Tungro/Rice Tungro_1114.jpg,Tungro,4,Healthy,0,0.9938336610794067,0,Healthy,0,0.9922189712524414,0,mutual_errors,1,0,0.0,False,False,True,True,False
891,RiceLeafDiseaseBD A Field-Based Annotated Smartpho/RiceLeafDiseaseBD A Field-Based Annotated Smartpho/RiceLeafDiseaseBD/Original images/Rice Tungro/Rice Tungro_112.jpg,Tungro,4,Healthy,0,0.9992590546607971,0,Healthy,0,0.702379584312439,0,mutual_errors,1,0,0.0,False,False,True,False,False
892,RiceLeafDiseaseBD A Field-Based Annotated Smartpho/RiceLeafDiseaseBD A Field-Based Annotated Smartpho/RiceLeafDiseaseBD/Original images/Rice Tungro/Rice Tungro_1120.jpg,Tungro,4,Healthy,0,0.9925087094306946,0,Healthy,0,0.5908616185188293,0,mutual_errors,1,0,0.0,False,False,True,False,False
893,RiceLeafDiseaseBD A Field-Based Annotated Smartpho/RiceLeafDiseaseBD A Field-Based Annotated Smartpho/RiceLeafDiseaseBD/Original images/Rice Tungro/Rice Tungro_1122.jpg,Tungro,4,Healthy,0,0.9789268374443054,0,Blast,1,0.6275613903999329,0,mutual_errors,1,0,0.0,False,False,True,False,False
894,RiceLeafDiseaseBD A Field-Based Annotated Smartpho/RiceLeafDiseaseBD A Field-Based Annotated Smartpho/RiceLeafDiseaseBD/Original images/Rice Tungro/Rice Tungro_1124.jpg,Tungro,4,Healthy,0,0.9997001886367798,0,Healthy,0,0.9057031273841858,0,mutual_errors,1,0,0.0,False,False,True,True,False
895,RiceLeafDiseaseBD A Field-Based Annotated Smartpho/RiceLeafDiseaseBD A Field-Based Annotated Smartpho/RiceLeafDiseaseBD/Original images/Rice Tungro/Rice Tungro_1126.jpg,Tungro,4,Healthy,0,0.9999117851257324,0,Healthy,0,0.8812147974967957,0,mutual_errors,1,0,0.0,False,False,True,True,False
896,RiceLeafDiseaseBD A Field-Based Annotated Smartpho/RiceLeafDiseaseBD A Field-Based Annotated Smartpho/RiceLeafDiseaseBD/Original images/Rice Tungro/Rice Tungro_114.jpg,Tungro,4,Healthy,0,0.9989888072013855,0,Healthy,0,0.996340274810791,0,mutual_errors,2,0,0.0,False,False,True,True,False
897,RiceLeafDiseaseBD A Field-Based Annotated Smartpho/RiceLeafDiseaseBD A Field-Based Annotated Smartpho/RiceLeafDiseaseBD/Original images/Rice Tungro/Rice Tungro_1148.jpg,Tungro,4,Healthy,0,0.9998037219047546,0,Healthy,0,0.6358587145805359,0,mutual_errors,2,0,0.0,False,False,True,False,False
898,RiceLeafDiseaseBD A Field-Based Annotated Smartpho/RiceLeafDiseaseBD A Field-Based Annotated Smartpho/RiceLeafDiseaseBD/Original images/Rice Tungro/Rice Tungro_1149.jpg,Tungro,4,Healthy,0,0.9999004602432251,0,Healthy,0,0.9014080762863159,0,mutual_errors,2,0,0.0,False,False,True,True,False
899,RiceLeafDiseaseBD A Field-Based Annotated Smartpho/RiceLeafDiseaseBD A Field-Based Annotated Smartpho/RiceLeafDiseaseBD/Original images/Rice Tungro/Rice Tungro_1152.jpg,Tungro,4,Healthy,0,0.999894380569458,0,Healthy,0,0.7086570858955383,0,mutual_errors,1,0,0.0,False,False,True,False,False
900,RiceLeafDiseaseBD A Field-Based Annotated Smartpho/RiceLeafDiseaseBD A Field-Based Annotated Smartpho/RiceLeafDiseaseBD/Original images/Rice Tungro/Rice Tungro_1153.jpg,Tungro,4,Healthy,0,0.9945420622825623,0,Healthy,0,0.9856841564178467,0,mutual_errors,1,0,0.0,False,False,True,True,False
901,RiceLeafDiseaseBD A Field-Based Annotated Smartpho/RiceLeafDiseaseBD A Field-Based Annotated Smartpho/RiceLeafDiseaseBD/Original images/Rice Tungro/Rice Tungro_1168.jpg,Tungro,4,Healthy,0,0.9932112693786621,0,Healthy,0,0.9800292253494263,0,mutual_errors,1,0,0.0,False,False,True,True,False
902,RiceLeafDiseaseBD A Field-Based Annotated Smartpho/RiceLeafDiseaseBD A Field-Based Annotated Smartpho/RiceLeafDiseaseBD/Original images/Rice Tungro/Rice Tungro_1169.jpg,Tungro,4,Healthy,0,0.9860872626304626,0,Healthy,0,0.9939112663269043,0,mutual_errors,1,0,0.0,False,False,True,True,False
903,RiceLeafDiseaseBD A Field-Based Annotated Smartpho/RiceLeafDiseaseBD A Field-Based Annotated Smartpho/RiceLeafDiseaseBD/Original images/Rice Tungro/Rice Tungro_1170.jpg,Tungro,4,Healthy,0,0.9971798658370972,0,Blast,1,0.6333891153335571,0,mutual_errors,1,0,0.0,False,False,True,False,False
904,RiceLeafDiseaseBD A Field-Based Annotated Smartpho/RiceLeafDiseaseBD A Field-Based Annotated Smartpho/RiceLeafDiseaseBD/Original images/Rice Tungro/Rice Tungro_1176.jpg,Tungro,4,Healthy,0,0.9884759187698364,0,Healthy,0,0.9980105757713318,0,mutual_errors,1,0,0.0,False,False,True,True,False
905,RiceLeafDiseaseBD A Field-Based Annotated Smartpho/RiceLeafDiseaseBD A Field-Based Annotated Smartpho/RiceLeafDiseaseBD/Original images/Rice Tungro/Rice Tungro_1179.jpg,Tungro,4,Healthy,0,0.9868336319923401,0,Healthy,0,0.9981682300567627,0,mutual_errors,1,0,0.0,False,False,True,True,False
906,RiceLeafDiseaseBD A Field-Based Annotated Smartpho/RiceLeafDiseaseBD A Field-Based Annotated Smartpho/RiceLeafDiseaseBD/Original images/Rice Tungro/Rice Tungro_1184.jpg,Tungro,4,Healthy,0,0.9943991303443909,0,Healthy,0,0.980853259563446,0,mutual_errors,1,0,0.0,False,False,True,True,False
907,RiceLeafDiseaseBD A Field-Based Annotated Smartpho/RiceLeafDiseaseBD A Field-Based Annotated Smartpho/RiceLeafDiseaseBD/Original images/Rice Tungro/Rice Tungro_1188.jpg,Tungro,4,Healthy,0,0.9977359771728516,0,Blast,1,0.6291879415512085,0,mutual_errors,1,0,0.0,False,False,True,False,False
908,RiceLeafDiseaseBD A Field-Based Annotated Smartpho/RiceLeafDiseaseBD A Field-Based Annotated Smartpho/RiceLeafDiseaseBD/Original images/Rice Tungro/Rice Tungro_1196.jpg,Tungro,4,Healthy,0,0.9986292123794556,0,Blast,1,0.7648909687995911,0,mutual_errors,1,0,0.0,False,False,True,False,False
909,RiceLeafDiseaseBD A Field-Based Annotated Smartpho/RiceLeafDiseaseBD A Field-Based Annotated Smartpho/RiceLeafDiseaseBD/Original images/Rice Tungro/Rice Tungro_1199.jpg,Tungro,4,Healthy,0,0.9962924122810364,0,Healthy,0,0.998579740524292,0,mutual_errors,1,0,0.0,False,False,True,True,False
910,RiceLeafDiseaseBD A Field-Based Annotated Smartpho/RiceLeafDiseaseBD A Field-Based Annotated Smartpho/RiceLeafDiseaseBD/Original images/Rice Tungro/Rice Tungro_1202.jpg,Tungro,4,Healthy,0,0.9988095760345459,0,Healthy,0,0.9852220416069031,0,mutual_errors,1,0,0.0,False,False,True,True,False
911,RiceLeafDiseaseBD A Field-Based Annotated Smartpho/RiceLeafDiseaseBD A Field-Based Annotated Smartpho/RiceLeafDiseaseBD/Original images/Rice Tungro/Rice Tungro_1204.jpg,Tungro,4,Healthy,0,0.9962970614433289,0,Healthy,0,0.9724790453910828,0,mutual_errors,1,0,0.0,False,False,True,True,False
912,RiceLeafDiseaseBD A Field-Based Annotated Smartpho/RiceLeafDiseaseBD A Field-Based Annotated Smartpho/RiceLeafDiseaseBD/Original images/Rice Tungro/Rice Tungro_1206.jpg,Tungro,4,Healthy,0,0.9907508492469788,0,Healthy,0,0.9834693670272827,0,mutual_errors,1,0,0.0,False,False,True,True,False
913,RiceLeafDiseaseBD A Field-Based Annotated Smartpho/RiceLeafDiseaseBD A Field-Based Annotated Smartpho/RiceLeafDiseaseBD/Original images/Rice Tungro/Rice Tungro_1207.jpg,Tungro,4,Healthy,0,0.9939706325531006,0,Healthy,0,0.9949896931648254,0,mutual_errors,1,0,0.0,False,False,True,True,False
914,RiceLeafDiseaseBD A Field-Based Annotated Smartpho/RiceLeafDiseaseBD A Field-Based Annotated Smartpho/RiceLeafDiseaseBD/Original images/Rice Tungro/Rice Tungro_121.jpg,Tungro,4,Healthy,0,0.999859094619751,0,Healthy,0,0.959725022315979,0,mutual_errors,2,0,0.0,False,False,True,True,False
915,RiceLeafDiseaseBD A Field-Based Annotated Smartpho/RiceLeafDiseaseBD A Field-Based Annotated Smartpho/RiceLeafDiseaseBD/Original images/Rice Tungro/Rice Tungro_1211.jpg,Tungro,4,Healthy,0,0.9990261793136597,0,Blast,1,0.5055938363075256,0,mutual_errors,1,0,0.0,False,False,True,False,False
916,RiceLeafDiseaseBD A Field-Based Annotated Smartpho/RiceLeafDiseaseBD A Field-Based Annotated Smartpho/RiceLeafDiseaseBD/Original images/Rice Tungro/Rice Tungro_1216.jpg,Tungro,4,Healthy,0,0.9764763712882996,0,Healthy,0,0.9889166355133057,0,mutual_errors,1,0,0.0,False,False,True,True,False
917,RiceLeafDiseaseBD A Field-Based Annotated Smartpho/RiceLeafDiseaseBD A Field-Based Annotated Smartpho/RiceLeafDiseaseBD/Original images/Rice Tungro/Rice Tungro_1222.jpg,Tungro,4,Healthy,0,0.9610157012939453,0,Healthy,0,0.9963125586509705,0,mutual_errors,1,0,0.0,False,False,True,True,False
918,RiceLeafDiseaseBD A Field-Based Annotated Smartpho/RiceLeafDiseaseBD A Field-Based Annotated Smartpho/RiceLeafDiseaseBD/Original images/Rice Tungro/Rice Tungro_1234.jpg,Tungro,4,Healthy,0,0.9999362230300903,0,Blast,1,0.9374439120292664,0,mutual_errors,1,0,0.0,False,False,True,True,False
919,RiceLeafDiseaseBD A Field-Based Annotated Smartpho/RiceLeafDiseaseBD A Field-Based Annotated Smartpho/RiceLeafDiseaseBD/Original images/Rice Tungro/Rice Tungro_124.jpg,Tungro,4,Healthy,0,0.9994935989379883,0,Healthy,0,0.9902161359786987,0,mutual_errors,1,0,0.0,False,False,True,True,False
920,RiceLeafDiseaseBD A Field-Based Annotated Smartpho/RiceLeafDiseaseBD A Field-Based Annotated Smartpho/RiceLeafDiseaseBD/Original images/Rice Tungro/Rice Tungro_1245.jpg,Tungro,4,Healthy,0,0.9731060266494751,0,Healthy,0,0.9448198676109314,0,mutual_errors,1,0,0.0,False,False,True,True,False
921,RiceLeafDiseaseBD A Field-Based Annotated Smartpho/RiceLeafDiseaseBD A Field-Based Annotated Smartpho/RiceLeafDiseaseBD/Original images/Rice Tungro/Rice Tungro_1260.jpg,Tungro,4,Healthy,0,0.998586893081665,0,Brown Spot,2,0.7718936800956726,0,mutual_errors,1,1,0.0,False,False,True,False,False
922,RiceLeafDiseaseBD A Field-Based Annotated Smartpho/RiceLeafDiseaseBD A Field-Based Annotated Smartpho/RiceLeafDiseaseBD/Original images/Rice Tungro/Rice Tungro_1272.jpg,Tungro,4,Healthy,0,0.9797890782356262,0,Tungro,4,0.6143969297409058,1,multitask_wins,1,0,0.0,False,False,True,False,False
923,RiceLeafDiseaseBD A Field-Based Annotated Smartpho/RiceLeafDiseaseBD A Field-Based Annotated Smartpho/RiceLeafDiseaseBD/Original images/Rice Tungro/Rice Tungro_128.jpg,Tungro,4,Healthy,0,0.9998300075531006,0,Blast,1,0.8656835556030273,0,mutual_errors,1,2,0.15931238766741504,False,False,True,True,False
924,RiceLeafDiseaseBD A Field-Based Annotated Smartpho/RiceLeafDiseaseBD A Field-Based Annotated Smartpho/RiceLeafDiseaseBD/Original images/Rice Tungro/Rice Tungro_1313.jpg,Tungro,4,Healthy,0,0.9969269633293152,0,Healthy,0,0.7414253354072571,0,mutual_errors,2,0,0.0,False,False,True,False,False
925,RiceLeafDiseaseBD A Field-Based Annotated Smartpho/RiceLeafDiseaseBD A Field-Based Annotated Smartpho/RiceLeafDiseaseBD/Original images/Rice Tungro/Rice Tungro_1316.jpg,Tungro,4,Healthy,0,0.9954798221588135,0,Blast,1,0.48155322670936584,0,mutual_errors,2,0,0.0,False,False,True,False,False
926,RiceLeafDiseaseBD A Field-Based Annotated Smartpho/RiceLeafDiseaseBD A Field-Based Annotated Smartpho/RiceLeafDiseaseBD/Original images/Rice Tungro/Rice Tungro_1326.jpg,Tungro,4,Healthy,0,0.9984252452850342,0,Blast,1,0.9460640549659729,0,mutual_errors,1,0,0.0,False,False,True,True,False
927,RiceLeafDiseaseBD A Field-Based Annotated Smartpho/RiceLeafDiseaseBD A Field-Based Annotated Smartpho/RiceLeafDiseaseBD/Original images/Rice Tungro/Rice Tungro_1342.jpg,Tungro,4,Healthy,0,0.9978839755058289,0,Blast,1,0.9329475164413452,0,mutual_errors,2,0,0.0,False,False,True,True,False
928,RiceLeafDiseaseBD A Field-Based Annotated Smartpho/RiceLeafDiseaseBD A Field-Based Annotated Smartpho/RiceLeafDiseaseBD/Original images/Rice Tungro/Rice Tungro_1352.jpg,Tungro,4,Healthy,0,0.9999569654464722,0,Healthy,0,0.9867951273918152,0,mutual_errors,2,0,0.0,False,False,True,True,False
929,RiceLeafDiseaseBD A Field-Based Annotated Smartpho/RiceLeafDiseaseBD A Field-Based Annotated Smartpho/RiceLeafDiseaseBD/Original images/Rice Tungro/Rice Tungro_1356.jpg,Tungro,4,Healthy,0,0.9965916872024536,0,Healthy,0,0.9849452376365662,0,mutual_errors,3,0,0.0,False,False,True,True,False
930,RiceLeafDiseaseBD A Field-Based Annotated Smartpho/RiceLeafDiseaseBD A Field-Based Annotated Smartpho/RiceLeafDiseaseBD/Original images/Rice Tungro/Rice Tungro_136.jpg,Tungro,4,Healthy,0,0.9996448755264282,0,Blast,1,0.6052882075309753,0,mutual_errors,1,0,0.0,False,False,True,False,False
931,RiceLeafDiseaseBD A Field-Based Annotated Smartpho/RiceLeafDiseaseBD A Field-Based Annotated Smartpho/RiceLeafDiseaseBD/Original images/Rice Tungro/Rice Tungro_1363.jpg,Tungro,4,Healthy,0,0.9978759288787842,0,Healthy,0,0.995006799697876,0,mutual_errors,2,0,0.0,False,False,True,True,False
932,RiceLeafDiseaseBD A Field-Based Annotated Smartpho/RiceLeafDiseaseBD A Field-Based Annotated Smartpho/RiceLeafDiseaseBD/Original images/Rice Tungro/Rice Tungro_1365.jpg,Tungro,4,Healthy,0,0.9970455765724182,0,Healthy,0,0.9891062378883362,0,mutual_errors,2,0,0.0,False,False,True,True,False
933,RiceLeafDiseaseBD A Field-Based Annotated Smartpho/RiceLeafDiseaseBD A Field-Based Annotated Smartpho/RiceLeafDiseaseBD/Original images/Rice Tungro/Rice Tungro_1366.jpg,Tungro,4,Healthy,0,0.9965333938598633,0,Healthy,0,0.9940272569656372,0,mutual_errors,2,0,0.0,False,False,True,True,False
934,RiceLeafDiseaseBD A Field-Based Annotated Smartpho/RiceLeafDiseaseBD A Field-Based Annotated Smartpho/RiceLeafDiseaseBD/Original images/Rice Tungro/Rice Tungro_1367.jpg,Tungro,4,Healthy,0,0.9879631996154785,0,Healthy,0,0.9647362232208252,0,mutual_errors,1,0,0.0,False,False,True,True,False
935,RiceLeafDiseaseBD A Field-Based Annotated Smartpho/RiceLeafDiseaseBD A Field-Based Annotated Smartpho/RiceLeafDiseaseBD/Original images/Rice Tungro/Rice Tungro_1373.jpg,Tungro,4,Healthy,0,0.9848953485488892,0,Healthy,0,0.968917965888977,0,mutual_errors,1,0,0.0,False,False,True,True,False
936,RiceLeafDiseaseBD A Field-Based Annotated Smartpho/RiceLeafDiseaseBD A Field-Based Annotated Smartpho/RiceLeafDiseaseBD/Original images/Rice Tungro/Rice Tungro_1375.jpg,Tungro,4,Healthy,0,0.9797754287719727,0,Healthy,0,0.963261067867279,0,mutual_errors,1,0,0.0,False,False,True,True,False
937,RiceLeafDiseaseBD A Field-Based Annotated Smartpho/RiceLeafDiseaseBD A Field-Based Annotated Smartpho/RiceLeafDiseaseBD/Original images/Rice Tungro/Rice Tungro_1377.jpg,Tungro,4,Healthy,0,0.9789689779281616,0,Healthy,0,0.9584587216377258,0,mutual_errors,1,0,0.0,False,False,True,True,False
938,RiceLeafDiseaseBD A Field-Based Annotated Smartpho/RiceLeafDiseaseBD A Field-Based Annotated Smartpho/RiceLeafDiseaseBD/Original images/Rice Tungro/Rice Tungro_1379.jpg,Tungro,4,Healthy,0,0.9815564155578613,0,Healthy,0,0.9563509225845337,0,mutual_errors,1,0,0.0,False,False,True,True,False
939,RiceLeafDiseaseBD A Field-Based Annotated Smartpho/RiceLeafDiseaseBD A Field-Based Annotated Smartpho/RiceLeafDiseaseBD/Original images/Rice Tungro/Rice Tungro_139.jpg,Tungro,4,Healthy,0,0.9955359697341919,0,Healthy,0,0.9794837236404419,0,mutual_errors,2,0,0.0,False,False,True,True,False
940,RiceLeafDiseaseBD A Field-Based Annotated Smartpho/RiceLeafDiseaseBD A Field-Based Annotated Smartpho/RiceLeafDiseaseBD/Original images/Rice Tungro/Rice Tungro_1391.jpg,Tungro,4,Healthy,0,0.9996311664581299,0,Healthy,0,0.8922387957572937,0,mutual_errors,3,0,0.0,False,False,True,True,False
941,RiceLeafDiseaseBD A Field-Based Annotated Smartpho/RiceLeafDiseaseBD A Field-Based Annotated Smartpho/RiceLeafDiseaseBD/Original images/Rice Tungro/Rice Tungro_1392.jpg,Tungro,4,Healthy,0,0.9995574355125427,0,Healthy,0,0.9031067490577698,0,mutual_errors,3,0,0.0,False,False,True,True,False
942,RiceLeafDiseaseBD A Field-Based Annotated Smartpho/RiceLeafDiseaseBD A Field-Based Annotated Smartpho/RiceLeafDiseaseBD/Original images/Rice Tungro/Rice Tungro_1393.jpg,Tungro,4,Healthy,0,0.999714195728302,0,Healthy,0,0.9107314348220825,0,mutual_errors,3,0,0.0,False,False,True,True,False
943,RiceLeafDiseaseBD A Field-Based Annotated Smartpho/RiceLeafDiseaseBD A Field-Based Annotated Smartpho/RiceLeafDiseaseBD/Original images/Rice Tungro/Rice Tungro_1396.jpg,Tungro,4,Healthy,0,0.9997252821922302,0,Healthy,0,0.8541195392608643,0,mutual_errors,3,0,0.0,False,False,True,True,False
944,RiceLeafDiseaseBD A Field-Based Annotated Smartpho/RiceLeafDiseaseBD A Field-Based Annotated Smartpho/RiceLeafDiseaseBD/Original images/Rice Tungro/Rice Tungro_140.jpg,Tungro,4,Healthy,0,0.9999470710754395,0,Brown Spot,2,0.7508691549301147,0,mutual_errors,1,0,0.0,False,False,True,False,False
945,RiceLeafDiseaseBD A Field-Based Annotated Smartpho/RiceLeafDiseaseBD A Field-Based Annotated Smartpho/RiceLeafDiseaseBD/Original images/Rice Tungro/Rice Tungro_1406.jpg,Tungro,4,Healthy,0,0.9951620697975159,0,Healthy,0,0.9641203880310059,0,mutual_errors,2,0,0.0,False,False,True,True,False
946,RiceLeafDiseaseBD A Field-Based Annotated Smartpho/RiceLeafDiseaseBD A Field-Based Annotated Smartpho/RiceLeafDiseaseBD/Original images/Rice Tungro/Rice Tungro_1409.jpg,Tungro,4,Healthy,0,0.9947620034217834,0,Healthy,0,0.98005211353302,0,mutual_errors,2,0,0.0,False,False,True,True,False
947,RiceLeafDiseaseBD A Field-Based Annotated Smartpho/RiceLeafDiseaseBD A Field-Based Annotated Smartpho/RiceLeafDiseaseBD/Original images/Rice Tungro/Rice Tungro_1411.jpg,Tungro,4,Healthy,0,0.9947481751441956,0,Healthy,0,0.998424768447876,0,mutual_errors,2,0,0.0,False,False,True,True,False
948,RiceLeafDiseaseBD A Field-Based Annotated Smartpho/RiceLeafDiseaseBD A Field-Based Annotated Smartpho/RiceLeafDiseaseBD/Original images/Rice Tungro/Rice Tungro_1420.jpg,Tungro,4,Healthy,0,0.9997450709342957,0,Blast,1,0.47082680463790894,0,mutual_errors,2,0,0.0,False,False,True,False,False
949,RiceLeafDiseaseBD A Field-Based Annotated Smartpho/RiceLeafDiseaseBD A Field-Based Annotated Smartpho/RiceLeafDiseaseBD/Original images/Rice Tungro/Rice Tungro_1427.jpg,Tungro,4,Healthy,0,0.9999430179595947,0,Healthy,0,0.4314831793308258,0,mutual_errors,2,0,0.0,False,False,True,False,False
950,RiceLeafDiseaseBD A Field-Based Annotated Smartpho/RiceLeafDiseaseBD A Field-Based Annotated Smartpho/RiceLeafDiseaseBD/Original images/Rice Tungro/Rice Tungro_1429.jpg,Tungro,4,Healthy,0,0.9999157190322876,0,Blast,1,0.49645569920539856,0,mutual_errors,2,0,0.0,False,False,True,False,False
951,RiceLeafDiseaseBD A Field-Based Annotated Smartpho/RiceLeafDiseaseBD A Field-Based Annotated Smartpho/RiceLeafDiseaseBD/Original images/Rice Tungro/Rice Tungro_1436.jpg,Tungro,4,Healthy,0,0.9996973276138306,0,Healthy,0,0.9081595540046692,0,mutual_errors,5,0,0.0,False,False,True,True,False
952,RiceLeafDiseaseBD A Field-Based Annotated Smartpho/RiceLeafDiseaseBD A Field-Based Annotated Smartpho/RiceLeafDiseaseBD/Original images/Rice Tungro/Rice Tungro_144.jpg,Tungro,4,Healthy,0,0.9999819993972778,0,Healthy,0,0.5492410063743591,0,mutual_errors,2,0,0.0,False,False,True,False,False
953,RiceLeafDiseaseBD A Field-Based Annotated Smartpho/RiceLeafDiseaseBD A Field-Based Annotated Smartpho/RiceLeafDiseaseBD/Original images/Rice Tungro/Rice Tungro_1448.jpg,Tungro,4,Healthy,0,0.9998348951339722,0,Healthy,0,0.957143247127533,0,mutual_errors,1,0,0.0,False,False,True,True,False
954,RiceLeafDiseaseBD A Field-Based Annotated Smartpho/RiceLeafDiseaseBD A Field-Based Annotated Smartpho/RiceLeafDiseaseBD/Original images/Rice Tungro/Rice Tungro_1450.jpg,Tungro,4,Healthy,0,0.9955421090126038,0,Healthy,0,0.996336817741394,0,mutual_errors,1,0,0.0,False,False,True,True,False
955,RiceLeafDiseaseBD A Field-Based Annotated Smartpho/RiceLeafDiseaseBD A Field-Based Annotated Smartpho/RiceLeafDiseaseBD/Original images/Rice Tungro/Rice Tungro_1452.jpg,Tungro,4,Healthy,0,0.993806004524231,0,Healthy,0,0.9968704581260681,0,mutual_errors,1,0,0.0,False,False,True,True,False
956,RiceLeafDiseaseBD A Field-Based Annotated Smartpho/RiceLeafDiseaseBD A Field-Based Annotated Smartpho/RiceLeafDiseaseBD/Original images/Rice Tungro/Rice Tungro_1457.jpg,Tungro,4,Healthy,0,0.9986312985420227,0,Healthy,0,0.9815178513526917,0,mutual_errors,1,0,0.0,False,False,True,True,False
957,RiceLeafDiseaseBD A Field-Based Annotated Smartpho/RiceLeafDiseaseBD A Field-Based Annotated Smartpho/RiceLeafDiseaseBD/Original images/Rice Tungro/Rice Tungro_146.jpg,Tungro,4,Healthy,0,0.9999316930770874,0,Healthy,0,0.9276289343833923,0,mutual_errors,3,0,0.0,False,False,True,True,False
958,RiceLeafDiseaseBD A Field-Based Annotated Smartpho/RiceLeafDiseaseBD A Field-Based Annotated Smartpho/RiceLeafDiseaseBD/Original images/Rice Tungro/Rice Tungro_1463.jpg,Tungro,4,Healthy,0,0.9866869449615479,0,Healthy,0,0.9913122057914734,0,mutual_errors,2,0,0.0,False,False,True,True,False
959,RiceLeafDiseaseBD A Field-Based Annotated Smartpho/RiceLeafDiseaseBD A Field-Based Annotated Smartpho/RiceLeafDiseaseBD/Original images/Rice Tungro/Rice Tungro_1480.jpg,Tungro,4,Healthy,0,0.9950740933418274,0,Healthy,0,0.9973119497299194,0,mutual_errors,1,0,0.0,False,False,True,True,False
960,RiceLeafDiseaseBD A Field-Based Annotated Smartpho/RiceLeafDiseaseBD A Field-Based Annotated Smartpho/RiceLeafDiseaseBD/Original images/Rice Tungro/Rice Tungro_1486.jpg,Tungro,4,Healthy,0,0.999036431312561,0,Healthy,0,0.9983513355255127,0,mutual_errors,1,0,0.0,False,False,True,True,False
961,RiceLeafDiseaseBD A Field-Based Annotated Smartpho/RiceLeafDiseaseBD A Field-Based Annotated Smartpho/RiceLeafDiseaseBD/Original images/Rice Tungro/Rice Tungro_1487.jpg,Tungro,4,Healthy,0,0.9989251494407654,0,Healthy,0,0.9982277750968933,0,mutual_errors,1,0,0.0,False,False,True,True,False
962,RiceLeafDiseaseBD A Field-Based Annotated Smartpho/RiceLeafDiseaseBD A Field-Based Annotated Smartpho/RiceLeafDiseaseBD/Original images/Rice Tungro/Rice Tungro_1498.jpg,Tungro,4,Healthy,0,0.9878355860710144,0,Healthy,0,0.9983720183372498,0,mutual_errors,1,0,0.0,False,False,True,True,False
963,RiceLeafDiseaseBD A Field-Based Annotated Smartpho/RiceLeafDiseaseBD A Field-Based Annotated Smartpho/RiceLeafDiseaseBD/Original images/Rice Tungro/Rice Tungro_1499.jpg,Tungro,4,Healthy,0,0.9921259880065918,0,Healthy,0,0.9966239929199219,0,mutual_errors,1,0,0.0,False,False,True,True,False
964,RiceLeafDiseaseBD A Field-Based Annotated Smartpho/RiceLeafDiseaseBD A Field-Based Annotated Smartpho/RiceLeafDiseaseBD/Original images/Rice Tungro/Rice Tungro_1501.jpg,Tungro,4,Healthy,0,0.989331841468811,0,Healthy,0,0.9957161545753479,0,mutual_errors,1,0,0.0,False,False,True,True,False
965,RiceLeafDiseaseBD A Field-Based Annotated Smartpho/RiceLeafDiseaseBD A Field-Based Annotated Smartpho/RiceLeafDiseaseBD/Original images/Rice Tungro/Rice Tungro_1512.jpg,Tungro,4,Healthy,0,0.9995214939117432,0,Healthy,0,0.9992930889129639,0,mutual_errors,1,0,0.0,False,False,True,True,False
966,RiceLeafDiseaseBD A Field-Based Annotated Smartpho/RiceLeafDiseaseBD A Field-Based Annotated Smartpho/RiceLeafDiseaseBD/Original images/Rice Tungro/Rice Tungro_1513.jpg,Tungro,4,Healthy,0,0.9842644333839417,0,Healthy,0,0.9958426356315613,0,mutual_errors,1,0,0.0,False,False,True,True,False
967,RiceLeafDiseaseBD A Field-Based Annotated Smartpho/RiceLeafDiseaseBD A Field-Based Annotated Smartpho/RiceLeafDiseaseBD/Original images/Rice Tungro/Rice Tungro_1525.jpg,Tungro,4,Healthy,0,0.9879078269004822,0,Healthy,0,0.9892522692680359,0,mutual_errors,1,0,0.0,False,False,True,True,False
968,RiceLeafDiseaseBD A Field-Based Annotated Smartpho/RiceLeafDiseaseBD A Field-Based Annotated Smartpho/RiceLeafDiseaseBD/Original images/Rice Tungro/Rice Tungro_1530.jpg,Tungro,4,Healthy,0,0.9820687174797058,0,Healthy,0,0.988896369934082,0,mutual_errors,1,0,0.0,False,False,True,True,False
969,RiceLeafDiseaseBD A Field-Based Annotated Smartpho/RiceLeafDiseaseBD A Field-Based Annotated Smartpho/RiceLeafDiseaseBD/Original images/Rice Tungro/Rice Tungro_1542.jpg,Tungro,4,Healthy,0,0.995323121547699,0,Healthy,0,0.9986100196838379,0,mutual_errors,1,0,0.0,False,False,True,True,False
970,RiceLeafDiseaseBD A Field-Based Annotated Smartpho/RiceLeafDiseaseBD A Field-Based Annotated Smartpho/RiceLeafDiseaseBD/Original images/Rice Tungro/Rice Tungro_1543.jpg,Tungro,4,Healthy,0,0.9942789077758789,0,Healthy,0,0.9988948702812195,0,mutual_errors,1,0,0.0,False,False,True,True,False
971,RiceLeafDiseaseBD A Field-Based Annotated Smartpho/RiceLeafDiseaseBD A Field-Based Annotated Smartpho/RiceLeafDiseaseBD/Original images/Rice Tungro/Rice Tungro_1546.jpg,Tungro,4,Healthy,0,0.9978410005569458,0,Healthy,0,0.9947063326835632,0,mutual_errors,1,0,0.0,False,False,True,True,False
972,RiceLeafDiseaseBD A Field-Based Annotated Smartpho/RiceLeafDiseaseBD A Field-Based Annotated Smartpho/RiceLeafDiseaseBD/Original images/Rice Tungro/Rice Tungro_1552.jpg,Tungro,4,Healthy,0,0.9993665814399719,0,Healthy,0,0.9935424327850342,0,mutual_errors,1,0,0.0,False,False,True,True,False
973,RiceLeafDiseaseBD A Field-Based Annotated Smartpho/RiceLeafDiseaseBD A Field-Based Annotated Smartpho/RiceLeafDiseaseBD/Original images/Rice Tungro/Rice Tungro_1559.jpg,Tungro,4,Healthy,0,0.9945186972618103,0,Healthy,0,0.5191225409507751,0,mutual_errors,1,0,0.0,False,False,True,False,False
974,RiceLeafDiseaseBD A Field-Based Annotated Smartpho/RiceLeafDiseaseBD A Field-Based Annotated Smartpho/RiceLeafDiseaseBD/Original images/Rice Tungro/Rice Tungro_1563.jpg,Tungro,4,Healthy,0,0.9962033629417419,0,Healthy,0,0.9419000744819641,0,mutual_errors,2,0,0.0,False,False,True,True,False
975,RiceLeafDiseaseBD A Field-Based Annotated Smartpho/RiceLeafDiseaseBD A Field-Based Annotated Smartpho/RiceLeafDiseaseBD/Original images/Rice Tungro/Rice Tungro_1564.jpg,Tungro,4,Healthy,0,0.9961434006690979,0,Healthy,0,0.9810619950294495,0,mutual_errors,2,0,0.0,False,False,True,True,False
976,RiceLeafDiseaseBD A Field-Based Annotated Smartpho/RiceLeafDiseaseBD A Field-Based Annotated Smartpho/RiceLeafDiseaseBD/Original images/Rice Tungro/Rice Tungro_1575.jpg,Tungro,4,Healthy,0,0.999678373336792,0,Blast,1,0.741534948348999,0,mutual_errors,2,3,0.12234662937611744,False,False,True,False,False
977,RiceLeafDiseaseBD A Field-Based Annotated Smartpho/RiceLeafDiseaseBD A Field-Based Annotated Smartpho/RiceLeafDiseaseBD/Original images/Rice Tungro/Rice Tungro_1577.jpg,Tungro,4,Healthy,0,0.999539852142334,0,Healthy,0,0.9959288239479065,0,mutual_errors,1,0,0.0,False,False,True,True,False
978,RiceLeafDiseaseBD A Field-Based Annotated Smartpho/RiceLeafDiseaseBD A Field-Based Annotated Smartpho/RiceLeafDiseaseBD/Original images/Rice Tungro/Rice Tungro_1579.jpg,Tungro,4,Healthy,0,0.9997979998588562,0,Healthy,0,0.998420238494873,0,mutual_errors,1,0,0.0,False,False,True,True,False
979,RiceLeafDiseaseBD A Field-Based Annotated Smartpho/RiceLeafDiseaseBD A Field-Based Annotated Smartpho/RiceLeafDiseaseBD/Original images/Rice Tungro/Rice Tungro_1585.jpg,Tungro,4,Healthy,0,0.9989413619041443,0,Healthy,0,0.9915942549705505,0,mutual_errors,1,0,0.0,False,False,True,True,False
980,RiceLeafDiseaseBD A Field-Based Annotated Smartpho/RiceLeafDiseaseBD A Field-Based Annotated Smartpho/RiceLeafDiseaseBD/Original images/Rice Tungro/Rice Tungro_1586.jpg,Tungro,4,Healthy,0,0.9974911212921143,0,Healthy,0,0.8791744709014893,0,mutual_errors,1,0,0.0,False,False,True,True,False
981,RiceLeafDiseaseBD A Field-Based Annotated Smartpho/RiceLeafDiseaseBD A Field-Based Annotated Smartpho/RiceLeafDiseaseBD/Original images/Rice Tungro/Rice Tungro_1600.jpg,Tungro,4,Healthy,0,0.9765306115150452,0,Healthy,0,0.9930487871170044,0,mutual_errors,2,0,0.0,False,False,True,True,False
982,RiceLeafDiseaseBD A Field-Based Annotated Smartpho/RiceLeafDiseaseBD A Field-Based Annotated Smartpho/RiceLeafDiseaseBD/Original images/Rice Tungro/Rice Tungro_1602.jpg,Tungro,4,Healthy,0,0.9774630069732666,0,Healthy,0,0.988262951374054,0,mutual_errors,2,1,0.0,False,False,True,True,False
983,RiceLeafDiseaseBD A Field-Based Annotated Smartpho/RiceLeafDiseaseBD A Field-Based Annotated Smartpho/RiceLeafDiseaseBD/Original images/Rice Tungro/Rice Tungro_1614.jpg,Tungro,4,Healthy,0,0.9975321292877197,0,Healthy,0,0.9979898929595947,0,mutual_errors,1,0,0.0,False,False,True,True,False
984,RiceLeafDiseaseBD A Field-Based Annotated Smartpho/RiceLeafDiseaseBD A Field-Based Annotated Smartpho/RiceLeafDiseaseBD/Original images/Rice Tungro/Rice Tungro_1638.jpg,Tungro,4,Healthy,0,0.9995632767677307,0,Brown Spot,2,0.9993693232536316,0,mutual_errors,2,0,0.0,False,False,True,True,False
985,RiceLeafDiseaseBD A Field-Based Annotated Smartpho/RiceLeafDiseaseBD A Field-Based Annotated Smartpho/RiceLeafDiseaseBD/Original images/Rice Tungro/Rice Tungro_1639.jpg,Tungro,4,Healthy,0,0.9993510842323303,0,Blast,1,0.9632093906402588,0,mutual_errors,2,0,0.0,False,False,True,True,False
986,RiceLeafDiseaseBD A Field-Based Annotated Smartpho/RiceLeafDiseaseBD A Field-Based Annotated Smartpho/RiceLeafDiseaseBD/Original images/Rice Tungro/Rice Tungro_1641.jpg,Tungro,4,Healthy,0,0.9996312856674194,0,Blast,1,0.4160448908805847,0,mutual_errors,2,0,0.0,False,False,True,False,False
987,RiceLeafDiseaseBD A Field-Based Annotated Smartpho/RiceLeafDiseaseBD A Field-Based Annotated Smartpho/RiceLeafDiseaseBD/Original images/Rice Tungro/Rice Tungro_1651.jpg,Tungro,4,Healthy,0,0.9996547698974609,0,Brown Spot,2,0.9899245500564575,0,mutual_errors,2,0,0.0,False,False,True,True,False
988,RiceLeafDiseaseBD A Field-Based Annotated Smartpho/RiceLeafDiseaseBD A Field-Based Annotated Smartpho/RiceLeafDiseaseBD/Original images/Rice Tungro/Rice Tungro_1654.jpg,Tungro,4,Healthy,0,0.9996114373207092,0,Brown Spot,2,0.5255721807479858,0,mutual_errors,2,0,0.0,False,False,True,False,False
989,RiceLeafDiseaseBD A Field-Based Annotated Smartpho/RiceLeafDiseaseBD A Field-Based Annotated Smartpho/RiceLeafDiseaseBD/Original images/Rice Tungro/Rice Tungro_1667.jpg,Tungro,4,Healthy,0,0.9956620335578918,0,Brown Spot,2,0.9996532201766968,0,mutual_errors,2,3,0.11694407957525225,False,False,True,True,False
990,RiceLeafDiseaseBD A Field-Based Annotated Smartpho/RiceLeafDiseaseBD A Field-Based Annotated Smartpho/RiceLeafDiseaseBD/Original images/Rice Tungro/Rice Tungro_167.jpg,Tungro,4,Healthy,0,0.9999253749847412,0,Healthy,0,0.9282577633857727,0,mutual_errors,1,0,0.0,False,False,True,True,False
991,RiceLeafDiseaseBD A Field-Based Annotated Smartpho/RiceLeafDiseaseBD A Field-Based Annotated Smartpho/RiceLeafDiseaseBD/Original images/Rice Tungro/Rice Tungro_1679.jpg,Tungro,4,Healthy,0,0.9791498780250549,0,Healthy,0,0.983866274356842,0,mutual_errors,1,1,0.021868622934716614,False,False,True,True,False
992,RiceLeafDiseaseBD A Field-Based Annotated Smartpho/RiceLeafDiseaseBD A Field-Based Annotated Smartpho/RiceLeafDiseaseBD/Original images/Rice Tungro/Rice Tungro_1686.jpg,Tungro,4,Healthy,0,0.9869785308837891,0,Healthy,0,0.9800798296928406,0,mutual_errors,1,0,0.0,False,False,True,True,False
993,RiceLeafDiseaseBD A Field-Based Annotated Smartpho/RiceLeafDiseaseBD A Field-Based Annotated Smartpho/RiceLeafDiseaseBD/Original images/Rice Tungro/Rice Tungro_1692.jpg,Tungro,4,Healthy,0,0.9854551553726196,0,Healthy,0,0.919480562210083,0,mutual_errors,2,0,0.0,False,False,True,True,False
994,RiceLeafDiseaseBD A Field-Based Annotated Smartpho/RiceLeafDiseaseBD A Field-Based Annotated Smartpho/RiceLeafDiseaseBD/Original images/Rice Tungro/Rice Tungro_1707.jpg,Tungro,4,Healthy,0,0.9751394391059875,0,Healthy,0,0.9973927736282349,0,mutual_errors,1,0,0.0,False,False,True,True,False
995,RiceLeafDiseaseBD A Field-Based Annotated Smartpho/RiceLeafDiseaseBD A Field-Based Annotated Smartpho/RiceLeafDiseaseBD/Original images/Rice Tungro/Rice Tungro_171.jpg,Tungro,4,Healthy,0,0.9994732737541199,0,Healthy,0,0.9242485165596008,0,mutual_errors,3,0,0.0,False,False,True,True,False
996,RiceLeafDiseaseBD A Field-Based Annotated Smartpho/RiceLeafDiseaseBD A Field-Based Annotated Smartpho/RiceLeafDiseaseBD/Original images/Rice Tungro/Rice Tungro_1710.jpg,Tungro,4,Healthy,0,0.9845937490463257,0,Healthy,0,0.997917115688324,0,mutual_errors,1,0,0.0,False,False,True,True,False
997,RiceLeafDiseaseBD A Field-Based Annotated Smartpho/RiceLeafDiseaseBD A Field-Based Annotated Smartpho/RiceLeafDiseaseBD/Original images/Rice Tungro/Rice Tungro_1711.jpg,Tungro,4,Healthy,0,0.9801651239395142,0,Healthy,0,0.9971669316291809,0,mutual_errors,1,0,0.0,False,False,True,True,False
998,RiceLeafDiseaseBD A Field-Based Annotated Smartpho/RiceLeafDiseaseBD A Field-Based Annotated Smartpho/RiceLeafDiseaseBD/Original images/Rice Tungro/Rice Tungro_1714.jpg,Tungro,4,Healthy,0,0.9939629435539246,0,Healthy,0,0.9996578693389893,0,mutual_errors,2,0,0.0,False,False,True,True,False
999,RiceLeafDiseaseBD A Field-Based Annotated Smartpho/RiceLeafDiseaseBD A Field-Based Annotated Smartpho/RiceLeafDiseaseBD/Original images/Rice Tungro/Rice Tungro_1725.jpg,Tungro,4,Healthy,0,0.991520345211029,0,Healthy,0,0.94007807970047,0,mutual_errors,1,1,0.0,False,False,True,True,False
1000,RiceLeafDiseaseBD A Field-Based Annotated Smartpho/RiceLeafDiseaseBD A Field-Based Annotated Smartpho/RiceLeafDiseaseBD/Original images/Rice Tungro/Rice Tungro_1738.jpg,Tungro,4,Healthy,0,0.9890702962875366,0,Healthy,0,0.9865191578865051,0,mutual_errors,3,3,0.2291432187007832,False,False,True,False,False
1001,RiceLeafDiseaseBD A Field-Based Annotated Smartpho/RiceLeafDiseaseBD A Field-Based Annotated Smartpho/RiceLeafDiseaseBD/Original images/Rice Tungro/Rice Tungro_1742.jpg,Tungro,4,Healthy,0,0.9924666285514832,0,Healthy,0,0.9965171813964844,0,mutual_errors,3,0,0.0,False,False,True,True,False
1002,RiceLeafDiseaseBD A Field-Based Annotated Smartpho/RiceLeafDiseaseBD A Field-Based Annotated Smartpho/RiceLeafDiseaseBD/Original images/Rice Tungro/Rice Tungro_1743.jpg,Tungro,4,Healthy,0,0.9995461106300354,0,Healthy,0,0.997090220451355,0,mutual_errors,2,0,0.0,False,False,True,True,False
1003,RiceLeafDiseaseBD A Field-Based Annotated Smartpho/RiceLeafDiseaseBD A Field-Based Annotated Smartpho/RiceLeafDiseaseBD/Original images/Rice Tungro/Rice Tungro_1748.jpg,Tungro,4,Healthy,0,0.9997689127922058,0,Healthy,0,0.9937211275100708,0,mutual_errors,1,0,0.0,False,False,True,True,False
1004,RiceLeafDiseaseBD A Field-Based Annotated Smartpho/RiceLeafDiseaseBD A Field-Based Annotated Smartpho/RiceLeafDiseaseBD/Original images/Rice Tungro/Rice Tungro_1762.jpg,Tungro,4,Healthy,0,0.9961907863616943,0,Healthy,0,0.9955883026123047,0,mutual_errors,1,0,0.0,False,False,True,True,False
1005,RiceLeafDiseaseBD A Field-Based Annotated Smartpho/RiceLeafDiseaseBD A Field-Based Annotated Smartpho/RiceLeafDiseaseBD/Original images/Rice Tungro/Rice Tungro_1768.jpg,Tungro,4,Healthy,0,0.9955602884292603,0,Healthy,0,0.9962741136550903,0,mutual_errors,1,0,0.0,False,False,True,True,False
1006,RiceLeafDiseaseBD A Field-Based Annotated Smartpho/RiceLeafDiseaseBD A Field-Based Annotated Smartpho/RiceLeafDiseaseBD/Original images/Rice Tungro/Rice Tungro_1771.jpg,Tungro,4,Healthy,0,0.9984166622161865,0,Healthy,0,0.9972969889640808,0,mutual_errors,1,0,0.0,False,False,True,True,False
1007,RiceLeafDiseaseBD A Field-Based Annotated Smartpho/RiceLeafDiseaseBD A Field-Based Annotated Smartpho/RiceLeafDiseaseBD/Original images/Rice Tungro/Rice Tungro_1779.jpg,Tungro,4,Healthy,0,0.9970447421073914,0,Healthy,0,0.9428005814552307,0,mutual_errors,1,0,0.0,False,False,True,True,False
1008,RiceLeafDiseaseBD A Field-Based Annotated Smartpho/RiceLeafDiseaseBD A Field-Based Annotated Smartpho/RiceLeafDiseaseBD/Original images/Rice Tungro/Rice Tungro_1780.jpg,Tungro,4,Healthy,0,0.9967531561851501,0,Healthy,0,0.9828472137451172,0,mutual_errors,1,0,0.0,False,False,True,True,False
1009,RiceLeafDiseaseBD A Field-Based Annotated Smartpho/RiceLeafDiseaseBD A Field-Based Annotated Smartpho/RiceLeafDiseaseBD/Original images/Rice Tungro/Rice Tungro_1788.jpg,Tungro,4,Healthy,0,0.9992266893386841,0,Healthy,0,0.9849140048027039,0,mutual_errors,1,0,0.0,False,False,True,True,False
1010,RiceLeafDiseaseBD A Field-Based Annotated Smartpho/RiceLeafDiseaseBD A Field-Based Annotated Smartpho/RiceLeafDiseaseBD/Original images/Rice Tungro/Rice Tungro_1793.jpg,Tungro,4,Healthy,0,0.9953439831733704,0,Healthy,0,0.9540715217590332,0,mutual_errors,1,0,0.0,False,False,True,True,False
1011,RiceLeafDiseaseBD A Field-Based Annotated Smartpho/RiceLeafDiseaseBD A Field-Based Annotated Smartpho/RiceLeafDiseaseBD/Original images/Rice Tungro/Rice Tungro_1809.jpg,Tungro,4,Healthy,0,0.999014139175415,0,Healthy,0,0.9869041442871094,0,mutual_errors,2,0,0.0,False,False,True,True,False
1012,RiceLeafDiseaseBD A Field-Based Annotated Smartpho/RiceLeafDiseaseBD A Field-Based Annotated Smartpho/RiceLeafDiseaseBD/Original images/Rice Tungro/Rice Tungro_183.jpg,Tungro,4,Healthy,0,0.9998667240142822,0,Healthy,0,0.9923685193061829,0,mutual_errors,1,0,0.0,False,False,True,True,False
1013,RiceLeafDiseaseBD A Field-Based Annotated Smartpho/RiceLeafDiseaseBD A Field-Based Annotated Smartpho/RiceLeafDiseaseBD/Original images/Rice Tungro/Rice Tungro_1831.jpg,Tungro,4,Healthy,0,0.999832034111023,0,Healthy,0,0.830929160118103,0,mutual_errors,1,0,0.0,False,False,True,True,False
1014,RiceLeafDiseaseBD A Field-Based Annotated Smartpho/RiceLeafDiseaseBD A Field-Based Annotated Smartpho/RiceLeafDiseaseBD/Original images/Rice Tungro/Rice Tungro_1838.jpg,Tungro,4,Healthy,0,0.9997361302375793,0,Blast,1,0.9855330586433411,0,mutual_errors,1,0,0.0,False,False,True,True,False
1015,RiceLeafDiseaseBD A Field-Based Annotated Smartpho/RiceLeafDiseaseBD A Field-Based Annotated Smartpho/RiceLeafDiseaseBD/Original images/Rice Tungro/Rice Tungro_1841.jpg,Tungro,4,Healthy,0,0.9999158382415771,0,Healthy,0,0.9835686087608337,0,mutual_errors,1,0,0.0,False,False,True,True,False
1016,RiceLeafDiseaseBD A Field-Based Annotated Smartpho/RiceLeafDiseaseBD A Field-Based Annotated Smartpho/RiceLeafDiseaseBD/Original images/Rice Tungro/Rice Tungro_1842.jpg,Tungro,4,Healthy,0,0.9999607801437378,0,Healthy,0,0.9921362400054932,0,mutual_errors,1,0,0.0,False,False,True,True,False
1017,RiceLeafDiseaseBD A Field-Based Annotated Smartpho/RiceLeafDiseaseBD A Field-Based Annotated Smartpho/RiceLeafDiseaseBD/Original images/Rice Tungro/Rice Tungro_1845.jpg,Tungro,4,Healthy,0,0.9999856948852539,0,Healthy,0,0.9893804788589478,0,mutual_errors,1,0,0.0,False,False,True,True,False
1018,RiceLeafDiseaseBD A Field-Based Annotated Smartpho/RiceLeafDiseaseBD A Field-Based Annotated Smartpho/RiceLeafDiseaseBD/Original images/Rice Tungro/Rice Tungro_1849.jpg,Tungro,4,Healthy,0,0.9989280104637146,0,Healthy,0,0.9748830199241638,0,mutual_errors,1,0,0.0,False,False,True,True,False
1019,RiceLeafDiseaseBD A Field-Based Annotated Smartpho/RiceLeafDiseaseBD A Field-Based Annotated Smartpho/RiceLeafDiseaseBD/Original images/Rice Tungro/Rice Tungro_185.jpg,Tungro,4,Healthy,0,0.9993316531181335,0,Healthy,0,0.936186671257019,0,mutual_errors,2,0,0.0,False,False,True,True,False
1020,RiceLeafDiseaseBD A Field-Based Annotated Smartpho/RiceLeafDiseaseBD A Field-Based Annotated Smartpho/RiceLeafDiseaseBD/Original images/Rice Tungro/Rice Tungro_1852.jpg,Tungro,4,Healthy,0,0.9990653395652771,0,Healthy,0,0.9865865707397461,0,mutual_errors,1,0,0.0,False,False,True,True,False
1021,RiceLeafDiseaseBD A Field-Based Annotated Smartpho/RiceLeafDiseaseBD A Field-Based Annotated Smartpho/RiceLeafDiseaseBD/Original images/Rice Tungro/Rice Tungro_1883.jpg,Tungro,4,Healthy,0,0.9987781643867493,0,Healthy,0,0.9947806000709534,0,mutual_errors,1,0,0.0,False,False,True,True,False
1022,RiceLeafDiseaseBD A Field-Based Annotated Smartpho/RiceLeafDiseaseBD A Field-Based Annotated Smartpho/RiceLeafDiseaseBD/Original images/Rice Tungro/Rice Tungro_1887.jpg,Tungro,4,Healthy,0,0.9974642992019653,0,Healthy,0,0.9964898228645325,0,mutual_errors,2,0,0.0,False,False,True,True,False
1023,RiceLeafDiseaseBD A Field-Based Annotated Smartpho/RiceLeafDiseaseBD A Field-Based Annotated Smartpho/RiceLeafDiseaseBD/Original images/Rice Tungro/Rice Tungro_1888.jpg,Tungro,4,Healthy,0,0.9974318146705627,0,Healthy,0,0.9947728514671326,0,mutual_errors,2,0,0.0,False,False,True,True,False
1024,RiceLeafDiseaseBD A Field-Based Annotated Smartpho/RiceLeafDiseaseBD A Field-Based Annotated Smartpho/RiceLeafDiseaseBD/Original images/Rice Tungro/Rice Tungro_1889.jpg,Tungro,4,Healthy,0,0.995560884475708,0,Healthy,0,0.9962854385375977,0,mutual_errors,2,0,0.0,False,False,True,True,False
1025,RiceLeafDiseaseBD A Field-Based Annotated Smartpho/RiceLeafDiseaseBD A Field-Based Annotated Smartpho/RiceLeafDiseaseBD/Original images/Rice Tungro/Rice Tungro_1890.jpg,Tungro,4,Healthy,0,0.9941287040710449,0,Healthy,0,0.9986079335212708,0,mutual_errors,2,0,0.0,False,False,True,True,False
1026,RiceLeafDiseaseBD A Field-Based Annotated Smartpho/RiceLeafDiseaseBD A Field-Based Annotated Smartpho/RiceLeafDiseaseBD/Original images/Rice Tungro/Rice Tungro_1894.jpg,Tungro,4,Healthy,0,0.9958615899085999,0,Healthy,0,0.9818930625915527,0,mutual_errors,2,0,0.0,False,False,True,True,False
1027,RiceLeafDiseaseBD A Field-Based Annotated Smartpho/RiceLeafDiseaseBD A Field-Based Annotated Smartpho/RiceLeafDiseaseBD/Original images/Rice Tungro/Rice Tungro_1895.jpg,Tungro,4,Healthy,0,0.9949919581413269,0,Healthy,0,0.9841127991676331,0,mutual_errors,2,0,0.0,False,False,True,True,False
1028,RiceLeafDiseaseBD A Field-Based Annotated Smartpho/RiceLeafDiseaseBD A Field-Based Annotated Smartpho/RiceLeafDiseaseBD/Original images/Rice Tungro/Rice Tungro_1898.jpg,Tungro,4,Healthy,0,0.9947351813316345,0,Healthy,0,0.9823060631752014,0,mutual_errors,2,0,0.0,False,False,True,True,False
1029,RiceLeafDiseaseBD A Field-Based Annotated Smartpho/RiceLeafDiseaseBD A Field-Based Annotated Smartpho/RiceLeafDiseaseBD/Original images/Rice Tungro/Rice Tungro_1911.jpg,Tungro,4,Healthy,0,0.9995021820068359,0,Healthy,0,0.9995414018630981,0,mutual_errors,1,0,0.0,False,False,True,True,False
1030,RiceLeafDiseaseBD A Field-Based Annotated Smartpho/RiceLeafDiseaseBD A Field-Based Annotated Smartpho/RiceLeafDiseaseBD/Original images/Rice Tungro/Rice Tungro_1914.jpg,Tungro,4,Healthy,0,0.999514102935791,0,Healthy,0,0.9991556406021118,0,mutual_errors,1,0,0.0,False,False,True,True,False
1031,RiceLeafDiseaseBD A Field-Based Annotated Smartpho/RiceLeafDiseaseBD A Field-Based Annotated Smartpho/RiceLeafDiseaseBD/Original images/Rice Tungro/Rice Tungro_1924.jpg,Tungro,4,Healthy,0,0.9998200535774231,0,Blast,1,0.942652702331543,0,mutual_errors,1,0,0.0,False,False,True,True,False
1032,RiceLeafDiseaseBD A Field-Based Annotated Smartpho/RiceLeafDiseaseBD A Field-Based Annotated Smartpho/RiceLeafDiseaseBD/Original images/Rice Tungro/Rice Tungro_1933.jpg,Tungro,4,Healthy,0,0.9999123811721802,0,Healthy,0,0.6685214042663574,0,mutual_errors,1,0,0.0,False,False,True,False,False
1033,RiceLeafDiseaseBD A Field-Based Annotated Smartpho/RiceLeafDiseaseBD A Field-Based Annotated Smartpho/RiceLeafDiseaseBD/Original images/Rice Tungro/Rice Tungro_1934.jpg,Tungro,4,Healthy,0,0.9999555349349976,0,Healthy,0,0.6025800108909607,0,mutual_errors,1,0,0.0,False,False,True,False,False
1034,RiceLeafDiseaseBD A Field-Based Annotated Smartpho/RiceLeafDiseaseBD A Field-Based Annotated Smartpho/RiceLeafDiseaseBD/Original images/Rice Tungro/Rice Tungro_1944.jpg,Tungro,4,Healthy,0,0.9916648268699646,0,Healthy,0,0.9885885715484619,0,mutual_errors,1,0,0.0,False,False,True,True,False
1035,RiceLeafDiseaseBD A Field-Based Annotated Smartpho/RiceLeafDiseaseBD A Field-Based Annotated Smartpho/RiceLeafDiseaseBD/Original images/Rice Tungro/Rice Tungro_1948.jpg,Tungro,4,Healthy,0,0.9895880222320557,0,Healthy,0,0.9861781597137451,0,mutual_errors,1,0,0.0,False,False,True,True,False
1036,RiceLeafDiseaseBD A Field-Based Annotated Smartpho/RiceLeafDiseaseBD A Field-Based Annotated Smartpho/RiceLeafDiseaseBD/Original images/Rice Tungro/Rice Tungro_1951.jpg,Tungro,4,Healthy,0,0.9876805543899536,0,Healthy,0,0.993370771408081,0,mutual_errors,1,0,0.0,False,False,True,True,False
1037,RiceLeafDiseaseBD A Field-Based Annotated Smartpho/RiceLeafDiseaseBD A Field-Based Annotated Smartpho/RiceLeafDiseaseBD/Original images/Rice Tungro/Rice Tungro_1957.jpg,Tungro,4,Healthy,0,0.9892672300338745,0,Healthy,0,0.9975057244300842,0,mutual_errors,2,3,0.12893505257215593,False,False,True,True,False
1038,RiceLeafDiseaseBD A Field-Based Annotated Smartpho/RiceLeafDiseaseBD A Field-Based Annotated Smartpho/RiceLeafDiseaseBD/Original images/Rice Tungro/Rice Tungro_1965.jpg,Tungro,4,Healthy,0,0.9961836934089661,0,Healthy,0,0.9953526258468628,0,mutual_errors,1,0,0.0,False,False,True,True,False
1039,RiceLeafDiseaseBD A Field-Based Annotated Smartpho/RiceLeafDiseaseBD A Field-Based Annotated Smartpho/RiceLeafDiseaseBD/Original images/Rice Tungro/Rice Tungro_1967.jpg,Tungro,4,Healthy,0,0.9958028197288513,0,Healthy,0,0.9943434000015259,0,mutual_errors,1,0,0.0,False,False,True,True,False
1040,RiceLeafDiseaseBD A Field-Based Annotated Smartpho/RiceLeafDiseaseBD A Field-Based Annotated Smartpho/RiceLeafDiseaseBD/Original images/Rice Tungro/Rice Tungro_1979.jpg,Tungro,4,Healthy,0,0.9998571872711182,0,Healthy,0,0.9943417310714722,0,mutual_errors,1,0,0.0,False,False,True,True,False
1041,RiceLeafDiseaseBD A Field-Based Annotated Smartpho/RiceLeafDiseaseBD A Field-Based Annotated Smartpho/RiceLeafDiseaseBD/Original images/Rice Tungro/Rice Tungro_1981.jpg,Tungro,4,Healthy,0,0.9998434782028198,0,Healthy,0,0.9974210262298584,0,mutual_errors,1,0,0.0,False,False,True,True,False
1042,RiceLeafDiseaseBD A Field-Based Annotated Smartpho/RiceLeafDiseaseBD A Field-Based Annotated Smartpho/RiceLeafDiseaseBD/Original images/Rice Tungro/Rice Tungro_1987.jpg,Tungro,4,Healthy,0,0.9920530319213867,0,Healthy,0,0.9930585622787476,0,mutual_errors,1,0,0.0,False,False,True,True,False
1043,RiceLeafDiseaseBD A Field-Based Annotated Smartpho/RiceLeafDiseaseBD A Field-Based Annotated Smartpho/RiceLeafDiseaseBD/Original images/Rice Tungro/Rice Tungro_1989.jpg,Tungro,4,Healthy,0,0.9910591244697571,0,Healthy,0,0.9973612427711487,0,mutual_errors,1,0,0.0,False,False,True,True,False
1044,RiceLeafDiseaseBD A Field-Based Annotated Smartpho/RiceLeafDiseaseBD A Field-Based Annotated Smartpho/RiceLeafDiseaseBD/Original images/Rice Tungro/Rice Tungro_2001.jpg,Tungro,4,Healthy,0,0.9738897085189819,0,Healthy,0,0.9508205056190491,0,mutual_errors,1,0,0.0,False,False,True,True,False
1045,RiceLeafDiseaseBD A Field-Based Annotated Smartpho/RiceLeafDiseaseBD A Field-Based Annotated Smartpho/RiceLeafDiseaseBD/Original images/Rice Tungro/Rice Tungro_2015.jpg,Tungro,4,Healthy,0,0.9996294975280762,0,Healthy,0,0.9979908466339111,0,mutual_errors,1,2,0.0,False,False,True,True,False
1046,RiceLeafDiseaseBD A Field-Based Annotated Smartpho/RiceLeafDiseaseBD A Field-Based Annotated Smartpho/RiceLeafDiseaseBD/Original images/Rice Tungro/Rice Tungro_2021.jpg,Tungro,4,Healthy,0,0.9976751208305359,0,Healthy,0,0.999138355255127,0,mutual_errors,1,0,0.0,False,False,True,True,False
1047,RiceLeafDiseaseBD A Field-Based Annotated Smartpho/RiceLeafDiseaseBD A Field-Based Annotated Smartpho/RiceLeafDiseaseBD/Original images/Rice Tungro/Rice Tungro_2024.jpg,Tungro,4,Healthy,0,0.995931088924408,0,Healthy,0,0.9991412162780762,0,mutual_errors,1,0,0.0,False,False,True,True,False
1048,RiceLeafDiseaseBD A Field-Based Annotated Smartpho/RiceLeafDiseaseBD A Field-Based Annotated Smartpho/RiceLeafDiseaseBD/Original images/Rice Tungro/Rice Tungro_2042.jpg,Tungro,4,Healthy,0,0.9996808767318726,0,Healthy,0,0.9630340337753296,0,mutual_errors,2,0,0.0,False,False,True,True,False
1049,RiceLeafDiseaseBD A Field-Based Annotated Smartpho/RiceLeafDiseaseBD A Field-Based Annotated Smartpho/RiceLeafDiseaseBD/Original images/Rice Tungro/Rice Tungro_2056.jpg,Tungro,4,Healthy,0,0.987944483757019,0,Healthy,0,0.9793537855148315,0,mutual_errors,2,0,0.0,False,False,True,True,False
1050,RiceLeafDiseaseBD A Field-Based Annotated Smartpho/RiceLeafDiseaseBD A Field-Based Annotated Smartpho/RiceLeafDiseaseBD/Original images/Rice Tungro/Rice Tungro_2061.jpg,Tungro,4,Healthy,0,0.984203577041626,0,Healthy,0,0.9644870758056641,0,mutual_errors,2,0,0.0,False,False,True,True,False
1051,RiceLeafDiseaseBD A Field-Based Annotated Smartpho/RiceLeafDiseaseBD A Field-Based Annotated Smartpho/RiceLeafDiseaseBD/Original images/Rice Tungro/Rice Tungro_2072.jpg,Tungro,4,Healthy,0,0.9991971850395203,0,Healthy,0,0.9259093403816223,0,mutual_errors,1,3,0.12161813503559232,False,False,True,True,False
1052,RiceLeafDiseaseBD A Field-Based Annotated Smartpho/RiceLeafDiseaseBD A Field-Based Annotated Smartpho/RiceLeafDiseaseBD/Original images/Rice Tungro/Rice Tungro_2077.jpg,Tungro,4,Healthy,0,0.9991004467010498,0,Healthy,0,0.9117153286933899,0,mutual_errors,1,3,0.16342586186946037,False,False,True,True,False
1053,RiceLeafDiseaseBD A Field-Based Annotated Smartpho/RiceLeafDiseaseBD A Field-Based Annotated Smartpho/RiceLeafDiseaseBD/Original images/Rice Tungro/Rice Tungro_2079.jpg,Tungro,4,Healthy,0,0.9990122318267822,0,Healthy,0,0.9196403622627258,0,mutual_errors,1,3,0.1584199715471198,False,False,True,True,False
1054,RiceLeafDiseaseBD A Field-Based Annotated Smartpho/RiceLeafDiseaseBD A Field-Based Annotated Smartpho/RiceLeafDiseaseBD/Original images/Rice Tungro/Rice Tungro_2093.jpg,Tungro,4,Healthy,0,0.9998966455459595,0,Healthy,0,0.6804103255271912,0,mutual_errors,1,0,0.0,False,False,True,False,False
1055,RiceLeafDiseaseBD A Field-Based Annotated Smartpho/RiceLeafDiseaseBD A Field-Based Annotated Smartpho/RiceLeafDiseaseBD/Original images/Rice Tungro/Rice Tungro_2102.jpg,Tungro,4,Healthy,0,0.9993460774421692,0,Healthy,0,0.365617960691452,0,mutual_errors,1,0,0.0,False,False,True,False,False
1056,RiceLeafDiseaseBD A Field-Based Annotated Smartpho/RiceLeafDiseaseBD A Field-Based Annotated Smartpho/RiceLeafDiseaseBD/Original images/Rice Tungro/Rice Tungro_2107.jpg,Tungro,4,Healthy,0,0.9997777342796326,0,Healthy,0,0.7261324524879456,0,mutual_errors,1,0,0.0,False,False,True,False,False
1057,RiceLeafDiseaseBD A Field-Based Annotated Smartpho/RiceLeafDiseaseBD A Field-Based Annotated Smartpho/RiceLeafDiseaseBD/Original images/Rice Tungro/Rice Tungro_2111.jpg,Tungro,4,Healthy,0,0.9997473359107971,0,Blast,1,0.8993143439292908,0,mutual_errors,2,0,0.0,False,False,True,True,False
1058,RiceLeafDiseaseBD A Field-Based Annotated Smartpho/RiceLeafDiseaseBD A Field-Based Annotated Smartpho/RiceLeafDiseaseBD/Original images/Rice Tungro/Rice Tungro_2112.jpg,Tungro,4,Healthy,0,0.9996334314346313,0,Blast,1,0.7689040899276733,0,mutual_errors,2,0,0.0,False,False,True,False,False
1059,RiceLeafDiseaseBD A Field-Based Annotated Smartpho/RiceLeafDiseaseBD A Field-Based Annotated Smartpho/RiceLeafDiseaseBD/Original images/Rice Tungro/Rice Tungro_2120.jpg,Tungro,4,Healthy,0,0.9947410821914673,0,Healthy,0,0.9917889833450317,0,mutual_errors,1,0,0.0,False,False,True,True,False
1060,RiceLeafDiseaseBD A Field-Based Annotated Smartpho/RiceLeafDiseaseBD A Field-Based Annotated Smartpho/RiceLeafDiseaseBD/Original images/Rice Tungro/Rice Tungro_2126.jpg,Tungro,4,Healthy,0,0.9846087098121643,0,Healthy,0,0.9902368187904358,0,mutual_errors,1,0,0.0,False,False,True,True,False
1061,RiceLeafDiseaseBD A Field-Based Annotated Smartpho/RiceLeafDiseaseBD A Field-Based Annotated Smartpho/RiceLeafDiseaseBD/Original images/Rice Tungro/Rice Tungro_2127.jpg,Tungro,4,Healthy,0,0.9870856404304504,0,Healthy,0,0.9885742664337158,0,mutual_errors,2,0,0.0,False,False,True,True,False
1062,RiceLeafDiseaseBD A Field-Based Annotated Smartpho/RiceLeafDiseaseBD A Field-Based Annotated Smartpho/RiceLeafDiseaseBD/Original images/Rice Tungro/Rice Tungro_2128.jpg,Tungro,4,Healthy,0,0.9875590205192566,0,Healthy,0,0.9828808307647705,0,mutual_errors,2,0,0.0,False,False,True,True,False
1063,RiceLeafDiseaseBD A Field-Based Annotated Smartpho/RiceLeafDiseaseBD A Field-Based Annotated Smartpho/RiceLeafDiseaseBD/Original images/Rice Tungro/Rice Tungro_213.jpg,Tungro,4,Healthy,0,0.9999117851257324,0,Healthy,0,0.3369033932685852,0,mutual_errors,2,0,0.0,False,False,True,False,False
1064,RiceLeafDiseaseBD A Field-Based Annotated Smartpho/RiceLeafDiseaseBD A Field-Based Annotated Smartpho/RiceLeafDiseaseBD/Original images/Rice Tungro/Rice Tungro_2130.jpg,Tungro,4,Healthy,0,0.9790250658988953,0,Healthy,0,0.9760387539863586,0,mutual_errors,1,0,0.0,False,False,True,True,False
1065,RiceLeafDiseaseBD A Field-Based Annotated Smartpho/RiceLeafDiseaseBD A Field-Based Annotated Smartpho/RiceLeafDiseaseBD/Original images/Rice Tungro/Rice Tungro_2132.jpg,Tungro,4,Healthy,0,0.9876893758773804,0,Healthy,0,0.9924142956733704,0,mutual_errors,2,0,0.0,False,False,True,True,False
1066,RiceLeafDiseaseBD A Field-Based Annotated Smartpho/RiceLeafDiseaseBD A Field-Based Annotated Smartpho/RiceLeafDiseaseBD/Original images/Rice Tungro/Rice Tungro_2135.jpg,Tungro,4,Healthy,0,0.99174964427948,0,Healthy,0,0.9921959638595581,0,mutual_errors,2,0,0.0,False,False,True,True,False
1067,RiceLeafDiseaseBD A Field-Based Annotated Smartpho/RiceLeafDiseaseBD A Field-Based Annotated Smartpho/RiceLeafDiseaseBD/Original images/Rice Tungro/Rice Tungro_2138.jpg,Tungro,4,Healthy,0,0.9894766807556152,0,Healthy,0,0.9935936331748962,0,mutual_errors,2,2,0.0,False,False,True,True,False
1068,RiceLeafDiseaseBD A Field-Based Annotated Smartpho/RiceLeafDiseaseBD A Field-Based Annotated Smartpho/RiceLeafDiseaseBD/Original images/Rice Tungro/Rice Tungro_2140.jpg,Tungro,4,Healthy,0,0.9991803765296936,0,Healthy,0,0.9974315762519836,0,mutual_errors,1,0,0.0,False,False,True,True,False
1069,RiceLeafDiseaseBD A Field-Based Annotated Smartpho/RiceLeafDiseaseBD A Field-Based Annotated Smartpho/RiceLeafDiseaseBD/Original images/Rice Tungro/Rice Tungro_2151.jpg,Tungro,4,Healthy,0,0.999609649181366,0,Brown Spot,2,1.0,0,mutual_errors,2,3,0.0,False,False,True,True,False
1070,RiceLeafDiseaseBD A Field-Based Annotated Smartpho/RiceLeafDiseaseBD A Field-Based Annotated Smartpho/RiceLeafDiseaseBD/Original images/Rice Tungro/Rice Tungro_2157.jpg,Tungro,4,Healthy,0,0.9986625909805298,0,Brown Spot,2,1.0,0,mutual_errors,2,3,0.0,False,False,True,True,False
1071,RiceLeafDiseaseBD A Field-Based Annotated Smartpho/RiceLeafDiseaseBD A Field-Based Annotated Smartpho/RiceLeafDiseaseBD/Original images/Rice Tungro/Rice Tungro_216.jpg,Tungro,4,Healthy,0,0.9991129040718079,0,Brown Spot,2,0.6368699669837952,0,mutual_errors,1,0,0.0,False,False,True,False,False
1072,RiceLeafDiseaseBD A Field-Based Annotated Smartpho/RiceLeafDiseaseBD A Field-Based Annotated Smartpho/RiceLeafDiseaseBD/Original images/Rice Tungro/Rice Tungro_2160.jpg,Tungro,4,Healthy,0,0.9993131160736084,0,Brown Spot,2,0.9969965219497681,0,mutual_errors,1,0,0.0,False,False,True,True,False
1073,RiceLeafDiseaseBD A Field-Based Annotated Smartpho/RiceLeafDiseaseBD A Field-Based Annotated Smartpho/RiceLeafDiseaseBD/Original images/Rice Tungro/Rice Tungro_2167.jpg,Tungro,4,Healthy,0,0.9998413324356079,0,Brown Spot,2,0.9049867391586304,0,mutual_errors,2,3,0.005776483425059842,False,False,True,True,False
1074,RiceLeafDiseaseBD A Field-Based Annotated Smartpho/RiceLeafDiseaseBD A Field-Based Annotated Smartpho/RiceLeafDiseaseBD/Original images/Rice Tungro/Rice Tungro_2188.jpg,Tungro,4,Healthy,0,0.9999005794525146,0,Healthy,0,0.8590698838233948,0,mutual_errors,1,0,0.0,False,False,True,True,False
1075,RiceLeafDiseaseBD A Field-Based Annotated Smartpho/RiceLeafDiseaseBD A Field-Based Annotated Smartpho/RiceLeafDiseaseBD/Original images/Rice Tungro/Rice Tungro_2194.jpg,Tungro,4,Healthy,0,0.9965829253196716,0,Healthy,0,0.9360628724098206,0,mutual_errors,1,0,0.0,False,False,True,True,False
1076,RiceLeafDiseaseBD A Field-Based Annotated Smartpho/RiceLeafDiseaseBD A Field-Based Annotated Smartpho/RiceLeafDiseaseBD/Original images/Rice Tungro/Rice Tungro_22.jpg,Tungro,4,Healthy,0,0.9998177886009216,0,Healthy,0,0.9989207983016968,0,mutual_errors,1,0,0.0,False,False,True,True,False
1077,RiceLeafDiseaseBD A Field-Based Annotated Smartpho/RiceLeafDiseaseBD A Field-Based Annotated Smartpho/RiceLeafDiseaseBD/Original images/Rice Tungro/Rice Tungro_2203.jpg,Tungro,4,Healthy,0,0.9999294281005859,0,Tungro,4,0.9655410647392273,1,multitask_wins,1,0,0.0,False,False,True,True,False
1078,RiceLeafDiseaseBD A Field-Based Annotated Smartpho/RiceLeafDiseaseBD A Field-Based Annotated Smartpho/RiceLeafDiseaseBD/Original images/Rice Tungro/Rice Tungro_2206.jpg,Tungro,4,Healthy,0,0.999693751335144,0,Healthy,0,0.5356819033622742,0,mutual_errors,1,0,0.0,False,False,True,False,False
1079,RiceLeafDiseaseBD A Field-Based Annotated Smartpho/RiceLeafDiseaseBD A Field-Based Annotated Smartpho/RiceLeafDiseaseBD/Original images/Rice Tungro/Rice Tungro_2216.jpg,Tungro,4,Healthy,0,0.9978255033493042,0,Healthy,0,0.9726132154464722,0,mutual_errors,1,0,0.0,False,False,True,True,False
1080,RiceLeafDiseaseBD A Field-Based Annotated Smartpho/RiceLeafDiseaseBD A Field-Based Annotated Smartpho/RiceLeafDiseaseBD/Original images/Rice Tungro/Rice Tungro_2227.jpg,Tungro,4,Healthy,0,0.99886155128479,0,Healthy,0,0.9962021708488464,0,mutual_errors,1,0,0.0,False,False,True,True,False
1081,RiceLeafDiseaseBD A Field-Based Annotated Smartpho/RiceLeafDiseaseBD A Field-Based Annotated Smartpho/RiceLeafDiseaseBD/Original images/Rice Tungro/Rice Tungro_2231.jpg,Tungro,4,Healthy,0,0.9983616471290588,0,Healthy,0,0.994387149810791,0,mutual_errors,1,0,0.0,False,False,True,True,False
1082,RiceLeafDiseaseBD A Field-Based Annotated Smartpho/RiceLeafDiseaseBD A Field-Based Annotated Smartpho/RiceLeafDiseaseBD/Original images/Rice Tungro/Rice Tungro_2241.jpg,Tungro,4,Healthy,0,0.9891566038131714,0,Healthy,0,0.9895832538604736,0,mutual_errors,2,0,0.0,False,False,True,True,False
1083,RiceLeafDiseaseBD A Field-Based Annotated Smartpho/RiceLeafDiseaseBD A Field-Based Annotated Smartpho/RiceLeafDiseaseBD/Original images/Rice Tungro/Rice Tungro_2244.jpg,Tungro,4,Healthy,0,0.9998756647109985,0,Tungro,4,1.0,1,multitask_wins,2,0,0.0,False,False,True,True,False
1084,RiceLeafDiseaseBD A Field-Based Annotated Smartpho/RiceLeafDiseaseBD A Field-Based Annotated Smartpho/RiceLeafDiseaseBD/Original images/Rice Tungro/Rice Tungro_233.jpg,Tungro,4,Healthy,0,0.9991583824157715,0,Blast,1,0.6476559042930603,0,mutual_errors,1,0,0.0,False,False,True,False,False
1085,RiceLeafDiseaseBD A Field-Based Annotated Smartpho/RiceLeafDiseaseBD A Field-Based Annotated Smartpho/RiceLeafDiseaseBD/Original images/Rice Tungro/Rice Tungro_237.jpg,Tungro,4,Healthy,0,0.998730480670929,0,Healthy,0,0.6144809126853943,0,mutual_errors,1,2,0.3477914794071264,False,False,True,False,False
1086,RiceLeafDiseaseBD A Field-Based Annotated Smartpho/RiceLeafDiseaseBD A Field-Based Annotated Smartpho/RiceLeafDiseaseBD/Original images/Rice Tungro/Rice Tungro_238.jpg,Tungro,4,Healthy,0,0.9999783039093018,0,Blast,1,0.9068875908851624,0,mutual_errors,1,0,0.0,False,False,True,True,False
1087,RiceLeafDiseaseBD A Field-Based Annotated Smartpho/RiceLeafDiseaseBD A Field-Based Annotated Smartpho/RiceLeafDiseaseBD/Original images/Rice Tungro/Rice Tungro_243.jpg,Tungro,4,Healthy,0,0.9999368190765381,0,Healthy,0,0.6112311482429504,0,mutual_errors,1,0,0.0,False,False,True,False,False
1088,RiceLeafDiseaseBD A Field-Based Annotated Smartpho/RiceLeafDiseaseBD A Field-Based Annotated Smartpho/RiceLeafDiseaseBD/Original images/Rice Tungro/Rice Tungro_256.jpg,Tungro,4,Healthy,0,0.9998878240585327,0,Healthy,0,0.9306221008300781,0,mutual_errors,1,0,0.0,False,False,True,True,False
1089,RiceLeafDiseaseBD A Field-Based Annotated Smartpho/RiceLeafDiseaseBD A Field-Based Annotated Smartpho/RiceLeafDiseaseBD/Original images/Rice Tungro/Rice Tungro_264.jpg,Tungro,4,Healthy,0,0.9999821186065674,0,Healthy,0,0.9114698767662048,0,mutual_errors,2,0,0.0,False,False,True,True,False
1090,RiceLeafDiseaseBD A Field-Based Annotated Smartpho/RiceLeafDiseaseBD A Field-Based Annotated Smartpho/RiceLeafDiseaseBD/Original images/Rice Tungro/Rice Tungro_267.jpg,Tungro,4,Healthy,0,0.9987848401069641,0,Healthy,0,0.8256740570068359,0,mutual_errors,1,2,0.0680121503681888,False,False,True,True,False
1091,RiceLeafDiseaseBD A Field-Based Annotated Smartpho/RiceLeafDiseaseBD A Field-Based Annotated Smartpho/RiceLeafDiseaseBD/Original images/Rice Tungro/Rice Tungro_278.jpg,Tungro,4,Healthy,0,0.9999287128448486,0,Healthy,0,0.9836718440055847,0,mutual_errors,1,0,0.0,False,False,True,True,False
1092,RiceLeafDiseaseBD A Field-Based Annotated Smartpho/RiceLeafDiseaseBD A Field-Based Annotated Smartpho/RiceLeafDiseaseBD/Original images/Rice Tungro/Rice Tungro_285.jpg,Tungro,4,Healthy,0,0.999934196472168,0,Healthy,0,0.9873743653297424,0,mutual_errors,2,0,0.0,False,False,True,True,False
1093,RiceLeafDiseaseBD A Field-Based Annotated Smartpho/RiceLeafDiseaseBD A Field-Based Annotated Smartpho/RiceLeafDiseaseBD/Original images/Rice Tungro/Rice Tungro_289.jpg,Tungro,4,Healthy,0,0.999876856803894,0,Healthy,0,0.9851887226104736,0,mutual_errors,2,0,0.0,False,False,True,True,False
1094,RiceLeafDiseaseBD A Field-Based Annotated Smartpho/RiceLeafDiseaseBD A Field-Based Annotated Smartpho/RiceLeafDiseaseBD/Original images/Rice Tungro/Rice Tungro_295.jpg,Tungro,4,Healthy,0,0.9999016523361206,0,Healthy,0,0.9454377293586731,0,mutual_errors,2,0,0.0,False,False,True,True,False
1095,RiceLeafDiseaseBD A Field-Based Annotated Smartpho/RiceLeafDiseaseBD A Field-Based Annotated Smartpho/RiceLeafDiseaseBD/Original images/Rice Tungro/Rice Tungro_297.jpg,Tungro,4,Healthy,0,0.9999450445175171,0,Healthy,0,0.9953624606132507,0,mutual_errors,2,0,0.0,False,False,True,True,False
1096,RiceLeafDiseaseBD A Field-Based Annotated Smartpho/RiceLeafDiseaseBD A Field-Based Annotated Smartpho/RiceLeafDiseaseBD/Original images/Rice Tungro/Rice Tungro_309.jpg,Tungro,4,Healthy,0,0.9994556307792664,0,Healthy,0,0.9734164476394653,0,mutual_errors,2,0,0.0,False,False,True,True,False
1097,RiceLeafDiseaseBD A Field-Based Annotated Smartpho/RiceLeafDiseaseBD A Field-Based Annotated Smartpho/RiceLeafDiseaseBD/Original images/Rice Tungro/Rice Tungro_313.jpg,Tungro,4,Healthy,0,0.999897837638855,0,Healthy,0,0.9829666614532471,0,mutual_errors,1,0,0.0,False,False,True,True,False
1098,RiceLeafDiseaseBD A Field-Based Annotated Smartpho/RiceLeafDiseaseBD A Field-Based Annotated Smartpho/RiceLeafDiseaseBD/Original images/Rice Tungro/Rice Tungro_315.jpg,Tungro,4,Healthy,0,0.999930739402771,0,Healthy,0,0.7727885842323303,0,mutual_errors,1,0,0.0,False,False,True,False,False
1099,RiceLeafDiseaseBD A Field-Based Annotated Smartpho/RiceLeafDiseaseBD A Field-Based Annotated Smartpho/RiceLeafDiseaseBD/Original images/Rice Tungro/Rice Tungro_329.jpg,Tungro,4,Healthy,0,0.9991451501846313,0,Blast,1,0.4352428913116455,0,mutual_errors,2,0,0.0,False,False,True,False,False
1100,RiceLeafDiseaseBD A Field-Based Annotated Smartpho/RiceLeafDiseaseBD A Field-Based Annotated Smartpho/RiceLeafDiseaseBD/Original images/Rice Tungro/Rice Tungro_331.jpg,Tungro,4,Healthy,0,0.999950647354126,0,Brown Spot,2,0.43366071581840515,0,mutual_errors,1,0,0.0,False,False,True,False,False
1101,RiceLeafDiseaseBD A Field-Based Annotated Smartpho/RiceLeafDiseaseBD A Field-Based Annotated Smartpho/RiceLeafDiseaseBD/Original images/Rice Tungro/Rice Tungro_343.jpg,Tungro,4,Healthy,0,0.9877722263336182,0,Healthy,0,0.9977148771286011,0,mutual_errors,2,0,0.0,False,False,True,True,False
1102,RiceLeafDiseaseBD A Field-Based Annotated Smartpho/RiceLeafDiseaseBD A Field-Based Annotated Smartpho/RiceLeafDiseaseBD/Original images/Rice Tungro/Rice Tungro_351.jpg,Tungro,4,Healthy,0,0.9999591112136841,0,Healthy,0,0.9501091837882996,0,mutual_errors,3,0,0.0,False,False,True,True,False
1103,RiceLeafDiseaseBD A Field-Based Annotated Smartpho/RiceLeafDiseaseBD A Field-Based Annotated Smartpho/RiceLeafDiseaseBD/Original images/Rice Tungro/Rice Tungro_358.jpg,Tungro,4,Healthy,0,0.9995543360710144,0,Healthy,0,0.7208709716796875,0,mutual_errors,2,0,0.0,False,False,True,False,False
1104,RiceLeafDiseaseBD A Field-Based Annotated Smartpho/RiceLeafDiseaseBD A Field-Based Annotated Smartpho/RiceLeafDiseaseBD/Original images/Rice Tungro/Rice Tungro_363.jpg,Tungro,4,Healthy,0,0.9999419450759888,0,Healthy,0,0.9825945496559143,0,mutual_errors,1,0,0.0,False,False,True,True,False
1105,RiceLeafDiseaseBD A Field-Based Annotated Smartpho/RiceLeafDiseaseBD A Field-Based Annotated Smartpho/RiceLeafDiseaseBD/Original images/Rice Tungro/Rice Tungro_365.jpg,Tungro,4,Healthy,0,0.9994662404060364,0,Healthy,0,0.9888113737106323,0,mutual_errors,1,0,0.0,False,False,True,True,False
1106,RiceLeafDiseaseBD A Field-Based Annotated Smartpho/RiceLeafDiseaseBD A Field-Based Annotated Smartpho/RiceLeafDiseaseBD/Original images/Rice Tungro/Rice Tungro_367.jpg,Tungro,4,Healthy,0,0.9997075200080872,0,Healthy,0,0.9917558431625366,0,mutual_errors,1,0,0.0,False,False,True,True,False
1107,RiceLeafDiseaseBD A Field-Based Annotated Smartpho/RiceLeafDiseaseBD A Field-Based Annotated Smartpho/RiceLeafDiseaseBD/Original images/Rice Tungro/Rice Tungro_384.jpg,Tungro,4,Healthy,0,0.999474823474884,0,Healthy,0,0.9764720797538757,0,mutual_errors,1,0,0.0,False,False,True,True,False
1108,RiceLeafDiseaseBD A Field-Based Annotated Smartpho/RiceLeafDiseaseBD A Field-Based Annotated Smartpho/RiceLeafDiseaseBD/Original images/Rice Tungro/Rice Tungro_393.jpg,Tungro,4,Healthy,0,0.999843955039978,0,Healthy,0,0.9786495566368103,0,mutual_errors,3,0,0.0,False,False,True,True,False
1109,RiceLeafDiseaseBD A Field-Based Annotated Smartpho/RiceLeafDiseaseBD A Field-Based Annotated Smartpho/RiceLeafDiseaseBD/Original images/Rice Tungro/Rice Tungro_410.jpg,Tungro,4,Healthy,0,0.9998958110809326,0,Healthy,0,0.6146477460861206,0,mutual_errors,3,0,0.0,False,False,True,False,False
1110,RiceLeafDiseaseBD A Field-Based Annotated Smartpho/RiceLeafDiseaseBD A Field-Based Annotated Smartpho/RiceLeafDiseaseBD/Original images/Rice Tungro/Rice Tungro_415.jpg,Tungro,4,Healthy,0,0.9996819496154785,0,Healthy,0,0.9214597940444946,0,mutual_errors,1,3,0.0,False,False,True,True,False
1111,RiceLeafDiseaseBD A Field-Based Annotated Smartpho/RiceLeafDiseaseBD A Field-Based Annotated Smartpho/RiceLeafDiseaseBD/Original images/Rice Tungro/Rice Tungro_419.jpg,Tungro,4,Healthy,0,0.9998488426208496,0,Healthy,0,0.9706779718399048,0,mutual_errors,1,0,0.0,False,False,True,True,False
1112,RiceLeafDiseaseBD A Field-Based Annotated Smartpho/RiceLeafDiseaseBD A Field-Based Annotated Smartpho/RiceLeafDiseaseBD/Original images/Rice Tungro/Rice Tungro_420.jpg,Tungro,4,Healthy,0,0.987529993057251,0,Healthy,0,0.9987616539001465,0,mutual_errors,1,0,0.0,False,False,True,True,False
1113,RiceLeafDiseaseBD A Field-Based Annotated Smartpho/RiceLeafDiseaseBD A Field-Based Annotated Smartpho/RiceLeafDiseaseBD/Original images/Rice Tungro/Rice Tungro_424.jpg,Tungro,4,Healthy,0,0.9784621000289917,0,Healthy,0,0.9967331886291504,0,mutual_errors,1,0,0.0,False,False,True,True,False
1114,RiceLeafDiseaseBD A Field-Based Annotated Smartpho/RiceLeafDiseaseBD A Field-Based Annotated Smartpho/RiceLeafDiseaseBD/Original images/Rice Tungro/Rice Tungro_43.jpg,Tungro,4,Healthy,0,0.9999555349349976,0,Healthy,0,0.3517506718635559,0,mutual_errors,1,0,0.0,False,False,True,False,False
1115,RiceLeafDiseaseBD A Field-Based Annotated Smartpho/RiceLeafDiseaseBD A Field-Based Annotated Smartpho/RiceLeafDiseaseBD/Original images/Rice Tungro/Rice Tungro_433.jpg,Tungro,4,Healthy,0,0.9998195767402649,0,Healthy,0,0.9828313589096069,0,mutual_errors,1,0,0.0,False,False,True,True,False
1116,RiceLeafDiseaseBD A Field-Based Annotated Smartpho/RiceLeafDiseaseBD A Field-Based Annotated Smartpho/RiceLeafDiseaseBD/Original images/Rice Tungro/Rice Tungro_435.jpg,Tungro,4,Healthy,0,0.9998985528945923,0,Blast,1,0.5093989968299866,0,mutual_errors,1,0,0.0,False,False,True,False,False
1117,RiceLeafDiseaseBD A Field-Based Annotated Smartpho/RiceLeafDiseaseBD A Field-Based Annotated Smartpho/RiceLeafDiseaseBD/Original images/Rice Tungro/Rice Tungro_439.jpg,Tungro,4,Healthy,0,0.9997386336326599,0,Healthy,0,0.9863438606262207,0,mutual_errors,1,0,0.0,False,False,True,True,False
1118,RiceLeafDiseaseBD A Field-Based Annotated Smartpho/RiceLeafDiseaseBD A Field-Based Annotated Smartpho/RiceLeafDiseaseBD/Original images/Rice Tungro/Rice Tungro_448.jpg,Tungro,4,Healthy,0,0.9991092085838318,0,Healthy,0,0.9919579029083252,0,mutual_errors,2,0,0.0,False,False,True,True,False
1119,RiceLeafDiseaseBD A Field-Based Annotated Smartpho/RiceLeafDiseaseBD A Field-Based Annotated Smartpho/RiceLeafDiseaseBD/Original images/Rice Tungro/Rice Tungro_455.jpg,Tungro,4,Healthy,0,0.9998127818107605,0,Healthy,0,0.7255925536155701,0,mutual_errors,1,0,0.0,False,False,True,False,False
1120,RiceLeafDiseaseBD A Field-Based Annotated Smartpho/RiceLeafDiseaseBD A Field-Based Annotated Smartpho/RiceLeafDiseaseBD/Original images/Rice Tungro/Rice Tungro_458.jpg,Tungro,4,Healthy,0,0.999869704246521,0,Healthy,0,0.991178572177887,0,mutual_errors,2,0,0.0,False,False,True,True,False
1121,RiceLeafDiseaseBD A Field-Based Annotated Smartpho/RiceLeafDiseaseBD A Field-Based Annotated Smartpho/RiceLeafDiseaseBD/Original images/Rice Tungro/Rice Tungro_464.jpg,Tungro,4,Healthy,0,0.9999148845672607,0,Healthy,0,0.9686782360076904,0,mutual_errors,1,0,0.0,False,False,True,True,False
1122,RiceLeafDiseaseBD A Field-Based Annotated Smartpho/RiceLeafDiseaseBD A Field-Based Annotated Smartpho/RiceLeafDiseaseBD/Original images/Rice Tungro/Rice Tungro_47.jpg,Tungro,4,Healthy,0,0.9999366998672485,0,Healthy,0,0.50123530626297,0,mutual_errors,1,0,0.0,False,False,True,False,False
1123,RiceLeafDiseaseBD A Field-Based Annotated Smartpho/RiceLeafDiseaseBD A Field-Based Annotated Smartpho/RiceLeafDiseaseBD/Original images/Rice Tungro/Rice Tungro_477.jpg,Tungro,4,Healthy,0,0.9996600151062012,0,Healthy,0,0.9748295545578003,0,mutual_errors,1,0,0.0,False,False,True,True,False
1124,RiceLeafDiseaseBD A Field-Based Annotated Smartpho/RiceLeafDiseaseBD A Field-Based Annotated Smartpho/RiceLeafDiseaseBD/Original images/Rice Tungro/Rice Tungro_478.jpg,Tungro,4,Healthy,0,0.9998736381530762,0,Healthy,0,0.8542928099632263,0,mutual_errors,1,1,0.0,False,False,True,True,False
1125,RiceLeafDiseaseBD A Field-Based Annotated Smartpho/RiceLeafDiseaseBD A Field-Based Annotated Smartpho/RiceLeafDiseaseBD/Original images/Rice Tungro/Rice Tungro_479.jpg,Tungro,4,Healthy,0,0.9999645948410034,0,Blast,1,0.42264917492866516,0,mutual_errors,1,3,0.01459111078624655,False,False,True,False,False
1126,RiceLeafDiseaseBD A Field-Based Annotated Smartpho/RiceLeafDiseaseBD A Field-Based Annotated Smartpho/RiceLeafDiseaseBD/Original images/Rice Tungro/Rice Tungro_48.jpg,Tungro,4,Healthy,0,0.9998370409011841,0,Healthy,0,0.972804069519043,0,mutual_errors,1,0,0.0,False,False,True,True,False
1127,RiceLeafDiseaseBD A Field-Based Annotated Smartpho/RiceLeafDiseaseBD A Field-Based Annotated Smartpho/RiceLeafDiseaseBD/Original images/Rice Tungro/Rice Tungro_494.jpg,Tungro,4,Healthy,0,0.9999659061431885,0,Healthy,0,0.9438149333000183,0,mutual_errors,1,0,0.0,False,False,True,True,False
1128,RiceLeafDiseaseBD A Field-Based Annotated Smartpho/RiceLeafDiseaseBD A Field-Based Annotated Smartpho/RiceLeafDiseaseBD/Original images/Rice Tungro/Rice Tungro_496.jpg,Tungro,4,Healthy,0,0.9999183416366577,0,Healthy,0,0.937350332736969,0,mutual_errors,1,0,0.0,False,False,True,True,False
1129,RiceLeafDiseaseBD A Field-Based Annotated Smartpho/RiceLeafDiseaseBD A Field-Based Annotated Smartpho/RiceLeafDiseaseBD/Original images/Rice Tungro/Rice Tungro_503.jpg,Tungro,4,Healthy,0,0.9997817873954773,0,Healthy,0,0.9158480167388916,0,mutual_errors,2,0,0.0,False,False,True,True,False
1130,RiceLeafDiseaseBD A Field-Based Annotated Smartpho/RiceLeafDiseaseBD A Field-Based Annotated Smartpho/RiceLeafDiseaseBD/Original images/Rice Tungro/Rice Tungro_512.jpg,Tungro,4,Healthy,0,0.9996256828308105,0,Healthy,0,0.9811279773712158,0,mutual_errors,2,0,0.0,False,False,True,True,False
1131,RiceLeafDiseaseBD A Field-Based Annotated Smartpho/RiceLeafDiseaseBD A Field-Based Annotated Smartpho/RiceLeafDiseaseBD/Original images/Rice Tungro/Rice Tungro_515.jpg,Tungro,4,Healthy,0,0.9999033212661743,0,Healthy,0,0.9232122302055359,0,mutual_errors,1,0,0.0,False,False,True,True,False
1132,RiceLeafDiseaseBD A Field-Based Annotated Smartpho/RiceLeafDiseaseBD A Field-Based Annotated Smartpho/RiceLeafDiseaseBD/Original images/Rice Tungro/Rice Tungro_521.jpg,Tungro,4,Healthy,0,0.9995280504226685,0,Healthy,0,0.9980011582374573,0,mutual_errors,2,0,0.0,False,False,True,True,False
1133,RiceLeafDiseaseBD A Field-Based Annotated Smartpho/RiceLeafDiseaseBD A Field-Based Annotated Smartpho/RiceLeafDiseaseBD/Original images/Rice Tungro/Rice Tungro_531.jpg,Tungro,4,Healthy,0,0.9996401071548462,0,Healthy,0,0.9971128702163696,0,mutual_errors,2,0,0.0,False,False,True,True,False
1134,RiceLeafDiseaseBD A Field-Based Annotated Smartpho/RiceLeafDiseaseBD A Field-Based Annotated Smartpho/RiceLeafDiseaseBD/Original images/Rice Tungro/Rice Tungro_540.jpg,Tungro,4,Healthy,0,0.9951116442680359,0,Healthy,0,0.9969902038574219,0,mutual_errors,1,0,0.0,False,False,True,True,False
1135,RiceLeafDiseaseBD A Field-Based Annotated Smartpho/RiceLeafDiseaseBD A Field-Based Annotated Smartpho/RiceLeafDiseaseBD/Original images/Rice Tungro/Rice Tungro_548.jpg,Tungro,4,Healthy,0,0.9997957348823547,0,Healthy,0,0.9963191747665405,0,mutual_errors,2,0,0.0,False,False,True,True,False
1136,RiceLeafDiseaseBD A Field-Based Annotated Smartpho/RiceLeafDiseaseBD A Field-Based Annotated Smartpho/RiceLeafDiseaseBD/Original images/Rice Tungro/Rice Tungro_551.jpg,Tungro,4,Healthy,0,0.9994351267814636,0,Healthy,0,0.993455708026886,0,mutual_errors,1,0,0.0,False,False,True,True,False
1137,RiceLeafDiseaseBD A Field-Based Annotated Smartpho/RiceLeafDiseaseBD A Field-Based Annotated Smartpho/RiceLeafDiseaseBD/Original images/Rice Tungro/Rice Tungro_552.jpg,Tungro,4,Healthy,0,0.9985238909721375,0,Healthy,0,0.9975649118423462,0,mutual_errors,1,1,0.0,False,False,True,True,False
1138,RiceLeafDiseaseBD A Field-Based Annotated Smartpho/RiceLeafDiseaseBD A Field-Based Annotated Smartpho/RiceLeafDiseaseBD/Original images/Rice Tungro/Rice Tungro_558.jpg,Tungro,4,Healthy,0,0.9974960684776306,0,Healthy,0,0.9964767098426819,0,mutual_errors,3,0,0.0,False,False,True,True,False
1139,RiceLeafDiseaseBD A Field-Based Annotated Smartpho/RiceLeafDiseaseBD A Field-Based Annotated Smartpho/RiceLeafDiseaseBD/Original images/Rice Tungro/Rice Tungro_560.jpg,Tungro,4,Healthy,0,0.9991154074668884,0,Healthy,0,0.9863700866699219,0,mutual_errors,4,0,0.0,False,False,True,True,False
1140,RiceLeafDiseaseBD A Field-Based Annotated Smartpho/RiceLeafDiseaseBD A Field-Based Annotated Smartpho/RiceLeafDiseaseBD/Original images/Rice Tungro/Rice Tungro_561.jpg,Tungro,4,Healthy,0,0.9994725584983826,0,Healthy,0,0.9859035015106201,0,mutual_errors,2,0,0.0,False,False,True,True,False
1141,RiceLeafDiseaseBD A Field-Based Annotated Smartpho/RiceLeafDiseaseBD A Field-Based Annotated Smartpho/RiceLeafDiseaseBD/Original images/Rice Tungro/Rice Tungro_579.jpg,Tungro,4,Healthy,0,0.9979206919670105,0,Healthy,0,0.9940944314002991,0,mutual_errors,1,0,0.0,False,False,True,True,False
1142,RiceLeafDiseaseBD A Field-Based Annotated Smartpho/RiceLeafDiseaseBD A Field-Based Annotated Smartpho/RiceLeafDiseaseBD/Original images/Rice Tungro/Rice Tungro_584.jpg,Tungro,4,Healthy,0,0.9991983771324158,0,Healthy,0,0.6565233469009399,0,mutual_errors,3,0,0.0,False,False,True,False,False
1143,RiceLeafDiseaseBD A Field-Based Annotated Smartpho/RiceLeafDiseaseBD A Field-Based Annotated Smartpho/RiceLeafDiseaseBD/Original images/Rice Tungro/Rice Tungro_588.jpg,Tungro,4,Healthy,0,0.9997771382331848,0,Healthy,0,0.9582847356796265,0,mutual_errors,2,0,0.0,False,False,True,True,False
1144,RiceLeafDiseaseBD A Field-Based Annotated Smartpho/RiceLeafDiseaseBD A Field-Based Annotated Smartpho/RiceLeafDiseaseBD/Original images/Rice Tungro/Rice Tungro_590.jpg,Tungro,4,Healthy,0,0.9993382096290588,0,Healthy,0,0.9891188144683838,0,mutual_errors,1,0,0.0,False,False,True,True,False
1145,RiceLeafDiseaseBD A Field-Based Annotated Smartpho/RiceLeafDiseaseBD A Field-Based Annotated Smartpho/RiceLeafDiseaseBD/Original images/Rice Tungro/Rice Tungro_591.jpg,Tungro,4,Healthy,0,0.998332679271698,0,Healthy,0,0.9753097295761108,0,mutual_errors,1,0,0.0,False,False,True,True,False
1146,RiceLeafDiseaseBD A Field-Based Annotated Smartpho/RiceLeafDiseaseBD A Field-Based Annotated Smartpho/RiceLeafDiseaseBD/Original images/Rice Tungro/Rice Tungro_592.jpg,Tungro,4,Healthy,0,0.9973406195640564,0,Healthy,0,0.8379200100898743,0,mutual_errors,1,0,0.0,False,False,True,True,False
1147,RiceLeafDiseaseBD A Field-Based Annotated Smartpho/RiceLeafDiseaseBD A Field-Based Annotated Smartpho/RiceLeafDiseaseBD/Original images/Rice Tungro/Rice Tungro_602.jpg,Tungro,4,Healthy,0,0.9994871616363525,0,Healthy,0,0.985554039478302,0,mutual_errors,1,0,0.0,False,False,True,True,False
1148,RiceLeafDiseaseBD A Field-Based Annotated Smartpho/RiceLeafDiseaseBD A Field-Based Annotated Smartpho/RiceLeafDiseaseBD/Original images/Rice Tungro/Rice Tungro_623.jpg,Tungro,4,Healthy,0,0.9998028874397278,0,Blast,1,0.9277580380439758,0,mutual_errors,2,0,0.0,False,False,True,True,False
1149,RiceLeafDiseaseBD A Field-Based Annotated Smartpho/RiceLeafDiseaseBD A Field-Based Annotated Smartpho/RiceLeafDiseaseBD/Original images/Rice Tungro/Rice Tungro_633.jpg,Tungro,4,Healthy,0,0.9999380111694336,0,Blast,1,0.4379858374595642,0,mutual_errors,1,0,0.0,False,False,True,False,False
1150,RiceLeafDiseaseBD A Field-Based Annotated Smartpho/RiceLeafDiseaseBD A Field-Based Annotated Smartpho/RiceLeafDiseaseBD/Original images/Rice Tungro/Rice Tungro_639.jpg,Tungro,4,Healthy,0,0.9989017248153687,0,Healthy,0,0.9554783701896667,0,mutual_errors,2,3,0.21304612455265415,False,False,True,False,False
1151,RiceLeafDiseaseBD A Field-Based Annotated Smartpho/RiceLeafDiseaseBD A Field-Based Annotated Smartpho/RiceLeafDiseaseBD/Original images/Rice Tungro/Rice Tungro_644.jpg,Tungro,4,Healthy,0,0.9999690055847168,0,Healthy,0,0.8765313029289246,0,mutual_errors,1,0,0.0,False,False,True,True,False
1152,RiceLeafDiseaseBD A Field-Based Annotated Smartpho/RiceLeafDiseaseBD A Field-Based Annotated Smartpho/RiceLeafDiseaseBD/Original images/Rice Tungro/Rice Tungro_666.jpg,Tungro,4,Healthy,0,0.9990610480308533,0,Healthy,0,0.8673701286315918,0,mutual_errors,2,0,0.0,False,False,True,True,False
1153,RiceLeafDiseaseBD A Field-Based Annotated Smartpho/RiceLeafDiseaseBD A Field-Based Annotated Smartpho/RiceLeafDiseaseBD/Original images/Rice Tungro/Rice Tungro_676.jpg,Tungro,4,Healthy,0,0.9999773502349854,0,Healthy,0,0.8353288769721985,0,mutual_errors,2,0,0.0,False,False,True,True,False
1154,RiceLeafDiseaseBD A Field-Based Annotated Smartpho/RiceLeafDiseaseBD A Field-Based Annotated Smartpho/RiceLeafDiseaseBD/Original images/Rice Tungro/Rice Tungro_681.jpg,Tungro,4,Healthy,0,0.9999113082885742,0,Healthy,0,0.5492399334907532,0,mutual_errors,1,0,0.0,False,False,True,False,False
1155,RiceLeafDiseaseBD A Field-Based Annotated Smartpho/RiceLeafDiseaseBD A Field-Based Annotated Smartpho/RiceLeafDiseaseBD/Original images/Rice Tungro/Rice Tungro_684.jpg,Tungro,4,Healthy,0,0.9999372959136963,0,Healthy,0,0.9974040389060974,0,mutual_errors,1,0,0.0,False,False,True,True,False
1156,RiceLeafDiseaseBD A Field-Based Annotated Smartpho/RiceLeafDiseaseBD A Field-Based Annotated Smartpho/RiceLeafDiseaseBD/Original images/Rice Tungro/Rice Tungro_693.jpg,Tungro,4,Healthy,0,0.999969482421875,0,Healthy,0,0.9785267114639282,0,mutual_errors,1,0,0.0,False,False,True,True,False
1157,RiceLeafDiseaseBD A Field-Based Annotated Smartpho/RiceLeafDiseaseBD A Field-Based Annotated Smartpho/RiceLeafDiseaseBD/Original images/Rice Tungro/Rice Tungro_704.jpg,Tungro,4,Healthy,0,0.997902512550354,0,Healthy,0,0.9950798749923706,0,mutual_errors,1,0,0.0,False,False,True,True,False
1158,RiceLeafDiseaseBD A Field-Based Annotated Smartpho/RiceLeafDiseaseBD A Field-Based Annotated Smartpho/RiceLeafDiseaseBD/Original images/Rice Tungro/Rice Tungro_718.jpg,Tungro,4,Healthy,0,0.9987769722938538,0,Healthy,0,0.9898028373718262,0,mutual_errors,2,0,0.0,False,False,True,True,False
1159,RiceLeafDiseaseBD A Field-Based Annotated Smartpho/RiceLeafDiseaseBD A Field-Based Annotated Smartpho/RiceLeafDiseaseBD/Original images/Rice Tungro/Rice Tungro_721.jpg,Tungro,4,Healthy,0,0.9911008477210999,0,Healthy,0,0.9546594619750977,0,mutual_errors,1,0,0.0,False,False,True,True,False
1160,RiceLeafDiseaseBD A Field-Based Annotated Smartpho/RiceLeafDiseaseBD A Field-Based Annotated Smartpho/RiceLeafDiseaseBD/Original images/Rice Tungro/Rice Tungro_722.jpg,Tungro,4,Healthy,0,0.998895525932312,0,Healthy,0,0.9471551179885864,0,mutual_errors,1,3,0.4802157278615584,False,False,True,False,False
1161,RiceLeafDiseaseBD A Field-Based Annotated Smartpho/RiceLeafDiseaseBD A Field-Based Annotated Smartpho/RiceLeafDiseaseBD/Original images/Rice Tungro/Rice Tungro_729.jpg,Tungro,4,Healthy,0,0.9999953508377075,0,Healthy,0,0.7234025597572327,0,mutual_errors,2,0,0.0,False,False,True,False,False
1162,RiceLeafDiseaseBD A Field-Based Annotated Smartpho/RiceLeafDiseaseBD A Field-Based Annotated Smartpho/RiceLeafDiseaseBD/Original images/Rice Tungro/Rice Tungro_731.jpg,Tungro,4,Healthy,0,0.9999510049819946,0,Brown Spot,2,0.9999997615814209,0,mutual_errors,2,0,0.0,False,False,True,True,False
1163,RiceLeafDiseaseBD A Field-Based Annotated Smartpho/RiceLeafDiseaseBD A Field-Based Annotated Smartpho/RiceLeafDiseaseBD/Original images/Rice Tungro/Rice Tungro_735.jpg,Tungro,4,Healthy,0,0.9887815117835999,0,Healthy,0,0.9946885108947754,0,mutual_errors,1,0,0.0,False,False,True,True,False
1164,RiceLeafDiseaseBD A Field-Based Annotated Smartpho/RiceLeafDiseaseBD A Field-Based Annotated Smartpho/RiceLeafDiseaseBD/Original images/Rice Tungro/Rice Tungro_737.jpg,Tungro,4,Healthy,0,0.9967155456542969,0,Healthy,0,0.9893633723258972,0,mutual_errors,2,0,0.0,False,False,True,True,False
1165,RiceLeafDiseaseBD A Field-Based Annotated Smartpho/RiceLeafDiseaseBD A Field-Based Annotated Smartpho/RiceLeafDiseaseBD/Original images/Rice Tungro/Rice Tungro_745.jpg,Tungro,4,Healthy,0,0.9999889135360718,0,Healthy,0,0.9400536417961121,0,mutual_errors,1,0,0.0,False,False,True,True,False
1166,RiceLeafDiseaseBD A Field-Based Annotated Smartpho/RiceLeafDiseaseBD A Field-Based Annotated Smartpho/RiceLeafDiseaseBD/Original images/Rice Tungro/Rice Tungro_747.jpg,Tungro,4,Healthy,0,0.9993041753768921,0,Healthy,0,0.9978131055831909,0,mutual_errors,1,0,0.0,False,False,True,True,False
1167,RiceLeafDiseaseBD A Field-Based Annotated Smartpho/RiceLeafDiseaseBD A Field-Based Annotated Smartpho/RiceLeafDiseaseBD/Original images/Rice Tungro/Rice Tungro_753.jpg,Tungro,4,Healthy,0,0.9995629191398621,0,Healthy,0,0.6697903871536255,0,mutual_errors,2,0,0.0,False,False,True,False,False
1168,RiceLeafDiseaseBD A Field-Based Annotated Smartpho/RiceLeafDiseaseBD A Field-Based Annotated Smartpho/RiceLeafDiseaseBD/Original images/Rice Tungro/Rice Tungro_755.jpg,Tungro,4,Healthy,0,0.999830961227417,0,Healthy,0,0.9862810373306274,0,mutual_errors,1,0,0.0,False,False,True,True,False
1169,RiceLeafDiseaseBD A Field-Based Annotated Smartpho/RiceLeafDiseaseBD A Field-Based Annotated Smartpho/RiceLeafDiseaseBD/Original images/Rice Tungro/Rice Tungro_757.jpg,Tungro,4,Healthy,0,0.9994397759437561,0,Healthy,0,0.9923081398010254,0,mutual_errors,1,0,0.0,False,False,True,True,False
1170,RiceLeafDiseaseBD A Field-Based Annotated Smartpho/RiceLeafDiseaseBD A Field-Based Annotated Smartpho/RiceLeafDiseaseBD/Original images/Rice Tungro/Rice Tungro_763.jpg,Tungro,4,Healthy,0,0.9997486472129822,0,Healthy,0,0.9922987818717957,0,mutual_errors,1,0,0.0,False,False,True,True,False
1171,RiceLeafDiseaseBD A Field-Based Annotated Smartpho/RiceLeafDiseaseBD A Field-Based Annotated Smartpho/RiceLeafDiseaseBD/Original images/Rice Tungro/Rice Tungro_769.jpg,Tungro,4,Healthy,0,0.9974013566970825,0,Healthy,0,0.9590053558349609,0,mutual_errors,1,0,0.0,False,False,True,True,False
1172,RiceLeafDiseaseBD A Field-Based Annotated Smartpho/RiceLeafDiseaseBD A Field-Based Annotated Smartpho/RiceLeafDiseaseBD/Original images/Rice Tungro/Rice Tungro_771.jpg,Tungro,4,Healthy,0,0.9985492825508118,0,Healthy,0,0.9376987218856812,0,mutual_errors,1,1,0.029598695831727896,False,False,True,True,False
1173,RiceLeafDiseaseBD A Field-Based Annotated Smartpho/RiceLeafDiseaseBD A Field-Based Annotated Smartpho/RiceLeafDiseaseBD/Original images/Rice Tungro/Rice Tungro_773.jpg,Tungro,4,Healthy,0,0.9998007416725159,0,Healthy,0,0.9845975637435913,0,mutual_errors,2,0,0.0,False,False,True,True,False
1174,RiceLeafDiseaseBD A Field-Based Annotated Smartpho/RiceLeafDiseaseBD A Field-Based Annotated Smartpho/RiceLeafDiseaseBD/Original images/Rice Tungro/Rice Tungro_78.jpg,Tungro,4,Healthy,0,0.9996217489242554,0,Blast,1,0.3756662607192993,0,mutual_errors,1,0,0.0,False,False,True,False,False
1175,RiceLeafDiseaseBD A Field-Based Annotated Smartpho/RiceLeafDiseaseBD A Field-Based Annotated Smartpho/RiceLeafDiseaseBD/Original images/Rice Tungro/Rice Tungro_785.jpg,Tungro,4,Healthy,0,0.9999781847000122,0,Healthy,0,0.9711215496063232,0,mutual_errors,2,0,0.0,False,False,True,True,False
1176,RiceLeafDiseaseBD A Field-Based Annotated Smartpho/RiceLeafDiseaseBD A Field-Based Annotated Smartpho/RiceLeafDiseaseBD/Original images/Rice Tungro/Rice Tungro_792.jpg,Tungro,4,Healthy,0,0.999483585357666,0,Healthy,0,0.9892224073410034,0,mutual_errors,1,0,0.0,False,False,True,True,False
1177,RiceLeafDiseaseBD A Field-Based Annotated Smartpho/RiceLeafDiseaseBD A Field-Based Annotated Smartpho/RiceLeafDiseaseBD/Original images/Rice Tungro/Rice Tungro_793.jpg,Tungro,4,Healthy,0,0.9995977282524109,0,Healthy,0,0.9919344186782837,0,mutual_errors,1,0,0.0,False,False,True,True,False
1178,RiceLeafDiseaseBD A Field-Based Annotated Smartpho/RiceLeafDiseaseBD A Field-Based Annotated Smartpho/RiceLeafDiseaseBD/Original images/Rice Tungro/Rice Tungro_795.jpg,Tungro,4,Healthy,0,0.9995697140693665,0,Healthy,0,0.9892878532409668,0,mutual_errors,2,0,0.0,False,False,True,True,False
1179,RiceLeafDiseaseBD A Field-Based Annotated Smartpho/RiceLeafDiseaseBD A Field-Based Annotated Smartpho/RiceLeafDiseaseBD/Original images/Rice Tungro/Rice Tungro_804.jpg,Tungro,4,Healthy,0,0.9999297857284546,0,Healthy,0,0.8923107385635376,0,mutual_errors,2,0,0.0,False,False,True,True,False
1180,RiceLeafDiseaseBD A Field-Based Annotated Smartpho/RiceLeafDiseaseBD A Field-Based Annotated Smartpho/RiceLeafDiseaseBD/Original images/Rice Tungro/Rice Tungro_814.jpg,Tungro,4,Healthy,0,0.9999151229858398,0,Healthy,0,0.9898114800453186,0,mutual_errors,1,0,0.0,False,False,True,True,False
1181,RiceLeafDiseaseBD A Field-Based Annotated Smartpho/RiceLeafDiseaseBD A Field-Based Annotated Smartpho/RiceLeafDiseaseBD/Original images/Rice Tungro/Rice Tungro_82.jpg,Tungro,4,Healthy,0,0.9997513890266418,0,Blast,1,0.4729299247264862,0,mutual_errors,1,0,0.0,False,False,True,False,False
1182,RiceLeafDiseaseBD A Field-Based Annotated Smartpho/RiceLeafDiseaseBD A Field-Based Annotated Smartpho/RiceLeafDiseaseBD/Original images/Rice Tungro/Rice Tungro_823.jpg,Tungro,4,Healthy,0,0.9999614953994751,0,Healthy,0,0.7664525508880615,0,mutual_errors,1,0,0.0,False,False,True,False,False
1183,RiceLeafDiseaseBD A Field-Based Annotated Smartpho/RiceLeafDiseaseBD A Field-Based Annotated Smartpho/RiceLeafDiseaseBD/Original images/Rice Tungro/Rice Tungro_824.jpg,Tungro,4,Healthy,0,0.9999473094940186,0,Healthy,0,0.9585145711898804,0,mutual_errors,1,0,0.0,False,False,True,True,False
1184,RiceLeafDiseaseBD A Field-Based Annotated Smartpho/RiceLeafDiseaseBD A Field-Based Annotated Smartpho/RiceLeafDiseaseBD/Original images/Rice Tungro/Rice Tungro_827.jpg,Tungro,4,Healthy,0,0.9996565580368042,0,Healthy,0,0.9965195655822754,0,mutual_errors,2,0,0.0,False,False,True,True,False
1185,RiceLeafDiseaseBD A Field-Based Annotated Smartpho/RiceLeafDiseaseBD A Field-Based Annotated Smartpho/RiceLeafDiseaseBD/Original images/Rice Tungro/Rice Tungro_828.jpg,Tungro,4,Healthy,0,0.9999295473098755,0,Healthy,0,0.9777282476425171,0,mutual_errors,2,0,0.0,False,False,True,True,False
1186,RiceLeafDiseaseBD A Field-Based Annotated Smartpho/RiceLeafDiseaseBD A Field-Based Annotated Smartpho/RiceLeafDiseaseBD/Original images/Rice Tungro/Rice Tungro_830.jpg,Tungro,4,Healthy,0,0.9999822378158569,0,Blast,1,0.6508126258850098,0,mutual_errors,2,0,0.0,False,False,True,False,False
1187,RiceLeafDiseaseBD A Field-Based Annotated Smartpho/RiceLeafDiseaseBD A Field-Based Annotated Smartpho/RiceLeafDiseaseBD/Original images/Rice Tungro/Rice Tungro_849.jpg,Tungro,4,Healthy,0,0.9999656677246094,0,Blast,1,0.9420012831687927,0,mutual_errors,1,0,0.0,False,False,True,True,False
1188,RiceLeafDiseaseBD A Field-Based Annotated Smartpho/RiceLeafDiseaseBD A Field-Based Annotated Smartpho/RiceLeafDiseaseBD/Original images/Rice Tungro/Rice Tungro_851.jpg,Tungro,4,Healthy,0,0.9998780488967896,0,Healthy,0,0.37406548857688904,0,mutual_errors,2,1,0.0,False,False,True,False,False
1189,RiceLeafDiseaseBD A Field-Based Annotated Smartpho/RiceLeafDiseaseBD A Field-Based Annotated Smartpho/RiceLeafDiseaseBD/Original images/Rice Tungro/Rice Tungro_853.jpg,Tungro,4,Healthy,0,0.9990506768226624,0,Healthy,0,0.7550051212310791,0,mutual_errors,2,0,0.0,False,False,True,False,False
1190,RiceLeafDiseaseBD A Field-Based Annotated Smartpho/RiceLeafDiseaseBD A Field-Based Annotated Smartpho/RiceLeafDiseaseBD/Original images/Rice Tungro/Rice Tungro_877.jpg,Tungro,4,Healthy,0,0.9963594079017639,0,Healthy,0,0.5480032563209534,0,mutual_errors,3,0,0.0,False,False,True,False,False
1191,RiceLeafDiseaseBD A Field-Based Annotated Smartpho/RiceLeafDiseaseBD A Field-Based Annotated Smartpho/RiceLeafDiseaseBD/Original images/Rice Tungro/Rice Tungro_878.jpg,Tungro,4,Healthy,0,0.9998917579650879,0,Blast,1,0.3602111041545868,0,mutual_errors,2,0,0.0,False,False,True,False,False
1192,RiceLeafDiseaseBD A Field-Based Annotated Smartpho/RiceLeafDiseaseBD A Field-Based Annotated Smartpho/RiceLeafDiseaseBD/Original images/Rice Tungro/Rice Tungro_879.jpg,Tungro,4,Healthy,0,0.9998114705085754,0,Blast,1,0.555595338344574,0,mutual_errors,1,0,0.0,False,False,True,False,False
1193,RiceLeafDiseaseBD A Field-Based Annotated Smartpho/RiceLeafDiseaseBD A Field-Based Annotated Smartpho/RiceLeafDiseaseBD/Original images/Rice Tungro/Rice Tungro_880.jpg,Tungro,4,Healthy,0,0.999595582485199,0,Blast,1,0.4270375072956085,0,mutual_errors,2,0,0.0,False,False,True,False,False
1194,RiceLeafDiseaseBD A Field-Based Annotated Smartpho/RiceLeafDiseaseBD A Field-Based Annotated Smartpho/RiceLeafDiseaseBD/Original images/Rice Tungro/Rice Tungro_892.jpg,Tungro,4,Healthy,0,0.999067485332489,0,Healthy,0,0.9692332148551941,0,mutual_errors,2,0,0.0,False,False,True,True,False
1195,RiceLeafDiseaseBD A Field-Based Annotated Smartpho/RiceLeafDiseaseBD A Field-Based Annotated Smartpho/RiceLeafDiseaseBD/Original images/Rice Tungro/Rice Tungro_898.jpg,Tungro,4,Healthy,0,0.9923425316810608,0,Healthy,0,0.9848151206970215,0,mutual_errors,2,0,0.0,False,False,True,True,False
1196,RiceLeafDiseaseBD A Field-Based Annotated Smartpho/RiceLeafDiseaseBD A Field-Based Annotated Smartpho/RiceLeafDiseaseBD/Original images/Rice Tungro/Rice Tungro_905.jpg,Tungro,4,Healthy,0,0.9999743700027466,0,Healthy,0,0.8790042996406555,0,mutual_errors,2,0,0.0,False,False,True,True,False
1197,RiceLeafDiseaseBD A Field-Based Annotated Smartpho/RiceLeafDiseaseBD A Field-Based Annotated Smartpho/RiceLeafDiseaseBD/Original images/Rice Tungro/Rice Tungro_917.jpg,Tungro,4,Healthy,0,0.9998822212219238,0,Healthy,0,0.7783783674240112,0,mutual_errors,2,0,0.0,False,False,True,False,False
1198,RiceLeafDiseaseBD A Field-Based Annotated Smartpho/RiceLeafDiseaseBD A Field-Based Annotated Smartpho/RiceLeafDiseaseBD/Original images/Rice Tungro/Rice Tungro_919.jpg,Tungro,4,Healthy,0,0.9992781281471252,0,Healthy,0,0.779949963092804,0,mutual_errors,1,0,0.0,False,False,True,False,False
1199,RiceLeafDiseaseBD A Field-Based Annotated Smartpho/RiceLeafDiseaseBD A Field-Based Annotated Smartpho/RiceLeafDiseaseBD/Original images/Rice Tungro/Rice Tungro_929.jpg,Tungro,4,Healthy,0,0.9995459914207458,0,Healthy,0,0.9790205359458923,0,mutual_errors,1,0,0.0,False,False,True,True,False
1200,RiceLeafDiseaseBD A Field-Based Annotated Smartpho/RiceLeafDiseaseBD A Field-Based Annotated Smartpho/RiceLeafDiseaseBD/Original images/Rice Tungro/Rice Tungro_939.jpg,Tungro,4,Healthy,0,0.9988124370574951,0,Healthy,0,0.9887605309486389,0,mutual_errors,2,0,0.0,False,False,True,True,False
1201,RiceLeafDiseaseBD A Field-Based Annotated Smartpho/RiceLeafDiseaseBD A Field-Based Annotated Smartpho/RiceLeafDiseaseBD/Original images/Rice Tungro/Rice Tungro_943.jpg,Tungro,4,Healthy,0,0.999634861946106,0,Healthy,0,0.9781640768051147,0,mutual_errors,2,0,0.0,False,False,True,True,False
1202,RiceLeafDiseaseBD A Field-Based Annotated Smartpho/RiceLeafDiseaseBD A Field-Based Annotated Smartpho/RiceLeafDiseaseBD/Original images/Rice Tungro/Rice Tungro_972.jpg,Tungro,4,Healthy,0,0.9932811260223389,0,Healthy,0,0.9938176274299622,0,mutual_errors,1,0,0.0,False,False,True,True,False
1203,RiceLeafDiseaseBD A Field-Based Annotated Smartpho/RiceLeafDiseaseBD A Field-Based Annotated Smartpho/RiceLeafDiseaseBD/Original images/Rice Tungro/Rice Tungro_980.jpg,Tungro,4,Healthy,0,0.9996869564056396,0,Blast,1,0.5122100114822388,0,mutual_errors,1,0,0.0,False,False,True,False,False
1204,RiceLeafDiseaseBD A Field-Based Annotated Smartpho/RiceLeafDiseaseBD A Field-Based Annotated Smartpho/RiceLeafDiseaseBD/Original images/Rice Tungro/Rice Tungro_981.jpg,Tungro,4,Healthy,0,0.9997209906578064,0,Healthy,0,0.9534614086151123,0,mutual_errors,1,0,0.0,False,False,True,True,False
1205,RiceLeafDiseaseBD A Field-Based Annotated Smartpho/RiceLeafDiseaseBD A Field-Based Annotated Smartpho/RiceLeafDiseaseBD/Original images/Rice Tungro/Rice Tungro_988.jpg,Tungro,4,Healthy,0,0.9996676445007324,0,Blast,1,0.6266911625862122,0,mutual_errors,1,0,0.0,False,False,True,False,False
1206,RiceLeafDiseaseBD A Field-Based Annotated Smartpho/RiceLeafDiseaseBD A Field-Based Annotated Smartpho/RiceLeafDiseaseBD/Original images/Rice Tungro/Rice Tungro_990.jpg,Tungro,4,Healthy,0,0.9994266033172607,0,Healthy,0,0.8426908254623413,0,mutual_errors,1,0,0.0,False,False,True,True,False
1207,RiceLeafDiseaseBD A Field-Based Annotated Smartpho/RiceLeafDiseaseBD A Field-Based Annotated Smartpho/RiceLeafDiseaseBD/Original images/Rice Tungro/Rice Tungro_991.jpg,Tungro,4,Healthy,0,0.9999285936355591,0,Blast,1,0.9999340772628784,0,mutual_errors,1,3,0.0,False,False,True,True,False
1208,RiceLeafDiseaseBD A Field-Based Annotated Smartpho/RiceLeafDiseaseBD A Field-Based Annotated Smartpho/RiceLeafDiseaseBD/Original images/Rice Tungro/Rice Tungro_999.jpg,Tungro,4,Healthy,0,0.9996826648712158,0,Healthy,0,0.8198686838150024,0,mutual_errors,1,0,0.0,False,False,True,True,False
1209,RiceLeafDiseaseBD A Field-Based Annotated Smartpho/RiceLeafDiseaseBD A Field-Based Annotated Smartpho/RiceLeafDiseaseBD/Original images/Sheath blight/Sheath blight_1001.jpg,Sheath Blight,5,Healthy,0,0.9997512698173523,0,Healthy,0,0.809403657913208,0,mutual_errors,1,0,0.0,False,False,True,True,False
1210,RiceLeafDiseaseBD A Field-Based Annotated Smartpho/RiceLeafDiseaseBD A Field-Based Annotated Smartpho/RiceLeafDiseaseBD/Original images/Sheath blight/Sheath blight_1006.jpg,Sheath Blight,5,Healthy,0,0.9942388534545898,0,Healthy,0,0.9981291890144348,0,mutual_errors,1,0,0.0,False,False,True,True,False
1211,RiceLeafDiseaseBD A Field-Based Annotated Smartpho/RiceLeafDiseaseBD A Field-Based Annotated Smartpho/RiceLeafDiseaseBD/Original images/Sheath blight/Sheath blight_1008.jpg,Sheath Blight,5,Healthy,0,0.9961217045783997,0,Healthy,0,0.9908276200294495,0,mutual_errors,2,0,0.0,False,False,True,True,False
1212,RiceLeafDiseaseBD A Field-Based Annotated Smartpho/RiceLeafDiseaseBD A Field-Based Annotated Smartpho/RiceLeafDiseaseBD/Original images/Sheath blight/Sheath blight_1014.jpg,Sheath Blight,5,Healthy,0,0.9996484518051147,0,Healthy,0,0.7767523527145386,0,mutual_errors,1,0,0.0,False,False,True,False,False
1213,RiceLeafDiseaseBD A Field-Based Annotated Smartpho/RiceLeafDiseaseBD A Field-Based Annotated Smartpho/RiceLeafDiseaseBD/Original images/Sheath blight/Sheath blight_1027.jpg,Sheath Blight,5,Healthy,0,0.9999216794967651,0,Blast,1,0.4053489863872528,0,mutual_errors,1,2,0.0,False,False,True,False,False
1214,RiceLeafDiseaseBD A Field-Based Annotated Smartpho/RiceLeafDiseaseBD A Field-Based Annotated Smartpho/RiceLeafDiseaseBD/Original images/Sheath blight/Sheath blight_1029.jpg,Sheath Blight,5,Healthy,0,0.9998642206192017,0,Healthy,0,0.7040697932243347,0,mutual_errors,1,0,0.0,False,False,True,False,False
1215,RiceLeafDiseaseBD A Field-Based Annotated Smartpho/RiceLeafDiseaseBD A Field-Based Annotated Smartpho/RiceLeafDiseaseBD/Original images/Sheath blight/Sheath blight_1035.jpg,Sheath Blight,5,Healthy,0,0.9997362494468689,0,Healthy,0,0.9946489930152893,0,mutual_errors,2,0,0.0,False,False,True,True,False
1216,RiceLeafDiseaseBD A Field-Based Annotated Smartpho/RiceLeafDiseaseBD A Field-Based Annotated Smartpho/RiceLeafDiseaseBD/Original images/Sheath blight/Sheath blight_104.jpg,Sheath Blight,5,Healthy,0,0.9998525381088257,0,Blast,1,0.5042825937271118,0,mutual_errors,1,3,0.12760177736426398,False,False,True,False,False
1217,RiceLeafDiseaseBD A Field-Based Annotated Smartpho/RiceLeafDiseaseBD A Field-Based Annotated Smartpho/RiceLeafDiseaseBD/Original images/Sheath blight/Sheath blight_1043.jpg,Sheath Blight,5,Healthy,0,0.9999607801437378,0,Healthy,0,0.8945173025131226,0,mutual_errors,4,0,0.0,False,False,True,True,False
1218,RiceLeafDiseaseBD A Field-Based Annotated Smartpho/RiceLeafDiseaseBD A Field-Based Annotated Smartpho/RiceLeafDiseaseBD/Original images/Sheath blight/Sheath blight_1052.jpg,Sheath Blight,5,Healthy,0,0.9999586343765259,0,Healthy,0,0.7564324140548706,0,mutual_errors,6,0,0.0,False,False,True,False,False
1219,RiceLeafDiseaseBD A Field-Based Annotated Smartpho/RiceLeafDiseaseBD A Field-Based Annotated Smartpho/RiceLeafDiseaseBD/Original images/Sheath blight/Sheath blight_1055.jpg,Sheath Blight,5,Healthy,0,0.9995719790458679,0,Healthy,0,0.97230464220047,0,mutual_errors,1,0,0.0,False,False,True,True,False
1220,RiceLeafDiseaseBD A Field-Based Annotated Smartpho/RiceLeafDiseaseBD A Field-Based Annotated Smartpho/RiceLeafDiseaseBD/Original images/Sheath blight/Sheath blight_1057.jpg,Sheath Blight,5,Healthy,0,0.9997633099555969,0,Healthy,0,0.9467747807502747,0,mutual_errors,1,0,0.0,False,False,True,True,False
1221,RiceLeafDiseaseBD A Field-Based Annotated Smartpho/RiceLeafDiseaseBD A Field-Based Annotated Smartpho/RiceLeafDiseaseBD/Original images/Sheath blight/Sheath blight_1058.jpg,Sheath Blight,5,Healthy,0,0.999767005443573,0,Healthy,0,0.9679122567176819,0,mutual_errors,1,0,0.0,False,False,True,True,False
1222,RiceLeafDiseaseBD A Field-Based Annotated Smartpho/RiceLeafDiseaseBD A Field-Based Annotated Smartpho/RiceLeafDiseaseBD/Original images/Sheath blight/Sheath blight_1077.jpg,Sheath Blight,5,Healthy,0,0.9998301267623901,0,Brown Spot,2,1.0,0,mutual_errors,1,3,0.0,False,False,True,True,False
1223,RiceLeafDiseaseBD A Field-Based Annotated Smartpho/RiceLeafDiseaseBD A Field-Based Annotated Smartpho/RiceLeafDiseaseBD/Original images/Sheath blight/Sheath blight_1101.jpg,Sheath Blight,5,Healthy,0,0.9993639588356018,0,Healthy,0,0.9855499863624573,0,mutual_errors,1,0,0.0,False,False,True,True,False
1224,RiceLeafDiseaseBD A Field-Based Annotated Smartpho/RiceLeafDiseaseBD A Field-Based Annotated Smartpho/RiceLeafDiseaseBD/Original images/Sheath blight/Sheath blight_1116.jpg,Sheath Blight,5,Healthy,0,0.9999722242355347,0,Blast,1,0.985692024230957,0,mutual_errors,2,0,0.0,False,False,True,True,False
1225,RiceLeafDiseaseBD A Field-Based Annotated Smartpho/RiceLeafDiseaseBD A Field-Based Annotated Smartpho/RiceLeafDiseaseBD/Original images/Sheath blight/Sheath blight_1122.jpg,Sheath Blight,5,Healthy,0,0.9999876022338867,0,Healthy,0,0.4735780954360962,0,mutual_errors,1,3,0.0,False,False,True,False,False
1226,RiceLeafDiseaseBD A Field-Based Annotated Smartpho/RiceLeafDiseaseBD A Field-Based Annotated Smartpho/RiceLeafDiseaseBD/Original images/Sheath blight/Sheath blight_1135.jpg,Sheath Blight,5,Healthy,0,0.9999614953994751,0,Brown Spot,2,0.9135978817939758,0,mutual_errors,2,0,0.0,False,False,True,True,False
1227,RiceLeafDiseaseBD A Field-Based Annotated Smartpho/RiceLeafDiseaseBD A Field-Based Annotated Smartpho/RiceLeafDiseaseBD/Original images/Sheath blight/Sheath blight_1136.jpg,Sheath Blight,5,Healthy,0,0.9999591112136841,0,Healthy,0,0.9847360253334045,0,mutual_errors,4,0,0.0,False,False,True,True,False
1228,RiceLeafDiseaseBD A Field-Based Annotated Smartpho/RiceLeafDiseaseBD A Field-Based Annotated Smartpho/RiceLeafDiseaseBD/Original images/Sheath blight/Sheath blight_1162.jpg,Sheath Blight,5,Healthy,0,0.9996529817581177,0,Healthy,0,0.9625346660614014,0,mutual_errors,1,0,0.0,False,False,True,True,False
1229,RiceLeafDiseaseBD A Field-Based Annotated Smartpho/RiceLeafDiseaseBD A Field-Based Annotated Smartpho/RiceLeafDiseaseBD/Original images/Sheath blight/Sheath blight_1165.jpg,Sheath Blight,5,Healthy,0,0.9997861981391907,0,Healthy,0,0.9926064014434814,0,mutual_errors,1,0,0.0,False,False,True,True,False
1230,RiceLeafDiseaseBD A Field-Based Annotated Smartpho/RiceLeafDiseaseBD A Field-Based Annotated Smartpho/RiceLeafDiseaseBD/Original images/Sheath blight/Sheath blight_1166.jpg,Sheath Blight,5,Healthy,0,0.9996625185012817,0,Healthy,0,0.9313985109329224,0,mutual_errors,2,0,0.0,False,False,True,True,False
1231,RiceLeafDiseaseBD A Field-Based Annotated Smartpho/RiceLeafDiseaseBD A Field-Based Annotated Smartpho/RiceLeafDiseaseBD/Original images/Sheath blight/Sheath blight_1189.jpg,Sheath Blight,5,Healthy,0,0.9998207688331604,0,Healthy,0,0.4638153612613678,0,mutual_errors,5,0,0.0,False,False,True,False,False
1232,RiceLeafDiseaseBD A Field-Based Annotated Smartpho/RiceLeafDiseaseBD A Field-Based Annotated Smartpho/RiceLeafDiseaseBD/Original images/Sheath blight/Sheath blight_1191.jpg,Sheath Blight,5,Healthy,0,0.9997504353523254,0,Healthy,0,0.9736558794975281,0,mutual_errors,3,0,0.0,False,False,True,True,False
1233,RiceLeafDiseaseBD A Field-Based Annotated Smartpho/RiceLeafDiseaseBD A Field-Based Annotated Smartpho/RiceLeafDiseaseBD/Original images/Sheath blight/Sheath blight_1194.jpg,Sheath Blight,5,Healthy,0,0.9996542930603027,0,Brown Spot,2,0.5743687152862549,0,mutual_errors,1,0,0.0,False,False,True,False,False
1234,RiceLeafDiseaseBD A Field-Based Annotated Smartpho/RiceLeafDiseaseBD A Field-Based Annotated Smartpho/RiceLeafDiseaseBD/Original images/Sheath blight/Sheath blight_1199.jpg,Sheath Blight,5,Healthy,0,0.9999254941940308,0,Healthy,0,0.7372960448265076,0,mutual_errors,1,0,0.0,False,False,True,False,False
1235,RiceLeafDiseaseBD A Field-Based Annotated Smartpho/RiceLeafDiseaseBD A Field-Based Annotated Smartpho/RiceLeafDiseaseBD/Original images/Sheath blight/Sheath blight_1210.jpg,Sheath Blight,5,Healthy,0,0.9996211528778076,0,Healthy,0,0.9920110106468201,0,mutual_errors,1,0,0.0,False,False,True,True,False
1236,RiceLeafDiseaseBD A Field-Based Annotated Smartpho/RiceLeafDiseaseBD A Field-Based Annotated Smartpho/RiceLeafDiseaseBD/Original images/Sheath blight/Sheath blight_1211.jpg,Sheath Blight,5,Healthy,0,0.9997019171714783,0,Healthy,0,0.9958631992340088,0,mutual_errors,1,0,0.0,False,False,True,True,False
1237,RiceLeafDiseaseBD A Field-Based Annotated Smartpho/RiceLeafDiseaseBD A Field-Based Annotated Smartpho/RiceLeafDiseaseBD/Original images/Sheath blight/Sheath blight_1216.jpg,Sheath Blight,5,Healthy,0,0.998324453830719,0,Healthy,0,0.9779263138771057,0,mutual_errors,1,0,0.0,False,False,True,True,False
1238,RiceLeafDiseaseBD A Field-Based Annotated Smartpho/RiceLeafDiseaseBD A Field-Based Annotated Smartpho/RiceLeafDiseaseBD/Original images/Sheath blight/Sheath blight_1222.jpg,Sheath Blight,5,Healthy,0,0.9997300505638123,0,Healthy,0,0.9908012747764587,0,mutual_errors,1,0,0.0,False,False,True,True,False
1239,RiceLeafDiseaseBD A Field-Based Annotated Smartpho/RiceLeafDiseaseBD A Field-Based Annotated Smartpho/RiceLeafDiseaseBD/Original images/Sheath blight/Sheath blight_1224.jpg,Sheath Blight,5,Healthy,0,0.9997972846031189,0,Healthy,0,0.958052396774292,0,mutual_errors,2,0,0.0,False,False,True,True,False
1240,RiceLeafDiseaseBD A Field-Based Annotated Smartpho/RiceLeafDiseaseBD A Field-Based Annotated Smartpho/RiceLeafDiseaseBD/Original images/Sheath blight/Sheath blight_1234.jpg,Sheath Blight,5,Healthy,0,0.9990212917327881,0,Healthy,0,0.9609726667404175,0,mutual_errors,2,0,0.0,False,False,True,True,False
1241,RiceLeafDiseaseBD A Field-Based Annotated Smartpho/RiceLeafDiseaseBD A Field-Based Annotated Smartpho/RiceLeafDiseaseBD/Original images/Sheath blight/Sheath blight_1236.jpg,Sheath Blight,5,Healthy,0,0.9990656971931458,0,Healthy,0,0.9862917065620422,0,mutual_errors,3,0,0.0,False,False,True,True,False
1242,RiceLeafDiseaseBD A Field-Based Annotated Smartpho/RiceLeafDiseaseBD A Field-Based Annotated Smartpho/RiceLeafDiseaseBD/Original images/Sheath blight/Sheath blight_1237.jpg,Sheath Blight,5,Healthy,0,0.9997373223304749,0,Healthy,0,0.9965482354164124,0,mutual_errors,2,0,0.0,False,False,True,True,False
1243,RiceLeafDiseaseBD A Field-Based Annotated Smartpho/RiceLeafDiseaseBD A Field-Based Annotated Smartpho/RiceLeafDiseaseBD/Original images/Sheath blight/Sheath blight_1242.jpg,Sheath Blight,5,Healthy,0,0.9998874664306641,0,Healthy,0,0.9955833554267883,0,mutual_errors,1,0,0.0,False,False,True,True,False
1244,RiceLeafDiseaseBD A Field-Based Annotated Smartpho/RiceLeafDiseaseBD A Field-Based Annotated Smartpho/RiceLeafDiseaseBD/Original images/Sheath blight/Sheath blight_1247.jpg,Sheath Blight,5,Healthy,0,0.9998939037322998,0,Blast,1,0.989599347114563,0,mutual_errors,1,0,0.0,False,False,True,True,False
1245,RiceLeafDiseaseBD A Field-Based Annotated Smartpho/RiceLeafDiseaseBD A Field-Based Annotated Smartpho/RiceLeafDiseaseBD/Original images/Sheath blight/Sheath blight_1249.jpg,Sheath Blight,5,Healthy,0,0.9995792508125305,0,Healthy,0,0.9419230222702026,0,mutual_errors,3,0,0.0,False,False,True,True,False
1246,RiceLeafDiseaseBD A Field-Based Annotated Smartpho/RiceLeafDiseaseBD A Field-Based Annotated Smartpho/RiceLeafDiseaseBD/Original images/Sheath blight/Sheath blight_1250.jpg,Sheath Blight,5,Healthy,0,0.9990227222442627,0,Healthy,0,0.984684944152832,0,mutual_errors,1,0,0.0,False,False,True,True,False
1247,RiceLeafDiseaseBD A Field-Based Annotated Smartpho/RiceLeafDiseaseBD A Field-Based Annotated Smartpho/RiceLeafDiseaseBD/Original images/Sheath blight/Sheath blight_126.jpg,Sheath Blight,5,Healthy,0,0.999845027923584,0,Healthy,0,0.9803928732872009,0,mutual_errors,1,0,0.0,False,False,True,True,False
1248,RiceLeafDiseaseBD A Field-Based Annotated Smartpho/RiceLeafDiseaseBD A Field-Based Annotated Smartpho/RiceLeafDiseaseBD/Original images/Sheath blight/Sheath blight_1260.jpg,Sheath Blight,5,Healthy,0,0.9875454306602478,0,Healthy,0,0.9633379578590393,0,mutual_errors,2,0,0.0,False,False,True,True,False
1249,RiceLeafDiseaseBD A Field-Based Annotated Smartpho/RiceLeafDiseaseBD A Field-Based Annotated Smartpho/RiceLeafDiseaseBD/Original images/Sheath blight/Sheath blight_1275.jpg,Sheath Blight,5,Healthy,0,0.9997527003288269,0,Healthy,0,0.9433773756027222,0,mutual_errors,1,0,0.0,False,False,True,True,False
1250,RiceLeafDiseaseBD A Field-Based Annotated Smartpho/RiceLeafDiseaseBD A Field-Based Annotated Smartpho/RiceLeafDiseaseBD/Original images/Sheath blight/Sheath blight_1276.jpg,Sheath Blight,5,Healthy,0,0.9998482465744019,0,Healthy,0,0.9043377637863159,0,mutual_errors,1,0,0.0,False,False,True,True,False
1251,RiceLeafDiseaseBD A Field-Based Annotated Smartpho/RiceLeafDiseaseBD A Field-Based Annotated Smartpho/RiceLeafDiseaseBD/Original images/Sheath blight/Sheath blight_1282.jpg,Sheath Blight,5,Healthy,0,0.999963641166687,0,Healthy,0,0.943919837474823,0,mutual_errors,2,0,0.0,False,False,True,True,False
1252,RiceLeafDiseaseBD A Field-Based Annotated Smartpho/RiceLeafDiseaseBD A Field-Based Annotated Smartpho/RiceLeafDiseaseBD/Original images/Sheath blight/Sheath blight_1283.jpg,Sheath Blight,5,Healthy,0,0.9979092478752136,0,Healthy,0,0.9968045949935913,0,mutual_errors,2,0,0.0,False,False,True,True,False
1253,RiceLeafDiseaseBD A Field-Based Annotated Smartpho/RiceLeafDiseaseBD A Field-Based Annotated Smartpho/RiceLeafDiseaseBD/Original images/Sheath blight/Sheath blight_1284.jpg,Sheath Blight,5,Healthy,0,0.9991219639778137,0,Healthy,0,0.9911414384841919,0,mutual_errors,2,0,0.0,False,False,True,True,False
1254,RiceLeafDiseaseBD A Field-Based Annotated Smartpho/RiceLeafDiseaseBD A Field-Based Annotated Smartpho/RiceLeafDiseaseBD/Original images/Sheath blight/Sheath blight_1290.jpg,Sheath Blight,5,Healthy,0,0.9993991851806641,0,Healthy,0,0.969420313835144,0,mutual_errors,2,0,0.0,False,False,True,True,False
1255,RiceLeafDiseaseBD A Field-Based Annotated Smartpho/RiceLeafDiseaseBD A Field-Based Annotated Smartpho/RiceLeafDiseaseBD/Original images/Sheath blight/Sheath blight_1291.jpg,Sheath Blight,5,Healthy,0,0.9993749260902405,0,Healthy,0,0.9429664611816406,0,mutual_errors,1,0,0.0,False,False,True,True,False
1256,RiceLeafDiseaseBD A Field-Based Annotated Smartpho/RiceLeafDiseaseBD A Field-Based Annotated Smartpho/RiceLeafDiseaseBD/Original images/Sheath blight/Sheath blight_1294.jpg,Sheath Blight,5,Healthy,0,0.9996875524520874,0,Healthy,0,0.8800845146179199,0,mutual_errors,1,0,0.0,False,False,True,True,False
1257,RiceLeafDiseaseBD A Field-Based Annotated Smartpho/RiceLeafDiseaseBD A Field-Based Annotated Smartpho/RiceLeafDiseaseBD/Original images/Sheath blight/Sheath blight_1296.jpg,Sheath Blight,5,Healthy,0,0.9986904263496399,0,Healthy,0,0.9314993619918823,0,mutual_errors,1,0,0.0,False,False,True,True,False
1258,RiceLeafDiseaseBD A Field-Based Annotated Smartpho/RiceLeafDiseaseBD A Field-Based Annotated Smartpho/RiceLeafDiseaseBD/Original images/Sheath blight/Sheath blight_1302.jpg,Sheath Blight,5,Healthy,0,0.99981290102005,0,Healthy,0,0.9000115394592285,0,mutual_errors,1,3,0.057299651841374755,False,False,True,True,False
1259,RiceLeafDiseaseBD A Field-Based Annotated Smartpho/RiceLeafDiseaseBD A Field-Based Annotated Smartpho/RiceLeafDiseaseBD/Original images/Sheath blight/Sheath blight_1313.jpg,Sheath Blight,5,Healthy,0,0.9981656670570374,0,Healthy,0,0.9973846077919006,0,mutual_errors,3,0,0.0,False,False,True,True,False
1260,RiceLeafDiseaseBD A Field-Based Annotated Smartpho/RiceLeafDiseaseBD A Field-Based Annotated Smartpho/RiceLeafDiseaseBD/Original images/Sheath blight/Sheath blight_1318.jpg,Sheath Blight,5,Healthy,0,0.9994933605194092,0,Healthy,0,0.9877526760101318,0,mutual_errors,2,0,0.0,False,False,True,True,False
1261,RiceLeafDiseaseBD A Field-Based Annotated Smartpho/RiceLeafDiseaseBD A Field-Based Annotated Smartpho/RiceLeafDiseaseBD/Original images/Sheath blight/Sheath blight_1320.jpg,Sheath Blight,5,Healthy,0,0.9999223947525024,0,Healthy,0,0.8894285559654236,0,mutual_errors,2,3,0.0,False,False,True,True,False
1262,RiceLeafDiseaseBD A Field-Based Annotated Smartpho/RiceLeafDiseaseBD A Field-Based Annotated Smartpho/RiceLeafDiseaseBD/Original images/Sheath blight/Sheath blight_1344.jpg,Sheath Blight,5,Healthy,0,0.9999232292175293,0,Healthy,0,0.813745379447937,0,mutual_errors,1,0,0.0,False,False,True,True,False
1263,RiceLeafDiseaseBD A Field-Based Annotated Smartpho/RiceLeafDiseaseBD A Field-Based Annotated Smartpho/RiceLeafDiseaseBD/Original images/Sheath blight/Sheath blight_1345.jpg,Sheath Blight,5,Healthy,0,0.9999415874481201,0,Healthy,0,0.9807950854301453,0,mutual_errors,2,0,0.0,False,False,True,True,False
1264,RiceLeafDiseaseBD A Field-Based Annotated Smartpho/RiceLeafDiseaseBD A Field-Based Annotated Smartpho/RiceLeafDiseaseBD/Original images/Sheath blight/Sheath blight_135.jpg,Sheath Blight,5,Healthy,0,0.9998841285705566,0,Healthy,0,0.9924278855323792,0,mutual_errors,4,0,0.0,False,False,True,True,False
1265,RiceLeafDiseaseBD A Field-Based Annotated Smartpho/RiceLeafDiseaseBD A Field-Based Annotated Smartpho/RiceLeafDiseaseBD/Original images/Sheath blight/Sheath blight_1354.jpg,Sheath Blight,5,Healthy,0,0.9989448189735413,0,Healthy,0,0.9723641872406006,0,mutual_errors,1,1,0.3387389611813877,False,False,True,False,False
1266,RiceLeafDiseaseBD A Field-Based Annotated Smartpho/RiceLeafDiseaseBD A Field-Based Annotated Smartpho/RiceLeafDiseaseBD/Original images/Sheath blight/Sheath blight_1356.jpg,Sheath Blight,5,Healthy,0,0.9999575614929199,0,Blast,1,0.7487810850143433,0,mutual_errors,1,3,0.03272789193504207,False,False,True,False,False
1267,RiceLeafDiseaseBD A Field-Based Annotated Smartpho/RiceLeafDiseaseBD A Field-Based Annotated Smartpho/RiceLeafDiseaseBD/Original images/Sheath blight/Sheath blight_1364.jpg,Sheath Blight,5,Healthy,0,0.9991655349731445,0,Healthy,0,0.991672933101654,0,mutual_errors,1,2,0.0,False,False,True,True,False
1268,RiceLeafDiseaseBD A Field-Based Annotated Smartpho/RiceLeafDiseaseBD A Field-Based Annotated Smartpho/RiceLeafDiseaseBD/Original images/Sheath blight/Sheath blight_137.jpg,Sheath Blight,5,Healthy,0,0.9984086155891418,0,Healthy,0,0.9691335558891296,0,mutual_errors,1,0,0.0,False,False,True,True,False
1269,RiceLeafDiseaseBD A Field-Based Annotated Smartpho/RiceLeafDiseaseBD A Field-Based Annotated Smartpho/RiceLeafDiseaseBD/Original images/Sheath blight/Sheath blight_1379.jpg,Sheath Blight,5,Healthy,0,0.9999831914901733,0,Healthy,0,0.9633371829986572,0,mutual_errors,2,0,0.0,False,False,True,True,False
1270,RiceLeafDiseaseBD A Field-Based Annotated Smartpho/RiceLeafDiseaseBD A Field-Based Annotated Smartpho/RiceLeafDiseaseBD/Original images/Sheath blight/Sheath blight_1385.jpg,Sheath Blight,5,Healthy,0,0.9999499320983887,0,Healthy,0,0.7306876182556152,0,mutual_errors,2,0,0.0,False,False,True,False,False
1271,RiceLeafDiseaseBD A Field-Based Annotated Smartpho/RiceLeafDiseaseBD A Field-Based Annotated Smartpho/RiceLeafDiseaseBD/Original images/Sheath blight/Sheath blight_139.jpg,Sheath Blight,5,Healthy,0,0.9995772242546082,0,Healthy,0,0.9858428835868835,0,mutual_errors,1,0,0.0,False,False,True,True,False
1272,RiceLeafDiseaseBD A Field-Based Annotated Smartpho/RiceLeafDiseaseBD A Field-Based Annotated Smartpho/RiceLeafDiseaseBD/Original images/Sheath blight/Sheath blight_1391.jpg,Sheath Blight,5,Healthy,0,0.9999880790710449,0,Healthy,0,0.9862414598464966,0,mutual_errors,1,0,0.0,False,False,True,True,False
1273,RiceLeafDiseaseBD A Field-Based Annotated Smartpho/RiceLeafDiseaseBD A Field-Based Annotated Smartpho/RiceLeafDiseaseBD/Original images/Sheath blight/Sheath blight_14.jpg,Sheath Blight,5,Healthy,0,0.9999523162841797,0,Brown Spot,2,0.5625338554382324,0,mutual_errors,1,0,0.0,False,False,True,False,False
1274,RiceLeafDiseaseBD A Field-Based Annotated Smartpho/RiceLeafDiseaseBD A Field-Based Annotated Smartpho/RiceLeafDiseaseBD/Original images/Sheath blight/Sheath blight_1401.jpg,Sheath Blight,5,Healthy,0,0.9992122650146484,0,Healthy,0,0.6234915852546692,0,mutual_errors,1,0,0.0,False,False,True,False,False
1275,RiceLeafDiseaseBD A Field-Based Annotated Smartpho/RiceLeafDiseaseBD A Field-Based Annotated Smartpho/RiceLeafDiseaseBD/Original images/Sheath blight/Sheath blight_1406.jpg,Sheath Blight,5,Healthy,0,0.9993584752082825,0,Healthy,0,0.8231139183044434,0,mutual_errors,1,0,0.0,False,False,True,True,False
1276,RiceLeafDiseaseBD A Field-Based Annotated Smartpho/RiceLeafDiseaseBD A Field-Based Annotated Smartpho/RiceLeafDiseaseBD/Original images/Sheath blight/Sheath blight_1409.jpg,Sheath Blight,5,Healthy,0,0.9990441203117371,0,Healthy,0,0.9988631010055542,0,mutual_errors,1,0,0.0,False,False,True,True,False
1277,RiceLeafDiseaseBD A Field-Based Annotated Smartpho/RiceLeafDiseaseBD A Field-Based Annotated Smartpho/RiceLeafDiseaseBD/Original images/Sheath blight/Sheath blight_1419.jpg,Sheath Blight,5,Healthy,0,0.999858021736145,0,Healthy,0,0.9948098659515381,0,mutual_errors,1,0,0.0,False,False,True,True,False
1278,RiceLeafDiseaseBD A Field-Based Annotated Smartpho/RiceLeafDiseaseBD A Field-Based Annotated Smartpho/RiceLeafDiseaseBD/Original images/Sheath blight/Sheath blight_1422.jpg,Sheath Blight,5,Healthy,0,0.9987201690673828,0,Healthy,0,0.9743495583534241,0,mutual_errors,2,0,0.0,False,False,True,True,False
1279,RiceLeafDiseaseBD A Field-Based Annotated Smartpho/RiceLeafDiseaseBD A Field-Based Annotated Smartpho/RiceLeafDiseaseBD/Original images/Sheath blight/Sheath blight_1430.jpg,Sheath Blight,5,Healthy,0,0.999488353729248,0,Healthy,0,0.9925683736801147,0,mutual_errors,1,0,0.0,False,False,True,True,False
1280,RiceLeafDiseaseBD A Field-Based Annotated Smartpho/RiceLeafDiseaseBD A Field-Based Annotated Smartpho/RiceLeafDiseaseBD/Original images/Sheath blight/Sheath blight_1452.jpg,Sheath Blight,5,Healthy,0,0.9998672008514404,0,Brown Spot,2,0.6506006717681885,0,mutual_errors,1,3,0.18445445147201062,False,False,True,False,False
1281,RiceLeafDiseaseBD A Field-Based Annotated Smartpho/RiceLeafDiseaseBD A Field-Based Annotated Smartpho/RiceLeafDiseaseBD/Original images/Sheath blight/Sheath blight_1457.jpg,Sheath Blight,5,Healthy,0,0.9972442388534546,0,Healthy,0,0.9912508726119995,0,mutual_errors,1,0,0.0,False,False,True,True,False
1282,RiceLeafDiseaseBD A Field-Based Annotated Smartpho/RiceLeafDiseaseBD A Field-Based Annotated Smartpho/RiceLeafDiseaseBD/Original images/Sheath blight/Sheath blight_1460.jpg,Sheath Blight,5,Healthy,0,0.9998598098754883,0,Healthy,0,0.6579347252845764,0,mutual_errors,2,0,0.0,False,False,True,False,False
1283,RiceLeafDiseaseBD A Field-Based Annotated Smartpho/RiceLeafDiseaseBD A Field-Based Annotated Smartpho/RiceLeafDiseaseBD/Original images/Sheath blight/Sheath blight_1461.jpg,Sheath Blight,5,Healthy,0,0.9998747110366821,0,Healthy,0,0.9683212041854858,0,mutual_errors,1,0,0.0,False,False,True,True,False
1284,RiceLeafDiseaseBD A Field-Based Annotated Smartpho/RiceLeafDiseaseBD A Field-Based Annotated Smartpho/RiceLeafDiseaseBD/Original images/Sheath blight/Sheath blight_1467.jpg,Sheath Blight,5,Healthy,0,0.997435986995697,0,Healthy,0,0.9981503486633301,0,mutual_errors,2,0,0.0,False,False,True,True,False
1285,RiceLeafDiseaseBD A Field-Based Annotated Smartpho/RiceLeafDiseaseBD A Field-Based Annotated Smartpho/RiceLeafDiseaseBD/Original images/Sheath blight/Sheath blight_1473.jpg,Sheath Blight,5,Healthy,0,0.9964112639427185,0,Healthy,0,0.9975569248199463,0,mutual_errors,3,0,0.0,False,False,True,True,False
1286,RiceLeafDiseaseBD A Field-Based Annotated Smartpho/RiceLeafDiseaseBD A Field-Based Annotated Smartpho/RiceLeafDiseaseBD/Original images/Sheath blight/Sheath blight_1484.jpg,Sheath Blight,5,Healthy,0,0.9995658993721008,0,Brown Spot,2,0.38874900341033936,0,mutual_errors,1,3,0.179876375997998,False,False,True,False,False
1287,RiceLeafDiseaseBD A Field-Based Annotated Smartpho/RiceLeafDiseaseBD A Field-Based Annotated Smartpho/RiceLeafDiseaseBD/Original images/Sheath blight/Sheath blight_1490.jpg,Sheath Blight,5,Healthy,0,0.9963597655296326,0,Healthy,0,0.6970725059509277,0,mutual_errors,1,0,0.0,False,False,True,False,False
1288,RiceLeafDiseaseBD A Field-Based Annotated Smartpho/RiceLeafDiseaseBD A Field-Based Annotated Smartpho/RiceLeafDiseaseBD/Original images/Sheath blight/Sheath blight_1492.jpg,Sheath Blight,5,Healthy,0,0.9968059062957764,0,Healthy,0,0.7030378580093384,0,mutual_errors,1,0,0.0,False,False,True,False,False
1289,RiceLeafDiseaseBD A Field-Based Annotated Smartpho/RiceLeafDiseaseBD A Field-Based Annotated Smartpho/RiceLeafDiseaseBD/Original images/Sheath blight/Sheath blight_1493.jpg,Sheath Blight,5,Healthy,0,0.9893804788589478,0,Healthy,0,0.9975302815437317,0,mutual_errors,1,0,0.0,False,False,True,True,False
1290,RiceLeafDiseaseBD A Field-Based Annotated Smartpho/RiceLeafDiseaseBD A Field-Based Annotated Smartpho/RiceLeafDiseaseBD/Original images/Sheath blight/Sheath blight_1496.jpg,Sheath Blight,5,Healthy,0,0.9928666353225708,0,Healthy,0,0.9591594338417053,0,mutual_errors,1,0,0.0,False,False,True,True,False
1291,RiceLeafDiseaseBD A Field-Based Annotated Smartpho/RiceLeafDiseaseBD A Field-Based Annotated Smartpho/RiceLeafDiseaseBD/Original images/Sheath blight/Sheath blight_1516.jpg,Sheath Blight,5,Healthy,0,0.9978826642036438,0,Blast,1,0.64689040184021,0,mutual_errors,1,0,0.0,False,False,True,False,False
1292,RiceLeafDiseaseBD A Field-Based Annotated Smartpho/RiceLeafDiseaseBD A Field-Based Annotated Smartpho/RiceLeafDiseaseBD/Original images/Sheath blight/Sheath blight_1519.jpg,Sheath Blight,5,Healthy,0,0.9975456595420837,0,Blast,1,0.5680510997772217,0,mutual_errors,1,0,0.0,False,False,True,False,False
1293,RiceLeafDiseaseBD A Field-Based Annotated Smartpho/RiceLeafDiseaseBD A Field-Based Annotated Smartpho/RiceLeafDiseaseBD/Original images/Sheath blight/Sheath blight_1530.jpg,Sheath Blight,5,Healthy,0,0.9936483502388,0,Healthy,0,0.9979164004325867,0,mutual_errors,1,0,0.0,False,False,True,True,False
1294,RiceLeafDiseaseBD A Field-Based Annotated Smartpho/RiceLeafDiseaseBD A Field-Based Annotated Smartpho/RiceLeafDiseaseBD/Original images/Sheath blight/Sheath blight_1531.jpg,Sheath Blight,5,Healthy,0,0.9962140917778015,0,Healthy,0,0.9986305236816406,0,mutual_errors,1,0,0.0,False,False,True,True,False
1295,RiceLeafDiseaseBD A Field-Based Annotated Smartpho/RiceLeafDiseaseBD A Field-Based Annotated Smartpho/RiceLeafDiseaseBD/Original images/Sheath blight/Sheath blight_1537.jpg,Sheath Blight,5,Healthy,0,0.9980467557907104,0,Healthy,0,0.9976953864097595,0,mutual_errors,1,0,0.0,False,False,True,True,False
1296,RiceLeafDiseaseBD A Field-Based Annotated Smartpho/RiceLeafDiseaseBD A Field-Based Annotated Smartpho/RiceLeafDiseaseBD/Original images/Sheath blight/Sheath blight_1538.jpg,Sheath Blight,5,Healthy,0,0.9980338215827942,0,Healthy,0,0.9964634776115417,0,mutual_errors,1,0,0.0,False,False,True,True,False
1297,RiceLeafDiseaseBD A Field-Based Annotated Smartpho/RiceLeafDiseaseBD A Field-Based Annotated Smartpho/RiceLeafDiseaseBD/Original images/Sheath blight/Sheath blight_154.jpg,Sheath Blight,5,Healthy,0,0.9995243549346924,0,Brown Spot,2,0.6000038981437683,0,mutual_errors,1,3,0.1699505060536003,False,False,True,False,False
1298,RiceLeafDiseaseBD A Field-Based Annotated Smartpho/RiceLeafDiseaseBD A Field-Based Annotated Smartpho/RiceLeafDiseaseBD/Original images/Sheath blight/Sheath blight_1547.jpg,Sheath Blight,5,Healthy,0,0.9948807954788208,0,Healthy,0,0.9972925782203674,0,mutual_errors,1,0,0.0,False,False,True,True,False
1299,RiceLeafDiseaseBD A Field-Based Annotated Smartpho/RiceLeafDiseaseBD A Field-Based Annotated Smartpho/RiceLeafDiseaseBD/Original images/Sheath blight/Sheath blight_1555.jpg,Sheath Blight,5,Healthy,0,0.999875545501709,0,Healthy,0,0.6641096472740173,0,mutual_errors,1,0,0.0,False,False,True,False,False
1300,RiceLeafDiseaseBD A Field-Based Annotated Smartpho/RiceLeafDiseaseBD A Field-Based Annotated Smartpho/RiceLeafDiseaseBD/Original images/Sheath blight/Sheath blight_1557.jpg,Sheath Blight,5,Healthy,0,0.9997355341911316,0,Blast,1,0.9624035954475403,0,mutual_errors,1,0,0.0,False,False,True,True,False
1301,RiceLeafDiseaseBD A Field-Based Annotated Smartpho/RiceLeafDiseaseBD A Field-Based Annotated Smartpho/RiceLeafDiseaseBD/Original images/Sheath blight/Sheath blight_156.jpg,Sheath Blight,5,Healthy,0,0.9993483424186707,0,Healthy,0,0.9656479358673096,0,mutual_errors,1,0,0.0,False,False,True,True,False
1302,RiceLeafDiseaseBD A Field-Based Annotated Smartpho/RiceLeafDiseaseBD A Field-Based Annotated Smartpho/RiceLeafDiseaseBD/Original images/Sheath blight/Sheath blight_1579.jpg,Sheath Blight,5,Healthy,0,0.9997044205665588,0,Blast,1,0.9987427592277527,0,mutual_errors,1,0,0.0,False,False,True,True,False
1303,RiceLeafDiseaseBD A Field-Based Annotated Smartpho/RiceLeafDiseaseBD A Field-Based Annotated Smartpho/RiceLeafDiseaseBD/Original images/Sheath blight/Sheath blight_1584.jpg,Sheath Blight,5,Healthy,0,0.9946309328079224,0,Healthy,0,0.975756824016571,0,mutual_errors,2,0,0.0,False,False,True,True,False
1304,RiceLeafDiseaseBD A Field-Based Annotated Smartpho/RiceLeafDiseaseBD A Field-Based Annotated Smartpho/RiceLeafDiseaseBD/Original images/Sheath blight/Sheath blight_1589.jpg,Sheath Blight,5,Healthy,0,0.9999089241027832,0,Healthy,0,0.971935510635376,0,mutual_errors,1,0,0.0,False,False,True,True,False
1305,RiceLeafDiseaseBD A Field-Based Annotated Smartpho/RiceLeafDiseaseBD A Field-Based Annotated Smartpho/RiceLeafDiseaseBD/Original images/Sheath blight/Sheath blight_1596.jpg,Sheath Blight,5,Healthy,0,0.996863842010498,0,Healthy,0,0.9988094568252563,0,mutual_errors,1,0,0.0,False,False,True,True,False
1306,RiceLeafDiseaseBD A Field-Based Annotated Smartpho/RiceLeafDiseaseBD A Field-Based Annotated Smartpho/RiceLeafDiseaseBD/Original images/Sheath blight/Sheath blight_1618.jpg,Sheath Blight,5,Healthy,0,0.9999128580093384,0,Blast,1,0.914221465587616,0,mutual_errors,1,3,0.10873737515719846,False,False,True,True,False
1307,RiceLeafDiseaseBD A Field-Based Annotated Smartpho/RiceLeafDiseaseBD A Field-Based Annotated Smartpho/RiceLeafDiseaseBD/Original images/Sheath blight/Sheath blight_1633.jpg,Sheath Blight,5,Healthy,0,0.9961613416671753,0,Healthy,0,0.9987902045249939,0,mutual_errors,2,0,0.0,False,False,True,True,False
1308,RiceLeafDiseaseBD A Field-Based Annotated Smartpho/RiceLeafDiseaseBD A Field-Based Annotated Smartpho/RiceLeafDiseaseBD/Original images/Sheath blight/Sheath blight_165.jpg,Sheath Blight,5,Healthy,0,0.9998741149902344,0,Brown Spot,2,0.9913138747215271,0,mutual_errors,1,3,0.012340789943314156,False,False,True,True,False
1309,RiceLeafDiseaseBD A Field-Based Annotated Smartpho/RiceLeafDiseaseBD A Field-Based Annotated Smartpho/RiceLeafDiseaseBD/Original images/Sheath blight/Sheath blight_1657.jpg,Sheath Blight,5,Healthy,0,0.9993182420730591,0,Blast,1,0.5071151256561279,0,mutual_errors,1,0,0.0,False,False,True,False,False
1310,RiceLeafDiseaseBD A Field-Based Annotated Smartpho/RiceLeafDiseaseBD A Field-Based Annotated Smartpho/RiceLeafDiseaseBD/Original images/Sheath blight/Sheath blight_1660.jpg,Sheath Blight,5,Healthy,0,0.9998695850372314,0,Blast,1,0.9141494035720825,0,mutual_errors,1,1,0.0,False,False,True,True,False
1311,RiceLeafDiseaseBD A Field-Based Annotated Smartpho/RiceLeafDiseaseBD A Field-Based Annotated Smartpho/RiceLeafDiseaseBD/Original images/Sheath blight/Sheath blight_1666.jpg,Sheath Blight,5,Healthy,0,0.9985563158988953,0,Healthy,0,0.624893844127655,0,mutual_errors,3,3,0.0,False,False,True,False,False
1312,RiceLeafDiseaseBD A Field-Based Annotated Smartpho/RiceLeafDiseaseBD A Field-Based Annotated Smartpho/RiceLeafDiseaseBD/Original images/Sheath blight/Sheath blight_1667.jpg,Sheath Blight,5,Healthy,0,0.9958531856536865,0,Healthy,0,0.5036401748657227,0,mutual_errors,3,0,0.0,False,False,True,False,False
1313,RiceLeafDiseaseBD A Field-Based Annotated Smartpho/RiceLeafDiseaseBD A Field-Based Annotated Smartpho/RiceLeafDiseaseBD/Original images/Sheath blight/Sheath blight_1668.jpg,Sheath Blight,5,Healthy,0,0.9959245920181274,0,Healthy,0,0.5435764789581299,0,mutual_errors,2,2,0.10168208003512444,False,False,True,False,False
1314,RiceLeafDiseaseBD A Field-Based Annotated Smartpho/RiceLeafDiseaseBD A Field-Based Annotated Smartpho/RiceLeafDiseaseBD/Original images/Sheath blight/Sheath blight_1676.jpg,Sheath Blight,5,Healthy,0,0.9988962411880493,0,Healthy,0,0.4817162752151489,0,mutual_errors,4,0,0.0,False,False,True,False,False
1315,RiceLeafDiseaseBD A Field-Based Annotated Smartpho/RiceLeafDiseaseBD A Field-Based Annotated Smartpho/RiceLeafDiseaseBD/Original images/Sheath blight/Sheath blight_1677.jpg,Sheath Blight,5,Healthy,0,0.9963834285736084,0,Healthy,0,0.48310360312461853,0,mutual_errors,4,0,0.0,False,False,True,False,False
1316,RiceLeafDiseaseBD A Field-Based Annotated Smartpho/RiceLeafDiseaseBD A Field-Based Annotated Smartpho/RiceLeafDiseaseBD/Original images/Sheath blight/Sheath blight_1685.jpg,Sheath Blight,5,Healthy,0,0.9957454800605774,0,Healthy,0,0.9735924601554871,0,mutual_errors,2,0,0.0,False,False,True,True,False
1317,RiceLeafDiseaseBD A Field-Based Annotated Smartpho/RiceLeafDiseaseBD A Field-Based Annotated Smartpho/RiceLeafDiseaseBD/Original images/Sheath blight/Sheath blight_169.jpg,Sheath Blight,5,Healthy,0,0.9999303817749023,0,Blast,1,0.4034055471420288,0,mutual_errors,1,3,0.18446103354035254,False,False,True,False,False
1318,RiceLeafDiseaseBD A Field-Based Annotated Smartpho/RiceLeafDiseaseBD A Field-Based Annotated Smartpho/RiceLeafDiseaseBD/Original images/Sheath blight/Sheath blight_1695.jpg,Sheath Blight,5,Healthy,0,0.9916519522666931,0,Blast,1,0.8052762150764465,0,mutual_errors,2,0,0.0,False,False,True,True,False
1319,RiceLeafDiseaseBD A Field-Based Annotated Smartpho/RiceLeafDiseaseBD A Field-Based Annotated Smartpho/RiceLeafDiseaseBD/Original images/Sheath blight/Sheath blight_1701.jpg,Sheath Blight,5,Healthy,0,0.9999622106552124,0,Blast,1,0.5140091180801392,0,mutual_errors,1,0,0.0,False,False,True,False,False
1320,RiceLeafDiseaseBD A Field-Based Annotated Smartpho/RiceLeafDiseaseBD A Field-Based Annotated Smartpho/RiceLeafDiseaseBD/Original images/Sheath blight/Sheath blight_1704.jpg,Sheath Blight,5,Healthy,0,0.9999428987503052,0,Healthy,0,0.6797642707824707,0,mutual_errors,1,0,0.0,False,False,True,False,False
1321,RiceLeafDiseaseBD A Field-Based Annotated Smartpho/RiceLeafDiseaseBD A Field-Based Annotated Smartpho/RiceLeafDiseaseBD/Original images/Sheath blight/Sheath blight_1717.jpg,Sheath Blight,5,Healthy,0,0.9999088048934937,0,Blast,1,0.975020706653595,0,mutual_errors,1,3,0.00030665622351077373,False,False,True,True,False
1322,RiceLeafDiseaseBD A Field-Based Annotated Smartpho/RiceLeafDiseaseBD A Field-Based Annotated Smartpho/RiceLeafDiseaseBD/Original images/Sheath blight/Sheath blight_1718.jpg,Sheath Blight,5,Healthy,0,0.9999061822891235,0,Blast,1,0.9878184795379639,0,mutual_errors,1,3,0.0,False,False,True,True,False
1323,RiceLeafDiseaseBD A Field-Based Annotated Smartpho/RiceLeafDiseaseBD A Field-Based Annotated Smartpho/RiceLeafDiseaseBD/Original images/Sheath blight/Sheath blight_1721.jpg,Sheath Blight,5,Healthy,0,0.9999004602432251,0,Blast,1,0.9149482846260071,0,mutual_errors,1,3,0.07183879320446937,False,False,True,True,False
1324,RiceLeafDiseaseBD A Field-Based Annotated Smartpho/RiceLeafDiseaseBD A Field-Based Annotated Smartpho/RiceLeafDiseaseBD/Original images/Sheath blight/Sheath blight_176.jpg,Sheath Blight,5,Healthy,0,0.9999736547470093,0,Healthy,0,0.796353816986084,0,mutual_errors,4,0,0.0,False,False,True,False,False
1325,RiceLeafDiseaseBD A Field-Based Annotated Smartpho/RiceLeafDiseaseBD A Field-Based Annotated Smartpho/RiceLeafDiseaseBD/Original images/Sheath blight/Sheath blight_177.jpg,Sheath Blight,5,Healthy,0,0.9997641444206238,0,Healthy,0,0.941615641117096,0,mutual_errors,2,0,0.0,False,False,True,True,False
1326,RiceLeafDiseaseBD A Field-Based Annotated Smartpho/RiceLeafDiseaseBD A Field-Based Annotated Smartpho/RiceLeafDiseaseBD/Original images/Sheath blight/Sheath blight_18.jpg,Sheath Blight,5,Healthy,0,0.9999494552612305,0,Blast,1,0.7649363279342651,0,mutual_errors,1,0,0.0,False,False,True,False,False
1327,RiceLeafDiseaseBD A Field-Based Annotated Smartpho/RiceLeafDiseaseBD A Field-Based Annotated Smartpho/RiceLeafDiseaseBD/Original images/Sheath blight/Sheath blight_189.jpg,Sheath Blight,5,Healthy,0,0.9999595880508423,0,Healthy,0,0.49129152297973633,0,mutual_errors,1,0,0.0,False,False,True,False,False
1328,RiceLeafDiseaseBD A Field-Based Annotated Smartpho/RiceLeafDiseaseBD A Field-Based Annotated Smartpho/RiceLeafDiseaseBD/Original images/Sheath blight/Sheath blight_201.jpg,Sheath Blight,5,Healthy,0,0.9996918439865112,0,Brown Spot,2,1.0,0,mutual_errors,1,3,0.0,False,False,True,True,False
1329,RiceLeafDiseaseBD A Field-Based Annotated Smartpho/RiceLeafDiseaseBD A Field-Based Annotated Smartpho/RiceLeafDiseaseBD/Original images/Sheath blight/Sheath blight_204.jpg,Sheath Blight,5,Healthy,0,0.9999761581420898,0,Blast,1,0.9396340250968933,0,mutual_errors,1,0,0.0,False,False,True,True,False
1330,RiceLeafDiseaseBD A Field-Based Annotated Smartpho/RiceLeafDiseaseBD A Field-Based Annotated Smartpho/RiceLeafDiseaseBD/Original images/Sheath blight/Sheath blight_206.jpg,Sheath Blight,5,Healthy,0,0.9999686479568481,0,Healthy,0,0.4547658860683441,0,mutual_errors,1,0,0.0,False,False,True,False,False
1331,RiceLeafDiseaseBD A Field-Based Annotated Smartpho/RiceLeafDiseaseBD A Field-Based Annotated Smartpho/RiceLeafDiseaseBD/Original images/Sheath blight/Sheath blight_219.jpg,Sheath Blight,5,Healthy,0,0.9983305335044861,0,Healthy,0,0.9461827278137207,0,mutual_errors,1,0,0.0,False,False,True,True,False
1332,RiceLeafDiseaseBD A Field-Based Annotated Smartpho/RiceLeafDiseaseBD A Field-Based Annotated Smartpho/RiceLeafDiseaseBD/Original images/Sheath blight/Sheath blight_220.jpg,Sheath Blight,5,Healthy,0,0.9983305335044861,0,Healthy,0,0.9461827278137207,0,mutual_errors,1,0,0.0,False,False,True,True,False
1333,RiceLeafDiseaseBD A Field-Based Annotated Smartpho/RiceLeafDiseaseBD A Field-Based Annotated Smartpho/RiceLeafDiseaseBD/Original images/Sheath blight/Sheath blight_247.jpg,Sheath Blight,5,Healthy,0,0.9999387264251709,0,Blast,1,0.541395902633667,0,mutual_errors,1,0,0.0,False,False,True,False,False
1334,RiceLeafDiseaseBD A Field-Based Annotated Smartpho/RiceLeafDiseaseBD A Field-Based Annotated Smartpho/RiceLeafDiseaseBD/Original images/Sheath blight/Sheath blight_248.jpg,Sheath Blight,5,Healthy,0,0.9999387264251709,0,Blast,1,0.541395902633667,0,mutual_errors,2,0,0.0,False,False,True,False,False
1335,RiceLeafDiseaseBD A Field-Based Annotated Smartpho/RiceLeafDiseaseBD A Field-Based Annotated Smartpho/RiceLeafDiseaseBD/Original images/Sheath blight/Sheath blight_268.jpg,Sheath Blight,5,Healthy,0,0.999950647354126,0,Healthy,0,0.9810609817504883,0,mutual_errors,1,0,0.0,False,False,True,True,False
1336,RiceLeafDiseaseBD A Field-Based Annotated Smartpho/RiceLeafDiseaseBD A Field-Based Annotated Smartpho/RiceLeafDiseaseBD/Original images/Sheath blight/Sheath blight_279.jpg,Sheath Blight,5,Healthy,0,0.9996811151504517,0,Healthy,0,0.7440300583839417,0,mutual_errors,1,0,0.0,False,False,True,False,False
1337,RiceLeafDiseaseBD A Field-Based Annotated Smartpho/RiceLeafDiseaseBD A Field-Based Annotated Smartpho/RiceLeafDiseaseBD/Original images/Sheath blight/Sheath blight_280.jpg,Sheath Blight,5,Healthy,0,0.9996811151504517,0,Healthy,0,0.7440300583839417,0,mutual_errors,1,0,0.0,False,False,True,False,False
1338,RiceLeafDiseaseBD A Field-Based Annotated Smartpho/RiceLeafDiseaseBD A Field-Based Annotated Smartpho/RiceLeafDiseaseBD/Original images/Sheath blight/Sheath blight_289.jpg,Sheath Blight,5,Healthy,0,0.9998549222946167,0,Healthy,0,0.9450769424438477,0,mutual_errors,2,0,0.0,False,False,True,True,False
1339,RiceLeafDiseaseBD A Field-Based Annotated Smartpho/RiceLeafDiseaseBD A Field-Based Annotated Smartpho/RiceLeafDiseaseBD/Original images/Sheath blight/Sheath blight_300.jpg,Sheath Blight,5,Healthy,0,0.9993595480918884,0,Healthy,0,0.9706115126609802,0,mutual_errors,1,1,0.016253128068253502,False,False,True,True,False
1340,RiceLeafDiseaseBD A Field-Based Annotated Smartpho/RiceLeafDiseaseBD A Field-Based Annotated Smartpho/RiceLeafDiseaseBD/Original images/Sheath blight/Sheath blight_301.jpg,Sheath Blight,5,Healthy,0,0.9999778270721436,0,Healthy,0,0.6597689390182495,0,mutual_errors,1,0,0.0,False,False,True,False,False
1341,RiceLeafDiseaseBD A Field-Based Annotated Smartpho/RiceLeafDiseaseBD A Field-Based Annotated Smartpho/RiceLeafDiseaseBD/Original images/Sheath blight/Sheath blight_31.jpg,Sheath Blight,5,Healthy,0,0.9999501705169678,0,Blast,1,0.4264214038848877,0,mutual_errors,1,0,0.0,False,False,True,False,False
1342,RiceLeafDiseaseBD A Field-Based Annotated Smartpho/RiceLeafDiseaseBD A Field-Based Annotated Smartpho/RiceLeafDiseaseBD/Original images/Sheath blight/Sheath blight_313.jpg,Sheath Blight,5,Healthy,0,0.9995554089546204,0,Healthy,0,0.9395691752433777,0,mutual_errors,3,3,0.07581170604062504,False,False,True,True,False
1343,RiceLeafDiseaseBD A Field-Based Annotated Smartpho/RiceLeafDiseaseBD A Field-Based Annotated Smartpho/RiceLeafDiseaseBD/Original images/Sheath blight/Sheath blight_315.jpg,Sheath Blight,5,Healthy,0,0.9994751811027527,0,Healthy,0,0.9292850494384766,0,mutual_errors,1,0,0.0,False,False,True,True,False
1344,RiceLeafDiseaseBD A Field-Based Annotated Smartpho/RiceLeafDiseaseBD A Field-Based Annotated Smartpho/RiceLeafDiseaseBD/Original images/Sheath blight/Sheath blight_320.jpg,Sheath Blight,5,Healthy,0,0.9993158578872681,0,Healthy,0,0.7992644309997559,0,mutual_errors,1,0,0.0,False,False,True,False,False
1345,RiceLeafDiseaseBD A Field-Based Annotated Smartpho/RiceLeafDiseaseBD A Field-Based Annotated Smartpho/RiceLeafDiseaseBD/Original images/Sheath blight/Sheath blight_324.jpg,Sheath Blight,5,Healthy,0,0.9998867511749268,0,Healthy,0,0.9922510981559753,0,mutual_errors,1,0,0.0,False,False,True,True,False
1346,RiceLeafDiseaseBD A Field-Based Annotated Smartpho/RiceLeafDiseaseBD A Field-Based Annotated Smartpho/RiceLeafDiseaseBD/Original images/Sheath blight/Sheath blight_328.jpg,Sheath Blight,5,Healthy,0,0.9636557698249817,0,Healthy,0,0.9980664849281311,0,mutual_errors,1,0,0.0,False,False,True,True,False
1347,RiceLeafDiseaseBD A Field-Based Annotated Smartpho/RiceLeafDiseaseBD A Field-Based Annotated Smartpho/RiceLeafDiseaseBD/Original images/Sheath blight/Sheath blight_329.jpg,Sheath Blight,5,Healthy,0,0.9982457160949707,0,Healthy,0,0.9654372334480286,0,mutual_errors,1,0,0.0,False,False,True,True,False
1348,RiceLeafDiseaseBD A Field-Based Annotated Smartpho/RiceLeafDiseaseBD A Field-Based Annotated Smartpho/RiceLeafDiseaseBD/Original images/Sheath blight/Sheath blight_332.jpg,Sheath Blight,5,Healthy,0,0.9982244372367859,0,Healthy,0,0.9829529523849487,0,mutual_errors,1,0,0.0,False,False,True,True,False
1349,RiceLeafDiseaseBD A Field-Based Annotated Smartpho/RiceLeafDiseaseBD A Field-Based Annotated Smartpho/RiceLeafDiseaseBD/Original images/Sheath blight/Sheath blight_335.jpg,Sheath Blight,5,Healthy,0,0.998736560344696,0,Healthy,0,0.9955542683601379,0,mutual_errors,1,0,0.0,False,False,True,True,False
1350,RiceLeafDiseaseBD A Field-Based Annotated Smartpho/RiceLeafDiseaseBD A Field-Based Annotated Smartpho/RiceLeafDiseaseBD/Original images/Sheath blight/Sheath blight_348.jpg,Sheath Blight,5,Healthy,0,0.9996073842048645,0,Brown Spot,2,0.39890027046203613,0,mutual_errors,4,0,0.0,False,False,True,False,False
1351,RiceLeafDiseaseBD A Field-Based Annotated Smartpho/RiceLeafDiseaseBD A Field-Based Annotated Smartpho/RiceLeafDiseaseBD/Original images/Sheath blight/Sheath blight_351.jpg,Sheath Blight,5,Healthy,0,0.9996919631958008,0,Healthy,0,0.7628681063652039,0,mutual_errors,1,0,0.0,False,False,True,False,False
1352,RiceLeafDiseaseBD A Field-Based Annotated Smartpho/RiceLeafDiseaseBD A Field-Based Annotated Smartpho/RiceLeafDiseaseBD/Original images/Sheath blight/Sheath blight_363.jpg,Sheath Blight,5,Healthy,0,0.9999109506607056,0,Healthy,0,0.6956676840782166,0,mutual_errors,1,0,0.0,False,False,True,False,False
1353,RiceLeafDiseaseBD A Field-Based Annotated Smartpho/RiceLeafDiseaseBD A Field-Based Annotated Smartpho/RiceLeafDiseaseBD/Original images/Sheath blight/Sheath blight_372.jpg,Sheath Blight,5,Healthy,0,0.9988368153572083,0,Healthy,0,0.6460810899734497,0,mutual_errors,1,0,0.0,False,False,True,False,False
1354,RiceLeafDiseaseBD A Field-Based Annotated Smartpho/RiceLeafDiseaseBD A Field-Based Annotated Smartpho/RiceLeafDiseaseBD/Original images/Sheath blight/Sheath blight_373.jpg,Sheath Blight,5,Healthy,0,0.9996656179428101,0,Healthy,0,0.8913882374763489,0,mutual_errors,1,0,0.0,False,False,True,True,False
1355,RiceLeafDiseaseBD A Field-Based Annotated Smartpho/RiceLeafDiseaseBD A Field-Based Annotated Smartpho/RiceLeafDiseaseBD/Original images/Sheath blight/Sheath blight_374.jpg,Sheath Blight,5,Healthy,0,0.9993577599525452,0,Healthy,0,0.9290912747383118,0,mutual_errors,1,0,0.0,False,False,True,True,False
1356,RiceLeafDiseaseBD A Field-Based Annotated Smartpho/RiceLeafDiseaseBD A Field-Based Annotated Smartpho/RiceLeafDiseaseBD/Original images/Sheath blight/Sheath blight_377.jpg,Sheath Blight,5,Healthy,0,0.9950364232063293,0,Healthy,0,0.9096632599830627,0,mutual_errors,1,1,0.0,False,False,True,True,False
1357,RiceLeafDiseaseBD A Field-Based Annotated Smartpho/RiceLeafDiseaseBD A Field-Based Annotated Smartpho/RiceLeafDiseaseBD/Original images/Sheath blight/Sheath blight_381.jpg,Sheath Blight,5,Healthy,0,0.9997819066047668,0,Healthy,0,0.9800869226455688,0,mutual_errors,1,0,0.0,False,False,True,True,False
1358,RiceLeafDiseaseBD A Field-Based Annotated Smartpho/RiceLeafDiseaseBD A Field-Based Annotated Smartpho/RiceLeafDiseaseBD/Original images/Sheath blight/Sheath blight_382.jpg,Sheath Blight,5,Healthy,0,0.9997482895851135,0,Healthy,0,0.6703901290893555,0,mutual_errors,1,0,0.0,False,False,True,False,False
1359,RiceLeafDiseaseBD A Field-Based Annotated Smartpho/RiceLeafDiseaseBD A Field-Based Annotated Smartpho/RiceLeafDiseaseBD/Original images/Sheath blight/Sheath blight_393.jpg,Sheath Blight,5,Healthy,0,0.9997053742408752,0,Healthy,0,0.9173706769943237,0,mutual_errors,1,0,0.0,False,False,True,True,False
1360,RiceLeafDiseaseBD A Field-Based Annotated Smartpho/RiceLeafDiseaseBD A Field-Based Annotated Smartpho/RiceLeafDiseaseBD/Original images/Sheath blight/Sheath blight_396.jpg,Sheath Blight,5,Healthy,0,0.9999688863754272,0,Blast,1,0.6943968534469604,0,mutual_errors,1,0,0.0,False,False,True,False,False
1361,RiceLeafDiseaseBD A Field-Based Annotated Smartpho/RiceLeafDiseaseBD A Field-Based Annotated Smartpho/RiceLeafDiseaseBD/Original images/Sheath blight/Sheath blight_412.jpg,Sheath Blight,5,Healthy,0,0.9968323111534119,0,Healthy,0,0.9138931632041931,0,mutual_errors,1,0,0.0,False,False,True,True,False
1362,RiceLeafDiseaseBD A Field-Based Annotated Smartpho/RiceLeafDiseaseBD A Field-Based Annotated Smartpho/RiceLeafDiseaseBD/Original images/Sheath blight/Sheath blight_419.jpg,Sheath Blight,5,Healthy,0,0.9961888194084167,0,Healthy,0,0.8693369030952454,0,mutual_errors,1,0,0.0,False,False,True,True,False
1363,RiceLeafDiseaseBD A Field-Based Annotated Smartpho/RiceLeafDiseaseBD A Field-Based Annotated Smartpho/RiceLeafDiseaseBD/Original images/Sheath blight/Sheath blight_42.jpg,Sheath Blight,5,Healthy,0,0.999966025352478,0,Healthy,0,0.5808911919593811,0,mutual_errors,1,0,0.0,False,False,True,False,False
1364,RiceLeafDiseaseBD A Field-Based Annotated Smartpho/RiceLeafDiseaseBD A Field-Based Annotated Smartpho/RiceLeafDiseaseBD/Original images/Sheath blight/Sheath blight_423.jpg,Sheath Blight,5,Healthy,0,0.9997715353965759,0,Healthy,0,0.5827550888061523,0,mutual_errors,2,0,0.0,False,False,True,False,False
1365,RiceLeafDiseaseBD A Field-Based Annotated Smartpho/RiceLeafDiseaseBD A Field-Based Annotated Smartpho/RiceLeafDiseaseBD/Original images/Sheath blight/Sheath blight_427.jpg,Sheath Blight,5,Healthy,0,0.9998987913131714,0,Blast,1,0.49652034044265747,0,mutual_errors,1,3,0.0,False,False,True,False,False
1366,RiceLeafDiseaseBD A Field-Based Annotated Smartpho/RiceLeafDiseaseBD A Field-Based Annotated Smartpho/RiceLeafDiseaseBD/Original images/Sheath blight/Sheath blight_429.jpg,Sheath Blight,5,Healthy,0,0.9993078708648682,0,Healthy,0,0.9736894369125366,0,mutual_errors,1,0,0.0,False,False,True,True,False
1367,RiceLeafDiseaseBD A Field-Based Annotated Smartpho/RiceLeafDiseaseBD A Field-Based Annotated Smartpho/RiceLeafDiseaseBD/Original images/Sheath blight/Sheath blight_434.jpg,Sheath Blight,5,Healthy,0,0.9988120794296265,0,Healthy,0,0.9819180965423584,0,mutual_errors,1,0,0.0,False,False,True,True,False
1368,RiceLeafDiseaseBD A Field-Based Annotated Smartpho/RiceLeafDiseaseBD A Field-Based Annotated Smartpho/RiceLeafDiseaseBD/Original images/Sheath blight/Sheath blight_438.jpg,Sheath Blight,5,Healthy,0,0.9999244213104248,0,Healthy,0,0.9166495203971863,0,mutual_errors,1,0,0.0,False,False,True,True,False
1369,RiceLeafDiseaseBD A Field-Based Annotated Smartpho/RiceLeafDiseaseBD A Field-Based Annotated Smartpho/RiceLeafDiseaseBD/Original images/Sheath blight/Sheath blight_448.jpg,Sheath Blight,5,Healthy,0,0.9986710548400879,0,Healthy,0,0.9658675789833069,0,mutual_errors,1,0,0.0,False,False,True,True,False
1370,RiceLeafDiseaseBD A Field-Based Annotated Smartpho/RiceLeafDiseaseBD A Field-Based Annotated Smartpho/RiceLeafDiseaseBD/Original images/Sheath blight/Sheath blight_450.jpg,Sheath Blight,5,Healthy,0,0.9988635778427124,0,Healthy,0,0.9311590790748596,0,mutual_errors,1,0,0.0,False,False,True,True,False
1371,RiceLeafDiseaseBD A Field-Based Annotated Smartpho/RiceLeafDiseaseBD A Field-Based Annotated Smartpho/RiceLeafDiseaseBD/Original images/Sheath blight/Sheath blight_456.jpg,Sheath Blight,5,Healthy,0,0.9999281167984009,0,Healthy,0,0.9607651829719543,0,mutual_errors,2,0,0.0,False,False,True,True,False
1372,RiceLeafDiseaseBD A Field-Based Annotated Smartpho/RiceLeafDiseaseBD A Field-Based Annotated Smartpho/RiceLeafDiseaseBD/Original images/Sheath blight/Sheath blight_471.jpg,Sheath Blight,5,Healthy,0,0.9918027520179749,0,Healthy,0,0.9977460503578186,0,mutual_errors,1,0,0.0,False,False,True,True,False
1373,RiceLeafDiseaseBD A Field-Based Annotated Smartpho/RiceLeafDiseaseBD A Field-Based Annotated Smartpho/RiceLeafDiseaseBD/Original images/Sheath blight/Sheath blight_476.jpg,Sheath Blight,5,Healthy,0,0.999077320098877,0,Healthy,0,0.9989383816719055,0,mutual_errors,3,0,0.0,False,False,True,True,False
1374,RiceLeafDiseaseBD A Field-Based Annotated Smartpho/RiceLeafDiseaseBD A Field-Based Annotated Smartpho/RiceLeafDiseaseBD/Original images/Sheath blight/Sheath blight_484.jpg,Sheath Blight,5,Healthy,0,0.9981291890144348,0,Healthy,0,0.7706919312477112,0,mutual_errors,1,0,0.0,False,False,True,False,False
1375,RiceLeafDiseaseBD A Field-Based Annotated Smartpho/RiceLeafDiseaseBD A Field-Based Annotated Smartpho/RiceLeafDiseaseBD/Original images/Sheath blight/Sheath blight_485.jpg,Sheath Blight,5,Healthy,0,0.9999085664749146,0,Blast,1,0.6026385426521301,0,mutual_errors,1,0,0.0,False,False,True,False,False
1376,RiceLeafDiseaseBD A Field-Based Annotated Smartpho/RiceLeafDiseaseBD A Field-Based Annotated Smartpho/RiceLeafDiseaseBD/Original images/Sheath blight/Sheath blight_487.jpg,Sheath Blight,5,Healthy,0,0.999259889125824,0,Healthy,0,0.9839726686477661,0,mutual_errors,1,0,0.0,False,False,True,True,False
1377,RiceLeafDiseaseBD A Field-Based Annotated Smartpho/RiceLeafDiseaseBD A Field-Based Annotated Smartpho/RiceLeafDiseaseBD/Original images/Sheath blight/Sheath blight_49.jpg,Sheath Blight,5,Healthy,0,0.9999324083328247,0,Healthy,0,0.9845492839813232,0,mutual_errors,1,0,0.0,False,False,True,True,False
1378,RiceLeafDiseaseBD A Field-Based Annotated Smartpho/RiceLeafDiseaseBD A Field-Based Annotated Smartpho/RiceLeafDiseaseBD/Original images/Sheath blight/Sheath blight_502.jpg,Sheath Blight,5,Healthy,0,0.9998629093170166,0,Healthy,0,0.9621220827102661,0,mutual_errors,1,0,0.0,False,False,True,True,False
1379,RiceLeafDiseaseBD A Field-Based Annotated Smartpho/RiceLeafDiseaseBD A Field-Based Annotated Smartpho/RiceLeafDiseaseBD/Original images/Sheath blight/Sheath blight_504.jpg,Sheath Blight,5,Healthy,0,0.9998749494552612,0,Healthy,0,0.9964771866798401,0,mutual_errors,1,0,0.0,False,False,True,True,False
1380,RiceLeafDiseaseBD A Field-Based Annotated Smartpho/RiceLeafDiseaseBD A Field-Based Annotated Smartpho/RiceLeafDiseaseBD/Original images/Sheath blight/Sheath blight_510.jpg,Sheath Blight,5,Healthy,0,0.9995811581611633,0,Healthy,0,0.9946162104606628,0,mutual_errors,2,0,0.0,False,False,True,True,False
1381,RiceLeafDiseaseBD A Field-Based Annotated Smartpho/RiceLeafDiseaseBD A Field-Based Annotated Smartpho/RiceLeafDiseaseBD/Original images/Sheath blight/Sheath blight_511.jpg,Sheath Blight,5,Healthy,0,0.9997135996818542,0,Healthy,0,0.9950574636459351,0,mutual_errors,1,0,0.0,False,False,True,True,False
1382,RiceLeafDiseaseBD A Field-Based Annotated Smartpho/RiceLeafDiseaseBD A Field-Based Annotated Smartpho/RiceLeafDiseaseBD/Original images/Sheath blight/Sheath blight_517.jpg,Sheath Blight,5,Healthy,0,0.9999740123748779,0,Healthy,0,0.9527506232261658,0,mutual_errors,8,0,0.0,False,False,True,True,False
1383,RiceLeafDiseaseBD A Field-Based Annotated Smartpho/RiceLeafDiseaseBD A Field-Based Annotated Smartpho/RiceLeafDiseaseBD/Original images/Sheath blight/Sheath blight_523.jpg,Sheath Blight,5,Healthy,0,0.9999750852584839,0,Healthy,0,0.9678223729133606,0,mutual_errors,2,0,0.0,False,False,True,True,False
1384,RiceLeafDiseaseBD A Field-Based Annotated Smartpho/RiceLeafDiseaseBD A Field-Based Annotated Smartpho/RiceLeafDiseaseBD/Original images/Sheath blight/Sheath blight_527.jpg,Sheath Blight,5,Healthy,0,0.9996765851974487,0,Healthy,0,0.8902978301048279,0,mutual_errors,3,0,0.0,False,False,True,True,False
1385,RiceLeafDiseaseBD A Field-Based Annotated Smartpho/RiceLeafDiseaseBD A Field-Based Annotated Smartpho/RiceLeafDiseaseBD/Original images/Sheath blight/Sheath blight_530.jpg,Sheath Blight,5,Healthy,0,0.9999353885650635,0,Blast,1,0.7122677564620972,0,mutual_errors,1,0,0.0,False,False,True,False,False
1386,RiceLeafDiseaseBD A Field-Based Annotated Smartpho/RiceLeafDiseaseBD A Field-Based Annotated Smartpho/RiceLeafDiseaseBD/Original images/Sheath blight/Sheath blight_542.jpg,Sheath Blight,5,Healthy,0,0.9971557855606079,0,Healthy,0,0.911560595035553,0,mutual_errors,1,0,0.0,False,False,True,True,False
1387,RiceLeafDiseaseBD A Field-Based Annotated Smartpho/RiceLeafDiseaseBD A Field-Based Annotated Smartpho/RiceLeafDiseaseBD/Original images/Sheath blight/Sheath blight_550.jpg,Sheath Blight,5,Healthy,0,0.9908227920532227,0,Healthy,0,0.9881320595741272,0,mutual_errors,1,0,0.0,False,False,True,True,False
1388,RiceLeafDiseaseBD A Field-Based Annotated Smartpho/RiceLeafDiseaseBD A Field-Based Annotated Smartpho/RiceLeafDiseaseBD/Original images/Sheath blight/Sheath blight_556.jpg,Sheath Blight,5,Healthy,0,0.9989683628082275,0,Healthy,0,0.8485895395278931,0,mutual_errors,2,0,0.0,False,False,True,True,False
1389,RiceLeafDiseaseBD A Field-Based Annotated Smartpho/RiceLeafDiseaseBD A Field-Based Annotated Smartpho/RiceLeafDiseaseBD/Original images/Sheath blight/Sheath blight_570.jpg,Sheath Blight,5,Healthy,0,0.9999181032180786,0,Healthy,0,0.9991650581359863,0,mutual_errors,1,0,0.0,False,False,True,True,False
1390,RiceLeafDiseaseBD A Field-Based Annotated Smartpho/RiceLeafDiseaseBD A Field-Based Annotated Smartpho/RiceLeafDiseaseBD/Original images/Sheath blight/Sheath blight_58.jpg,Sheath Blight,5,Healthy,0,0.9982840418815613,0,Healthy,0,0.6703904867172241,0,mutual_errors,1,0,0.0,False,False,True,False,False
1391,RiceLeafDiseaseBD A Field-Based Annotated Smartpho/RiceLeafDiseaseBD A Field-Based Annotated Smartpho/RiceLeafDiseaseBD/Original images/Sheath blight/Sheath blight_582.jpg,Sheath Blight,5,Healthy,0,0.9999291896820068,0,Blast,1,0.7132276296615601,0,mutual_errors,1,3,0.1366987949950322,False,False,True,False,False
1392,RiceLeafDiseaseBD A Field-Based Annotated Smartpho/RiceLeafDiseaseBD A Field-Based Annotated Smartpho/RiceLeafDiseaseBD/Original images/Sheath blight/Sheath blight_585.jpg,Sheath Blight,5,Healthy,0,0.9999910593032837,0,Healthy,0,0.8755303025245667,0,mutual_errors,1,0,0.0,False,False,True,True,False
1393,RiceLeafDiseaseBD A Field-Based Annotated Smartpho/RiceLeafDiseaseBD A Field-Based Annotated Smartpho/RiceLeafDiseaseBD/Original images/Sheath blight/Sheath blight_586.jpg,Sheath Blight,5,Healthy,0,0.999953031539917,0,Healthy,0,0.9710398316383362,0,mutual_errors,1,0,0.0,False,False,True,True,False
1394,RiceLeafDiseaseBD A Field-Based Annotated Smartpho/RiceLeafDiseaseBD A Field-Based Annotated Smartpho/RiceLeafDiseaseBD/Original images/Sheath blight/Sheath blight_591.jpg,Sheath Blight,5,Healthy,0,0.9942272901535034,0,Healthy,0,0.9927247762680054,0,mutual_errors,1,0,0.0,False,False,True,True,False
1395,RiceLeafDiseaseBD A Field-Based Annotated Smartpho/RiceLeafDiseaseBD A Field-Based Annotated Smartpho/RiceLeafDiseaseBD/Original images/Sheath blight/Sheath blight_601.jpg,Sheath Blight,5,Healthy,0,0.9999548196792603,0,Healthy,0,0.947245180606842,0,mutual_errors,2,0,0.0,False,False,True,True,False
1396,RiceLeafDiseaseBD A Field-Based Annotated Smartpho/RiceLeafDiseaseBD A Field-Based Annotated Smartpho/RiceLeafDiseaseBD/Original images/Sheath blight/Sheath blight_614.jpg,Sheath Blight,5,Healthy,0,0.9999676942825317,0,Blast,1,0.48466742038726807,0,mutual_errors,1,0,0.0,False,False,True,False,False
1397,RiceLeafDiseaseBD A Field-Based Annotated Smartpho/RiceLeafDiseaseBD A Field-Based Annotated Smartpho/RiceLeafDiseaseBD/Original images/Sheath blight/Sheath blight_616.jpg,Sheath Blight,5,Healthy,0,0.9998526573181152,0,Healthy,0,0.9973547458648682,0,mutual_errors,2,0,0.0,False,False,True,True,False
1398,RiceLeafDiseaseBD A Field-Based Annotated Smartpho/RiceLeafDiseaseBD A Field-Based Annotated Smartpho/RiceLeafDiseaseBD/Original images/Sheath blight/Sheath blight_627.jpg,Sheath Blight,5,Healthy,0,0.9999158382415771,0,Healthy,0,0.7273883819580078,0,mutual_errors,1,0,0.0,False,False,True,False,False
1399,RiceLeafDiseaseBD A Field-Based Annotated Smartpho/RiceLeafDiseaseBD A Field-Based Annotated Smartpho/RiceLeafDiseaseBD/Original images/Sheath blight/Sheath blight_635.jpg,Sheath Blight,5,Healthy,0,0.9998797178268433,0,Healthy,0,0.6390784382820129,0,mutual_errors,1,0,0.0,False,False,True,False,False
1400,RiceLeafDiseaseBD A Field-Based Annotated Smartpho/RiceLeafDiseaseBD A Field-Based Annotated Smartpho/RiceLeafDiseaseBD/Original images/Sheath blight/Sheath blight_636.jpg,Sheath Blight,5,Healthy,0,0.9993434548377991,0,Healthy,0,0.9965440630912781,0,mutual_errors,1,0,0.0,False,False,True,True,False
1401,RiceLeafDiseaseBD A Field-Based Annotated Smartpho/RiceLeafDiseaseBD A Field-Based Annotated Smartpho/RiceLeafDiseaseBD/Original images/Sheath blight/Sheath blight_64.jpg,Sheath Blight,5,Healthy,0,0.9997135996818542,0,Healthy,0,0.9363406896591187,0,mutual_errors,1,0,0.0,False,False,True,True,False
1402,RiceLeafDiseaseBD A Field-Based Annotated Smartpho/RiceLeafDiseaseBD A Field-Based Annotated Smartpho/RiceLeafDiseaseBD/Original images/Sheath blight/Sheath blight_640.jpg,Sheath Blight,5,Healthy,0,0.9997760653495789,0,Healthy,0,0.9895667433738708,0,mutual_errors,1,0,0.0,False,False,True,True,False
1403,RiceLeafDiseaseBD A Field-Based Annotated Smartpho/RiceLeafDiseaseBD A Field-Based Annotated Smartpho/RiceLeafDiseaseBD/Original images/Sheath blight/Sheath blight_645.jpg,Sheath Blight,5,Healthy,0,0.9998289346694946,0,Healthy,0,0.997710108757019,0,mutual_errors,1,0,0.0,False,False,True,True,False
1404,RiceLeafDiseaseBD A Field-Based Annotated Smartpho/RiceLeafDiseaseBD A Field-Based Annotated Smartpho/RiceLeafDiseaseBD/Original images/Sheath blight/Sheath blight_647.jpg,Sheath Blight,5,Healthy,0,0.9999778270721436,0,Blast,1,0.9840547442436218,0,mutual_errors,1,3,0.0,False,False,True,True,False
1405,RiceLeafDiseaseBD A Field-Based Annotated Smartpho/RiceLeafDiseaseBD A Field-Based Annotated Smartpho/RiceLeafDiseaseBD/Original images/Sheath blight/Sheath blight_649.jpg,Sheath Blight,5,Healthy,0,0.9999761581420898,0,Blast,1,0.8950343132019043,0,mutual_errors,1,3,0.010610355426174365,False,False,True,True,False
1406,RiceLeafDiseaseBD A Field-Based Annotated Smartpho/RiceLeafDiseaseBD A Field-Based Annotated Smartpho/RiceLeafDiseaseBD/Original images/Sheath blight/Sheath blight_665.jpg,Sheath Blight,5,Healthy,0,0.9989498257637024,0,Healthy,0,0.9579195976257324,0,mutual_errors,1,0,0.0,False,False,True,True,False
1407,RiceLeafDiseaseBD A Field-Based Annotated Smartpho/RiceLeafDiseaseBD A Field-Based Annotated Smartpho/RiceLeafDiseaseBD/Original images/Sheath blight/Sheath blight_667.jpg,Sheath Blight,5,Healthy,0,0.9991693496704102,0,Healthy,0,0.985136866569519,0,mutual_errors,1,0,0.0,False,False,True,True,False
1408,RiceLeafDiseaseBD A Field-Based Annotated Smartpho/RiceLeafDiseaseBD A Field-Based Annotated Smartpho/RiceLeafDiseaseBD/Original images/Sheath blight/Sheath blight_668.jpg,Sheath Blight,5,Healthy,0,0.9995337724685669,0,Healthy,0,0.9598126411437988,0,mutual_errors,1,0,0.0,False,False,True,True,False
1409,RiceLeafDiseaseBD A Field-Based Annotated Smartpho/RiceLeafDiseaseBD A Field-Based Annotated Smartpho/RiceLeafDiseaseBD/Original images/Sheath blight/Sheath blight_670.jpg,Sheath Blight,5,Healthy,0,0.9997467398643494,0,Healthy,0,0.9532065987586975,0,mutual_errors,1,0,0.0,False,False,True,True,False
1410,RiceLeafDiseaseBD A Field-Based Annotated Smartpho/RiceLeafDiseaseBD A Field-Based Annotated Smartpho/RiceLeafDiseaseBD/Original images/Sheath blight/Sheath blight_676.jpg,Sheath Blight,5,Healthy,0,0.9994538426399231,0,Healthy,0,0.9912756681442261,0,mutual_errors,2,0,0.0,False,False,True,True,False
1411,RiceLeafDiseaseBD A Field-Based Annotated Smartpho/RiceLeafDiseaseBD A Field-Based Annotated Smartpho/RiceLeafDiseaseBD/Original images/Sheath blight/Sheath blight_685.jpg,Sheath Blight,5,Healthy,0,0.9999853372573853,0,Healthy,0,0.9194841980934143,0,mutual_errors,1,0,0.0,False,False,True,True,False
1412,RiceLeafDiseaseBD A Field-Based Annotated Smartpho/RiceLeafDiseaseBD A Field-Based Annotated Smartpho/RiceLeafDiseaseBD/Original images/Sheath blight/Sheath blight_690.jpg,Sheath Blight,5,Healthy,0,0.9994827508926392,0,Healthy,0,0.9874354600906372,0,mutual_errors,1,0,0.0,False,False,True,True,False
1413,RiceLeafDiseaseBD A Field-Based Annotated Smartpho/RiceLeafDiseaseBD A Field-Based Annotated Smartpho/RiceLeafDiseaseBD/Original images/Sheath blight/Sheath blight_691.jpg,Sheath Blight,5,Healthy,0,0.9996899366378784,0,Healthy,0,0.9930500984191895,0,mutual_errors,1,0,0.0,False,False,True,True,False
1414,RiceLeafDiseaseBD A Field-Based Annotated Smartpho/RiceLeafDiseaseBD A Field-Based Annotated Smartpho/RiceLeafDiseaseBD/Original images/Sheath blight/Sheath blight_711.jpg,Sheath Blight,5,Healthy,0,0.9991351962089539,0,Healthy,0,0.942723274230957,0,mutual_errors,1,0,0.0,False,False,True,True,False
1415,RiceLeafDiseaseBD A Field-Based Annotated Smartpho/RiceLeafDiseaseBD A Field-Based Annotated Smartpho/RiceLeafDiseaseBD/Original images/Sheath blight/Sheath blight_712.jpg,Sheath Blight,5,Healthy,0,0.9978858828544617,0,Healthy,0,0.9952495098114014,0,mutual_errors,1,0,0.0,False,False,True,True,False
1416,RiceLeafDiseaseBD A Field-Based Annotated Smartpho/RiceLeafDiseaseBD A Field-Based Annotated Smartpho/RiceLeafDiseaseBD/Original images/Sheath blight/Sheath blight_714.jpg,Sheath Blight,5,Healthy,0,0.9993457198143005,0,Healthy,0,0.994755744934082,0,mutual_errors,1,0,0.0,False,False,True,True,False
1417,RiceLeafDiseaseBD A Field-Based Annotated Smartpho/RiceLeafDiseaseBD A Field-Based Annotated Smartpho/RiceLeafDiseaseBD/Original images/Sheath blight/Sheath blight_724.jpg,Sheath Blight,5,Healthy,0,0.9947788715362549,0,Healthy,0,0.9933856129646301,0,mutual_errors,2,0,0.0,False,False,True,True,False
1418,RiceLeafDiseaseBD A Field-Based Annotated Smartpho/RiceLeafDiseaseBD A Field-Based Annotated Smartpho/RiceLeafDiseaseBD/Original images/Sheath blight/Sheath blight_726.jpg,Sheath Blight,5,Healthy,0,0.9994404911994934,0,Healthy,0,0.9882060885429382,0,mutual_errors,3,0,0.0,False,False,True,True,False
1419,RiceLeafDiseaseBD A Field-Based Annotated Smartpho/RiceLeafDiseaseBD A Field-Based Annotated Smartpho/RiceLeafDiseaseBD/Original images/Sheath blight/Sheath blight_749.jpg,Sheath Blight,5,Healthy,0,0.9982694387435913,0,Healthy,0,0.9804192185401917,0,mutual_errors,1,0,0.0,False,False,True,True,False
1420,RiceLeafDiseaseBD A Field-Based Annotated Smartpho/RiceLeafDiseaseBD A Field-Based Annotated Smartpho/RiceLeafDiseaseBD/Original images/Sheath blight/Sheath blight_750.jpg,Sheath Blight,5,Healthy,0,0.9999449253082275,0,Healthy,0,0.9495847821235657,0,mutual_errors,2,0,0.0,False,False,True,True,False
1421,RiceLeafDiseaseBD A Field-Based Annotated Smartpho/RiceLeafDiseaseBD A Field-Based Annotated Smartpho/RiceLeafDiseaseBD/Original images/Sheath blight/Sheath blight_752.jpg,Sheath Blight,5,Healthy,0,0.9935357570648193,0,Healthy,0,0.9948405623435974,0,mutual_errors,1,0,0.0,False,False,True,True,False
1422,RiceLeafDiseaseBD A Field-Based Annotated Smartpho/RiceLeafDiseaseBD A Field-Based Annotated Smartpho/RiceLeafDiseaseBD/Original images/Sheath blight/Sheath blight_755.jpg,Sheath Blight,5,Healthy,0,0.9997264742851257,0,Blast,1,0.9851460456848145,0,mutual_errors,1,3,0.0,False,False,True,True,False
1423,RiceLeafDiseaseBD A Field-Based Annotated Smartpho/RiceLeafDiseaseBD A Field-Based Annotated Smartpho/RiceLeafDiseaseBD/Original images/Sheath blight/Sheath blight_757.jpg,Sheath Blight,5,Healthy,0,0.9998617172241211,0,Blast,1,0.6738136410713196,0,mutual_errors,3,0,0.0,False,False,True,False,False
1424,RiceLeafDiseaseBD A Field-Based Annotated Smartpho/RiceLeafDiseaseBD A Field-Based Annotated Smartpho/RiceLeafDiseaseBD/Original images/Sheath blight/Sheath blight_766.jpg,Sheath Blight,5,Healthy,0,0.9983102083206177,0,Healthy,0,0.9885827302932739,0,mutual_errors,1,0,0.0,False,False,True,True,False
1425,RiceLeafDiseaseBD A Field-Based Annotated Smartpho/RiceLeafDiseaseBD A Field-Based Annotated Smartpho/RiceLeafDiseaseBD/Original images/Sheath blight/Sheath blight_770.jpg,Sheath Blight,5,Healthy,0,0.9994615912437439,0,Healthy,0,0.9966149926185608,0,mutual_errors,1,0,0.0,False,False,True,True,False
1426,RiceLeafDiseaseBD A Field-Based Annotated Smartpho/RiceLeafDiseaseBD A Field-Based Annotated Smartpho/RiceLeafDiseaseBD/Original images/Sheath blight/Sheath blight_779.jpg,Sheath Blight,5,Healthy,0,0.9998315572738647,0,Healthy,0,0.9841848611831665,0,mutual_errors,1,0,0.0,False,False,True,True,False
1427,RiceLeafDiseaseBD A Field-Based Annotated Smartpho/RiceLeafDiseaseBD A Field-Based Annotated Smartpho/RiceLeafDiseaseBD/Original images/Sheath blight/Sheath blight_78.jpg,Sheath Blight,5,Healthy,0,0.99988853931427,0,Blast,1,0.9818205237388611,0,mutual_errors,1,0,0.0,False,False,True,True,False
1428,RiceLeafDiseaseBD A Field-Based Annotated Smartpho/RiceLeafDiseaseBD A Field-Based Annotated Smartpho/RiceLeafDiseaseBD/Original images/Sheath blight/Sheath blight_781.jpg,Sheath Blight,5,Healthy,0,0.9998356103897095,0,Healthy,0,0.9590159058570862,0,mutual_errors,1,0,0.0,False,False,True,True,False
1429,RiceLeafDiseaseBD A Field-Based Annotated Smartpho/RiceLeafDiseaseBD A Field-Based Annotated Smartpho/RiceLeafDiseaseBD/Original images/Sheath blight/Sheath blight_788.jpg,Sheath Blight,5,Healthy,0,0.9990779161453247,0,Healthy,0,0.9924384951591492,0,mutual_errors,1,0,0.0,False,False,True,True,False
1430,RiceLeafDiseaseBD A Field-Based Annotated Smartpho/RiceLeafDiseaseBD A Field-Based Annotated Smartpho/RiceLeafDiseaseBD/Original images/Sheath blight/Sheath blight_79.jpg,Sheath Blight,5,Healthy,0,0.9998027682304382,0,Healthy,0,0.4172108471393585,0,mutual_errors,1,0,0.0,False,False,True,False,False
1431,RiceLeafDiseaseBD A Field-Based Annotated Smartpho/RiceLeafDiseaseBD A Field-Based Annotated Smartpho/RiceLeafDiseaseBD/Original images/Sheath blight/Sheath blight_795.jpg,Sheath Blight,5,Healthy,0,0.9999110698699951,0,Blast,1,0.9908040761947632,0,mutual_errors,1,0,0.0,False,False,True,True,False
1432,RiceLeafDiseaseBD A Field-Based Annotated Smartpho/RiceLeafDiseaseBD A Field-Based Annotated Smartpho/RiceLeafDiseaseBD/Original images/Sheath blight/Sheath blight_796.jpg,Sheath Blight,5,Healthy,0,0.9998089671134949,0,Healthy,0,0.6875293850898743,0,mutual_errors,1,1,0.0,False,False,True,False,False
1433,RiceLeafDiseaseBD A Field-Based Annotated Smartpho/RiceLeafDiseaseBD A Field-Based Annotated Smartpho/RiceLeafDiseaseBD/Original images/Sheath blight/Sheath blight_800.jpg,Sheath Blight,5,Healthy,0,0.9999433755874634,0,Healthy,0,0.949497401714325,0,mutual_errors,1,0,0.0,False,False,True,True,False
1434,RiceLeafDiseaseBD A Field-Based Annotated Smartpho/RiceLeafDiseaseBD A Field-Based Annotated Smartpho/RiceLeafDiseaseBD/Original images/Sheath blight/Sheath blight_804.jpg,Sheath Blight,5,Healthy,0,0.9993840456008911,0,Healthy,0,0.9922870397567749,0,mutual_errors,1,0,0.0,False,False,True,True,False
1435,RiceLeafDiseaseBD A Field-Based Annotated Smartpho/RiceLeafDiseaseBD A Field-Based Annotated Smartpho/RiceLeafDiseaseBD/Original images/Sheath blight/Sheath blight_806.jpg,Sheath Blight,5,Healthy,0,0.9998717308044434,0,Healthy,0,0.9308556914329529,0,mutual_errors,1,0,0.0,False,False,True,True,False
1436,RiceLeafDiseaseBD A Field-Based Annotated Smartpho/RiceLeafDiseaseBD A Field-Based Annotated Smartpho/RiceLeafDiseaseBD/Original images/Sheath blight/Sheath blight_815.jpg,Sheath Blight,5,Healthy,0,0.9997184872627258,0,Healthy,0,0.992318868637085,0,mutual_errors,1,0,0.0,False,False,True,True,False
1437,RiceLeafDiseaseBD A Field-Based Annotated Smartpho/RiceLeafDiseaseBD A Field-Based Annotated Smartpho/RiceLeafDiseaseBD/Original images/Sheath blight/Sheath blight_823.jpg,Sheath Blight,5,Healthy,0,0.9998371601104736,0,Blast,1,0.4926099181175232,0,mutual_errors,1,0,0.0,False,False,True,False,False
1438,RiceLeafDiseaseBD A Field-Based Annotated Smartpho/RiceLeafDiseaseBD A Field-Based Annotated Smartpho/RiceLeafDiseaseBD/Original images/Sheath blight/Sheath blight_827.jpg,Sheath Blight,5,Healthy,0,0.9997552037239075,0,Healthy,0,0.7937751412391663,0,mutual_errors,3,0,0.0,False,False,True,False,False
1439,RiceLeafDiseaseBD A Field-Based Annotated Smartpho/RiceLeafDiseaseBD A Field-Based Annotated Smartpho/RiceLeafDiseaseBD/Original images/Sheath blight/Sheath blight_829.jpg,Sheath Blight,5,Healthy,0,0.9995197057723999,0,Healthy,0,0.7085352540016174,0,mutual_errors,2,0,0.0,False,False,True,False,False
1440,RiceLeafDiseaseBD A Field-Based Annotated Smartpho/RiceLeafDiseaseBD A Field-Based Annotated Smartpho/RiceLeafDiseaseBD/Original images/Sheath blight/Sheath blight_83.jpg,Sheath Blight,5,Healthy,0,0.9998880624771118,0,Blast,1,0.7831480503082275,0,mutual_errors,1,3,0.0690559268654849,False,False,True,False,False
1441,RiceLeafDiseaseBD A Field-Based Annotated Smartpho/RiceLeafDiseaseBD A Field-Based Annotated Smartpho/RiceLeafDiseaseBD/Original images/Sheath blight/Sheath blight_831.jpg,Sheath Blight,5,Healthy,0,0.9995276927947998,0,Healthy,0,0.9542250037193298,0,mutual_errors,1,0,0.0,False,False,True,True,False
1442,RiceLeafDiseaseBD A Field-Based Annotated Smartpho/RiceLeafDiseaseBD A Field-Based Annotated Smartpho/RiceLeafDiseaseBD/Original images/Sheath blight/Sheath blight_841.jpg,Sheath Blight,5,Healthy,0,0.996971845626831,0,Healthy,0,0.997470498085022,0,mutual_errors,1,0,0.0,False,False,True,True,False
1443,RiceLeafDiseaseBD A Field-Based Annotated Smartpho/RiceLeafDiseaseBD A Field-Based Annotated Smartpho/RiceLeafDiseaseBD/Original images/Sheath blight/Sheath blight_847.jpg,Sheath Blight,5,Healthy,0,0.9999536275863647,0,Healthy,0,0.9945241212844849,0,mutual_errors,1,0,0.0,False,False,True,True,False
1444,RiceLeafDiseaseBD A Field-Based Annotated Smartpho/RiceLeafDiseaseBD A Field-Based Annotated Smartpho/RiceLeafDiseaseBD/Original images/Sheath blight/Sheath blight_871.jpg,Sheath Blight,5,Healthy,0,0.9983792304992676,0,Healthy,0,0.9917997121810913,0,mutual_errors,3,0,0.0,False,False,True,True,False
1445,RiceLeafDiseaseBD A Field-Based Annotated Smartpho/RiceLeafDiseaseBD A Field-Based Annotated Smartpho/RiceLeafDiseaseBD/Original images/Sheath blight/Sheath blight_876.jpg,Sheath Blight,5,Healthy,0,0.9993578791618347,0,Healthy,0,0.9207769632339478,0,mutual_errors,4,0,0.0,False,False,True,True,False
1446,RiceLeafDiseaseBD A Field-Based Annotated Smartpho/RiceLeafDiseaseBD A Field-Based Annotated Smartpho/RiceLeafDiseaseBD/Original images/Sheath blight/Sheath blight_88.jpg,Sheath Blight,5,Healthy,0,0.9999880790710449,0,Blast,1,0.4841475784778595,0,mutual_errors,1,0,0.0,False,False,True,False,False
1447,RiceLeafDiseaseBD A Field-Based Annotated Smartpho/RiceLeafDiseaseBD A Field-Based Annotated Smartpho/RiceLeafDiseaseBD/Original images/Sheath blight/Sheath blight_883.jpg,Sheath Blight,5,Healthy,0,0.9998730421066284,0,Healthy,0,0.5042428374290466,0,mutual_errors,1,1,0.0,False,False,True,False,False
1448,RiceLeafDiseaseBD A Field-Based Annotated Smartpho/RiceLeafDiseaseBD A Field-Based Annotated Smartpho/RiceLeafDiseaseBD/Original images/Sheath blight/Sheath blight_889.jpg,Sheath Blight,5,Healthy,0,0.999329686164856,0,Healthy,0,0.9850636720657349,0,mutual_errors,1,0,0.0,False,False,True,True,False
1449,RiceLeafDiseaseBD A Field-Based Annotated Smartpho/RiceLeafDiseaseBD A Field-Based Annotated Smartpho/RiceLeafDiseaseBD/Original images/Sheath blight/Sheath blight_893.jpg,Sheath Blight,5,Healthy,0,0.99941086769104,0,Healthy,0,0.9680016040802002,0,mutual_errors,1,0,0.0,False,False,True,True,False
1450,RiceLeafDiseaseBD A Field-Based Annotated Smartpho/RiceLeafDiseaseBD A Field-Based Annotated Smartpho/RiceLeafDiseaseBD/Original images/Sheath blight/Sheath blight_9.jpg,Sheath Blight,5,Healthy,0,0.9999077320098877,0,Blast,1,0.9955272078514099,0,mutual_errors,2,3,0.0,False,False,True,True,False
1451,RiceLeafDiseaseBD A Field-Based Annotated Smartpho/RiceLeafDiseaseBD A Field-Based Annotated Smartpho/RiceLeafDiseaseBD/Original images/Sheath blight/Sheath blight_91.jpg,Sheath Blight,5,Healthy,0,0.9999179840087891,0,Healthy,0,0.9963776469230652,0,mutual_errors,1,0,0.0,False,False,True,True,False
1452,RiceLeafDiseaseBD A Field-Based Annotated Smartpho/RiceLeafDiseaseBD A Field-Based Annotated Smartpho/RiceLeafDiseaseBD/Original images/Sheath blight/Sheath blight_910.jpg,Sheath Blight,5,Healthy,0,0.9999614953994751,0,Blast,1,0.7372023463249207,0,mutual_errors,2,3,0.0,False,False,True,False,False
1453,RiceLeafDiseaseBD A Field-Based Annotated Smartpho/RiceLeafDiseaseBD A Field-Based Annotated Smartpho/RiceLeafDiseaseBD/Original images/Sheath blight/Sheath blight_927.jpg,Sheath Blight,5,Healthy,0,0.9991899132728577,0,Healthy,0,0.9933440685272217,0,mutual_errors,5,0,0.0,False,False,True,True,False
1454,RiceLeafDiseaseBD A Field-Based Annotated Smartpho/RiceLeafDiseaseBD A Field-Based Annotated Smartpho/RiceLeafDiseaseBD/Original images/Sheath blight/Sheath blight_929.jpg,Sheath Blight,5,Healthy,0,0.9992101192474365,0,Healthy,0,0.9931797981262207,0,mutual_errors,2,0,0.0,False,False,True,True,False
1455,RiceLeafDiseaseBD A Field-Based Annotated Smartpho/RiceLeafDiseaseBD A Field-Based Annotated Smartpho/RiceLeafDiseaseBD/Original images/Sheath blight/Sheath blight_939.jpg,Sheath Blight,5,Healthy,0,0.9978629946708679,0,Healthy,0,0.9904357194900513,0,mutual_errors,1,0,0.0,False,False,True,True,False
1456,RiceLeafDiseaseBD A Field-Based Annotated Smartpho/RiceLeafDiseaseBD A Field-Based Annotated Smartpho/RiceLeafDiseaseBD/Original images/Sheath blight/Sheath blight_940.jpg,Sheath Blight,5,Healthy,0,0.9992769360542297,0,Healthy,0,0.9631836414337158,0,mutual_errors,1,0,0.0,False,False,True,True,False
1457,RiceLeafDiseaseBD A Field-Based Annotated Smartpho/RiceLeafDiseaseBD A Field-Based Annotated Smartpho/RiceLeafDiseaseBD/Original images/Sheath blight/Sheath blight_944.jpg,Sheath Blight,5,Healthy,0,0.9998297691345215,0,Healthy,0,0.9191992878913879,0,mutual_errors,1,0,0.0,False,False,True,True,False
1458,RiceLeafDiseaseBD A Field-Based Annotated Smartpho/RiceLeafDiseaseBD A Field-Based Annotated Smartpho/RiceLeafDiseaseBD/Original images/Sheath blight/Sheath blight_945.jpg,Sheath Blight,5,Healthy,0,0.9998935461044312,0,Blast,1,0.7232345938682556,0,mutual_errors,1,3,0.4182097396545069,False,False,True,False,False
1459,RiceLeafDiseaseBD A Field-Based Annotated Smartpho/RiceLeafDiseaseBD A Field-Based Annotated Smartpho/RiceLeafDiseaseBD/Original images/Sheath blight/Sheath blight_950.jpg,Sheath Blight,5,Healthy,0,0.9997387528419495,0,Healthy,0,0.9983009696006775,0,mutual_errors,1,0,0.0,False,False,True,True,False
1460,RiceLeafDiseaseBD A Field-Based Annotated Smartpho/RiceLeafDiseaseBD A Field-Based Annotated Smartpho/RiceLeafDiseaseBD/Original images/Sheath blight/Sheath blight_97.jpg,Sheath Blight,5,Healthy,0,0.9774869084358215,0,Healthy,0,0.9992706179618835,0,mutual_errors,1,0,0.0,False,False,True,True,False
1461,RiceLeafDiseaseBD A Field-Based Annotated Smartpho/RiceLeafDiseaseBD A Field-Based Annotated Smartpho/RiceLeafDiseaseBD/Original images/Sheath blight/Sheath blight_977.jpg,Sheath Blight,5,Healthy,0,0.9999592304229736,0,Healthy,0,0.9985677003860474,0,mutual_errors,3,0,0.0,False,False,True,True,False
1462,RiceLeafDiseaseBD A Field-Based Annotated Smartpho/RiceLeafDiseaseBD A Field-Based Annotated Smartpho/RiceLeafDiseaseBD/Original images/Sheath blight/Sheath blight_981.jpg,Sheath Blight,5,Healthy,0,0.9897357225418091,0,Healthy,0,0.971335768699646,0,mutual_errors,1,0,0.0,False,False,True,True,False
1463,RiceLeafDiseaseBD A Field-Based Annotated Smartpho/RiceLeafDiseaseBD A Field-Based Annotated Smartpho/RiceLeafDiseaseBD/Original images/Sheath blight/Sheath blight_988.jpg,Sheath Blight,5,Healthy,0,0.999847412109375,0,Healthy,0,0.679283082485199,0,mutual_errors,1,0,0.0,False,False,True,False,False
1464,RiceLeafDiseaseBD A Field-Based Annotated Smartpho/RiceLeafDiseaseBD A Field-Based Annotated Smartpho/RiceLeafDiseaseBD/Original images/Sheath blight/Sheath blight_993.jpg,Sheath Blight,5,Healthy,0,0.9998883008956909,0,Healthy,0,0.9827004075050354,0,mutual_errors,2,0,0.0,False,False,True,True,False
1465,RiceLeafDiseaseBD A Field-Based Annotated Smartpho/RiceLeafDiseaseBD A Field-Based Annotated Smartpho/RiceLeafDiseaseBD/Original images/Sheath blight/Sheath blight_996.jpg,Sheath Blight,5,Healthy,0,0.9985842704772949,0,Healthy,0,0.9369528293609619,0,mutual_errors,2,0,0.0,False,False,True,True,False
1466,RiceLeafDiseaseBD A Field-Based Annotated Smartpho/RiceLeafDiseaseBD A Field-Based Annotated Smartpho/RiceLeafDiseaseBD/Original images/Sheath blight/Sheath blight_998.jpg,Sheath Blight,5,Healthy,0,0.9979111552238464,0,Healthy,0,0.984279215335846,0,mutual_errors,1,0,0.0,False,False,True,True,False
